{
  "floorPlan": {
    "name": "Floor Plan 0_16.jpg",
    "units": "feet",
    "totalArea": 7.16,
    "totalRooms": 3,
    "rooms": [
      {
        "id": 1,
        "name": "Text_4",
        "shape": "Irregular",
        "dimensions": {
          "width": 1.47,
          "length": 1.89,
          "height": 1.51
        },
        "position": {
          "x": 4.38,
          "y": 2.17
        },
        "windows": [],
        "doors": [
          {
            "type": "Door",
            "id": 1,
            "location": {
              "x": 4.96,
              "y": 4.05
            },
            "dimensions": {
              "width": 0.34,
              "height": 0.33
            }
          },
          {
            "type": "Door",
            "id": 14,
            "location": {
              "x": 5.63,
              "y": 2.81
            },
            "dimensions": {
              "width": 0.15,
              "height": 0.16
            }
          },
          {
            "type": "Door",
            "id": 15,
            "location": {
              "x": 5.11,
              "y": 2.75
            },
            "dimensions": {
              "width": 0.43,
              "height": 0.55
            }
          },
          {
            "type": "Door",
            "id": 19,
            "location": {
              "x": 5.08,
              "y": 2.35
            },
            "dimensions": {
              "width": 0.14,
              "height": 0.57
            }
          },
          {
            "type": "Door",
            "id": 20,
            "location": {
              "x": 4.67,
              "y": 2.25
            },
            "dimensions": {
              "width": 0.46,
              "height": 1.05
            }
          }
        ],
        "connected_to": []
      },
      {
        "id": 2,
        "name": "Text_5",
        "shape": "Irregular",
        "dimensions": {
          "width": 1.01,
          "length": 1.89,
          "height": 1.51
        },
        "position": {
          "x": 1.7,
          "y": 2.17
        },
        "windows": [],
        "doors": [
          {
            "type": "Door",
            "id": 5,
            "location": {
              "x": 2.26,
              "y": 3.52
            },
            "dimensions": {
              "width": 0.14,
              "height": 0.17
            }
          },
          {
            "type": "Door",
            "id": 11,
            "location": {
              "x": 2.26,
              "y": 3.19
            },
            "dimensions": {
              "width": 0.14,
              "height": 0.17
            }
          },
          {
            "type": "Door",
            "id": 13,
            "location": {
              "x": 2.25,
              "y": 2.89
            },
            "dimensions": {
              "width": 0.29,
              "height": 0.91
            }
          }
        ],
        "connected_to": []
      },
      {
        "id": 3,
        "name": "Text_9",
        "shape": "Irregular",
        "dimensions": {
          "width": 1.21,
          "length": 2.04,
          "height": 1.63
        },
        "position": {
          "x": 2.92,
          "y": 2.02
        },
        "windows": [],
        "doors": [
          {
            "type": "Door",
            "id": 6,
            "location": {
              "x": 3.1,
              "y": 3.51
            },
            "dimensions": {
              "width": 0.44,
              "height": 0.47
            }
          }
        ],
        "connected_to": []
      }
    ],
    "doorsAndWindows": [
      {
        "type": "Door",
        "id": 1,
        "location": {
          "x": 4.96,
          "y": 4.05
        },
        "dimensions": {
          "width": 0.34,
          "height": 0.33
        }
      },
      {
        "type": "Door",
        "id": 2,
        "location": {
          "x": 6.14,
          "y": 4.0
        },
        "dimensions": {
          "width": 0.59,
          "height": 0.07
        }
      },
      {
        "type": "Door",
        "id": 3,
        "location": {
          "x": 1.09,
          "y": 3.69
        },
        "dimensions": {
          "width": 0.63,
          "height": 0.31
        }
      },
      {
        "type": "Door",
        "id": 4,
        "location": {
          "x": 6.75,
          "y": 3.64
        },
        "dimensions": {
          "width": 2.9,
          "height": 1.35
        }
      },
      {
        "type": "Door",
        "id": 5,
        "location": {
          "x": 2.26,
          "y": 3.52
        },
        "dimensions": {
          "width": 0.14,
          "height": 0.17
        }
      },
      {
        "type": "Door",
        "id": 6,
        "location": {
          "x": 3.1,
          "y": 3.51
        },
        "dimensions": {
          "width": 0.44,
          "height": 0.47
        }
      },
      {
        "type": "Door",
        "id": 7,
        "location": {
          "x": 0.61,
          "y": 3.5
        },
        "dimensions": {
          "width": 0.49,
          "height": 0.57
        }
      },
      {
        "type": "Door",
        "id": 8,
        "location": {
          "x": 0.93,
          "y": 3.39
        },
        "dimensions": {
          "width": 0.33,
          "height": 0.14
        }
      },
      {
        "type": "Door",
        "id": 9,
        "location": {
          "x": 8.64,
          "y": 3.38
        },
        "dimensions": {
          "width": 0.34,
          "height": 0.31
        }
      },
      {
        "type": "Door",
        "id": 10,
        "location": {
          "x": 8.21,
          "y": 3.3
        },
        "dimensions": {
          "width": 0.2,
          "height": 0.2
        }
      },
      {
        "type": "Door",
        "id": 11,
        "location": {
          "x": 2.26,
          "y": 3.19
        },
        "dimensions": {
          "width": 0.14,
          "height": 0.17
        }
      },
      {
        "type": "Door",
        "id": 12,
        "location": {
          "x": 0.6,
          "y": 2.92
        },
        "dimensions": {
          "width": 0.08,
          "height": 0.58
        }
      },
      {
        "type": "Door",
        "id": 13,
        "location": {
          "x": 2.25,
          "y": 2.89
        },
        "dimensions": {
          "width": 0.29,
          "height": 0.91
        }
      },
      {
        "type": "Door",
        "id": 14,
        "location": {
          "x": 5.63,
          "y": 2.81
        },
        "dimensions": {
          "width": 0.15,
          "height": 0.16
        }
      },
      {
        "type": "Door",
        "id": 15,
        "location": {
          "x": 5.11,
          "y": 2.75
        },
        "dimensions": {
          "width": 0.43,
          "height": 0.55
        }
      },
      {
        "type": "Door",
        "id": 16,
        "location": {
          "x": 8.61,
          "y": 2.64
        },
        "dimensions": {
          "width": 0.44,
          "height": 0.41
        }
      },
      {
        "type": "Door",
        "id": 17,
        "location": {
          "x": 9.58,
          "y": 2.62
        },
        "dimensions": {
          "width": 0.28,
          "height": 1.01
        }
      },
      {
        "type": "Door",
        "id": 18,
        "location": {
          "x": 7.99,
          "y": 2.45
        },
        "dimensions": {
          "width": 0.56,
          "height": 0.82
        }
      },
      {
        "type": "Door",
        "id": 19,
        "location": {
          "x": 5.08,
          "y": 2.35
        },
        "dimensions": {
          "width": 0.14,
          "height": 0.57
        }
      },
      {
        "type": "Door",
        "id": 20,
        "location": {
          "x": 4.67,
          "y": 2.25
        },
        "dimensions": {
          "width": 0.46,
          "height": 1.05
        }
      },
      {
        "type": "Door",
        "id": 21,
        "location": {
          "x": 6.18,
          "y": 2.22
        },
        "dimensions": {
          "width": 0.4,
          "height": 1.33
        }
      },
      {
        "type": "Door",
        "id": 22,
        "location": {
          "x": 8.21,
          "y": 2.19
        },
        "dimensions": {
          "width": 0.22,
          "height": 0.2
        }
      },
      {
        "type": "Door",
        "id": 23,
        "location": {
          "x": 1.69,
          "y": 2.17
        },
        "dimensions": {
          "width": 1.17,
          "height": 1.9
        }
      },
      {
        "type": "Door",
        "id": 24,
        "location": {
          "x": 4.37,
          "y": 2.16
        },
        "dimensions": {
          "width": 1.48,
          "height": 1.91
        }
      },
      {
        "type": "Door",
        "id": 25,
        "location": {
          "x": 6.93,
          "y": 2.11
        },
        "dimensions": {
          "width": 0.66,
          "height": 1.45
        }
      },
      {
        "type": "Door",
        "id": 26,
        "location": {
          "x": 8.63,
          "y": 2.03
        },
        "dimensions": {
          "width": 0.37,
          "height": 0.32
        }
      },
      {
        "type": "Door",
        "id": 27,
        "location": {
          "x": 2.91,
          "y": 2.01
        },
        "dimensions": {
          "width": 1.22,
          "height": 2.06
        }
      },
      {
        "type": "Door",
        "id": 28,
        "location": {
          "x": 1.08,
          "y": 1.67
        },
        "dimensions": {
          "width": 0.63,
          "height": 0.31
        }
      },
      {
        "type": "Window",
        "id": 29,
        "location": {
          "x": 4.84,
          "y": 1.61
        },
        "dimensions": {
          "width": 0.32,
          "height": 0.07
        }
      },
      {
        "type": "Door",
        "id": 30,
        "location": {
          "x": 7.11,
          "y": 1.6
        },
        "dimensions": {
          "width": 2.54,
          "height": 0.43
        }
      },
      {
        "type": "Door",
        "id": 31,
        "location": {
          "x": 6.14,
          "y": 1.6
        },
        "dimensions": {
          "width": 0.59,
          "height": 0.07
        }
      },
      {
        "type": "Door",
        "id": 32,
        "location": {
          "x": 5.43,
          "y": 1.6
        },
        "dimensions": {
          "width": 0.41,
          "height": 0.07
        }
      },
      {
        "type": "Door",
        "id": 33,
        "location": {
          "x": 4.44,
          "y": 1.6
        },
        "dimensions": {
          "width": 0.39,
          "height": 0.07
        }
      },
      {
        "type": "Door",
        "id": 34,
        "location": {
          "x": 3.07,
          "y": 1.6
        },
        "dimensions": {
          "width": 0.77,
          "height": 0.12
        }
      },
      {
        "type": "Door",
        "id": 35,
        "location": {
          "x": 1.69,
          "y": 1.6
        },
        "dimensions": {
          "width": 0.78,
          "height": 0.07
        }
      }
    ]
  }
}