{
  "floorPlan": {
    "name": "Floor Plan 0_17.jpg",
    "units": "feet",
    "totalArea": 0,
    "totalRooms": 0,
    "rooms": [],
    "doorsAndWindows": [
      {
        "type": "Window",
        "id": 1,
        "location": {
          "x": 2.14,
          "y": 6.25
        },
        "dimensions": {
          "width": 5.91,
          "height": 0.16
        }
      },
      {
        "type": "Window",
        "id": 2,
        "location": {
          "x": 6.42,
          "y": 6.22
        },
        "dimensions": {
          "width": 0.32,
          "height": 0.15
        }
      },
      {
        "type": "Window",
        "id": 3,
        "location": {
          "x": 5.24,
          "y": 6.22
        },
        "dimensions": {
          "width": 0.68,
          "height": 0.16
        }
      },
      {
        "type": "Door",
        "id": 4,
        "location": {
          "x": 3.96,
          "y": 6.22
        },
        "dimensions": {
          "width": 0.13,
          "height": 0.15
        }
      },
      {
        "type": "Window",
        "id": 5,
        "location": {
          "x": 3.15,
          "y": 6.22
        },
        "dimensions": {
          "width": 0.63,
          "height": 0.16
        }
      },
      {
        "type": "Door",
        "id": 6,
        "location": {
          "x": 9.33,
          "y": 5.93
        },
        "dimensions": {
          "width": 0.13,
          "height": 0.13
        }
      },
      {
        "type": "Door",
        "id": 7,
        "location": {
          "x": 8.19,
          "y": 5.93
        },
        "dimensions": {
          "width": 0.14,
          "height": 0.13
        }
      },
      {
        "type": "Door",
        "id": 8,
        "location": {
          "x": 7.08,
          "y": 5.93
        },
        "dimensions": {
          "width": 0.12,
          "height": 0.13
        }
      },
      {
        "type": "Door",
        "id": 9,
        "location": {
          "x": 5.95,
          "y": 5.93
        },
        "dimensions": {
          "width": 0.13,
          "height": 0.13
        }
      },
      {
        "type": "Door",
        "id": 10,
        "location": {
          "x": 9.33,
          "y": 4.8
        },
        "dimensions": {
          "width": 0.13,
          "height": 0.13
        }
      },
      {
        "type": "Door",
        "id": 11,
        "location": {
          "x": 9.33,
          "y": 3.67
        },
        "dimensions": {
          "width": 0.13,
          "height": 0.13
        }
      },
      {
        "type": "Door",
        "id": 12,
        "location": {
          "x": 8.95,
          "y": 2.66
        },
        "dimensions": {
          "width": 0.1,
          "height": 0.57
        }
      },
      {
        "type": "Door",
        "id": 13,
        "location": {
          "x": 9.33,
          "y": 2.54
        },
        "dimensions": {
          "width": 0.13,
          "height": 0.13
        }
      },
      {
        "type": "Door",
        "id": 14,
        "location": {
          "x": 9.33,
          "y": 1.41
        },
        "dimensions": {
          "width": 0.13,
          "height": 0.14
        }
      },
      {
        "type": "Door",
        "id": 15,
        "location": {
          "x": 0.79,
          "y": 1.26
        },
        "dimensions": {
          "width": 7.89,
          "height": 4.02
        }
      },
      {
        "type": "Window",
        "id": 16,
        "location": {
          "x": 4.46,
          "y": 1.01
        },
        "dimensions": {
          "width": 0.66,
          "height": 0.1
        }
      },
      {
        "type": "Door",
        "id": 17,
        "location": {
          "x": 5.98,
          "y": 0.78
        },
        "dimensions": {
          "width": 0.13,
          "height": 0.12
        }
      },
      {
        "type": "Door",
        "id": 18,
        "location": {
          "x": 4.82,
          "y": 0.78
        },
        "dimensions": {
          "width": 0.14,
          "height": 0.13
        }
      },
      {
        "type": "Door",
        "id": 19,
        "location": {
          "x": 3.68,
          "y": 0.78
        },
        "dimensions": {
          "width": 0.13,
          "height": 0.13
        }
      }
    ]
  }
}