{
  "floorPlan": {
    "name": "Floor Plan 0_18.jpg",
    "units": "feet",
    "totalArea": 11.57,
    "totalRooms": 5,
    "rooms": [
      {
        "id": 1,
        "name": "SLOPED",
        "shape": "Rectangle",
        "dimensions": {
          "width": 1.21,
          "length": 0.84,
          "height": 0.97
        },
        "position": {
          "x": 6.72,
          "y": 4.71
        },
        "windows": [],
        "doors": [],
        "connected_to": []
      },
      {
        "id": 2,
        "name": "Room_2",
        "shape": "Hexagon",
        "dimensions": {
          "width": 1.66,
          "length": 2.74,
          "height": 2.19
        },
        "position": {
          "x": 4.93,
          "y": 2.99
        },
        "windows": [],
        "doors": [],
        "connected_to": []
      },
      {
        "id": 3,
        "name": "IX12",
        "shape": "Irregular",
        "dimensions": {
          "width": 2.26,
          "length": 1.01,
          "height": 1.81
        },
        "position": {
          "x": 5.69,
          "y": 1.38
        },
        "windows": [],
        "doors": [],
        "connected_to": []
      },
      {
        "id": 4,
        "name": "BEDRM",
        "shape": "Irregular",
        "dimensions": {
          "width": 2.04,
          "length": 1.33,
          "height": 1.63
        },
        "position": {
          "x": 4.12,
          "y": 1.38
        },
        "windows": [],
        "doors": [],
        "connected_to": []
      },
      {
        "id": 5,
        "name": "Room_5",
        "shape": "Rectangle",
        "dimensions": {
          "width": 0.65,
          "length": 1.56,
          "height": 1.25
        },
        "position": {
          "x": 3.21,
          "y": 1.38
        },
        "windows": [],
        "doors": [],
        "connected_to": []
      }
    ],
    "doorsAndWindows": [
      {
        "type": "Window",
        "id": 1,
        "location": {
          "x": 4.02,
          "y": 6.2
        },
        "dimensions": {
          "width": 1.61,
          "height": 0.06
        }
      },
      {
        "type": "Door",
        "id": 2,
        "location": {
          "x": 5.31,
          "y": 6.04
        },
        "dimensions": {
          "width": 0.2,
          "height": 0.11
        }
      },
      {
        "type": "Door",
        "id": 3,
        "location": {
          "x": 4.36,
          "y": 6.04
        },
        "dimensions": {
          "width": 0.14,
          "height": 0.11
        }
      },
      {
        "type": "Door",
        "id": 4,
        "location": {
          "x": 4.14,
          "y": 6.04
        },
        "dimensions": {
          "width": 0.21,
          "height": 0.11
        }
      },
      {
        "type": "Door",
        "id": 5,
        "location": {
          "x": 1.08,
          "y": 0.79
        },
        "dimensions": {
          "width": 8.01,
          "height": 4.94
        }
      }
    ]
  }
}