{
  "floorPlan": {
    "name": "Floor Plan 0_22.jpg",
    "units": "feet",
    "totalArea": 0,
    "totalRooms": 0,
    "rooms": [],
    "doorsAndWindows": [
      {
        "type": "Door",
        "id": 1,
        "location": {
          "x": 5.93,
          "y": 5.18
        },
        "dimensions": {
          "width": 0.13,
          "height": 0.15
        }
      },
      {
        "type": "Door",
        "id": 2,
        "location": {
          "x": 4.91,
          "y": 5.18
        },
        "dimensions": {
          "width": 0.13,
          "height": 0.14
        }
      },
      {
        "type": "Door",
        "id": 3,
        "location": {
          "x": 4.18,
          "y": 5.18
        },
        "dimensions": {
          "width": 0.22,
          "height": 0.14
        }
      },
      {
        "type": "Door",
        "id": 4,
        "location": {
          "x": 3.24,
          "y": 5.18
        },
        "dimensions": {
          "width": 0.12,
          "height": 0.15
        }
      },
      {
        "type": "Door",
        "id": 5,
        "location": {
          "x": 1.71,
          "y": 5.17
        },
        "dimensions": {
          "width": 0.12,
          "height": 0.14
        }
      },
      {
        "type": "Door",
        "id": 6,
        "location": {
          "x": 1.42,
          "y": 5.17
        },
        "dimensions": {
          "width": 0.13,
          "height": 0.15
        }
      },
      {
        "type": "Window",
        "id": 7,
        "location": {
          "x": 2.55,
          "y": 3.51
        },
        "dimensions": {
          "width": 0.34,
          "height": 0.12
        }
      },
      {
        "type": "Door",
        "id": 8,
        "location": {
          "x": 8.19,
          "y": 3.12
        },
        "dimensions": {
          "width": 0.84,
          "height": 0.79
        }
      },
      {
        "type": "Door",
        "id": 9,
        "location": {
          "x": 7.15,
          "y": 3.12
        },
        "dimensions": {
          "width": 0.88,
          "height": 0.86
        }
      },
      {
        "type": "Window",
        "id": 10,
        "location": {
          "x": 3.34,
          "y": 2.97
        },
        "dimensions": {
          "width": 1.56,
          "height": 0.03
        }
      },
      {
        "type": "Door",
        "id": 11,
        "location": {
          "x": 3.69,
          "y": 2.33
        },
        "dimensions": {
          "width": 0.38,
          "height": 0.52
        }
      },
      {
        "type": "Door",
        "id": 12,
        "location": {
          "x": 5.06,
          "y": 1.86
        },
        "dimensions": {
          "width": 0.42,
          "height": 0.99
        }
      },
      {
        "type": "Door",
        "id": 13,
        "location": {
          "x": 4.64,
          "y": 1.25
        },
        "dimensions": {
          "width": 4.66,
          "height": 2.86
        }
      },
      {
        "type": "Window",
        "id": 14,
        "location": {
          "x": 7.35,
          "y": 1.21
        },
        "dimensions": {
          "width": 0.7,
          "height": 0.03
        }
      },
      {
        "type": "Window",
        "id": 15,
        "location": {
          "x": 6.35,
          "y": 1.21
        },
        "dimensions": {
          "width": 0.71,
          "height": 0.03
        }
      },
      {
        "type": "Window",
        "id": 16,
        "location": {
          "x": 0.74,
          "y": 1.19
        },
        "dimensions": {
          "width": 8.62,
          "height": 2.93
        }
      }
    ]
  }
}