{
  "floorPlan": {
    "name": "Floor Plan 0_4.jpg",
    "units": "feet",
    "totalArea": 17.82,
    "totalRooms": 6,
    "rooms": [
      {
        "id": 1,
        "name": "WIC",
        "shape": "Irregular",
        "dimensions": {
          "width": 1.43,
          "length": 1.64,
          "height": 1.31
        },
        "position": {
          "x": 4.34,
          "y": 3.74
        },
        "windows": [],
        "doors": [],
        "connected_to": []
      },
      {
        "id": 2,
        "name": "BED",
        "shape": "Irregular",
        "dimensions": {
          "width": 1.68,
          "length": 1.78,
          "height": 1.42
        },
        "position": {
          "x": 3.04,
          "y": 3.6
        },
        "windows": [
          {
            "type": "Window",
            "id": 9,
            "location": {
              "x": 3.77,
              "y": 5.33
            },
            "dimensions": {
              "width": 3.83,
              "height": 1.21
            }
          }
        ],
        "doors": [
          {
            "type": "Door",
            "id": 12,
            "location": {
              "x": 3.69,
              "y": 3.84
            },
            "dimensions": {
              "width": 0.16,
              "height": 0.15
            }
          },
          {
            "type": "Door",
            "id": 13,
            "location": {
              "x": 3.41,
              "y": 3.81
            },
            "dimensions": {
              "width": 0.48,
              "height": 0.25
            }
          },
          {
            "type": "Door",
            "id": 14,
            "location": {
              "x": 3.82,
              "y": 3.61
            },
            "dimensions": {
              "width": 0.9,
              "height": 0.52
            }
          }
        ],
        "connected_to": []
      },
      {
        "id": 3,
        "name": "178\" CLG",
        "shape": "Irregular",
        "dimensions": {
          "width": 1.13,
          "length": 2.16,
          "height": 1.73
        },
        "position": {
          "x": 8.33,
          "y": 3.22
        },
        "windows": [],
        "doors": [
          {
            "type": "Door",
            "id": 11,
            "location": {
              "x": 8.65,
              "y": 4.24
            },
            "dimensions": {
              "width": 0.19,
              "height": 0.1
            }
          },
          {
            "type": "Door",
            "id": 18,
            "location": {
              "x": 9.17,
              "y": 3.27
            },
            "dimensions": {
              "width": 0.14,
              "height": 0.19
            }
          }
        ],
        "connected_to": [
          4
        ]
      },
      {
        "id": 4,
        "name": "SHWR",
        "shape": "Irregular",
        "dimensions": {
          "width": 2.14,
          "length": 2.15,
          "height": 1.72
        },
        "position": {
          "x": 7.32,
          "y": 1.59
        },
        "windows": [],
        "doors": [
          {
            "type": "Door",
            "id": 18,
            "location": {
              "x": 9.17,
              "y": 3.27
            },
            "dimensions": {
              "width": 0.14,
              "height": 0.19
            }
          },
          {
            "type": "Door",
            "id": 23,
            "location": {
              "x": 7.47,
              "y": 2.25
            },
            "dimensions": {
              "width": 0.25,
              "height": 0.94
            }
          }
        ],
        "connected_to": [
          3
        ]
      },
      {
        "id": 5,
        "name": "3A",
        "shape": "Irregular",
        "dimensions": {
          "width": 1.66,
          "length": 1.59,
          "height": 1.33
        },
        "position": {
          "x": 4.11,
          "y": 1.59
        },
        "windows": [
          {
            "type": "Window",
            "id": 20,
            "location": {
              "x": 5.67,
              "y": 2.43
            },
            "dimensions": {
              "width": 0.74,
              "height": 0.13
            }
          }
        ],
        "doors": [
          {
            "type": "Door",
            "id": 19,
            "location": {
              "x": 5.17,
              "y": 2.55
            },
            "dimensions": {
              "width": 0.3,
              "height": 0.25
            }
          }
        ],
        "connected_to": []
      },
      {
        "id": 6,
        "name": "BED",
        "shape": "Irregular",
        "dimensions": {
          "width": 1.64,
          "length": 1.71,
          "height": 1.37
        },
        "position": {
          "x": 2.94,
          "y": 1.59
        },
        "windows": [],
        "doors": [],
        "connected_to": []
      }
    ],
    "doorsAndWindows": [
      {
        "type": "Door",
        "id": 1,
        "location": {
          "x": 6.25,
          "y": 6.64
        },
        "dimensions": {
          "width": 0.15,
          "height": 0.18
        }
      },
      {
        "type": "Door",
        "id": 2,
        "location": {
          "x": 5.74,
          "y": 6.64
        },
        "dimensions": {
          "width": 0.18,
          "height": 0.17
        }
      },
      {
        "type": "Door",
        "id": 3,
        "location": {
          "x": 5.24,
          "y": 6.64
        },
        "dimensions": {
          "width": 0.19,
          "height": 0.17
        }
      },
      {
        "type": "Door",
        "id": 4,
        "location": {
          "x": 5.05,
          "y": 6.64
        },
        "dimensions": {
          "width": 0.18,
          "height": 0.17
        }
      },
      {
        "type": "Window",
        "id": 5,
        "location": {
          "x": 6.38,
          "y": 5.91
        },
        "dimensions": {
          "width": 0.44,
          "height": 0.09
        }
      },
      {
        "type": "Window",
        "id": 6,
        "location": {
          "x": 6.0,
          "y": 5.87
        },
        "dimensions": {
          "width": 1.27,
          "height": 0.03
        }
      },
      {
        "type": "Door",
        "id": 7,
        "location": {
          "x": 6.51,
          "y": 5.75
        },
        "dimensions": {
          "width": 0.18,
          "height": 0.1
        }
      },
      {
        "type": "Door",
        "id": 8,
        "location": {
          "x": 6.32,
          "y": 5.75
        },
        "dimensions": {
          "width": 0.18,
          "height": 0.1
        }
      },
      {
        "type": "Window",
        "id": 9,
        "location": {
          "x": 3.77,
          "y": 5.33
        },
        "dimensions": {
          "width": 3.83,
          "height": 1.21
        }
      },
      {
        "type": "Window",
        "id": 10,
        "location": {
          "x": 1.77,
          "y": 4.49
        },
        "dimensions": {
          "width": 1.28,
          "height": 0.57
        }
      },
      {
        "type": "Door",
        "id": 11,
        "location": {
          "x": 8.65,
          "y": 4.24
        },
        "dimensions": {
          "width": 0.19,
          "height": 0.1
        }
      },
      {
        "type": "Door",
        "id": 12,
        "location": {
          "x": 3.69,
          "y": 3.84
        },
        "dimensions": {
          "width": 0.16,
          "height": 0.15
        }
      },
      {
        "type": "Door",
        "id": 13,
        "location": {
          "x": 3.41,
          "y": 3.81
        },
        "dimensions": {
          "width": 0.48,
          "height": 0.25
        }
      },
      {
        "type": "Door",
        "id": 14,
        "location": {
          "x": 3.82,
          "y": 3.61
        },
        "dimensions": {
          "width": 0.9,
          "height": 0.52
        }
      },
      {
        "type": "Door",
        "id": 15,
        "location": {
          "x": 0.88,
          "y": 3.58
        },
        "dimensions": {
          "width": 2.9,
          "height": 1.84
        }
      },
      {
        "type": "Window",
        "id": 16,
        "location": {
          "x": 1.85,
          "y": 3.47
        },
        "dimensions": {
          "width": 0.52,
          "height": 0.13
        }
      },
      {
        "type": "Door",
        "id": 17,
        "location": {
          "x": 3.39,
          "y": 3.46
        },
        "dimensions": {
          "width": 3.06,
          "height": 1.93
        }
      },
      {
        "type": "Door",
        "id": 18,
        "location": {
          "x": 9.17,
          "y": 3.27
        },
        "dimensions": {
          "width": 0.14,
          "height": 0.19
        }
      },
      {
        "type": "Door",
        "id": 19,
        "location": {
          "x": 5.17,
          "y": 2.55
        },
        "dimensions": {
          "width": 0.3,
          "height": 0.25
        }
      },
      {
        "type": "Window",
        "id": 20,
        "location": {
          "x": 5.67,
          "y": 2.43
        },
        "dimensions": {
          "width": 0.74,
          "height": 0.13
        }
      },
      {
        "type": "Door",
        "id": 21,
        "location": {
          "x": 0.88,
          "y": 2.35
        },
        "dimensions": {
          "width": 0.13,
          "height": 2.26
        }
      },
      {
        "type": "Window",
        "id": 22,
        "location": {
          "x": 5.84,
          "y": 2.31
        },
        "dimensions": {
          "width": 0.46,
          "height": 0.11
        }
      },
      {
        "type": "Door",
        "id": 23,
        "location": {
          "x": 7.47,
          "y": 2.25
        },
        "dimensions": {
          "width": 0.25,
          "height": 0.94
        }
      },
      {
        "type": "Door",
        "id": 24,
        "location": {
          "x": 6.86,
          "y": 2.25
        },
        "dimensions": {
          "width": 0.32,
          "height": 0.83
        }
      },
      {
        "type": "Window",
        "id": 25,
        "location": {
          "x": 6.74,
          "y": 2.0
        },
        "dimensions": {
          "width": 0.75,
          "height": 0.13
        }
      },
      {
        "type": "Window",
        "id": 26,
        "location": {
          "x": 6.95,
          "y": 1.88
        },
        "dimensions": {
          "width": 0.36,
          "height": 0.11
        }
      },
      {
        "type": "Door",
        "id": 27,
        "location": {
          "x": 7.18,
          "y": 1.66
        },
        "dimensions": {
          "width": 0.13,
          "height": 0.16
        }
      },
      {
        "type": "Door",
        "id": 28,
        "location": {
          "x": 7.04,
          "y": 1.66
        },
        "dimensions": {
          "width": 0.13,
          "height": 0.16
        }
      },
      {
        "type": "Door",
        "id": 29,
        "location": {
          "x": 6.6,
          "y": 1.58
        },
        "dimensions": {
          "width": 2.86,
          "height": 3.81
        }
      },
      {
        "type": "Window",
        "id": 30,
        "location": {
          "x": 0.88,
          "y": 1.58
        },
        "dimensions": {
          "width": 1.75,
          "height": 0.76
        }
      },
      {
        "type": "Door",
        "id": 31,
        "location": {
          "x": 0.57,
          "y": 1.56
        },
        "dimensions": {
          "width": 0.28,
          "height": 2.07
        }
      },
      {
        "type": "Door",
        "id": 32,
        "location": {
          "x": 2.88,
          "y": 0.57
        },
        "dimensions": {
          "width": 4.16,
          "height": 3.03
        }
      }
    ]
  }
}