{
  "floorPlan": {
    "name": "Floor Plan 10_15.jpg",
    "units": "feet",
    "totalArea": 79.55,
    "totalRooms": 13,
    "rooms": [
      {
        "id": 1,
        "name": "Room_1",
        "shape": "Rectangle",
        "dimensions": {
          "width": 1.24,
          "length": 0.14,
          "height": 0.99
        },
        "position": {
          "x": 4.33,
          "y": 17.56
        },
        "windows": [],
        "doors": [],
        "connected_to": []
      },
      {
        "id": 2,
        "name": "Room_2",
        "shape": "Hexagon",
        "dimensions": {
          "width": 0.53,
          "length": 0.63,
          "height": 0.5
        },
        "position": {
          "x": 7.02,
          "y": 17.07
        },
        "windows": [],
        "doors": [],
        "connected_to": []
      },
      {
        "id": 3,
        "name": "Room_3",
        "shape": "Hexagon",
        "dimensions": {
          "width": 1.24,
          "length": 2.91,
          "height": 2.33
        },
        "position": {
          "x": 2.39,
          "y": 14.79
        },
        "windows": [],
        "doors": [],
        "connected_to": []
      },
      {
        "id": 4,
        "name": "Room_4",
        "shape": "Rectangle",
        "dimensions": {
          "width": 0.14,
          "length": 0.99,
          "height": 0.79
        },
        "position": {
          "x": 7.41,
          "y": 12.24
        },
        "windows": [],
        "doors": [],
        "connected_to": []
      },
      {
        "id": 5,
        "name": "Room_5",
        "shape": "Irregular",
        "dimensions": {
          "width": 0.03,
          "length": 9.95,
          "height": 7.96
        },
        "position": {
          "x": 9.98,
          "y": 10.16
        },
        "windows": [],
        "doors": [],
        "connected_to": []
      },
      {
        "id": 6,
        "name": "Room_6",
        "shape": "Octagon",
        "dimensions": {
          "width": 0.24,
          "length": 1.32,
          "height": 1.06
        },
        "position": {
          "x": 0.41,
          "y": 9.88
        },
        "windows": [],
        "doors": [],
        "connected_to": []
      },
      {
        "id": 7,
        "name": "Room_7",
        "shape": "Irregular",
        "dimensions": {
          "width": 3.64,
          "length": 8.07,
          "height": 6.46
        },
        "position": {
          "x": 0.47,
          "y": 9.48
        },
        "windows": [],
        "doors": [],
        "connected_to": []
      },
      {
        "id": 8,
        "name": "Room_8",
        "shape": "Irregular",
        "dimensions": {
          "width": 2.75,
          "length": 2.24,
          "height": 2.2
        },
        "position": {
          "x": 4.8,
          "y": 8.55
        },
        "windows": [],
        "doors": [],
        "connected_to": []
      },
      {
        "id": 9,
        "name": "Room_9",
        "shape": "Irregular",
        "dimensions": {
          "width": 2.76,
          "length": 2.04,
          "height": 2.21
        },
        "position": {
          "x": 4.8,
          "y": 6.81
        },
        "windows": [],
        "doors": [],
        "connected_to": []
      },
      {
        "id": 10,
        "name": "Room_10",
        "shape": "Irregular",
        "dimensions": {
          "width": 0.06,
          "length": 2.85,
          "height": 2.28
        },
        "position": {
          "x": 0.41,
          "y": 1.91
        },
        "windows": [],
        "doors": [],
        "connected_to": []
      },
      {
        "id": 11,
        "name": "Room_11",
        "shape": "Irregular",
        "dimensions": {
          "width": 3.7,
          "length": 7.61,
          "height": 6.09
        },
        "position": {
          "x": 0.41,
          "y": 1.18
        },
        "windows": [
          {
            "type": "Window",
            "id": 3,
            "location": {
              "x": 3.04,
              "y": 7.6
            },
            "dimensions": {
              "width": 0.46,
              "height": 0.11
            }
          },
          {
            "type": "Window",
            "id": 11,
            "location": {
              "x": 3.26,
              "y": 3.12
            },
            "dimensions": {
              "width": 1.38,
              "height": 0.27
            }
          }
        ],
        "doors": [
          {
            "type": "Door",
            "id": 7,
            "location": {
              "x": 3.45,
              "y": 3.47
            },
            "dimensions": {
              "width": 0.13,
              "height": 0.19
            }
          },
          {
            "type": "Door",
            "id": 8,
            "location": {
              "x": 4.09,
              "y": 3.46
            },
            "dimensions": {
              "width": 0.14,
              "height": 0.2
            }
          },
          {
            "type": "Door",
            "id": 9,
            "location": {
              "x": 3.67,
              "y": 3.46
            },
            "dimensions": {
              "width": 0.14,
              "height": 0.2
            }
          },
          {
            "type": "Door",
            "id": 10,
            "location": {
              "x": 3.3,
              "y": 3.46
            },
            "dimensions": {
              "width": 0.14,
              "height": 0.2
            }
          }
        ],
        "connected_to": []
      },
      {
        "id": 12,
        "name": "Room_12",
        "shape": "Rectangle",
        "dimensions": {
          "width": 3.22,
          "length": 1.03,
          "height": 2.58
        },
        "position": {
          "x": 4.33,
          "y": 1.05
        },
        "windows": [],
        "doors": [],
        "connected_to": []
      },
      {
        "id": 13,
        "name": "Room_13",
        "shape": "Rectangle",
        "dimensions": {
          "width": 3.22,
          "length": 0.58,
          "height": 2.58
        },
        "position": {
          "x": 0.41,
          "y": 1.05
        },
        "windows": [],
        "doors": [],
        "connected_to": []
      }
    ],
    "doorsAndWindows": [
      {
        "type": "Door",
        "id": 1,
        "location": {
          "x": 0.35,
          "y": 9.89
        },
        "dimensions": {
          "width": 0.06,
          "height": 1.3
        }
      },
      {
        "type": "Door",
        "id": 2,
        "location": {
          "x": 0.35,
          "y": 8.43
        },
        "dimensions": {
          "width": 0.18,
          "height": 0.66
        }
      },
      {
        "type": "Window",
        "id": 3,
        "location": {
          "x": 3.04,
          "y": 7.6
        },
        "dimensions": {
          "width": 0.46,
          "height": 0.11
        }
      },
      {
        "type": "Window",
        "id": 4,
        "location": {
          "x": 5.87,
          "y": 4.51
        },
        "dimensions": {
          "width": 0.38,
          "height": 0.11
        }
      },
      {
        "type": "Window",
        "id": 5,
        "location": {
          "x": 4.64,
          "y": 4.32
        },
        "dimensions": {
          "width": 2.78,
          "height": 0.28
        }
      },
      {
        "type": "Window",
        "id": 6,
        "location": {
          "x": 4.66,
          "y": 4.31
        },
        "dimensions": {
          "width": 2.78,
          "height": 0.3
        }
      },
      {
        "type": "Door",
        "id": 7,
        "location": {
          "x": 3.45,
          "y": 3.47
        },
        "dimensions": {
          "width": 0.13,
          "height": 0.19
        }
      },
      {
        "type": "Door",
        "id": 8,
        "location": {
          "x": 4.09,
          "y": 3.46
        },
        "dimensions": {
          "width": 0.14,
          "height": 0.2
        }
      },
      {
        "type": "Door",
        "id": 9,
        "location": {
          "x": 3.67,
          "y": 3.46
        },
        "dimensions": {
          "width": 0.14,
          "height": 0.2
        }
      },
      {
        "type": "Door",
        "id": 10,
        "location": {
          "x": 3.3,
          "y": 3.46
        },
        "dimensions": {
          "width": 0.14,
          "height": 0.2
        }
      },
      {
        "type": "Window",
        "id": 11,
        "location": {
          "x": 3.26,
          "y": 3.12
        },
        "dimensions": {
          "width": 1.38,
          "height": 0.27
        }
      },
      {
        "type": "Window",
        "id": 12,
        "location": {
          "x": 3.27,
          "y": 0.99
        },
        "dimensions": {
          "width": 0.35,
          "height": 0.07
        }
      },
      {
        "type": "Door",
        "id": 13,
        "location": {
          "x": 0.35,
          "y": 0.99
        },
        "dimensions": {
          "width": 2.91,
          "height": 7.43
        }
      },
      {
        "type": "Door",
        "id": 14,
        "location": {
          "x": 0.32,
          "y": 0.96
        },
        "dimensions": {
          "width": 9.69,
          "height": 19.2
        }
      },
      {
        "type": "Window",
        "id": 15,
        "location": {
          "x": 3.59,
          "y": 0.31
        },
        "dimensions": {
          "width": 0.3,
          "height": 0.13
        }
      }
    ]
  }
}