{
  "floorPlan": {
    "name": "Floor Plan 10_26.jpg",
    "units": "feet",
    "totalArea": 11.73,
    "totalRooms": 4,
    "rooms": [
      {
        "id": 1,
        "name": "BE22",
        "shape": "Irregular",
        "dimensions": {
          "width": 1.98,
          "length": 2.33,
          "height": 1.86
        },
        "position": {
          "x": 4.63,
          "y": 4.1
        },
        "windows": [
          {
            "type": "Window",
            "id": 7,
            "location": {
              "x": 4.98,
              "y": 5.64
            },
            "dimensions": {
              "width": 0.3,
              "height": 0.1
            }
          }
        ],
        "doors": [
          {
            "type": "Door",
            "id": 11,
            "location": {
              "x": 4.92,
              "y": 4.73
            },
            "dimensions": {
              "width": 0.17,
              "height": 0.14
            }
          },
          {
            "type": "Door",
            "id": 12,
            "location": {
              "x": 5.24,
              "y": 4.33
            },
            "dimensions": {
              "width": 0.15,
              "height": 0.19
            }
          },
          {
            "type": "Door",
            "id": 13,
            "location": {
              "x": 5.89,
              "y": 4.22
            },
            "dimensions": {
              "width": 0.15,
              "height": 0.16
            }
          },
          {
            "type": "Door",
            "id": 14,
            "location": {
              "x": 4.67,
              "y": 4.11
            },
            "dimensions": {
              "width": 0.8,
              "height": 1.12
            }
          }
        ],
        "connected_to": []
      },
      {
        "id": 2,
        "name": "WIC",
        "shape": "Irregular",
        "dimensions": {
          "width": 1.53,
          "length": 2.28,
          "height": 1.82
        },
        "position": {
          "x": 1.04,
          "y": 2.9
        },
        "windows": [],
        "doors": [
          {
            "type": "Door",
            "id": 17,
            "location": {
              "x": 1.2,
              "y": 3.7
            },
            "dimensions": {
              "width": 0.18,
              "height": 0.14
            }
          },
          {
            "type": "Door",
            "id": 18,
            "location": {
              "x": 2.18,
              "y": 3.63
            },
            "dimensions": {
              "width": 0.33,
              "height": 0.52
            }
          },
          {
            "type": "Door",
            "id": 23,
            "location": {
              "x": 1.13,
              "y": 3.03
            },
            "dimensions": {
              "width": 0.35,
              "height": 0.5
            }
          },
          {
            "type": "Door",
            "id": 25,
            "location": {
              "x": 2.52,
              "y": 2.96
            },
            "dimensions": {
              "width": 0.08,
              "height": 0.35
            }
          },
          {
            "type": "Door",
            "id": 26,
            "location": {
              "x": 1.04,
              "y": 2.9
            },
            "dimensions": {
              "width": 1.55,
              "height": 2.51
            }
          }
        ],
        "connected_to": []
      },
      {
        "id": 3,
        "name": "Room_3",
        "shape": "Rectangle",
        "dimensions": {
          "width": 1.48,
          "length": 1.7,
          "height": 1.36
        },
        "position": {
          "x": 7.83,
          "y": 2.34
        },
        "windows": [],
        "doors": [],
        "connected_to": []
      },
      {
        "id": 4,
        "name": "KITCHENHI;",
        "shape": "Irregular",
        "dimensions": {
          "width": 0.77,
          "length": 1.45,
          "height": 1.16
        },
        "position": {
          "x": 5.52,
          "y": 2.34
        },
        "windows": [],
        "doors": [
          {
            "type": "Door",
            "id": 29,
            "location": {
              "x": 5.58,
              "y": 2.4
            },
            "dimensions": {
              "width": 0.79,
              "height": 1.69
            }
          }
        ],
        "connected_to": []
      }
    ],
    "doorsAndWindows": [
      {
        "type": "Window",
        "id": 1,
        "location": {
          "x": 5.15,
          "y": 6.96
        },
        "dimensions": {
          "width": 0.85,
          "height": 0.08
        }
      },
      {
        "type": "Window",
        "id": 2,
        "location": {
          "x": 3.62,
          "y": 6.96
        },
        "dimensions": {
          "width": 0.88,
          "height": 0.08
        }
      },
      {
        "type": "Door",
        "id": 3,
        "location": {
          "x": 6.03,
          "y": 6.92
        },
        "dimensions": {
          "width": 0.14,
          "height": 0.13
        }
      },
      {
        "type": "Door",
        "id": 4,
        "location": {
          "x": 3.51,
          "y": 6.47
        },
        "dimensions": {
          "width": 0.2,
          "height": 0.19
        }
      },
      {
        "type": "Window",
        "id": 5,
        "location": {
          "x": 3.06,
          "y": 6.43
        },
        "dimensions": {
          "width": 1.07,
          "height": 0.14
        }
      },
      {
        "type": "Door",
        "id": 6,
        "location": {
          "x": 0.89,
          "y": 6.42
        },
        "dimensions": {
          "width": 0.13,
          "height": 0.61
        }
      },
      {
        "type": "Window",
        "id": 7,
        "location": {
          "x": 4.98,
          "y": 5.64
        },
        "dimensions": {
          "width": 0.3,
          "height": 0.1
        }
      },
      {
        "type": "Door",
        "id": 8,
        "location": {
          "x": 1.67,
          "y": 5.51
        },
        "dimensions": {
          "width": 0.2,
          "height": 0.1
        }
      },
      {
        "type": "Door",
        "id": 9,
        "location": {
          "x": 1.04,
          "y": 5.41
        },
        "dimensions": {
          "width": 0.08,
          "height": 0.86
        }
      },
      {
        "type": "Door",
        "id": 10,
        "location": {
          "x": 7.6,
          "y": 5.19
        },
        "dimensions": {
          "width": 0.03,
          "height": 0.75
        }
      },
      {
        "type": "Door",
        "id": 11,
        "location": {
          "x": 4.92,
          "y": 4.73
        },
        "dimensions": {
          "width": 0.17,
          "height": 0.14
        }
      },
      {
        "type": "Door",
        "id": 12,
        "location": {
          "x": 5.24,
          "y": 4.33
        },
        "dimensions": {
          "width": 0.15,
          "height": 0.19
        }
      },
      {
        "type": "Door",
        "id": 13,
        "location": {
          "x": 5.89,
          "y": 4.22
        },
        "dimensions": {
          "width": 0.15,
          "height": 0.16
        }
      },
      {
        "type": "Door",
        "id": 14,
        "location": {
          "x": 4.67,
          "y": 4.11
        },
        "dimensions": {
          "width": 0.8,
          "height": 1.12
        }
      },
      {
        "type": "Door",
        "id": 15,
        "location": {
          "x": 9.23,
          "y": 4.05
        },
        "dimensions": {
          "width": 0.08,
          "height": 1.5
        }
      },
      {
        "type": "Door",
        "id": 16,
        "location": {
          "x": 5.22,
          "y": 3.87
        },
        "dimensions": {
          "width": 4.1,
          "height": 2.21
        }
      },
      {
        "type": "Door",
        "id": 17,
        "location": {
          "x": 1.2,
          "y": 3.7
        },
        "dimensions": {
          "width": 0.18,
          "height": 0.14
        }
      },
      {
        "type": "Door",
        "id": 18,
        "location": {
          "x": 2.18,
          "y": 3.63
        },
        "dimensions": {
          "width": 0.33,
          "height": 0.52
        }
      },
      {
        "type": "Window",
        "id": 19,
        "location": {
          "x": 4.99,
          "y": 3.16
        },
        "dimensions": {
          "width": 0.59,
          "height": 0.12
        }
      },
      {
        "type": "Door",
        "id": 20,
        "location": {
          "x": 3.26,
          "y": 3.14
        },
        "dimensions": {
          "width": 0.14,
          "height": 0.18
        }
      },
      {
        "type": "Window",
        "id": 21,
        "location": {
          "x": 5.2,
          "y": 3.04
        },
        "dimensions": {
          "width": 0.37,
          "height": 0.1
        }
      },
      {
        "type": "Door",
        "id": 22,
        "location": {
          "x": 3.14,
          "y": 3.04
        },
        "dimensions": {
          "width": 0.15,
          "height": 0.19
        }
      },
      {
        "type": "Door",
        "id": 23,
        "location": {
          "x": 1.13,
          "y": 3.03
        },
        "dimensions": {
          "width": 0.35,
          "height": 0.5
        }
      },
      {
        "type": "Window",
        "id": 24,
        "location": {
          "x": 3.28,
          "y": 3.01
        },
        "dimensions": {
          "width": 0.55,
          "height": 0.13
        }
      },
      {
        "type": "Door",
        "id": 25,
        "location": {
          "x": 2.52,
          "y": 2.96
        },
        "dimensions": {
          "width": 0.08,
          "height": 0.35
        }
      },
      {
        "type": "Door",
        "id": 26,
        "location": {
          "x": 1.04,
          "y": 2.9
        },
        "dimensions": {
          "width": 1.55,
          "height": 2.51
        }
      },
      {
        "type": "Door",
        "id": 27,
        "location": {
          "x": 5.18,
          "y": 2.42
        },
        "dimensions": {
          "width": 0.14,
          "height": 0.16
        }
      },
      {
        "type": "Door",
        "id": 28,
        "location": {
          "x": 5.04,
          "y": 2.42
        },
        "dimensions": {
          "width": 0.13,
          "height": 0.15
        }
      },
      {
        "type": "Door",
        "id": 29,
        "location": {
          "x": 5.58,
          "y": 2.4
        },
        "dimensions": {
          "width": 0.79,
          "height": 1.69
        }
      },
      {
        "type": "Window",
        "id": 30,
        "location": {
          "x": 3.4,
          "y": 2.34
        },
        "dimensions": {
          "width": 2.11,
          "height": 0.8
        }
      },
      {
        "type": "Door",
        "id": 31,
        "location": {
          "x": 6.3,
          "y": 2.33
        },
        "dimensions": {
          "width": 3.01,
          "height": 1.71
        }
      },
      {
        "type": "Window",
        "id": 32,
        "location": {
          "x": 1.57,
          "y": 2.02
        },
        "dimensions": {
          "width": 0.51,
          "height": 0.03
        }
      },
      {
        "type": "Door",
        "id": 33,
        "location": {
          "x": 2.5,
          "y": 1.98
        },
        "dimensions": {
          "width": 0.45,
          "height": 0.97
        }
      },
      {
        "type": "Door",
        "id": 34,
        "location": {
          "x": 1.89,
          "y": 1.9
        },
        "dimensions": {
          "width": 0.19,
          "height": 0.1
        }
      },
      {
        "type": "Window",
        "id": 35,
        "location": {
          "x": 4.77,
          "y": 1.79
        },
        "dimensions": {
          "width": 1.26,
          "height": 0.14
        }
      },
      {
        "type": "Door",
        "id": 36,
        "location": {
          "x": 4.6,
          "y": 1.48
        },
        "dimensions": {
          "width": 0.06,
          "height": 0.84
        }
      },
      {
        "type": "Window",
        "id": 37,
        "location": {
          "x": 3.13,
          "y": 1.45
        },
        "dimensions": {
          "width": 0.32,
          "height": 0.1
        }
      },
      {
        "type": "Window",
        "id": 38,
        "location": {
          "x": 2.95,
          "y": 1.41
        },
        "dimensions": {
          "width": 1.27,
          "height": 0.03
        }
      },
      {
        "type": "Window",
        "id": 39,
        "location": {
          "x": 5.55,
          "y": 1.31
        },
        "dimensions": {
          "width": 0.45,
          "height": 0.07
        }
      },
      {
        "type": "Window",
        "id": 40,
        "location": {
          "x": 3.7,
          "y": 1.3
        },
        "dimensions": {
          "width": 0.41,
          "height": 0.1
        }
      },
      {
        "type": "Door",
        "id": 41,
        "location": {
          "x": 3.46,
          "y": 1.3
        },
        "dimensions": {
          "width": 0.18,
          "height": 0.1
        }
      },
      {
        "type": "Door",
        "id": 42,
        "location": {
          "x": 4.52,
          "y": 1.29
        },
        "dimensions": {
          "width": 0.17,
          "height": 0.18
        }
      },
      {
        "type": "Door",
        "id": 43,
        "location": {
          "x": 1.03,
          "y": 1.28
        },
        "dimensions": {
          "width": 1.57,
          "height": 1.32
        }
      },
      {
        "type": "Door",
        "id": 44,
        "location": {
          "x": 4.6,
          "y": 0.67
        },
        "dimensions": {
          "width": 0.06,
          "height": 0.5
        }
      },
      {
        "type": "Window",
        "id": 45,
        "location": {
          "x": 2.7,
          "y": 0.5
        },
        "dimensions": {
          "width": 0.54,
          "height": 0.07
        }
      },
      {
        "type": "Door",
        "id": 46,
        "location": {
          "x": 0.69,
          "y": 0.36
        },
        "dimensions": {
          "width": 8.65,
          "height": 7.09
        }
      }
    ]
  }
}