{
  "floorPlan": {
    "name": "Floor Plan 10_27.jpg",
    "units": "feet",
    "totalArea": 33.89,
    "totalRooms": 9,
    "rooms": [
      {
        "id": 1,
        "name": "Room_1",
        "shape": "Pentagon",
        "dimensions": {
          "width": 1.71,
          "length": 0.97,
          "height": 1.37
        },
        "position": {
          "x": 6.42,
          "y": 7.96
        },
        "windows": [],
        "doors": [],
        "connected_to": []
      },
      {
        "id": 2,
        "name": "Room_2",
        "shape": "Pentagon",
        "dimensions": {
          "width": 1.7,
          "length": 0.97,
          "height": 1.36
        },
        "position": {
          "x": 2.12,
          "y": 7.96
        },
        "windows": [],
        "doors": [],
        "connected_to": []
      },
      {
        "id": 3,
        "name": "Room_3",
        "shape": "Pentagon",
        "dimensions": {
          "width": 0.97,
          "length": 3.25,
          "height": 2.6
        },
        "position": {
          "x": 0.01,
          "y": 5.68
        },
        "windows": [],
        "doors": [],
        "connected_to": []
      },
      {
        "id": 4,
        "name": "Room_4",
        "shape": "Irregular",
        "dimensions": {
          "width": 1.54,
          "length": 2.81,
          "height": 2.25
        },
        "position": {
          "x": 1.47,
          "y": 4.01
        },
        "windows": [],
        "doors": [],
        "connected_to": []
      },
      {
        "id": 5,
        "name": "Room_5",
        "shape": "Irregular",
        "dimensions": {
          "width": 0.84,
          "length": 1.04,
          "height": 0.83
        },
        "position": {
          "x": 0.01,
          "y": 3.96
        },
        "windows": [],
        "doors": [],
        "connected_to": []
      },
      {
        "id": 6,
        "name": "Room_6",
        "shape": "Irregular",
        "dimensions": {
          "width": 1.66,
          "length": 5.47,
          "height": 4.38
        },
        "position": {
          "x": 8.57,
          "y": 3.46
        },
        "windows": [],
        "doors": [],
        "connected_to": []
      },
      {
        "id": 7,
        "name": "Room_7",
        "shape": "Irregular",
        "dimensions": {
          "width": 1.74,
          "length": 0.51,
          "height": 1.39
        },
        "position": {
          "x": 8.49,
          "y": 2.4
        },
        "windows": [],
        "doors": [],
        "connected_to": []
      },
      {
        "id": 8,
        "name": "Room_8",
        "shape": "Irregular",
        "dimensions": {
          "width": 1.41,
          "length": 4.42,
          "height": 3.54
        },
        "position": {
          "x": 6.6,
          "y": 2.4
        },
        "windows": [],
        "doors": [],
        "connected_to": []
      },
      {
        "id": 9,
        "name": "Room_9",
        "shape": "Irregular",
        "dimensions": {
          "width": 5.97,
          "length": 1.01,
          "height": 4.78
        },
        "position": {
          "x": 0.01,
          "y": 2.4
        },
        "windows": [],
        "doors": [],
        "connected_to": []
      }
    ],
    "doorsAndWindows": [
      {
        "type": "Door",
        "id": 1,
        "location": {
          "x": 6.56,
          "y": 10.1
        },
        "dimensions": {
          "width": 0.25,
          "height": 0.25
        }
      },
      {
        "type": "Window",
        "id": 2,
        "location": {
          "x": 3.42,
          "y": 10.08
        },
        "dimensions": {
          "width": 3.42,
          "height": 0.33
        }
      },
      {
        "type": "Door",
        "id": 3,
        "location": {
          "x": 4.83,
          "y": 9.7
        },
        "dimensions": {
          "width": 0.24,
          "height": 0.13
        }
      },
      {
        "type": "Door",
        "id": 4,
        "location": {
          "x": 5.07,
          "y": 9.54
        },
        "dimensions": {
          "width": 0.21,
          "height": 0.13
        }
      },
      {
        "type": "Door",
        "id": 5,
        "location": {
          "x": 4.85,
          "y": 9.54
        },
        "dimensions": {
          "width": 0.21,
          "height": 0.13
        }
      },
      {
        "type": "Door",
        "id": 6,
        "location": {
          "x": 5.71,
          "y": 9.09
        },
        "dimensions": {
          "width": 0.84,
          "height": 0.84
        }
      },
      {
        "type": "Door",
        "id": 7,
        "location": {
          "x": 3.69,
          "y": 9.09
        },
        "dimensions": {
          "width": 0.85,
          "height": 0.83
        }
      },
      {
        "type": "Door",
        "id": 8,
        "location": {
          "x": 5.28,
          "y": 1.38
        },
        "dimensions": {
          "width": 0.23,
          "height": 0.14
        }
      },
      {
        "type": "Door",
        "id": 9,
        "location": {
          "x": 4.8,
          "y": 1.38
        },
        "dimensions": {
          "width": 0.23,
          "height": 0.13
        }
      },
      {
        "type": "Door",
        "id": 10,
        "location": {
          "x": 4.96,
          "y": 1.22
        },
        "dimensions": {
          "width": 0.11,
          "height": 0.13
        }
      },
      {
        "type": "Door",
        "id": 11,
        "location": {
          "x": 6.56,
          "y": 0.06
        },
        "dimensions": {
          "width": 0.25,
          "height": 0.25
        }
      },
      {
        "type": "Door",
        "id": 12,
        "location": {
          "x": 3.42,
          "y": 0.04
        },
        "dimensions": {
          "width": 0.3,
          "height": 0.29
        }
      },
      {
        "type": "Door",
        "id": 13,
        "location": {
          "x": 0.01,
          "y": 0.0
        },
        "dimensions": {
          "width": 10.23,
          "height": 10.4
        }
      }
    ]
  }
}