{
  "floorPlan": {
    "name": "Floor Plan 10_9.jpg",
    "units": "feet",
    "totalArea": 6.17,
    "totalRooms": 3,
    "rooms": [
      {
        "id": 1,
        "name": "wic",
        "shape": "Irregular",
        "dimensions": {
          "width": 1.02,
          "length": 1.91,
          "height": 1.53
        },
        "position": {
          "x": 8.81,
          "y": 5.01
        },
        "windows": [],
        "doors": [
          {
            "type": "Door",
            "id": 15,
            "location": {
              "x": 8.82,
              "y": 6.24
            },
            "dimensions": {
              "width": 0.12,
              "height": 0.17
            }
          },
          {
            "type": "Door",
            "id": 17,
            "location": {
              "x": 9.14,
              "y": 6.0
            },
            "dimensions": {
              "width": 0.64,
              "height": 0.63
            }
          }
        ],
        "connected_to": []
      },
      {
        "id": 2,
        "name": "bedrm",
        "shape": "Irregular",
        "dimensions": {
          "width": 2.07,
          "length": 1.39,
          "height": 1.66
        },
        "position": {
          "x": 7.75,
          "y": 3.65
        },
        "windows": [
          {
            "type": "Window",
            "id": 52,
            "location": {
              "x": 8.56,
              "y": 3.66
            },
            "dimensions": {
              "width": 0.59,
              "height": 0.2
            }
          }
        ],
        "doors": [
          {
            "type": "Door",
            "id": 40,
            "location": {
              "x": 9.42,
              "y": 4.68
            },
            "dimensions": {
              "width": 0.13,
              "height": 0.17
            }
          },
          {
            "type": "Door",
            "id": 41,
            "location": {
              "x": 8.88,
              "y": 4.68
            },
            "dimensions": {
              "width": 0.26,
              "height": 0.2
            }
          },
          {
            "type": "Door",
            "id": 42,
            "location": {
              "x": 9.38,
              "y": 4.42
            },
            "dimensions": {
              "width": 0.27,
              "height": 0.21
            }
          },
          {
            "type": "Door",
            "id": 43,
            "location": {
              "x": 8.78,
              "y": 4.42
            },
            "dimensions": {
              "width": 0.21,
              "height": 0.22
            }
          },
          {
            "type": "Door",
            "id": 44,
            "location": {
              "x": 9.0,
              "y": 4.29
            },
            "dimensions": {
              "width": 0.21,
              "height": 0.35
            }
          },
          {
            "type": "Door",
            "id": 45,
            "location": {
              "x": 8.56,
              "y": 4.29
            },
            "dimensions": {
              "width": 0.21,
              "height": 0.35
            }
          },
          {
            "type": "Door",
            "id": 48,
            "location": {
              "x": 7.79,
              "y": 3.9
            },
            "dimensions": {
              "width": 0.61,
              "height": 1.06
            }
          },
          {
            "type": "Door",
            "id": 50,
            "location": {
              "x": 9.08,
              "y": 3.68
            },
            "dimensions": {
              "width": 0.24,
              "height": 0.18
            }
          }
        ],
        "connected_to": []
      },
      {
        "id": 3,
        "name": "16-0xi3-0",
        "shape": "Irregular",
        "dimensions": {
          "width": 0.49,
          "length": 2.75,
          "height": 2.2
        },
        "position": {
          "x": 9.33,
          "y": 0.22
        },
        "windows": [],
        "doors": [
          {
            "type": "Door",
            "id": 81,
            "location": {
              "x": 9.34,
              "y": 1.88
            },
            "dimensions": {
              "width": 0.43,
              "height": 1.05
            }
          },
          {
            "type": "Door",
            "id": 100,
            "location": {
              "x": 9.36,
              "y": 0.85
            },
            "dimensions": {
              "width": 0.21,
              "height": 0.22
            }
          }
        ],
        "connected_to": []
      }
    ],
    "doorsAndWindows": [
      {
        "type": "Door",
        "id": 1,
        "location": {
          "x": 4.75,
          "y": 7.44
        },
        "dimensions": {
          "width": 0.25,
          "height": 0.31
        }
      },
      {
        "type": "Door",
        "id": 2,
        "location": {
          "x": 4.38,
          "y": 7.44
        },
        "dimensions": {
          "width": 0.31,
          "height": 0.31
        }
      },
      {
        "type": "Door",
        "id": 3,
        "location": {
          "x": 3.91,
          "y": 7.44
        },
        "dimensions": {
          "width": 0.3,
          "height": 0.47
        }
      },
      {
        "type": "Door",
        "id": 4,
        "location": {
          "x": 3.57,
          "y": 7.44
        },
        "dimensions": {
          "width": 0.15,
          "height": 0.31
        }
      },
      {
        "type": "Door",
        "id": 5,
        "location": {
          "x": 3.2,
          "y": 7.44
        },
        "dimensions": {
          "width": 0.31,
          "height": 0.31
        }
      },
      {
        "type": "Door",
        "id": 6,
        "location": {
          "x": 4.27,
          "y": 7.24
        },
        "dimensions": {
          "width": 0.06,
          "height": 0.51
        }
      },
      {
        "type": "Door",
        "id": 7,
        "location": {
          "x": 2.75,
          "y": 7.24
        },
        "dimensions": {
          "width": 0.06,
          "height": 0.51
        }
      },
      {
        "type": "Door",
        "id": 8,
        "location": {
          "x": 2.55,
          "y": 7.23
        },
        "dimensions": {
          "width": 0.17,
          "height": 0.52
        }
      },
      {
        "type": "Door",
        "id": 9,
        "location": {
          "x": 6.75,
          "y": 6.61
        },
        "dimensions": {
          "width": 0.22,
          "height": 0.19
        }
      },
      {
        "type": "Door",
        "id": 10,
        "location": {
          "x": 6.28,
          "y": 6.53
        },
        "dimensions": {
          "width": 0.34,
          "height": 0.47
        }
      },
      {
        "type": "Door",
        "id": 11,
        "location": {
          "x": 6.34,
          "y": 6.35
        },
        "dimensions": {
          "width": 0.14,
          "height": 0.16
        }
      },
      {
        "type": "Door",
        "id": 12,
        "location": {
          "x": 6.89,
          "y": 6.32
        },
        "dimensions": {
          "width": 0.19,
          "height": 0.22
        }
      },
      {
        "type": "Door",
        "id": 13,
        "location": {
          "x": 6.53,
          "y": 6.32
        },
        "dimensions": {
          "width": 0.22,
          "height": 0.22
        }
      },
      {
        "type": "Door",
        "id": 14,
        "location": {
          "x": 7.35,
          "y": 6.27
        },
        "dimensions": {
          "width": 0.28,
          "height": 0.19
        }
      },
      {
        "type": "Door",
        "id": 15,
        "location": {
          "x": 8.82,
          "y": 6.24
        },
        "dimensions": {
          "width": 0.12,
          "height": 0.17
        }
      },
      {
        "type": "Door",
        "id": 16,
        "location": {
          "x": 7.1,
          "y": 6.2
        },
        "dimensions": {
          "width": 0.16,
          "height": 0.34
        }
      },
      {
        "type": "Door",
        "id": 17,
        "location": {
          "x": 9.14,
          "y": 6.0
        },
        "dimensions": {
          "width": 0.64,
          "height": 0.63
        }
      },
      {
        "type": "Door",
        "id": 18,
        "location": {
          "x": 8.75,
          "y": 5.96
        },
        "dimensions": {
          "width": 0.28,
          "height": 0.21
        }
      },
      {
        "type": "Door",
        "id": 19,
        "location": {
          "x": 8.16,
          "y": 5.96
        },
        "dimensions": {
          "width": 0.23,
          "height": 0.23
        }
      },
      {
        "type": "Door",
        "id": 20,
        "location": {
          "x": 8.37,
          "y": 5.83
        },
        "dimensions": {
          "width": 0.21,
          "height": 0.34
        }
      },
      {
        "type": "Door",
        "id": 21,
        "location": {
          "x": 7.93,
          "y": 5.82
        },
        "dimensions": {
          "width": 0.21,
          "height": 0.35
        }
      },
      {
        "type": "Door",
        "id": 22,
        "location": {
          "x": 5.08,
          "y": 5.79
        },
        "dimensions": {
          "width": 0.11,
          "height": 0.18
        }
      },
      {
        "type": "Door",
        "id": 23,
        "location": {
          "x": 5.25,
          "y": 5.51
        },
        "dimensions": {
          "width": 0.15,
          "height": 0.16
        }
      },
      {
        "type": "Door",
        "id": 24,
        "location": {
          "x": 4.6,
          "y": 5.48
        },
        "dimensions": {
          "width": 0.31,
          "height": 0.21
        }
      },
      {
        "type": "Door",
        "id": 25,
        "location": {
          "x": 4.45,
          "y": 5.48
        },
        "dimensions": {
          "width": 0.14,
          "height": 0.21
        }
      },
      {
        "type": "Door",
        "id": 26,
        "location": {
          "x": 8.44,
          "y": 5.33
        },
        "dimensions": {
          "width": 1.34,
          "height": 0.67
        }
      },
      {
        "type": "Door",
        "id": 27,
        "location": {
          "x": 6.12,
          "y": 5.3
        },
        "dimensions": {
          "width": 0.22,
          "height": 0.17
        }
      },
      {
        "type": "Door",
        "id": 28,
        "location": {
          "x": 4.98,
          "y": 5.1
        },
        "dimensions": {
          "width": 0.44,
          "height": 0.41
        }
      },
      {
        "type": "Door",
        "id": 29,
        "location": {
          "x": 6.17,
          "y": 5.0
        },
        "dimensions": {
          "width": 0.16,
          "height": 0.2
        }
      },
      {
        "type": "Door",
        "id": 30,
        "location": {
          "x": 4.66,
          "y": 4.97
        },
        "dimensions": {
          "width": 0.34,
          "height": 0.5
        }
      },
      {
        "type": "Door",
        "id": 31,
        "location": {
          "x": 5.66,
          "y": 4.91
        },
        "dimensions": {
          "width": 0.37,
          "height": 0.3
        }
      },
      {
        "type": "Door",
        "id": 32,
        "location": {
          "x": 4.24,
          "y": 4.9
        },
        "dimensions": {
          "width": 0.48,
          "height": 0.38
        }
      },
      {
        "type": "Door",
        "id": 33,
        "location": {
          "x": 6.58,
          "y": 4.89
        },
        "dimensions": {
          "width": 0.42,
          "height": 0.57
        }
      },
      {
        "type": "Door",
        "id": 34,
        "location": {
          "x": 6.36,
          "y": 4.86
        },
        "dimensions": {
          "width": 0.21,
          "height": 0.34
        }
      },
      {
        "type": "Door",
        "id": 35,
        "location": {
          "x": 7.47,
          "y": 4.83
        },
        "dimensions": {
          "width": 0.2,
          "height": 0.32
        }
      },
      {
        "type": "Door",
        "id": 36,
        "location": {
          "x": 7.25,
          "y": 4.83
        },
        "dimensions": {
          "width": 0.22,
          "height": 0.21
        }
      },
      {
        "type": "Door",
        "id": 37,
        "location": {
          "x": 4.84,
          "y": 4.76
        },
        "dimensions": {
          "width": 0.52,
          "height": 0.29
        }
      },
      {
        "type": "Door",
        "id": 38,
        "location": {
          "x": 4.36,
          "y": 4.75
        },
        "dimensions": {
          "width": 0.39,
          "height": 0.39
        }
      },
      {
        "type": "Door",
        "id": 39,
        "location": {
          "x": 7.14,
          "y": 4.69
        },
        "dimensions": {
          "width": 0.12,
          "height": 0.35
        }
      },
      {
        "type": "Door",
        "id": 40,
        "location": {
          "x": 9.42,
          "y": 4.68
        },
        "dimensions": {
          "width": 0.13,
          "height": 0.17
        }
      },
      {
        "type": "Door",
        "id": 41,
        "location": {
          "x": 8.88,
          "y": 4.68
        },
        "dimensions": {
          "width": 0.26,
          "height": 0.2
        }
      },
      {
        "type": "Door",
        "id": 42,
        "location": {
          "x": 9.38,
          "y": 4.42
        },
        "dimensions": {
          "width": 0.27,
          "height": 0.21
        }
      },
      {
        "type": "Door",
        "id": 43,
        "location": {
          "x": 8.78,
          "y": 4.42
        },
        "dimensions": {
          "width": 0.21,
          "height": 0.22
        }
      },
      {
        "type": "Door",
        "id": 44,
        "location": {
          "x": 9.0,
          "y": 4.29
        },
        "dimensions": {
          "width": 0.21,
          "height": 0.35
        }
      },
      {
        "type": "Door",
        "id": 45,
        "location": {
          "x": 8.56,
          "y": 4.29
        },
        "dimensions": {
          "width": 0.21,
          "height": 0.35
        }
      },
      {
        "type": "Door",
        "id": 46,
        "location": {
          "x": 5.23,
          "y": 4.1
        },
        "dimensions": {
          "width": 0.47,
          "height": 0.53
        }
      },
      {
        "type": "Door",
        "id": 47,
        "location": {
          "x": 5.09,
          "y": 4.0
        },
        "dimensions": {
          "width": 0.12,
          "height": 0.18
        }
      },
      {
        "type": "Door",
        "id": 48,
        "location": {
          "x": 7.79,
          "y": 3.9
        },
        "dimensions": {
          "width": 0.61,
          "height": 1.06
        }
      },
      {
        "type": "Door",
        "id": 49,
        "location": {
          "x": 5.72,
          "y": 3.74
        },
        "dimensions": {
          "width": 0.17,
          "height": 0.21
        }
      },
      {
        "type": "Door",
        "id": 50,
        "location": {
          "x": 9.08,
          "y": 3.68
        },
        "dimensions": {
          "width": 0.24,
          "height": 0.18
        }
      },
      {
        "type": "Door",
        "id": 51,
        "location": {
          "x": 5.49,
          "y": 3.68
        },
        "dimensions": {
          "width": 0.22,
          "height": 0.46
        }
      },
      {
        "type": "Window",
        "id": 52,
        "location": {
          "x": 8.56,
          "y": 3.66
        },
        "dimensions": {
          "width": 0.59,
          "height": 0.2
        }
      },
      {
        "type": "Door",
        "id": 53,
        "location": {
          "x": 4.72,
          "y": 3.61
        },
        "dimensions": {
          "width": 0.16,
          "height": 0.34
        }
      },
      {
        "type": "Door",
        "id": 54,
        "location": {
          "x": 4.29,
          "y": 3.57
        },
        "dimensions": {
          "width": 1.12,
          "height": 1.05
        }
      },
      {
        "type": "Door",
        "id": 55,
        "location": {
          "x": 4.42,
          "y": 3.44
        },
        "dimensions": {
          "width": 5.47,
          "height": 4.75
        }
      },
      {
        "type": "Door",
        "id": 56,
        "location": {
          "x": 7.79,
          "y": 3.35
        },
        "dimensions": {
          "width": 0.7,
          "height": 0.56
        }
      },
      {
        "type": "Door",
        "id": 57,
        "location": {
          "x": 9.38,
          "y": 3.34
        },
        "dimensions": {
          "width": 0.1,
          "height": 0.16
        }
      },
      {
        "type": "Door",
        "id": 58,
        "location": {
          "x": 9.11,
          "y": 3.34
        },
        "dimensions": {
          "width": 0.15,
          "height": 0.16
        }
      },
      {
        "type": "Door",
        "id": 59,
        "location": {
          "x": 1.48,
          "y": 3.25
        },
        "dimensions": {
          "width": 0.26,
          "height": 0.35
        }
      },
      {
        "type": "Door",
        "id": 60,
        "location": {
          "x": 6.99,
          "y": 3.07
        },
        "dimensions": {
          "width": 0.26,
          "height": 0.47
        }
      },
      {
        "type": "Door",
        "id": 61,
        "location": {
          "x": 6.57,
          "y": 3.07
        },
        "dimensions": {
          "width": 0.27,
          "height": 0.2
        }
      },
      {
        "type": "Door",
        "id": 62,
        "location": {
          "x": 6.32,
          "y": 3.06
        },
        "dimensions": {
          "width": 0.21,
          "height": 0.22
        }
      },
      {
        "type": "Door",
        "id": 63,
        "location": {
          "x": 8.49,
          "y": 3.02
        },
        "dimensions": {
          "width": 1.29,
          "height": 0.89
        }
      },
      {
        "type": "Door",
        "id": 64,
        "location": {
          "x": 8.09,
          "y": 2.96
        },
        "dimensions": {
          "width": 0.87,
          "height": 0.56
        }
      },
      {
        "type": "Door",
        "id": 65,
        "location": {
          "x": 4.91,
          "y": 2.95
        },
        "dimensions": {
          "width": 0.56,
          "height": 1.0
        }
      },
      {
        "type": "Door",
        "id": 66,
        "location": {
          "x": 6.97,
          "y": 2.93
        },
        "dimensions": {
          "width": 0.05,
          "height": 0.35
        }
      },
      {
        "type": "Door",
        "id": 67,
        "location": {
          "x": 6.21,
          "y": 2.93
        },
        "dimensions": {
          "width": 0.11,
          "height": 0.34
        }
      },
      {
        "type": "Door",
        "id": 68,
        "location": {
          "x": 3.29,
          "y": 2.85
        },
        "dimensions": {
          "width": 0.24,
          "height": 0.78
        }
      },
      {
        "type": "Door",
        "id": 69,
        "location": {
          "x": 7.23,
          "y": 2.81
        },
        "dimensions": {
          "width": 0.75,
          "height": 1.74
        }
      },
      {
        "type": "Window",
        "id": 70,
        "location": {
          "x": 7.79,
          "y": 2.8
        },
        "dimensions": {
          "width": 0.49,
          "height": 0.13
        }
      },
      {
        "type": "Door",
        "id": 71,
        "location": {
          "x": 2.86,
          "y": 2.72
        },
        "dimensions": {
          "width": 3.45,
          "height": 5.45
        }
      },
      {
        "type": "Door",
        "id": 72,
        "location": {
          "x": 1.82,
          "y": 2.37
        },
        "dimensions": {
          "width": 0.14,
          "height": 0.16
        }
      },
      {
        "type": "Door",
        "id": 73,
        "location": {
          "x": 2.25,
          "y": 2.34
        },
        "dimensions": {
          "width": 0.21,
          "height": 0.22
        }
      },
      {
        "type": "Door",
        "id": 74,
        "location": {
          "x": 2.02,
          "y": 2.34
        },
        "dimensions": {
          "width": 0.21,
          "height": 0.32
        }
      },
      {
        "type": "Door",
        "id": 75,
        "location": {
          "x": 1.43,
          "y": 2.34
        },
        "dimensions": {
          "width": 0.21,
          "height": 0.22
        }
      },
      {
        "type": "Door",
        "id": 76,
        "location": {
          "x": 1.19,
          "y": 2.34
        },
        "dimensions": {
          "width": 0.21,
          "height": 0.32
        }
      },
      {
        "type": "Door",
        "id": 77,
        "location": {
          "x": 7.57,
          "y": 2.2
        },
        "dimensions": {
          "width": 0.7,
          "height": 0.77
        }
      },
      {
        "type": "Door",
        "id": 78,
        "location": {
          "x": 3.29,
          "y": 2.09
        },
        "dimensions": {
          "width": 0.96,
          "height": 0.68
        }
      },
      {
        "type": "Door",
        "id": 79,
        "location": {
          "x": 5.28,
          "y": 2.0
        },
        "dimensions": {
          "width": 0.13,
          "height": 0.17
        }
      },
      {
        "type": "Door",
        "id": 80,
        "location": {
          "x": 4.78,
          "y": 2.0
        },
        "dimensions": {
          "width": 0.22,
          "height": 0.17
        }
      },
      {
        "type": "Door",
        "id": 81,
        "location": {
          "x": 9.34,
          "y": 1.88
        },
        "dimensions": {
          "width": 0.43,
          "height": 1.05
        }
      },
      {
        "type": "Door",
        "id": 82,
        "location": {
          "x": 8.31,
          "y": 1.88
        },
        "dimensions": {
          "width": 0.66,
          "height": 1.05
        }
      },
      {
        "type": "Door",
        "id": 83,
        "location": {
          "x": 4.99,
          "y": 1.72
        },
        "dimensions": {
          "width": 0.22,
          "height": 0.22
        }
      },
      {
        "type": "Door",
        "id": 84,
        "location": {
          "x": 4.76,
          "y": 1.72
        },
        "dimensions": {
          "width": 0.22,
          "height": 0.22
        }
      },
      {
        "type": "Door",
        "id": 85,
        "location": {
          "x": 4.57,
          "y": 1.72
        },
        "dimensions": {
          "width": 0.17,
          "height": 0.22
        }
      },
      {
        "type": "Door",
        "id": 86,
        "location": {
          "x": 6.07,
          "y": 1.66
        },
        "dimensions": {
          "width": 0.77,
          "height": 0.43
        }
      },
      {
        "type": "Door",
        "id": 87,
        "location": {
          "x": 6.88,
          "y": 1.64
        },
        "dimensions": {
          "width": 0.41,
          "height": 0.41
        }
      },
      {
        "type": "Door",
        "id": 88,
        "location": {
          "x": 5.23,
          "y": 1.59
        },
        "dimensions": {
          "width": 0.16,
          "height": 0.35
        }
      },
      {
        "type": "Door",
        "id": 89,
        "location": {
          "x": 7.17,
          "y": 1.45
        },
        "dimensions": {
          "width": 0.31,
          "height": 0.37
        }
      },
      {
        "type": "Door",
        "id": 90,
        "location": {
          "x": 7.01,
          "y": 1.34
        },
        "dimensions": {
          "width": 0.13,
          "height": 0.18
        }
      },
      {
        "type": "Door",
        "id": 91,
        "location": {
          "x": 3.29,
          "y": 1.33
        },
        "dimensions": {
          "width": 0.97,
          "height": 1.04
        }
      },
      {
        "type": "Door",
        "id": 92,
        "location": {
          "x": 6.31,
          "y": 1.32
        },
        "dimensions": {
          "width": 0.11,
          "height": 0.2
        }
      },
      {
        "type": "Door",
        "id": 93,
        "location": {
          "x": 0.31,
          "y": 1.27
        },
        "dimensions": {
          "width": 1.41,
          "height": 6.92
        }
      },
      {
        "type": "Door",
        "id": 94,
        "location": {
          "x": 9.29,
          "y": 1.13
        },
        "dimensions": {
          "width": 0.12,
          "height": 0.17
        }
      },
      {
        "type": "Door",
        "id": 95,
        "location": {
          "x": 8.79,
          "y": 1.13
        },
        "dimensions": {
          "width": 0.13,
          "height": 0.17
        }
      },
      {
        "type": "Door",
        "id": 96,
        "location": {
          "x": 7.1,
          "y": 1.09
        },
        "dimensions": {
          "width": 0.41,
          "height": 0.48
        }
      },
      {
        "type": "Door",
        "id": 97,
        "location": {
          "x": 6.82,
          "y": 1.09
        },
        "dimensions": {
          "width": 0.15,
          "height": 0.16
        }
      },
      {
        "type": "Door",
        "id": 98,
        "location": {
          "x": 6.6,
          "y": 1.06
        },
        "dimensions": {
          "width": 0.16,
          "height": 0.21
        }
      },
      {
        "type": "Door",
        "id": 99,
        "location": {
          "x": 6.29,
          "y": 1.06
        },
        "dimensions": {
          "width": 0.27,
          "height": 0.3
        }
      },
      {
        "type": "Door",
        "id": 100,
        "location": {
          "x": 9.36,
          "y": 0.85
        },
        "dimensions": {
          "width": 0.21,
          "height": 0.22
        }
      },
      {
        "type": "Door",
        "id": 101,
        "location": {
          "x": 9.1,
          "y": 0.85
        },
        "dimensions": {
          "width": 0.14,
          "height": 0.22
        }
      },
      {
        "type": "Door",
        "id": 102,
        "location": {
          "x": 8.6,
          "y": 0.85
        },
        "dimensions": {
          "width": 0.14,
          "height": 0.22
        }
      },
      {
        "type": "Door",
        "id": 103,
        "location": {
          "x": 8.3,
          "y": 0.85
        },
        "dimensions": {
          "width": 0.27,
          "height": 0.22
        }
      },
      {
        "type": "Door",
        "id": 104,
        "location": {
          "x": 6.71,
          "y": 0.63
        },
        "dimensions": {
          "width": 0.53,
          "height": 0.43
        }
      },
      {
        "type": "Door",
        "id": 105,
        "location": {
          "x": 7.35,
          "y": 0.51
        },
        "dimensions": {
          "width": 0.16,
          "height": 0.35
        }
      },
      {
        "type": "Door",
        "id": 106,
        "location": {
          "x": 6.58,
          "y": 0.51
        },
        "dimensions": {
          "width": 0.57,
          "height": 0.31
        }
      },
      {
        "type": "Door",
        "id": 107,
        "location": {
          "x": 7.8,
          "y": 0.24
        },
        "dimensions": {
          "width": 1.97,
          "height": 2.04
        }
      },
      {
        "type": "Window",
        "id": 108,
        "location": {
          "x": 0.39,
          "y": 0.18
        },
        "dimensions": {
          "width": 7.83,
          "height": 2.43
        }
      }
    ]
  }
}