{
  "floorPlan": {
    "name": "Floor Plan 13_17.jpg",
    "units": "feet",
    "totalArea": 63.05,
    "totalRooms": 14,
    "rooms": [
      {
        "id": 1,
        "name": "Room_1",
        "shape": "Irregular",
        "dimensions": {
          "width": 5.27,
          "length": 0.03,
          "height": 4.22
        },
        "position": {
          "x": 2.23,
          "y": 15.69
        },
        "windows": [],
        "doors": [],
        "connected_to": []
      },
      {
        "id": 2,
        "name": "Room_2",
        "shape": "Irregular",
        "dimensions": {
          "width": 0.04,
          "length": 3.79,
          "height": 3.03
        },
        "position": {
          "x": 2.16,
          "y": 11.52
        },
        "windows": [],
        "doors": [],
        "connected_to": []
      },
      {
        "id": 3,
        "name": "Room_3",
        "shape": "Irregular",
        "dimensions": {
          "width": 0.04,
          "length": 4.33,
          "height": 3.46
        },
        "position": {
          "x": 7.83,
          "y": 11.39
        },
        "windows": [],
        "doors": [],
        "connected_to": []
      },
      {
        "id": 4,
        "name": "Room_4",
        "shape": "Rectangle",
        "dimensions": {
          "width": 0.46,
          "length": 4.39,
          "height": 3.51
        },
        "position": {
          "x": 1.74,
          "y": 11.33
        },
        "windows": [],
        "doors": [],
        "connected_to": []
      },
      {
        "id": 5,
        "name": "Room_5",
        "shape": "Irregular",
        "dimensions": {
          "width": 3.54,
          "length": 6.22,
          "height": 4.98
        },
        "position": {
          "x": 4.73,
          "y": 9.5
        },
        "windows": [],
        "doors": [
          {
            "type": "Door",
            "id": 1,
            "location": {
              "x": 7.5,
              "y": 15.38
            },
            "dimensions": {
              "width": 0.28,
              "height": 0.29
            }
          },
          {
            "type": "Door",
            "id": 3,
            "location": {
              "x": 5.53,
              "y": 13.46
            },
            "dimensions": {
              "width": 0.17,
              "height": 0.21
            }
          },
          {
            "type": "Door",
            "id": 4,
            "location": {
              "x": 5.23,
              "y": 13.46
            },
            "dimensions": {
              "width": 0.18,
              "height": 0.2
            }
          },
          {
            "type": "Door",
            "id": 7,
            "location": {
              "x": 5.72,
              "y": 13.41
            },
            "dimensions": {
              "width": 0.15,
              "height": 0.25
            }
          },
          {
            "type": "Door",
            "id": 8,
            "location": {
              "x": 5.01,
              "y": 13.4
            },
            "dimensions": {
              "width": 0.2,
              "height": 0.26
            }
          }
        ],
        "connected_to": []
      },
      {
        "id": 6,
        "name": "Room_6",
        "shape": "Octagon",
        "dimensions": {
          "width": 2.0,
          "length": 1.75,
          "height": 1.6
        },
        "position": {
          "x": 4.9,
          "y": 9.31
        },
        "windows": [],
        "doors": [
          {
            "type": "Door",
            "id": 11,
            "location": {
              "x": 4.9,
              "y": 9.31
            },
            "dimensions": {
              "width": 2.0,
              "height": 1.76
            }
          }
        ],
        "connected_to": []
      },
      {
        "id": 7,
        "name": "Room_7",
        "shape": "Rectangle",
        "dimensions": {
          "width": 1.23,
          "length": 5.07,
          "height": 4.06
        },
        "position": {
          "x": 2.22,
          "y": 6.3
        },
        "windows": [
          {
            "type": "Window",
            "id": 10,
            "location": {
              "x": 2.53,
              "y": 10.65
            },
            "dimensions": {
              "width": 0.68,
              "height": 0.19
            }
          }
        ],
        "doors": [
          {
            "type": "Door",
            "id": 12,
            "location": {
              "x": 2.53,
              "y": 8.04
            },
            "dimensions": {
              "width": 0.86,
              "height": 2.06
            }
          },
          {
            "type": "Door",
            "id": 16,
            "location": {
              "x": 2.88,
              "y": 7.36
            },
            "dimensions": {
              "width": 0.18,
              "height": 0.34
            }
          },
          {
            "type": "Door",
            "id": 21,
            "location": {
              "x": 3.43,
              "y": 7.11
            },
            "dimensions": {
              "width": 0.06,
              "height": 0.89
            }
          },
          {
            "type": "Door",
            "id": 22,
            "location": {
              "x": 2.54,
              "y": 7.09
            },
            "dimensions": {
              "width": 0.27,
              "height": 0.25
            }
          }
        ],
        "connected_to": []
      },
      {
        "id": 8,
        "name": "Room_8",
        "shape": "Irregular",
        "dimensions": {
          "width": 0.44,
          "length": 3.47,
          "height": 2.78
        },
        "position": {
          "x": 7.56,
          "y": 5.98
        },
        "windows": [],
        "doors": [],
        "connected_to": []
      },
      {
        "id": 9,
        "name": "Room_9",
        "shape": "Hexagon",
        "dimensions": {
          "width": 2.64,
          "length": 0.81,
          "height": 2.11
        },
        "position": {
          "x": 4.71,
          "y": 3.77
        },
        "windows": [
          {
            "type": "Window",
            "id": 25,
            "location": {
              "x": 6.0,
              "y": 4.55
            },
            "dimensions": {
              "width": 1.27,
              "height": 0.28
            }
          },
          {
            "type": "Window",
            "id": 26,
            "location": {
              "x": 4.94,
              "y": 4.55
            },
            "dimensions": {
              "width": 1.04,
              "height": 0.26
            }
          }
        ],
        "doors": [
          {
            "type": "Door",
            "id": 27,
            "location": {
              "x": 5.59,
              "y": 4.28
            },
            "dimensions": {
              "width": 0.11,
              "height": 0.13
            }
          },
          {
            "type": "Door",
            "id": 28,
            "location": {
              "x": 6.28,
              "y": 4.15
            },
            "dimensions": {
              "width": 0.5,
              "height": 0.26
            }
          }
        ],
        "connected_to": [
          10
        ]
      },
      {
        "id": 10,
        "name": "Room_10",
        "shape": "Hexagon",
        "dimensions": {
          "width": 3.04,
          "length": 2.21,
          "height": 2.43
        },
        "position": {
          "x": 4.79,
          "y": 3.76
        },
        "windows": [
          {
            "type": "Window",
            "id": 25,
            "location": {
              "x": 6.0,
              "y": 4.55
            },
            "dimensions": {
              "width": 1.27,
              "height": 0.28
            }
          },
          {
            "type": "Window",
            "id": 26,
            "location": {
              "x": 4.94,
              "y": 4.55
            },
            "dimensions": {
              "width": 1.04,
              "height": 0.26
            }
          }
        ],
        "doors": [
          {
            "type": "Door",
            "id": 27,
            "location": {
              "x": 5.59,
              "y": 4.28
            },
            "dimensions": {
              "width": 0.11,
              "height": 0.13
            }
          },
          {
            "type": "Door",
            "id": 28,
            "location": {
              "x": 6.28,
              "y": 4.15
            },
            "dimensions": {
              "width": 0.5,
              "height": 0.26
            }
          }
        ],
        "connected_to": [
          9
        ]
      },
      {
        "id": 11,
        "name": "Room_11",
        "shape": "Irregular",
        "dimensions": {
          "width": 1.09,
          "length": 2.54,
          "height": 2.03
        },
        "position": {
          "x": 2.45,
          "y": 2.34
        },
        "windows": [],
        "doors": [
          {
            "type": "Door",
            "id": 29,
            "location": {
              "x": 2.9,
              "y": 3.28
            },
            "dimensions": {
              "width": 0.06,
              "height": 0.23
            }
          },
          {
            "type": "Door",
            "id": 30,
            "location": {
              "x": 3.26,
              "y": 3.23
            },
            "dimensions": {
              "width": 0.59,
              "height": 1.06
            }
          },
          {
            "type": "Door",
            "id": 32,
            "location": {
              "x": 2.6,
              "y": 2.7
            },
            "dimensions": {
              "width": 0.69,
              "height": 0.36
            }
          },
          {
            "type": "Door",
            "id": 33,
            "location": {
              "x": 3.25,
              "y": 2.38
            },
            "dimensions": {
              "width": 0.56,
              "height": 0.83
            }
          }
        ],
        "connected_to": [
          14
        ]
      },
      {
        "id": 12,
        "name": "Room_12",
        "shape": "Rectangle",
        "dimensions": {
          "width": 1.29,
          "length": 2.63,
          "height": 2.1
        },
        "position": {
          "x": 6.32,
          "y": 1.2
        },
        "windows": [],
        "doors": [],
        "connected_to": []
      },
      {
        "id": 13,
        "name": "Room_13",
        "shape": "Pentagon",
        "dimensions": {
          "width": 3.35,
          "length": 1.7,
          "height": 2.68
        },
        "position": {
          "x": 4.65,
          "y": 0.97
        },
        "windows": [],
        "doors": [
          {
            "type": "Door",
            "id": 35,
            "location": {
              "x": 5.13,
              "y": 1.3
            },
            "dimensions": {
              "width": 0.84,
              "height": 0.67
            }
          },
          {
            "type": "Door",
            "id": 36,
            "location": {
              "x": 4.86,
              "y": 1.23
            },
            "dimensions": {
              "width": 2.72,
              "height": 1.44
            }
          },
          {
            "type": "Door",
            "id": 37,
            "location": {
              "x": 4.68,
              "y": 1.01
            },
            "dimensions": {
              "width": 3.13,
              "height": 2.9
            }
          }
        ],
        "connected_to": []
      },
      {
        "id": 14,
        "name": "Room_14",
        "shape": "Pentagon",
        "dimensions": {
          "width": 1.61,
          "length": 4.07,
          "height": 3.26
        },
        "position": {
          "x": 2.22,
          "y": 0.91
        },
        "windows": [],
        "doors": [
          {
            "type": "Door",
            "id": 24,
            "location": {
              "x": 2.24,
              "y": 4.97
            },
            "dimensions": {
              "width": 0.07,
              "height": 1.36
            }
          },
          {
            "type": "Door",
            "id": 29,
            "location": {
              "x": 2.9,
              "y": 3.28
            },
            "dimensions": {
              "width": 0.06,
              "height": 0.23
            }
          },
          {
            "type": "Door",
            "id": 30,
            "location": {
              "x": 3.26,
              "y": 3.23
            },
            "dimensions": {
              "width": 0.59,
              "height": 1.06
            }
          },
          {
            "type": "Door",
            "id": 32,
            "location": {
              "x": 2.6,
              "y": 2.7
            },
            "dimensions": {
              "width": 0.69,
              "height": 0.36
            }
          },
          {
            "type": "Door",
            "id": 33,
            "location": {
              "x": 3.25,
              "y": 2.38
            },
            "dimensions": {
              "width": 0.56,
              "height": 0.83
            }
          },
          {
            "type": "Door",
            "id": 34,
            "location": {
              "x": 3.38,
              "y": 1.34
            },
            "dimensions": {
              "width": 0.43,
              "height": 0.75
            }
          },
          {
            "type": "Door",
            "id": 38,
            "location": {
              "x": 2.24,
              "y": 1.0
            },
            "dimensions": {
              "width": 2.37,
              "height": 3.91
            }
          }
        ],
        "connected_to": [
          11
        ]
      }
    ],
    "doorsAndWindows": [
      {
        "type": "Door",
        "id": 1,
        "location": {
          "x": 7.5,
          "y": 15.38
        },
        "dimensions": {
          "width": 0.28,
          "height": 0.29
        }
      },
      {
        "type": "Door",
        "id": 2,
        "location": {
          "x": 2.26,
          "y": 15.33
        },
        "dimensions": {
          "width": 0.28,
          "height": 0.29
        }
      },
      {
        "type": "Door",
        "id": 3,
        "location": {
          "x": 5.53,
          "y": 13.46
        },
        "dimensions": {
          "width": 0.17,
          "height": 0.21
        }
      },
      {
        "type": "Door",
        "id": 4,
        "location": {
          "x": 5.23,
          "y": 13.46
        },
        "dimensions": {
          "width": 0.18,
          "height": 0.2
        }
      },
      {
        "type": "Door",
        "id": 5,
        "location": {
          "x": 4.62,
          "y": 13.46
        },
        "dimensions": {
          "width": 0.16,
          "height": 0.2
        }
      },
      {
        "type": "Door",
        "id": 6,
        "location": {
          "x": 4.42,
          "y": 13.46
        },
        "dimensions": {
          "width": 0.18,
          "height": 0.2
        }
      },
      {
        "type": "Door",
        "id": 7,
        "location": {
          "x": 5.72,
          "y": 13.41
        },
        "dimensions": {
          "width": 0.15,
          "height": 0.25
        }
      },
      {
        "type": "Door",
        "id": 8,
        "location": {
          "x": 5.01,
          "y": 13.4
        },
        "dimensions": {
          "width": 0.2,
          "height": 0.26
        }
      },
      {
        "type": "Door",
        "id": 9,
        "location": {
          "x": 4.11,
          "y": 13.4
        },
        "dimensions": {
          "width": 0.18,
          "height": 0.26
        }
      },
      {
        "type": "Window",
        "id": 10,
        "location": {
          "x": 2.53,
          "y": 10.65
        },
        "dimensions": {
          "width": 0.68,
          "height": 0.19
        }
      },
      {
        "type": "Door",
        "id": 11,
        "location": {
          "x": 4.9,
          "y": 9.31
        },
        "dimensions": {
          "width": 2.0,
          "height": 1.76
        }
      },
      {
        "type": "Door",
        "id": 12,
        "location": {
          "x": 2.53,
          "y": 8.04
        },
        "dimensions": {
          "width": 0.86,
          "height": 2.06
        }
      },
      {
        "type": "Door",
        "id": 13,
        "location": {
          "x": 1.74,
          "y": 7.84
        },
        "dimensions": {
          "width": 6.54,
          "height": 7.89
        }
      },
      {
        "type": "Door",
        "id": 14,
        "location": {
          "x": 6.09,
          "y": 7.57
        },
        "dimensions": {
          "width": 0.11,
          "height": 0.19
        }
      },
      {
        "type": "Door",
        "id": 15,
        "location": {
          "x": 5.37,
          "y": 7.57
        },
        "dimensions": {
          "width": 0.12,
          "height": 0.19
        }
      },
      {
        "type": "Door",
        "id": 16,
        "location": {
          "x": 2.88,
          "y": 7.36
        },
        "dimensions": {
          "width": 0.18,
          "height": 0.34
        }
      },
      {
        "type": "Door",
        "id": 17,
        "location": {
          "x": 6.32,
          "y": 7.28
        },
        "dimensions": {
          "width": 0.17,
          "height": 0.28
        }
      },
      {
        "type": "Door",
        "id": 18,
        "location": {
          "x": 6.14,
          "y": 7.28
        },
        "dimensions": {
          "width": 0.16,
          "height": 0.21
        }
      },
      {
        "type": "Door",
        "id": 19,
        "location": {
          "x": 5.33,
          "y": 7.28
        },
        "dimensions": {
          "width": 0.16,
          "height": 0.21
        }
      },
      {
        "type": "Door",
        "id": 20,
        "location": {
          "x": 5.05,
          "y": 7.28
        },
        "dimensions": {
          "width": 0.18,
          "height": 0.21
        }
      },
      {
        "type": "Door",
        "id": 21,
        "location": {
          "x": 3.43,
          "y": 7.11
        },
        "dimensions": {
          "width": 0.06,
          "height": 0.89
        }
      },
      {
        "type": "Door",
        "id": 22,
        "location": {
          "x": 2.54,
          "y": 7.09
        },
        "dimensions": {
          "width": 0.27,
          "height": 0.25
        }
      },
      {
        "type": "Door",
        "id": 23,
        "location": {
          "x": 2.55,
          "y": 5.03
        },
        "dimensions": {
          "width": 0.78,
          "height": 1.23
        }
      },
      {
        "type": "Door",
        "id": 24,
        "location": {
          "x": 2.24,
          "y": 4.97
        },
        "dimensions": {
          "width": 0.07,
          "height": 1.36
        }
      },
      {
        "type": "Window",
        "id": 25,
        "location": {
          "x": 6.0,
          "y": 4.55
        },
        "dimensions": {
          "width": 1.27,
          "height": 0.28
        }
      },
      {
        "type": "Window",
        "id": 26,
        "location": {
          "x": 4.94,
          "y": 4.55
        },
        "dimensions": {
          "width": 1.04,
          "height": 0.26
        }
      },
      {
        "type": "Door",
        "id": 27,
        "location": {
          "x": 5.59,
          "y": 4.28
        },
        "dimensions": {
          "width": 0.11,
          "height": 0.13
        }
      },
      {
        "type": "Door",
        "id": 28,
        "location": {
          "x": 6.28,
          "y": 4.15
        },
        "dimensions": {
          "width": 0.5,
          "height": 0.26
        }
      },
      {
        "type": "Door",
        "id": 29,
        "location": {
          "x": 2.9,
          "y": 3.28
        },
        "dimensions": {
          "width": 0.06,
          "height": 0.23
        }
      },
      {
        "type": "Door",
        "id": 30,
        "location": {
          "x": 3.26,
          "y": 3.23
        },
        "dimensions": {
          "width": 0.59,
          "height": 1.06
        }
      },
      {
        "type": "Door",
        "id": 31,
        "location": {
          "x": 8.23,
          "y": 2.8
        },
        "dimensions": {
          "width": 0.13,
          "height": 0.24
        }
      },
      {
        "type": "Door",
        "id": 32,
        "location": {
          "x": 2.6,
          "y": 2.7
        },
        "dimensions": {
          "width": 0.69,
          "height": 0.36
        }
      },
      {
        "type": "Door",
        "id": 33,
        "location": {
          "x": 3.25,
          "y": 2.38
        },
        "dimensions": {
          "width": 0.56,
          "height": 0.83
        }
      },
      {
        "type": "Door",
        "id": 34,
        "location": {
          "x": 3.38,
          "y": 1.34
        },
        "dimensions": {
          "width": 0.43,
          "height": 0.75
        }
      },
      {
        "type": "Door",
        "id": 35,
        "location": {
          "x": 5.13,
          "y": 1.3
        },
        "dimensions": {
          "width": 0.84,
          "height": 0.67
        }
      },
      {
        "type": "Door",
        "id": 36,
        "location": {
          "x": 4.86,
          "y": 1.23
        },
        "dimensions": {
          "width": 2.72,
          "height": 1.44
        }
      },
      {
        "type": "Door",
        "id": 37,
        "location": {
          "x": 4.68,
          "y": 1.01
        },
        "dimensions": {
          "width": 3.13,
          "height": 2.9
        }
      },
      {
        "type": "Door",
        "id": 38,
        "location": {
          "x": 2.24,
          "y": 1.0
        },
        "dimensions": {
          "width": 2.37,
          "height": 3.91
        }
      },
      {
        "type": "Door",
        "id": 39,
        "location": {
          "x": 3.63,
          "y": 0.56
        },
        "dimensions": {
          "width": 4.65,
          "height": 8.89
        }
      },
      {
        "type": "Door",
        "id": 40,
        "location": {
          "x": 2.22,
          "y": 0.52
        },
        "dimensions": {
          "width": 2.53,
          "height": 10.87
        }
      }
    ]
  }
}