{
  "floorPlan": {
    "name": "Floor Plan 13_14.jpg",
    "units": "feet",
    "totalArea": 56.2,
    "totalRooms": 7,
    "rooms": [
      {
        "id": 1,
        "name": "Room_1",
        "shape": "Irregular",
        "dimensions": {
          "width": 1.28,
          "length": 1.18,
          "height": 1.02
        },
        "position": {
          "x": 6.02,
          "y": 7.79
        },
        "windows": [],
        "doors": [],
        "connected_to": []
      },
      {
        "id": 2,
        "name": "W",
        "shape": "Hexagon",
        "dimensions": {
          "width": 0.72,
          "length": 3.81,
          "height": 3.05
        },
        "position": {
          "x": 1.57,
          "y": 5.16
        },
        "windows": [
          {
            "type": "Window",
            "id": 3,
            "location": {
              "x": 2.28,
              "y": 8.87
            },
            "dimensions": {
              "width": 0.63,
              "height": 0.1
            }
          },
          {
            "type": "Window",
            "id": 5,
            "location": {
              "x": 2.29,
              "y": 8.78
            },
            "dimensions": {
              "width": 0.62,
              "height": 0.08
            }
          }
        ],
        "doors": [
          {
            "type": "Door",
            "id": 13,
            "location": {
              "x": 2.12,
              "y": 7.43
            },
            "dimensions": {
              "width": 1.3,
              "height": 1.3
            }
          }
        ],
        "connected_to": []
      },
      {
        "id": 3,
        "name": "Room_3",
        "shape": "Pentagon",
        "dimensions": {
          "width": 0.9,
          "length": 3.82,
          "height": 3.06
        },
        "position": {
          "x": 9.18,
          "y": 5.15
        },
        "windows": [],
        "doors": [
          {
            "type": "Door",
            "id": 36,
            "location": {
              "x": 9.94,
              "y": 5.28
            },
            "dimensions": {
              "width": 0.09,
              "height": 1.65
            }
          }
        ],
        "connected_to": []
      },
      {
        "id": 4,
        "name": "SHOWER",
        "shape": "Octagon",
        "dimensions": {
          "width": 1.55,
          "length": 0.62,
          "height": 1.24
        },
        "position": {
          "x": 8.59,
          "y": 3.89
        },
        "windows": [],
        "doors": [],
        "connected_to": []
      },
      {
        "id": 5,
        "name": "COATS",
        "shape": "Octagon",
        "dimensions": {
          "width": 1.99,
          "length": 2.03,
          "height": 1.62
        },
        "position": {
          "x": 0.1,
          "y": 2.16
        },
        "windows": [
          {
            "type": "Window",
            "id": 43,
            "location": {
              "x": 0.37,
              "y": 3.76
            },
            "dimensions": {
              "width": 1.43,
              "height": 0.07
            }
          }
        ],
        "doors": [],
        "connected_to": []
      },
      {
        "id": 6,
        "name": "WALK-IN CLOSET",
        "shape": "Irregular",
        "dimensions": {
          "width": 3.78,
          "length": 3.16,
          "height": 3.02
        },
        "position": {
          "x": 6.3,
          "y": 0.16
        },
        "windows": [
          {
            "type": "Window",
            "id": 55,
            "location": {
              "x": 8.92,
              "y": 2.21
            },
            "dimensions": {
              "width": 1.12,
              "height": 0.43
            }
          }
        ],
        "doors": [
          {
            "type": "Door",
            "id": 50,
            "location": {
              "x": 7.43,
              "y": 2.83
            },
            "dimensions": {
              "width": 0.27,
              "height": 0.16
            }
          },
          {
            "type": "Door",
            "id": 51,
            "location": {
              "x": 7.15,
              "y": 2.83
            },
            "dimensions": {
              "width": 0.31,
              "height": 0.16
            }
          },
          {
            "type": "Door",
            "id": 52,
            "location": {
              "x": 6.45,
              "y": 2.51
            },
            "dimensions": {
              "width": 0.38,
              "height": 0.47
            }
          },
          {
            "type": "Door",
            "id": 53,
            "location": {
              "x": 6.34,
              "y": 2.32
            },
            "dimensions": {
              "width": 0.55,
              "height": 1.9
            }
          },
          {
            "type": "Door",
            "id": 71,
            "location": {
              "x": 8.44,
              "y": 1.16
            },
            "dimensions": {
              "width": 0.2,
              "height": 0.17
            }
          },
          {
            "type": "Door",
            "id": 72,
            "location": {
              "x": 7.91,
              "y": 1.16
            },
            "dimensions": {
              "width": 0.19,
              "height": 0.17
            }
          },
          {
            "type": "Door",
            "id": 73,
            "location": {
              "x": 8.82,
              "y": 0.95
            },
            "dimensions": {
              "width": 0.26,
              "height": 0.16
            }
          },
          {
            "type": "Door",
            "id": 74,
            "location": {
              "x": 8.51,
              "y": 0.95
            },
            "dimensions": {
              "width": 0.16,
              "height": 0.16
            }
          },
          {
            "type": "Door",
            "id": 75,
            "location": {
              "x": 8.24,
              "y": 0.95
            },
            "dimensions": {
              "width": 0.14,
              "height": 0.16
            }
          },
          {
            "type": "Door",
            "id": 76,
            "location": {
              "x": 8.03,
              "y": 0.95
            },
            "dimensions": {
              "width": 0.14,
              "height": 0.16
            }
          },
          {
            "type": "Door",
            "id": 77,
            "location": {
              "x": 7.75,
              "y": 0.95
            },
            "dimensions": {
              "width": 0.15,
              "height": 0.16
            }
          },
          {
            "type": "Door",
            "id": 78,
            "location": {
              "x": 7.47,
              "y": 0.95
            },
            "dimensions": {
              "width": 0.28,
              "height": 0.16
            }
          },
          {
            "type": "Door",
            "id": 84,
            "location": {
              "x": 6.34,
              "y": 0.21
            },
            "dimensions": {
              "width": 3.89,
              "height": 5.07
            }
          }
        ],
        "connected_to": [
          7
        ]
      },
      {
        "id": 7,
        "name": "Room_7",
        "shape": "Irregular",
        "dimensions": {
          "width": 7.03,
          "length": 4.49,
          "height": 5.62
        },
        "position": {
          "x": 0.0,
          "y": 0.16
        },
        "windows": [
          {
            "type": "Window",
            "id": 41,
            "location": {
              "x": 1.03,
              "y": 4.22
            },
            "dimensions": {
              "width": 0.41,
              "height": 0.16
            }
          },
          {
            "type": "Window",
            "id": 43,
            "location": {
              "x": 0.37,
              "y": 3.76
            },
            "dimensions": {
              "width": 1.43,
              "height": 0.07
            }
          },
          {
            "type": "Window",
            "id": 54,
            "location": {
              "x": 3.12,
              "y": 2.3
            },
            "dimensions": {
              "width": 2.16,
              "height": 0.7
            }
          },
          {
            "type": "Window",
            "id": 86,
            "location": {
              "x": 3.8,
              "y": 0.21
            },
            "dimensions": {
              "width": 1.42,
              "height": 0.39
            }
          }
        ],
        "doors": [
          {
            "type": "Door",
            "id": 40,
            "location": {
              "x": 1.31,
              "y": 4.45
            },
            "dimensions": {
              "width": 0.19,
              "height": 0.17
            }
          },
          {
            "type": "Door",
            "id": 42,
            "location": {
              "x": 0.75,
              "y": 4.22
            },
            "dimensions": {
              "width": 0.12,
              "height": 0.16
            }
          },
          {
            "type": "Door",
            "id": 44,
            "location": {
              "x": 6.44,
              "y": 3.56
            },
            "dimensions": {
              "width": 0.39,
              "height": 0.47
            }
          },
          {
            "type": "Door",
            "id": 45,
            "location": {
              "x": 5.44,
              "y": 3.36
            },
            "dimensions": {
              "width": 0.61,
              "height": 0.59
            }
          },
          {
            "type": "Door",
            "id": 46,
            "location": {
              "x": 4.7,
              "y": 3.36
            },
            "dimensions": {
              "width": 0.6,
              "height": 0.59
            }
          },
          {
            "type": "Door",
            "id": 47,
            "location": {
              "x": 4.03,
              "y": 3.36
            },
            "dimensions": {
              "width": 0.52,
              "height": 0.59
            }
          },
          {
            "type": "Door",
            "id": 48,
            "location": {
              "x": 3.21,
              "y": 3.36
            },
            "dimensions": {
              "width": 0.63,
              "height": 0.59
            }
          },
          {
            "type": "Door",
            "id": 52,
            "location": {
              "x": 6.45,
              "y": 2.51
            },
            "dimensions": {
              "width": 0.38,
              "height": 0.47
            }
          },
          {
            "type": "Door",
            "id": 53,
            "location": {
              "x": 6.34,
              "y": 2.32
            },
            "dimensions": {
              "width": 0.55,
              "height": 1.9
            }
          },
          {
            "type": "Door",
            "id": 56,
            "location": {
              "x": 0.0,
              "y": 2.16
            },
            "dimensions": {
              "width": 2.09,
              "height": 6.61
            }
          },
          {
            "type": "Door",
            "id": 57,
            "location": {
              "x": 1.32,
              "y": 2.02
            },
            "dimensions": {
              "width": 0.19,
              "height": 0.18
            }
          },
          {
            "type": "Door",
            "id": 58,
            "location": {
              "x": 0.97,
              "y": 2.02
            },
            "dimensions": {
              "width": 0.3,
              "height": 0.18
            }
          },
          {
            "type": "Door",
            "id": 59,
            "location": {
              "x": 0.62,
              "y": 2.02
            },
            "dimensions": {
              "width": 0.12,
              "height": 0.18
            }
          },
          {
            "type": "Door",
            "id": 60,
            "location": {
              "x": 1.23,
              "y": 1.8
            },
            "dimensions": {
              "width": 0.27,
              "height": 0.16
            }
          },
          {
            "type": "Door",
            "id": 61,
            "location": {
              "x": 0.78,
              "y": 1.8
            },
            "dimensions": {
              "width": 0.25,
              "height": 0.16
            }
          },
          {
            "type": "Door",
            "id": 62,
            "location": {
              "x": 0.67,
              "y": 1.8
            },
            "dimensions": {
              "width": 0.13,
              "height": 0.16
            }
          },
          {
            "type": "Door",
            "id": 63,
            "location": {
              "x": 4.33,
              "y": 1.67
            },
            "dimensions": {
              "width": 0.16,
              "height": 0.18
            }
          },
          {
            "type": "Door",
            "id": 64,
            "location": {
              "x": 3.91,
              "y": 1.67
            },
            "dimensions": {
              "width": 0.12,
              "height": 0.18
            }
          },
          {
            "type": "Door",
            "id": 65,
            "location": {
              "x": 0.06,
              "y": 1.52
            },
            "dimensions": {
              "width": 0.04,
              "height": 0.54
            }
          },
          {
            "type": "Door",
            "id": 66,
            "location": {
              "x": 0.02,
              "y": 1.52
            },
            "dimensions": {
              "width": 0.08,
              "height": 0.58
            }
          },
          {
            "type": "Door",
            "id": 67,
            "location": {
              "x": 4.34,
              "y": 1.46
            },
            "dimensions": {
              "width": 0.13,
              "height": 0.17
            }
          },
          {
            "type": "Door",
            "id": 68,
            "location": {
              "x": 4.19,
              "y": 1.46
            },
            "dimensions": {
              "width": 0.13,
              "height": 0.17
            }
          },
          {
            "type": "Door",
            "id": 69,
            "location": {
              "x": 4.03,
              "y": 1.46
            },
            "dimensions": {
              "width": 0.15,
              "height": 0.17
            }
          },
          {
            "type": "Door",
            "id": 70,
            "location": {
              "x": 3.71,
              "y": 1.46
            },
            "dimensions": {
              "width": 0.32,
              "height": 0.17
            }
          },
          {
            "type": "Door",
            "id": 79,
            "location": {
              "x": 2.53,
              "y": 0.73
            },
            "dimensions": {
              "width": 0.14,
              "height": 0.18
            }
          },
          {
            "type": "Door",
            "id": 80,
            "location": {
              "x": 0.47,
              "y": 0.33
            },
            "dimensions": {
              "width": 0.58,
              "height": 0.68
            }
          },
          {
            "type": "Door",
            "id": 81,
            "location": {
              "x": 4.3,
              "y": 0.31
            },
            "dimensions": {
              "width": 0.24,
              "height": 0.22
            }
          },
          {
            "type": "Door",
            "id": 82,
            "location": {
              "x": 3.85,
              "y": 0.31
            },
            "dimensions": {
              "width": 0.41,
              "height": 0.4
            }
          },
          {
            "type": "Door",
            "id": 83,
            "location": {
              "x": 1.15,
              "y": 0.27
            },
            "dimensions": {
              "width": 0.61,
              "height": 0.61
            }
          },
          {
            "type": "Door",
            "id": 84,
            "location": {
              "x": 6.34,
              "y": 0.21
            },
            "dimensions": {
              "width": 3.89,
              "height": 5.07
            }
          },
          {
            "type": "Door",
            "id": 85,
            "location": {
              "x": 3.16,
              "y": 0.21
            },
            "dimensions": {
              "width": 3.16,
              "height": 5.43
            }
          },
          {
            "type": "Door",
            "id": 87,
            "location": {
              "x": 0.0,
              "y": 0.2
            },
            "dimensions": {
              "width": 3.14,
              "height": 2.75
            }
          }
        ],
        "connected_to": [
          6
        ]
      }
    ],
    "doorsAndWindows": [
      {
        "type": "Window",
        "id": 1,
        "location": {
          "x": 7.33,
          "y": 8.92
        },
        "dimensions": {
          "width": 0.88,
          "height": 0.03
        }
      },
      {
        "type": "Window",
        "id": 2,
        "location": {
          "x": 5.4,
          "y": 8.87
        },
        "dimensions": {
          "width": 0.63,
          "height": 0.1
        }
      },
      {
        "type": "Window",
        "id": 3,
        "location": {
          "x": 2.28,
          "y": 8.87
        },
        "dimensions": {
          "width": 0.63,
          "height": 0.1
        }
      },
      {
        "type": "Window",
        "id": 4,
        "location": {
          "x": 5.4,
          "y": 8.78
        },
        "dimensions": {
          "width": 0.63,
          "height": 0.08
        }
      },
      {
        "type": "Window",
        "id": 5,
        "location": {
          "x": 2.29,
          "y": 8.78
        },
        "dimensions": {
          "width": 0.62,
          "height": 0.08
        }
      },
      {
        "type": "Door",
        "id": 6,
        "location": {
          "x": 1.14,
          "y": 7.95
        },
        "dimensions": {
          "width": 0.67,
          "height": 0.72
        }
      },
      {
        "type": "Door",
        "id": 7,
        "location": {
          "x": 9.08,
          "y": 7.82
        },
        "dimensions": {
          "width": 0.88,
          "height": 0.88
        }
      },
      {
        "type": "Door",
        "id": 8,
        "location": {
          "x": 0.66,
          "y": 7.81
        },
        "dimensions": {
          "width": 0.13,
          "height": 0.17
        }
      },
      {
        "type": "Door",
        "id": 9,
        "location": {
          "x": 0.38,
          "y": 7.81
        },
        "dimensions": {
          "width": 0.27,
          "height": 0.17
        }
      },
      {
        "type": "Door",
        "id": 10,
        "location": {
          "x": 4.88,
          "y": 7.45
        },
        "dimensions": {
          "width": 1.29,
          "height": 1.29
        }
      },
      {
        "type": "Door",
        "id": 11,
        "location": {
          "x": 8.58,
          "y": 7.44
        },
        "dimensions": {
          "width": 0.19,
          "height": 0.17
        }
      },
      {
        "type": "Door",
        "id": 12,
        "location": {
          "x": 7.85,
          "y": 7.44
        },
        "dimensions": {
          "width": 0.19,
          "height": 0.17
        }
      },
      {
        "type": "Door",
        "id": 13,
        "location": {
          "x": 2.12,
          "y": 7.43
        },
        "dimensions": {
          "width": 1.3,
          "height": 1.3
        }
      },
      {
        "type": "Door",
        "id": 14,
        "location": {
          "x": 0.0,
          "y": 7.28
        },
        "dimensions": {
          "width": 0.2,
          "height": 0.63
        }
      },
      {
        "type": "Door",
        "id": 15,
        "location": {
          "x": 8.24,
          "y": 7.21
        },
        "dimensions": {
          "width": 0.32,
          "height": 0.17
        }
      },
      {
        "type": "Door",
        "id": 16,
        "location": {
          "x": 8.09,
          "y": 7.21
        },
        "dimensions": {
          "width": 0.15,
          "height": 0.17
        }
      },
      {
        "type": "Door",
        "id": 17,
        "location": {
          "x": 7.94,
          "y": 7.21
        },
        "dimensions": {
          "width": 0.14,
          "height": 0.17
        }
      },
      {
        "type": "Door",
        "id": 18,
        "location": {
          "x": 7.8,
          "y": 7.21
        },
        "dimensions": {
          "width": 0.13,
          "height": 0.17
        }
      },
      {
        "type": "Door",
        "id": 19,
        "location": {
          "x": 7.65,
          "y": 7.21
        },
        "dimensions": {
          "width": 0.14,
          "height": 0.17
        }
      },
      {
        "type": "Door",
        "id": 20,
        "location": {
          "x": 4.33,
          "y": 7.21
        },
        "dimensions": {
          "width": 0.12,
          "height": 0.18
        }
      },
      {
        "type": "Door",
        "id": 21,
        "location": {
          "x": 4.49,
          "y": 7.2
        },
        "dimensions": {
          "width": 0.19,
          "height": 0.19
        }
      },
      {
        "type": "Door",
        "id": 22,
        "location": {
          "x": 0.96,
          "y": 7.2
        },
        "dimensions": {
          "width": 0.87,
          "height": 1.49
        }
      },
      {
        "type": "Door",
        "id": 23,
        "location": {
          "x": 4.53,
          "y": 6.99
        },
        "dimensions": {
          "width": 0.15,
          "height": 0.17
        }
      },
      {
        "type": "Door",
        "id": 24,
        "location": {
          "x": 4.36,
          "y": 6.99
        },
        "dimensions": {
          "width": 0.16,
          "height": 0.17
        }
      },
      {
        "type": "Door",
        "id": 25,
        "location": {
          "x": 4.22,
          "y": 6.99
        },
        "dimensions": {
          "width": 0.14,
          "height": 0.17
        }
      },
      {
        "type": "Window",
        "id": 26,
        "location": {
          "x": 3.47,
          "y": 6.99
        },
        "dimensions": {
          "width": 0.37,
          "height": 0.17
        }
      },
      {
        "type": "Door",
        "id": 27,
        "location": {
          "x": 3.99,
          "y": 6.98
        },
        "dimensions": {
          "width": 0.16,
          "height": 0.18
        }
      },
      {
        "type": "Door",
        "id": 28,
        "location": {
          "x": 5.06,
          "y": 6.8
        },
        "dimensions": {
          "width": 1.26,
          "height": 2.06
        }
      },
      {
        "type": "Door",
        "id": 29,
        "location": {
          "x": 0.47,
          "y": 6.59
        },
        "dimensions": {
          "width": 0.15,
          "height": 0.17
        }
      },
      {
        "type": "Door",
        "id": 30,
        "location": {
          "x": 0.62,
          "y": 6.58
        },
        "dimensions": {
          "width": 0.16,
          "height": 0.18
        }
      },
      {
        "type": "Door",
        "id": 31,
        "location": {
          "x": 1.0,
          "y": 6.35
        },
        "dimensions": {
          "width": 0.3,
          "height": 0.17
        }
      },
      {
        "type": "Door",
        "id": 32,
        "location": {
          "x": 0.84,
          "y": 6.35
        },
        "dimensions": {
          "width": 0.15,
          "height": 0.17
        }
      },
      {
        "type": "Door",
        "id": 33,
        "location": {
          "x": 0.32,
          "y": 6.35
        },
        "dimensions": {
          "width": 0.13,
          "height": 0.17
        }
      },
      {
        "type": "Door",
        "id": 34,
        "location": {
          "x": 0.46,
          "y": 6.34
        },
        "dimensions": {
          "width": 0.16,
          "height": 0.18
        }
      },
      {
        "type": "Door",
        "id": 35,
        "location": {
          "x": 3.64,
          "y": 5.96
        },
        "dimensions": {
          "width": 1.03,
          "height": 0.74
        }
      },
      {
        "type": "Door",
        "id": 36,
        "location": {
          "x": 9.94,
          "y": 5.28
        },
        "dimensions": {
          "width": 0.09,
          "height": 1.65
        }
      },
      {
        "type": "Door",
        "id": 37,
        "location": {
          "x": 6.32,
          "y": 5.22
        },
        "dimensions": {
          "width": 3.72,
          "height": 3.75
        }
      },
      {
        "type": "Door",
        "id": 38,
        "location": {
          "x": 0.94,
          "y": 5.15
        },
        "dimensions": {
          "width": 4.17,
          "height": 3.82
        }
      },
      {
        "type": "Window",
        "id": 39,
        "location": {
          "x": 3.04,
          "y": 4.91
        },
        "dimensions": {
          "width": 2.24,
          "height": 0.95
        }
      },
      {
        "type": "Door",
        "id": 40,
        "location": {
          "x": 1.31,
          "y": 4.45
        },
        "dimensions": {
          "width": 0.19,
          "height": 0.17
        }
      },
      {
        "type": "Window",
        "id": 41,
        "location": {
          "x": 1.03,
          "y": 4.22
        },
        "dimensions": {
          "width": 0.41,
          "height": 0.16
        }
      },
      {
        "type": "Door",
        "id": 42,
        "location": {
          "x": 0.75,
          "y": 4.22
        },
        "dimensions": {
          "width": 0.12,
          "height": 0.16
        }
      },
      {
        "type": "Window",
        "id": 43,
        "location": {
          "x": 0.37,
          "y": 3.76
        },
        "dimensions": {
          "width": 1.43,
          "height": 0.07
        }
      },
      {
        "type": "Door",
        "id": 44,
        "location": {
          "x": 6.44,
          "y": 3.56
        },
        "dimensions": {
          "width": 0.39,
          "height": 0.47
        }
      },
      {
        "type": "Door",
        "id": 45,
        "location": {
          "x": 5.44,
          "y": 3.36
        },
        "dimensions": {
          "width": 0.61,
          "height": 0.59
        }
      },
      {
        "type": "Door",
        "id": 46,
        "location": {
          "x": 4.7,
          "y": 3.36
        },
        "dimensions": {
          "width": 0.6,
          "height": 0.59
        }
      },
      {
        "type": "Door",
        "id": 47,
        "location": {
          "x": 4.03,
          "y": 3.36
        },
        "dimensions": {
          "width": 0.52,
          "height": 0.59
        }
      },
      {
        "type": "Door",
        "id": 48,
        "location": {
          "x": 3.21,
          "y": 3.36
        },
        "dimensions": {
          "width": 0.63,
          "height": 0.59
        }
      },
      {
        "type": "Door",
        "id": 49,
        "location": {
          "x": 10.14,
          "y": 3.0
        },
        "dimensions": {
          "width": 0.09,
          "height": 0.4
        }
      },
      {
        "type": "Door",
        "id": 50,
        "location": {
          "x": 7.43,
          "y": 2.83
        },
        "dimensions": {
          "width": 0.27,
          "height": 0.16
        }
      },
      {
        "type": "Door",
        "id": 51,
        "location": {
          "x": 7.15,
          "y": 2.83
        },
        "dimensions": {
          "width": 0.31,
          "height": 0.16
        }
      },
      {
        "type": "Door",
        "id": 52,
        "location": {
          "x": 6.45,
          "y": 2.51
        },
        "dimensions": {
          "width": 0.38,
          "height": 0.47
        }
      },
      {
        "type": "Door",
        "id": 53,
        "location": {
          "x": 6.34,
          "y": 2.32
        },
        "dimensions": {
          "width": 0.55,
          "height": 1.9
        }
      },
      {
        "type": "Window",
        "id": 54,
        "location": {
          "x": 3.12,
          "y": 2.3
        },
        "dimensions": {
          "width": 2.16,
          "height": 0.7
        }
      },
      {
        "type": "Window",
        "id": 55,
        "location": {
          "x": 8.92,
          "y": 2.21
        },
        "dimensions": {
          "width": 1.12,
          "height": 0.43
        }
      },
      {
        "type": "Door",
        "id": 56,
        "location": {
          "x": 0.0,
          "y": 2.16
        },
        "dimensions": {
          "width": 2.09,
          "height": 6.61
        }
      },
      {
        "type": "Door",
        "id": 57,
        "location": {
          "x": 1.32,
          "y": 2.02
        },
        "dimensions": {
          "width": 0.19,
          "height": 0.18
        }
      },
      {
        "type": "Door",
        "id": 58,
        "location": {
          "x": 0.97,
          "y": 2.02
        },
        "dimensions": {
          "width": 0.3,
          "height": 0.18
        }
      },
      {
        "type": "Door",
        "id": 59,
        "location": {
          "x": 0.62,
          "y": 2.02
        },
        "dimensions": {
          "width": 0.12,
          "height": 0.18
        }
      },
      {
        "type": "Door",
        "id": 60,
        "location": {
          "x": 1.23,
          "y": 1.8
        },
        "dimensions": {
          "width": 0.27,
          "height": 0.16
        }
      },
      {
        "type": "Door",
        "id": 61,
        "location": {
          "x": 0.78,
          "y": 1.8
        },
        "dimensions": {
          "width": 0.25,
          "height": 0.16
        }
      },
      {
        "type": "Door",
        "id": 62,
        "location": {
          "x": 0.67,
          "y": 1.8
        },
        "dimensions": {
          "width": 0.13,
          "height": 0.16
        }
      },
      {
        "type": "Door",
        "id": 63,
        "location": {
          "x": 4.33,
          "y": 1.67
        },
        "dimensions": {
          "width": 0.16,
          "height": 0.18
        }
      },
      {
        "type": "Door",
        "id": 64,
        "location": {
          "x": 3.91,
          "y": 1.67
        },
        "dimensions": {
          "width": 0.12,
          "height": 0.18
        }
      },
      {
        "type": "Door",
        "id": 65,
        "location": {
          "x": 0.06,
          "y": 1.52
        },
        "dimensions": {
          "width": 0.04,
          "height": 0.54
        }
      },
      {
        "type": "Door",
        "id": 66,
        "location": {
          "x": 0.02,
          "y": 1.52
        },
        "dimensions": {
          "width": 0.08,
          "height": 0.58
        }
      },
      {
        "type": "Door",
        "id": 67,
        "location": {
          "x": 4.34,
          "y": 1.46
        },
        "dimensions": {
          "width": 0.13,
          "height": 0.17
        }
      },
      {
        "type": "Door",
        "id": 68,
        "location": {
          "x": 4.19,
          "y": 1.46
        },
        "dimensions": {
          "width": 0.13,
          "height": 0.17
        }
      },
      {
        "type": "Door",
        "id": 69,
        "location": {
          "x": 4.03,
          "y": 1.46
        },
        "dimensions": {
          "width": 0.15,
          "height": 0.17
        }
      },
      {
        "type": "Door",
        "id": 70,
        "location": {
          "x": 3.71,
          "y": 1.46
        },
        "dimensions": {
          "width": 0.32,
          "height": 0.17
        }
      },
      {
        "type": "Door",
        "id": 71,
        "location": {
          "x": 8.44,
          "y": 1.16
        },
        "dimensions": {
          "width": 0.2,
          "height": 0.17
        }
      },
      {
        "type": "Door",
        "id": 72,
        "location": {
          "x": 7.91,
          "y": 1.16
        },
        "dimensions": {
          "width": 0.19,
          "height": 0.17
        }
      },
      {
        "type": "Door",
        "id": 73,
        "location": {
          "x": 8.82,
          "y": 0.95
        },
        "dimensions": {
          "width": 0.26,
          "height": 0.16
        }
      },
      {
        "type": "Door",
        "id": 74,
        "location": {
          "x": 8.51,
          "y": 0.95
        },
        "dimensions": {
          "width": 0.16,
          "height": 0.16
        }
      },
      {
        "type": "Door",
        "id": 75,
        "location": {
          "x": 8.24,
          "y": 0.95
        },
        "dimensions": {
          "width": 0.14,
          "height": 0.16
        }
      },
      {
        "type": "Door",
        "id": 76,
        "location": {
          "x": 8.03,
          "y": 0.95
        },
        "dimensions": {
          "width": 0.14,
          "height": 0.16
        }
      },
      {
        "type": "Door",
        "id": 77,
        "location": {
          "x": 7.75,
          "y": 0.95
        },
        "dimensions": {
          "width": 0.15,
          "height": 0.16
        }
      },
      {
        "type": "Door",
        "id": 78,
        "location": {
          "x": 7.47,
          "y": 0.95
        },
        "dimensions": {
          "width": 0.28,
          "height": 0.16
        }
      },
      {
        "type": "Door",
        "id": 79,
        "location": {
          "x": 2.53,
          "y": 0.73
        },
        "dimensions": {
          "width": 0.14,
          "height": 0.18
        }
      },
      {
        "type": "Door",
        "id": 80,
        "location": {
          "x": 0.47,
          "y": 0.33
        },
        "dimensions": {
          "width": 0.58,
          "height": 0.68
        }
      },
      {
        "type": "Door",
        "id": 81,
        "location": {
          "x": 4.3,
          "y": 0.31
        },
        "dimensions": {
          "width": 0.24,
          "height": 0.22
        }
      },
      {
        "type": "Door",
        "id": 82,
        "location": {
          "x": 3.85,
          "y": 0.31
        },
        "dimensions": {
          "width": 0.41,
          "height": 0.4
        }
      },
      {
        "type": "Door",
        "id": 83,
        "location": {
          "x": 1.15,
          "y": 0.27
        },
        "dimensions": {
          "width": 0.61,
          "height": 0.61
        }
      },
      {
        "type": "Door",
        "id": 84,
        "location": {
          "x": 6.34,
          "y": 0.21
        },
        "dimensions": {
          "width": 3.89,
          "height": 5.07
        }
      },
      {
        "type": "Door",
        "id": 85,
        "location": {
          "x": 3.16,
          "y": 0.21
        },
        "dimensions": {
          "width": 3.16,
          "height": 5.43
        }
      },
      {
        "type": "Window",
        "id": 86,
        "location": {
          "x": 3.8,
          "y": 0.21
        },
        "dimensions": {
          "width": 1.42,
          "height": 0.39
        }
      },
      {
        "type": "Door",
        "id": 87,
        "location": {
          "x": 0.0,
          "y": 0.2
        },
        "dimensions": {
          "width": 3.14,
          "height": 2.75
        }
      }
    ]
  }
}