{
  "floorPlan": {
    "name": "Floor Plan 13_18.jpg",
    "units": "feet",
    "totalArea": 136.54,
    "totalRooms": 11,
    "rooms": [
      {
        "id": 1,
        "name": "Room_1",
        "shape": "Irregular",
        "dimensions": {
          "width": 1.67,
          "length": 0.68,
          "height": 1.34
        },
        "position": {
          "x": 4.29,
          "y": 13.38
        },
        "windows": [],
        "doors": [],
        "connected_to": []
      },
      {
        "id": 2,
        "name": "Room_2",
        "shape": "Irregular",
        "dimensions": {
          "width": 2.82,
          "length": 0.05,
          "height": 2.26
        },
        "position": {
          "x": 6.76,
          "y": 13.34
        },
        "windows": [],
        "doors": [],
        "connected_to": []
      },
      {
        "id": 3,
        "name": "Text_7",
        "shape": "Rectangle",
        "dimensions": {
          "width": 8.76,
          "length": 2.13,
          "height": 7.01
        },
        "position": {
          "x": 0.52,
          "y": 11.11
        },
        "windows": [],
        "doors": [
          {
            "type": "Door",
            "id": 1,
            "location": {
              "x": 6.62,
              "y": 12.07
            },
            "dimensions": {
              "width": 0.24,
              "height": 0.32
            }
          },
          {
            "type": "Door",
            "id": 2,
            "location": {
              "x": 6.31,
              "y": 12.07
            },
            "dimensions": {
              "width": 0.27,
              "height": 0.33
            }
          },
          {
            "type": "Door",
            "id": 3,
            "location": {
              "x": 5.72,
              "y": 12.07
            },
            "dimensions": {
              "width": 0.29,
              "height": 0.33
            }
          },
          {
            "type": "Door",
            "id": 4,
            "location": {
              "x": 5.46,
              "y": 12.07
            },
            "dimensions": {
              "width": 0.23,
              "height": 0.32
            }
          },
          {
            "type": "Door",
            "id": 5,
            "location": {
              "x": 5.05,
              "y": 12.07
            },
            "dimensions": {
              "width": 0.25,
              "height": 0.33
            }
          },
          {
            "type": "Door",
            "id": 6,
            "location": {
              "x": 4.78,
              "y": 12.07
            },
            "dimensions": {
              "width": 0.25,
              "height": 0.32
            }
          },
          {
            "type": "Door",
            "id": 7,
            "location": {
              "x": 4.49,
              "y": 12.07
            },
            "dimensions": {
              "width": 0.27,
              "height": 0.33
            }
          },
          {
            "type": "Door",
            "id": 8,
            "location": {
              "x": 4.22,
              "y": 12.07
            },
            "dimensions": {
              "width": 0.25,
              "height": 0.32
            }
          },
          {
            "type": "Door",
            "id": 9,
            "location": {
              "x": 3.64,
              "y": 12.07
            },
            "dimensions": {
              "width": 0.28,
              "height": 0.33
            }
          },
          {
            "type": "Door",
            "id": 10,
            "location": {
              "x": 3.34,
              "y": 12.07
            },
            "dimensions": {
              "width": 0.26,
              "height": 0.33
            }
          },
          {
            "type": "Door",
            "id": 11,
            "location": {
              "x": 8.14,
              "y": 11.68
            },
            "dimensions": {
              "width": 0.61,
              "height": 0.38
            }
          },
          {
            "type": "Door",
            "id": 12,
            "location": {
              "x": 1.27,
              "y": 11.66
            },
            "dimensions": {
              "width": 1.09,
              "height": 1.15
            }
          },
          {
            "type": "Door",
            "id": 13,
            "location": {
              "x": 7.68,
              "y": 11.65
            },
            "dimensions": {
              "width": 1.12,
              "height": 1.15
            }
          }
        ],
        "connected_to": []
      },
      {
        "id": 4,
        "name": "Room_4",
        "shape": "Rectangle",
        "dimensions": {
          "width": 0.78,
          "length": 0.26,
          "height": 0.62
        },
        "position": {
          "x": 3.35,
          "y": 10.82
        },
        "windows": [],
        "doors": [],
        "connected_to": []
      },
      {
        "id": 5,
        "name": "Room_5",
        "shape": "Hexagon",
        "dimensions": {
          "width": 1.13,
          "length": 0.27,
          "height": 0.9
        },
        "position": {
          "x": 5.78,
          "y": 10.81
        },
        "windows": [],
        "doors": [],
        "connected_to": []
      },
      {
        "id": 6,
        "name": "Room_6",
        "shape": "Hexagon",
        "dimensions": {
          "width": 1.26,
          "length": 1.32,
          "height": 1.06
        },
        "position": {
          "x": 4.5,
          "y": 9.65
        },
        "windows": [],
        "doors": [],
        "connected_to": []
      },
      {
        "id": 7,
        "name": "Room_7",
        "shape": "Rectangle",
        "dimensions": {
          "width": 1.17,
          "length": 0.79,
          "height": 0.94
        },
        "position": {
          "x": 7.19,
          "y": 6.92
        },
        "windows": [],
        "doors": [
          {
            "type": "Door",
            "id": 36,
            "location": {
              "x": 7.23,
              "y": 6.92
            },
            "dimensions": {
              "width": 1.14,
              "height": 0.76
            }
          }
        ],
        "connected_to": [
          8
        ]
      },
      {
        "id": 8,
        "name": "Room_8",
        "shape": "Irregular",
        "dimensions": {
          "width": 3.65,
          "length": 9.29,
          "height": 7.43
        },
        "position": {
          "x": 6.24,
          "y": 1.81
        },
        "windows": [
          {
            "type": "Window",
            "id": 14,
            "location": {
              "x": 6.94,
              "y": 10.95
            },
            "dimensions": {
              "width": 1.93,
              "height": 0.06
            }
          }
        ],
        "doors": [
          {
            "type": "Door",
            "id": 15,
            "location": {
              "x": 8.45,
              "y": 9.44
            },
            "dimensions": {
              "width": 0.21,
              "height": 0.31
            }
          },
          {
            "type": "Door",
            "id": 16,
            "location": {
              "x": 8.06,
              "y": 9.44
            },
            "dimensions": {
              "width": 0.23,
              "height": 0.31
            }
          },
          {
            "type": "Door",
            "id": 17,
            "location": {
              "x": 7.02,
              "y": 9.44
            },
            "dimensions": {
              "width": 0.21,
              "height": 0.31
            }
          },
          {
            "type": "Door",
            "id": 18,
            "location": {
              "x": 7.85,
              "y": 9.09
            },
            "dimensions": {
              "width": 0.08,
              "height": 0.32
            }
          },
          {
            "type": "Door",
            "id": 19,
            "location": {
              "x": 7.45,
              "y": 9.09
            },
            "dimensions": {
              "width": 0.08,
              "height": 0.31
            }
          },
          {
            "type": "Door",
            "id": 20,
            "location": {
              "x": 7.16,
              "y": 9.09
            },
            "dimensions": {
              "width": 0.26,
              "height": 0.32
            }
          },
          {
            "type": "Door",
            "id": 21,
            "location": {
              "x": 8.26,
              "y": 9.08
            },
            "dimensions": {
              "width": 0.28,
              "height": 0.33
            }
          },
          {
            "type": "Door",
            "id": 28,
            "location": {
              "x": 6.51,
              "y": 8.3
            },
            "dimensions": {
              "width": 2.61,
              "height": 2.2
            }
          },
          {
            "type": "Door",
            "id": 36,
            "location": {
              "x": 7.23,
              "y": 6.92
            },
            "dimensions": {
              "width": 1.14,
              "height": 0.76
            }
          },
          {
            "type": "Door",
            "id": 37,
            "location": {
              "x": 8.84,
              "y": 6.17
            },
            "dimensions": {
              "width": 0.25,
              "height": 0.24
            }
          },
          {
            "type": "Door",
            "id": 38,
            "location": {
              "x": 8.25,
              "y": 6.14
            },
            "dimensions": {
              "width": 0.21,
              "height": 0.31
            }
          },
          {
            "type": "Door",
            "id": 39,
            "location": {
              "x": 7.87,
              "y": 6.14
            },
            "dimensions": {
              "width": 0.21,
              "height": 0.31
            }
          },
          {
            "type": "Door",
            "id": 40,
            "location": {
              "x": 6.82,
              "y": 6.14
            },
            "dimensions": {
              "width": 0.21,
              "height": 0.3
            }
          },
          {
            "type": "Door",
            "id": 41,
            "location": {
              "x": 9.06,
              "y": 5.97
            },
            "dimensions": {
              "width": 0.38,
              "height": 0.45
            }
          },
          {
            "type": "Door",
            "id": 42,
            "location": {
              "x": 9.21,
              "y": 5.75
            },
            "dimensions": {
              "width": 0.23,
              "height": 0.23
            }
          },
          {
            "type": "Door",
            "id": 43,
            "location": {
              "x": 7.99,
              "y": 5.74
            },
            "dimensions": {
              "width": 0.23,
              "height": 0.31
            }
          },
          {
            "type": "Door",
            "id": 44,
            "location": {
              "x": 7.7,
              "y": 5.74
            },
            "dimensions": {
              "width": 0.25,
              "height": 0.31
            }
          },
          {
            "type": "Door",
            "id": 45,
            "location": {
              "x": 7.4,
              "y": 5.74
            },
            "dimensions": {
              "width": 0.26,
              "height": 0.31
            }
          },
          {
            "type": "Door",
            "id": 48,
            "location": {
              "x": 6.42,
              "y": 4.46
            },
            "dimensions": {
              "width": 3.21,
              "height": 3.27
            }
          },
          {
            "type": "Door",
            "id": 49,
            "location": {
              "x": 8.96,
              "y": 3.15
            },
            "dimensions": {
              "width": 0.64,
              "height": 0.72
            }
          },
          {
            "type": "Door",
            "id": 55,
            "location": {
              "x": 8.26,
              "y": 2.64
            },
            "dimensions": {
              "width": 0.25,
              "height": 0.3
            }
          },
          {
            "type": "Door",
            "id": 56,
            "location": {
              "x": 7.7,
              "y": 2.64
            },
            "dimensions": {
              "width": 0.25,
              "height": 0.3
            }
          },
          {
            "type": "Door",
            "id": 62,
            "location": {
              "x": 9.3,
              "y": 1.86
            },
            "dimensions": {
              "width": 0.31,
              "height": 0.74
            }
          }
        ],
        "connected_to": [
          9,
          7
        ]
      },
      {
        "id": 9,
        "name": "Room_9",
        "shape": "Irregular",
        "dimensions": {
          "width": 4.32,
          "length": 3.77,
          "height": 3.46
        },
        "position": {
          "x": 5.57,
          "y": 0.38
        },
        "windows": [],
        "doors": [
          {
            "type": "Door",
            "id": 49,
            "location": {
              "x": 8.96,
              "y": 3.15
            },
            "dimensions": {
              "width": 0.64,
              "height": 0.72
            }
          },
          {
            "type": "Door",
            "id": 55,
            "location": {
              "x": 8.26,
              "y": 2.64
            },
            "dimensions": {
              "width": 0.25,
              "height": 0.3
            }
          },
          {
            "type": "Door",
            "id": 56,
            "location": {
              "x": 7.7,
              "y": 2.64
            },
            "dimensions": {
              "width": 0.25,
              "height": 0.3
            }
          },
          {
            "type": "Door",
            "id": 62,
            "location": {
              "x": 9.3,
              "y": 1.86
            },
            "dimensions": {
              "width": 0.31,
              "height": 0.74
            }
          },
          {
            "type": "Door",
            "id": 64,
            "location": {
              "x": 6.67,
              "y": 1.71
            },
            "dimensions": {
              "width": 0.16,
              "height": 0.17
            }
          },
          {
            "type": "Door",
            "id": 65,
            "location": {
              "x": 6.36,
              "y": 1.71
            },
            "dimensions": {
              "width": 0.16,
              "height": 0.18
            }
          },
          {
            "type": "Door",
            "id": 66,
            "location": {
              "x": 6.0,
              "y": 1.62
            },
            "dimensions": {
              "width": 0.28,
              "height": 0.32
            }
          },
          {
            "type": "Door",
            "id": 67,
            "location": {
              "x": 5.71,
              "y": 1.62
            },
            "dimensions": {
              "width": 0.27,
              "height": 0.32
            }
          },
          {
            "type": "Door",
            "id": 68,
            "location": {
              "x": 6.65,
              "y": 1.06
            },
            "dimensions": {
              "width": 0.19,
              "height": 0.23
            }
          },
          {
            "type": "Door",
            "id": 69,
            "location": {
              "x": 6.28,
              "y": 0.67
            },
            "dimensions": {
              "width": 1.06,
              "height": 2.03
            }
          }
        ],
        "connected_to": [
          8
        ]
      },
      {
        "id": 10,
        "name": "Room_10",
        "shape": "Irregular",
        "dimensions": {
          "width": 3.41,
          "length": 3.24,
          "height": 2.73
        },
        "position": {
          "x": 2.03,
          "y": 0.38
        },
        "windows": [],
        "doors": [
          {
            "type": "Door",
            "id": 50,
            "location": {
              "x": 3.51,
              "y": 2.76
            },
            "dimensions": {
              "width": 0.21,
              "height": 0.32
            }
          },
          {
            "type": "Door",
            "id": 51,
            "location": {
              "x": 3.15,
              "y": 2.76
            },
            "dimensions": {
              "width": 0.2,
              "height": 0.32
            }
          },
          {
            "type": "Door",
            "id": 52,
            "location": {
              "x": 2.24,
              "y": 2.76
            },
            "dimensions": {
              "width": 0.21,
              "height": 0.32
            }
          },
          {
            "type": "Door",
            "id": 57,
            "location": {
              "x": 2.22,
              "y": 2.35
            },
            "dimensions": {
              "width": 0.26,
              "height": 0.3
            }
          },
          {
            "type": "Door",
            "id": 58,
            "location": {
              "x": 3.1,
              "y": 2.34
            },
            "dimensions": {
              "width": 0.3,
              "height": 0.31
            }
          },
          {
            "type": "Door",
            "id": 59,
            "location": {
              "x": 2.79,
              "y": 2.34
            },
            "dimensions": {
              "width": 0.3,
              "height": 0.31
            }
          },
          {
            "type": "Door",
            "id": 60,
            "location": {
              "x": 2.51,
              "y": 2.34
            },
            "dimensions": {
              "width": 0.26,
              "height": 0.31
            }
          },
          {
            "type": "Door",
            "id": 63,
            "location": {
              "x": 2.66,
              "y": 1.72
            },
            "dimensions": {
              "width": 4.76,
              "height": 3.46
            }
          }
        ],
        "connected_to": [
          11
        ]
      },
      {
        "id": 11,
        "name": "Room_11",
        "shape": "Octagon",
        "dimensions": {
          "width": 4.88,
          "length": 10.71,
          "height": 8.57
        },
        "position": {
          "x": 0.36,
          "y": 0.38
        },
        "windows": [
          {
            "type": "Window",
            "id": 46,
            "location": {
              "x": 0.62,
              "y": 5.24
            },
            "dimensions": {
              "width": 3.25,
              "height": 0.45
            }
          },
          {
            "type": "Window",
            "id": 71,
            "location": {
              "x": 2.0,
              "y": 0.4
            },
            "dimensions": {
              "width": 1.62,
              "height": 0.23
            }
          }
        ],
        "doors": [
          {
            "type": "Door",
            "id": 22,
            "location": {
              "x": 3.3,
              "y": 8.6
            },
            "dimensions": {
              "width": 0.13,
              "height": 0.3
            }
          },
          {
            "type": "Door",
            "id": 23,
            "location": {
              "x": 3.73,
              "y": 8.59
            },
            "dimensions": {
              "width": 0.35,
              "height": 0.31
            }
          },
          {
            "type": "Door",
            "id": 24,
            "location": {
              "x": 3.49,
              "y": 8.59
            },
            "dimensions": {
              "width": 0.21,
              "height": 0.31
            }
          },
          {
            "type": "Door",
            "id": 25,
            "location": {
              "x": 2.59,
              "y": 8.59
            },
            "dimensions": {
              "width": 0.21,
              "height": 0.31
            }
          },
          {
            "type": "Door",
            "id": 26,
            "location": {
              "x": 2.22,
              "y": 8.59
            },
            "dimensions": {
              "width": 0.21,
              "height": 0.31
            }
          },
          {
            "type": "Door",
            "id": 27,
            "location": {
              "x": 2.01,
              "y": 8.59
            },
            "dimensions": {
              "width": 0.13,
              "height": 0.31
            }
          },
          {
            "type": "Door",
            "id": 29,
            "location": {
              "x": 3.78,
              "y": 8.2
            },
            "dimensions": {
              "width": 0.29,
              "height": 0.31
            }
          },
          {
            "type": "Door",
            "id": 30,
            "location": {
              "x": 3.47,
              "y": 8.2
            },
            "dimensions": {
              "width": 0.28,
              "height": 0.31
            }
          },
          {
            "type": "Door",
            "id": 31,
            "location": {
              "x": 3.18,
              "y": 8.2
            },
            "dimensions": {
              "width": 0.27,
              "height": 0.31
            }
          },
          {
            "type": "Door",
            "id": 32,
            "location": {
              "x": 2.76,
              "y": 8.2
            },
            "dimensions": {
              "width": 0.28,
              "height": 0.31
            }
          },
          {
            "type": "Door",
            "id": 33,
            "location": {
              "x": 2.35,
              "y": 8.2
            },
            "dimensions": {
              "width": 0.08,
              "height": 0.31
            }
          },
          {
            "type": "Door",
            "id": 34,
            "location": {
              "x": 1.98,
              "y": 8.2
            },
            "dimensions": {
              "width": 0.06,
              "height": 0.31
            }
          },
          {
            "type": "Door",
            "id": 35,
            "location": {
              "x": 1.73,
              "y": 8.2
            },
            "dimensions": {
              "width": 0.21,
              "height": 0.31
            }
          },
          {
            "type": "Door",
            "id": 47,
            "location": {
              "x": 0.44,
              "y": 5.12
            },
            "dimensions": {
              "width": 9.36,
              "height": 8.13
            }
          },
          {
            "type": "Door",
            "id": 50,
            "location": {
              "x": 3.51,
              "y": 2.76
            },
            "dimensions": {
              "width": 0.21,
              "height": 0.32
            }
          },
          {
            "type": "Door",
            "id": 51,
            "location": {
              "x": 3.15,
              "y": 2.76
            },
            "dimensions": {
              "width": 0.2,
              "height": 0.32
            }
          },
          {
            "type": "Door",
            "id": 52,
            "location": {
              "x": 2.24,
              "y": 2.76
            },
            "dimensions": {
              "width": 0.21,
              "height": 0.32
            }
          },
          {
            "type": "Door",
            "id": 53,
            "location": {
              "x": 1.86,
              "y": 2.76
            },
            "dimensions": {
              "width": 0.21,
              "height": 0.31
            }
          },
          {
            "type": "Door",
            "id": 54,
            "location": {
              "x": 1.64,
              "y": 2.76
            },
            "dimensions": {
              "width": 0.14,
              "height": 0.31
            }
          },
          {
            "type": "Door",
            "id": 57,
            "location": {
              "x": 2.22,
              "y": 2.35
            },
            "dimensions": {
              "width": 0.26,
              "height": 0.3
            }
          },
          {
            "type": "Door",
            "id": 58,
            "location": {
              "x": 3.1,
              "y": 2.34
            },
            "dimensions": {
              "width": 0.3,
              "height": 0.31
            }
          },
          {
            "type": "Door",
            "id": 59,
            "location": {
              "x": 2.79,
              "y": 2.34
            },
            "dimensions": {
              "width": 0.3,
              "height": 0.31
            }
          },
          {
            "type": "Door",
            "id": 60,
            "location": {
              "x": 2.51,
              "y": 2.34
            },
            "dimensions": {
              "width": 0.26,
              "height": 0.31
            }
          },
          {
            "type": "Door",
            "id": 61,
            "location": {
              "x": 1.64,
              "y": 2.34
            },
            "dimensions": {
              "width": 0.27,
              "height": 0.31
            }
          },
          {
            "type": "Door",
            "id": 63,
            "location": {
              "x": 2.66,
              "y": 1.72
            },
            "dimensions": {
              "width": 4.76,
              "height": 3.46
            }
          },
          {
            "type": "Door",
            "id": 70,
            "location": {
              "x": 0.62,
              "y": 0.64
            },
            "dimensions": {
              "width": 4.22,
              "height": 4.56
            }
          }
        ],
        "connected_to": [
          10
        ]
      }
    ],
    "doorsAndWindows": [
      {
        "type": "Door",
        "id": 1,
        "location": {
          "x": 6.62,
          "y": 12.07
        },
        "dimensions": {
          "width": 0.24,
          "height": 0.32
        }
      },
      {
        "type": "Door",
        "id": 2,
        "location": {
          "x": 6.31,
          "y": 12.07
        },
        "dimensions": {
          "width": 0.27,
          "height": 0.33
        }
      },
      {
        "type": "Door",
        "id": 3,
        "location": {
          "x": 5.72,
          "y": 12.07
        },
        "dimensions": {
          "width": 0.29,
          "height": 0.33
        }
      },
      {
        "type": "Door",
        "id": 4,
        "location": {
          "x": 5.46,
          "y": 12.07
        },
        "dimensions": {
          "width": 0.23,
          "height": 0.32
        }
      },
      {
        "type": "Door",
        "id": 5,
        "location": {
          "x": 5.05,
          "y": 12.07
        },
        "dimensions": {
          "width": 0.25,
          "height": 0.33
        }
      },
      {
        "type": "Door",
        "id": 6,
        "location": {
          "x": 4.78,
          "y": 12.07
        },
        "dimensions": {
          "width": 0.25,
          "height": 0.32
        }
      },
      {
        "type": "Door",
        "id": 7,
        "location": {
          "x": 4.49,
          "y": 12.07
        },
        "dimensions": {
          "width": 0.27,
          "height": 0.33
        }
      },
      {
        "type": "Door",
        "id": 8,
        "location": {
          "x": 4.22,
          "y": 12.07
        },
        "dimensions": {
          "width": 0.25,
          "height": 0.32
        }
      },
      {
        "type": "Door",
        "id": 9,
        "location": {
          "x": 3.64,
          "y": 12.07
        },
        "dimensions": {
          "width": 0.28,
          "height": 0.33
        }
      },
      {
        "type": "Door",
        "id": 10,
        "location": {
          "x": 3.34,
          "y": 12.07
        },
        "dimensions": {
          "width": 0.26,
          "height": 0.33
        }
      },
      {
        "type": "Door",
        "id": 11,
        "location": {
          "x": 8.14,
          "y": 11.68
        },
        "dimensions": {
          "width": 0.61,
          "height": 0.38
        }
      },
      {
        "type": "Door",
        "id": 12,
        "location": {
          "x": 1.27,
          "y": 11.66
        },
        "dimensions": {
          "width": 1.09,
          "height": 1.15
        }
      },
      {
        "type": "Door",
        "id": 13,
        "location": {
          "x": 7.68,
          "y": 11.65
        },
        "dimensions": {
          "width": 1.12,
          "height": 1.15
        }
      },
      {
        "type": "Window",
        "id": 14,
        "location": {
          "x": 6.94,
          "y": 10.95
        },
        "dimensions": {
          "width": 1.93,
          "height": 0.06
        }
      },
      {
        "type": "Door",
        "id": 15,
        "location": {
          "x": 8.45,
          "y": 9.44
        },
        "dimensions": {
          "width": 0.21,
          "height": 0.31
        }
      },
      {
        "type": "Door",
        "id": 16,
        "location": {
          "x": 8.06,
          "y": 9.44
        },
        "dimensions": {
          "width": 0.23,
          "height": 0.31
        }
      },
      {
        "type": "Door",
        "id": 17,
        "location": {
          "x": 7.02,
          "y": 9.44
        },
        "dimensions": {
          "width": 0.21,
          "height": 0.31
        }
      },
      {
        "type": "Door",
        "id": 18,
        "location": {
          "x": 7.85,
          "y": 9.09
        },
        "dimensions": {
          "width": 0.08,
          "height": 0.32
        }
      },
      {
        "type": "Door",
        "id": 19,
        "location": {
          "x": 7.45,
          "y": 9.09
        },
        "dimensions": {
          "width": 0.08,
          "height": 0.31
        }
      },
      {
        "type": "Door",
        "id": 20,
        "location": {
          "x": 7.16,
          "y": 9.09
        },
        "dimensions": {
          "width": 0.26,
          "height": 0.32
        }
      },
      {
        "type": "Door",
        "id": 21,
        "location": {
          "x": 8.26,
          "y": 9.08
        },
        "dimensions": {
          "width": 0.28,
          "height": 0.33
        }
      },
      {
        "type": "Door",
        "id": 22,
        "location": {
          "x": 3.3,
          "y": 8.6
        },
        "dimensions": {
          "width": 0.13,
          "height": 0.3
        }
      },
      {
        "type": "Door",
        "id": 23,
        "location": {
          "x": 3.73,
          "y": 8.59
        },
        "dimensions": {
          "width": 0.35,
          "height": 0.31
        }
      },
      {
        "type": "Door",
        "id": 24,
        "location": {
          "x": 3.49,
          "y": 8.59
        },
        "dimensions": {
          "width": 0.21,
          "height": 0.31
        }
      },
      {
        "type": "Door",
        "id": 25,
        "location": {
          "x": 2.59,
          "y": 8.59
        },
        "dimensions": {
          "width": 0.21,
          "height": 0.31
        }
      },
      {
        "type": "Door",
        "id": 26,
        "location": {
          "x": 2.22,
          "y": 8.59
        },
        "dimensions": {
          "width": 0.21,
          "height": 0.31
        }
      },
      {
        "type": "Door",
        "id": 27,
        "location": {
          "x": 2.01,
          "y": 8.59
        },
        "dimensions": {
          "width": 0.13,
          "height": 0.31
        }
      },
      {
        "type": "Door",
        "id": 28,
        "location": {
          "x": 6.51,
          "y": 8.3
        },
        "dimensions": {
          "width": 2.61,
          "height": 2.2
        }
      },
      {
        "type": "Door",
        "id": 29,
        "location": {
          "x": 3.78,
          "y": 8.2
        },
        "dimensions": {
          "width": 0.29,
          "height": 0.31
        }
      },
      {
        "type": "Door",
        "id": 30,
        "location": {
          "x": 3.47,
          "y": 8.2
        },
        "dimensions": {
          "width": 0.28,
          "height": 0.31
        }
      },
      {
        "type": "Door",
        "id": 31,
        "location": {
          "x": 3.18,
          "y": 8.2
        },
        "dimensions": {
          "width": 0.27,
          "height": 0.31
        }
      },
      {
        "type": "Door",
        "id": 32,
        "location": {
          "x": 2.76,
          "y": 8.2
        },
        "dimensions": {
          "width": 0.28,
          "height": 0.31
        }
      },
      {
        "type": "Door",
        "id": 33,
        "location": {
          "x": 2.35,
          "y": 8.2
        },
        "dimensions": {
          "width": 0.08,
          "height": 0.31
        }
      },
      {
        "type": "Door",
        "id": 34,
        "location": {
          "x": 1.98,
          "y": 8.2
        },
        "dimensions": {
          "width": 0.06,
          "height": 0.31
        }
      },
      {
        "type": "Door",
        "id": 35,
        "location": {
          "x": 1.73,
          "y": 8.2
        },
        "dimensions": {
          "width": 0.21,
          "height": 0.31
        }
      },
      {
        "type": "Door",
        "id": 36,
        "location": {
          "x": 7.23,
          "y": 6.92
        },
        "dimensions": {
          "width": 1.14,
          "height": 0.76
        }
      },
      {
        "type": "Door",
        "id": 37,
        "location": {
          "x": 8.84,
          "y": 6.17
        },
        "dimensions": {
          "width": 0.25,
          "height": 0.24
        }
      },
      {
        "type": "Door",
        "id": 38,
        "location": {
          "x": 8.25,
          "y": 6.14
        },
        "dimensions": {
          "width": 0.21,
          "height": 0.31
        }
      },
      {
        "type": "Door",
        "id": 39,
        "location": {
          "x": 7.87,
          "y": 6.14
        },
        "dimensions": {
          "width": 0.21,
          "height": 0.31
        }
      },
      {
        "type": "Door",
        "id": 40,
        "location": {
          "x": 6.82,
          "y": 6.14
        },
        "dimensions": {
          "width": 0.21,
          "height": 0.3
        }
      },
      {
        "type": "Door",
        "id": 41,
        "location": {
          "x": 9.06,
          "y": 5.97
        },
        "dimensions": {
          "width": 0.38,
          "height": 0.45
        }
      },
      {
        "type": "Door",
        "id": 42,
        "location": {
          "x": 9.21,
          "y": 5.75
        },
        "dimensions": {
          "width": 0.23,
          "height": 0.23
        }
      },
      {
        "type": "Door",
        "id": 43,
        "location": {
          "x": 7.99,
          "y": 5.74
        },
        "dimensions": {
          "width": 0.23,
          "height": 0.31
        }
      },
      {
        "type": "Door",
        "id": 44,
        "location": {
          "x": 7.7,
          "y": 5.74
        },
        "dimensions": {
          "width": 0.25,
          "height": 0.31
        }
      },
      {
        "type": "Door",
        "id": 45,
        "location": {
          "x": 7.4,
          "y": 5.74
        },
        "dimensions": {
          "width": 0.26,
          "height": 0.31
        }
      },
      {
        "type": "Window",
        "id": 46,
        "location": {
          "x": 0.62,
          "y": 5.24
        },
        "dimensions": {
          "width": 3.25,
          "height": 0.45
        }
      },
      {
        "type": "Door",
        "id": 47,
        "location": {
          "x": 0.44,
          "y": 5.12
        },
        "dimensions": {
          "width": 9.36,
          "height": 8.13
        }
      },
      {
        "type": "Door",
        "id": 48,
        "location": {
          "x": 6.42,
          "y": 4.46
        },
        "dimensions": {
          "width": 3.21,
          "height": 3.27
        }
      },
      {
        "type": "Door",
        "id": 49,
        "location": {
          "x": 8.96,
          "y": 3.15
        },
        "dimensions": {
          "width": 0.64,
          "height": 0.72
        }
      },
      {
        "type": "Door",
        "id": 50,
        "location": {
          "x": 3.51,
          "y": 2.76
        },
        "dimensions": {
          "width": 0.21,
          "height": 0.32
        }
      },
      {
        "type": "Door",
        "id": 51,
        "location": {
          "x": 3.15,
          "y": 2.76
        },
        "dimensions": {
          "width": 0.2,
          "height": 0.32
        }
      },
      {
        "type": "Door",
        "id": 52,
        "location": {
          "x": 2.24,
          "y": 2.76
        },
        "dimensions": {
          "width": 0.21,
          "height": 0.32
        }
      },
      {
        "type": "Door",
        "id": 53,
        "location": {
          "x": 1.86,
          "y": 2.76
        },
        "dimensions": {
          "width": 0.21,
          "height": 0.31
        }
      },
      {
        "type": "Door",
        "id": 54,
        "location": {
          "x": 1.64,
          "y": 2.76
        },
        "dimensions": {
          "width": 0.14,
          "height": 0.31
        }
      },
      {
        "type": "Door",
        "id": 55,
        "location": {
          "x": 8.26,
          "y": 2.64
        },
        "dimensions": {
          "width": 0.25,
          "height": 0.3
        }
      },
      {
        "type": "Door",
        "id": 56,
        "location": {
          "x": 7.7,
          "y": 2.64
        },
        "dimensions": {
          "width": 0.25,
          "height": 0.3
        }
      },
      {
        "type": "Door",
        "id": 57,
        "location": {
          "x": 2.22,
          "y": 2.35
        },
        "dimensions": {
          "width": 0.26,
          "height": 0.3
        }
      },
      {
        "type": "Door",
        "id": 58,
        "location": {
          "x": 3.1,
          "y": 2.34
        },
        "dimensions": {
          "width": 0.3,
          "height": 0.31
        }
      },
      {
        "type": "Door",
        "id": 59,
        "location": {
          "x": 2.79,
          "y": 2.34
        },
        "dimensions": {
          "width": 0.3,
          "height": 0.31
        }
      },
      {
        "type": "Door",
        "id": 60,
        "location": {
          "x": 2.51,
          "y": 2.34
        },
        "dimensions": {
          "width": 0.26,
          "height": 0.31
        }
      },
      {
        "type": "Door",
        "id": 61,
        "location": {
          "x": 1.64,
          "y": 2.34
        },
        "dimensions": {
          "width": 0.27,
          "height": 0.31
        }
      },
      {
        "type": "Door",
        "id": 62,
        "location": {
          "x": 9.3,
          "y": 1.86
        },
        "dimensions": {
          "width": 0.31,
          "height": 0.74
        }
      },
      {
        "type": "Door",
        "id": 63,
        "location": {
          "x": 2.66,
          "y": 1.72
        },
        "dimensions": {
          "width": 4.76,
          "height": 3.46
        }
      },
      {
        "type": "Door",
        "id": 64,
        "location": {
          "x": 6.67,
          "y": 1.71
        },
        "dimensions": {
          "width": 0.16,
          "height": 0.17
        }
      },
      {
        "type": "Door",
        "id": 65,
        "location": {
          "x": 6.36,
          "y": 1.71
        },
        "dimensions": {
          "width": 0.16,
          "height": 0.18
        }
      },
      {
        "type": "Door",
        "id": 66,
        "location": {
          "x": 6.0,
          "y": 1.62
        },
        "dimensions": {
          "width": 0.28,
          "height": 0.32
        }
      },
      {
        "type": "Door",
        "id": 67,
        "location": {
          "x": 5.71,
          "y": 1.62
        },
        "dimensions": {
          "width": 0.27,
          "height": 0.32
        }
      },
      {
        "type": "Door",
        "id": 68,
        "location": {
          "x": 6.65,
          "y": 1.06
        },
        "dimensions": {
          "width": 0.19,
          "height": 0.23
        }
      },
      {
        "type": "Door",
        "id": 69,
        "location": {
          "x": 6.28,
          "y": 0.67
        },
        "dimensions": {
          "width": 1.06,
          "height": 2.03
        }
      },
      {
        "type": "Door",
        "id": 70,
        "location": {
          "x": 0.62,
          "y": 0.64
        },
        "dimensions": {
          "width": 4.22,
          "height": 4.56
        }
      },
      {
        "type": "Window",
        "id": 71,
        "location": {
          "x": 2.0,
          "y": 0.4
        },
        "dimensions": {
          "width": 1.62,
          "height": 0.23
        }
      },
      {
        "type": "Door",
        "id": 72,
        "location": {
          "x": 0.36,
          "y": 0.0
        },
        "dimensions": {
          "width": 9.54,
          "height": 14.22
        }
      }
    ]
  }
}