{
  "floorPlan": {
    "name": "Floor Plan 13_19.jpg",
    "units": "feet",
    "totalArea": 47.4,
    "totalRooms": 5,
    "rooms": [
      {
        "id": 1,
        "name": "Room_1",
        "shape": "Octagon",
        "dimensions": {
          "width": 0.98,
          "length": 1.55,
          "height": 1.24
        },
        "position": {
          "x": 3.76,
          "y": 13.29
        },
        "windows": [],
        "doors": [],
        "connected_to": []
      },
      {
        "id": 2,
        "name": "Room_2",
        "shape": "Rectangle",
        "dimensions": {
          "width": 0.93,
          "length": 5.76,
          "height": 4.61
        },
        "position": {
          "x": 8.79,
          "y": 9.08
        },
        "windows": [],
        "doors": [],
        "connected_to": []
      },
      {
        "id": 3,
        "name": "Room_3",
        "shape": "Rectangle",
        "dimensions": {
          "width": 0.93,
          "length": 5.76,
          "height": 4.61
        },
        "position": {
          "x": 8.79,
          "y": 1.97
        },
        "windows": [],
        "doors": [],
        "connected_to": []
      },
      {
        "id": 4,
        "name": "Room_4",
        "shape": "Rectangle",
        "dimensions": {
          "width": 2.34,
          "length": 0.18,
          "height": 1.87
        },
        "position": {
          "x": 3.75,
          "y": 1.97
        },
        "windows": [],
        "doors": [],
        "connected_to": []
      },
      {
        "id": 5,
        "name": "Room_5",
        "shape": "Irregular",
        "dimensions": {
          "width": 2.7,
          "length": 12.87,
          "height": 10.3
        },
        "position": {
          "x": 1.48,
          "y": 1.97
        },
        "windows": [],
        "doors": [],
        "connected_to": []
      }
    ],
    "doorsAndWindows": [
      {
        "type": "Door",
        "id": 1,
        "location": {
          "x": 6.66,
          "y": 18.25
        },
        "dimensions": {
          "width": 0.47,
          "height": 0.29
        }
      },
      {
        "type": "Door",
        "id": 2,
        "location": {
          "x": 6.42,
          "y": 18.25
        },
        "dimensions": {
          "width": 0.23,
          "height": 0.29
        }
      },
      {
        "type": "Door",
        "id": 3,
        "location": {
          "x": 5.41,
          "y": 18.25
        },
        "dimensions": {
          "width": 0.29,
          "height": 0.29
        }
      },
      {
        "type": "Door",
        "id": 4,
        "location": {
          "x": 5.21,
          "y": 18.25
        },
        "dimensions": {
          "width": 0.2,
          "height": 0.29
        }
      },
      {
        "type": "Door",
        "id": 5,
        "location": {
          "x": 4.63,
          "y": 18.25
        },
        "dimensions": {
          "width": 0.21,
          "height": 0.29
        }
      },
      {
        "type": "Door",
        "id": 6,
        "location": {
          "x": 4.13,
          "y": 18.25
        },
        "dimensions": {
          "width": 0.27,
          "height": 0.29
        }
      },
      {
        "type": "Door",
        "id": 7,
        "location": {
          "x": 3.71,
          "y": 18.25
        },
        "dimensions": {
          "width": 0.2,
          "height": 0.29
        }
      },
      {
        "type": "Door",
        "id": 8,
        "location": {
          "x": 3.34,
          "y": 18.25
        },
        "dimensions": {
          "width": 0.21,
          "height": 0.28
        }
      },
      {
        "type": "Door",
        "id": 9,
        "location": {
          "x": 3.0,
          "y": 18.25
        },
        "dimensions": {
          "width": 0.26,
          "height": 0.28
        }
      },
      {
        "type": "Door",
        "id": 10,
        "location": {
          "x": 2.71,
          "y": 18.25
        },
        "dimensions": {
          "width": 0.28,
          "height": 0.28
        }
      },
      {
        "type": "Door",
        "id": 11,
        "location": {
          "x": 5.71,
          "y": 18.24
        },
        "dimensions": {
          "width": 0.29,
          "height": 0.3
        }
      },
      {
        "type": "Door",
        "id": 12,
        "location": {
          "x": 4.98,
          "y": 18.24
        },
        "dimensions": {
          "width": 0.21,
          "height": 0.3
        }
      },
      {
        "type": "Door",
        "id": 13,
        "location": {
          "x": 4.4,
          "y": 18.24
        },
        "dimensions": {
          "width": 0.22,
          "height": 0.31
        }
      },
      {
        "type": "Door",
        "id": 14,
        "location": {
          "x": 3.92,
          "y": 18.24
        },
        "dimensions": {
          "width": 0.21,
          "height": 0.3
        }
      },
      {
        "type": "Door",
        "id": 15,
        "location": {
          "x": 4.16,
          "y": 17.78
        },
        "dimensions": {
          "width": 0.14,
          "height": 0.18
        }
      },
      {
        "type": "Door",
        "id": 16,
        "location": {
          "x": 3.69,
          "y": 17.75
        },
        "dimensions": {
          "width": 0.31,
          "height": 0.24
        }
      },
      {
        "type": "Door",
        "id": 17,
        "location": {
          "x": 4.36,
          "y": 17.67
        },
        "dimensions": {
          "width": 0.12,
          "height": 0.32
        }
      },
      {
        "type": "Door",
        "id": 18,
        "location": {
          "x": 5.71,
          "y": 17.66
        },
        "dimensions": {
          "width": 0.21,
          "height": 0.33
        }
      },
      {
        "type": "Door",
        "id": 19,
        "location": {
          "x": 5.24,
          "y": 17.66
        },
        "dimensions": {
          "width": 0.22,
          "height": 0.33
        }
      },
      {
        "type": "Door",
        "id": 20,
        "location": {
          "x": 5.03,
          "y": 17.66
        },
        "dimensions": {
          "width": 0.12,
          "height": 0.33
        }
      },
      {
        "type": "Door",
        "id": 21,
        "location": {
          "x": 4.51,
          "y": 17.66
        },
        "dimensions": {
          "width": 0.19,
          "height": 0.33
        }
      },
      {
        "type": "Door",
        "id": 22,
        "location": {
          "x": 9.33,
          "y": 17.12
        },
        "dimensions": {
          "width": 0.4,
          "height": 0.46
        }
      },
      {
        "type": "Door",
        "id": 23,
        "location": {
          "x": 1.47,
          "y": 17.12
        },
        "dimensions": {
          "width": 0.42,
          "height": 0.44
        }
      },
      {
        "type": "Door",
        "id": 24,
        "location": {
          "x": 7.17,
          "y": 16.2
        },
        "dimensions": {
          "width": 0.16,
          "height": 0.27
        }
      },
      {
        "type": "Window",
        "id": 25,
        "location": {
          "x": 6.31,
          "y": 16.2
        },
        "dimensions": {
          "width": 0.85,
          "height": 0.27
        }
      },
      {
        "type": "Door",
        "id": 26,
        "location": {
          "x": 6.77,
          "y": 15.85
        },
        "dimensions": {
          "width": 0.44,
          "height": 0.26
        }
      },
      {
        "type": "Door",
        "id": 27,
        "location": {
          "x": 6.17,
          "y": 15.84
        },
        "dimensions": {
          "width": 0.23,
          "height": 0.27
        }
      },
      {
        "type": "Door",
        "id": 28,
        "location": {
          "x": 0.87,
          "y": 11.7
        },
        "dimensions": {
          "width": 0.33,
          "height": 0.21
        }
      },
      {
        "type": "Door",
        "id": 29,
        "location": {
          "x": 0.95,
          "y": 11.44
        },
        "dimensions": {
          "width": 0.25,
          "height": 0.22
        }
      },
      {
        "type": "Door",
        "id": 30,
        "location": {
          "x": 0.98,
          "y": 11.23
        },
        "dimensions": {
          "width": 0.19,
          "height": 0.13
        }
      },
      {
        "type": "Window",
        "id": 31,
        "location": {
          "x": 0.88,
          "y": 11.05
        },
        "dimensions": {
          "width": 0.32,
          "height": 0.12
        }
      },
      {
        "type": "Door",
        "id": 32,
        "location": {
          "x": 0.87,
          "y": 10.83
        },
        "dimensions": {
          "width": 0.33,
          "height": 0.2
        }
      },
      {
        "type": "Door",
        "id": 33,
        "location": {
          "x": 0.87,
          "y": 10.33
        },
        "dimensions": {
          "width": 0.33,
          "height": 0.21
        }
      },
      {
        "type": "Door",
        "id": 34,
        "location": {
          "x": 0.87,
          "y": 10.07
        },
        "dimensions": {
          "width": 0.33,
          "height": 0.22
        }
      },
      {
        "type": "Door",
        "id": 35,
        "location": {
          "x": 1.02,
          "y": 9.62
        },
        "dimensions": {
          "width": 0.15,
          "height": 0.14
        }
      },
      {
        "type": "Door",
        "id": 36,
        "location": {
          "x": 0.93,
          "y": 9.05
        },
        "dimensions": {
          "width": 0.22,
          "height": 0.22
        }
      },
      {
        "type": "Door",
        "id": 37,
        "location": {
          "x": 0.87,
          "y": 8.69
        },
        "dimensions": {
          "width": 0.33,
          "height": 0.22
        }
      },
      {
        "type": "Door",
        "id": 38,
        "location": {
          "x": 0.87,
          "y": 8.2
        },
        "dimensions": {
          "width": 0.33,
          "height": 0.25
        }
      },
      {
        "type": "Door",
        "id": 39,
        "location": {
          "x": 0.95,
          "y": 7.96
        },
        "dimensions": {
          "width": 0.25,
          "height": 0.22
        }
      },
      {
        "type": "Window",
        "id": 40,
        "location": {
          "x": 0.87,
          "y": 7.87
        },
        "dimensions": {
          "width": 0.33,
          "height": 0.06
        }
      },
      {
        "type": "Door",
        "id": 41,
        "location": {
          "x": 0.95,
          "y": 7.63
        },
        "dimensions": {
          "width": 0.25,
          "height": 0.21
        }
      },
      {
        "type": "Door",
        "id": 42,
        "location": {
          "x": 0.95,
          "y": 7.4
        },
        "dimensions": {
          "width": 0.25,
          "height": 0.22
        }
      },
      {
        "type": "Door",
        "id": 43,
        "location": {
          "x": 0.96,
          "y": 6.93
        },
        "dimensions": {
          "width": 0.33,
          "height": 0.21
        }
      },
      {
        "type": "Door",
        "id": 44,
        "location": {
          "x": 1.46,
          "y": 0.16
        },
        "dimensions": {
          "width": 8.27,
          "height": 16.49
        }
      }
    ]
  }
}