{
  "floorPlan": {
    "name": "Floor Plan 13_2.jpg",
    "units": "feet",
    "totalArea": 44.21,
    "totalRooms": 8,
    "rooms": [
      {
        "id": 1,
        "name": "FOYER",
        "shape": "Pentagon",
        "dimensions": {
          "width": 0.81,
          "length": 0.31,
          "height": 0.65
        },
        "position": {
          "x": 3.64,
          "y": 6.89
        },
        "windows": [],
        "doors": [],
        "connected_to": []
      },
      {
        "id": 2,
        "name": "Room_2",
        "shape": "Hexagon",
        "dimensions": {
          "width": 1.02,
          "length": 1.37,
          "height": 1.1
        },
        "position": {
          "x": 1.4,
          "y": 5.84
        },
        "windows": [],
        "doors": [],
        "connected_to": []
      },
      {
        "id": 3,
        "name": "MASTER",
        "shape": "Irregular",
        "dimensions": {
          "width": 1.98,
          "length": 2.97,
          "height": 2.38
        },
        "position": {
          "x": 5.14,
          "y": 4.23
        },
        "windows": [],
        "doors": [],
        "connected_to": []
      },
      {
        "id": 4,
        "name": "Room_4",
        "shape": "Triangle",
        "dimensions": {
          "width": 0.15,
          "length": 1.76,
          "height": 1.41
        },
        "position": {
          "x": 1.4,
          "y": 3.36
        },
        "windows": [],
        "doors": [],
        "connected_to": []
      },
      {
        "id": 5,
        "name": "3",
        "shape": "Irregular",
        "dimensions": {
          "width": 0.03,
          "length": 8.78,
          "height": 7.02
        },
        "position": {
          "x": 1.06,
          "y": 1.32
        },
        "windows": [],
        "doors": [],
        "connected_to": []
      },
      {
        "id": 6,
        "name": "BEDROOM",
        "shape": "Irregular",
        "dimensions": {
          "width": 2.73,
          "length": 8.67,
          "height": 6.94
        },
        "position": {
          "x": 6.63,
          "y": 1.23
        },
        "windows": [],
        "doors": [],
        "connected_to": []
      },
      {
        "id": 7,
        "name": "Room_7",
        "shape": "Irregular",
        "dimensions": {
          "width": 5.31,
          "length": 2.32,
          "height": 4.25
        },
        "position": {
          "x": 1.4,
          "y": 1.23
        },
        "windows": [],
        "doors": [],
        "connected_to": []
      },
      {
        "id": 8,
        "name": "Room_8",
        "shape": "Irregular",
        "dimensions": {
          "width": 4.01,
          "length": 0.04,
          "height": 3.21
        },
        "position": {
          "x": 5.27,
          "y": 0.32
        },
        "windows": [],
        "doors": [],
        "connected_to": []
      }
    ],
    "doorsAndWindows": [
      {
        "type": "Door",
        "id": 1,
        "location": {
          "x": 0.83,
          "y": 5.8
        },
        "dimensions": {
          "width": 0.21,
          "height": 0.25
        }
      },
      {
        "type": "Door",
        "id": 2,
        "location": {
          "x": 0.83,
          "y": 5.45
        },
        "dimensions": {
          "width": 0.21,
          "height": 0.12
        }
      },
      {
        "type": "Door",
        "id": 3,
        "location": {
          "x": 0.97,
          "y": 1.15
        },
        "dimensions": {
          "width": 0.33,
          "height": 9.09
        }
      },
      {
        "type": "Door",
        "id": 4,
        "location": {
          "x": 1.38,
          "y": 0.49
        },
        "dimensions": {
          "width": 7.99,
          "height": 9.69
        }
      },
      {
        "type": "Window",
        "id": 5,
        "location": {
          "x": 1.31,
          "y": 0.23
        },
        "dimensions": {
          "width": 8.13,
          "height": 0.32
        }
      },
      {
        "type": "Door",
        "id": 6,
        "location": {
          "x": 5.51,
          "y": 0.09
        },
        "dimensions": {
          "width": 0.11,
          "height": 0.22
        }
      },
      {
        "type": "Door",
        "id": 7,
        "location": {
          "x": 5.04,
          "y": 0.09
        },
        "dimensions": {
          "width": 0.24,
          "height": 0.22
        }
      }
    ]
  }
}