{
  "floorPlan": {
    "name": "Floor Plan 13_26.jpg",
    "units": "feet",
    "totalArea": 275.74,
    "totalRooms": 2,
    "rooms": [
      {
        "id": 1,
        "name": "Room_1",
        "shape": "Rectangle",
        "dimensions": {
          "width": 9.47,
          "length": 29.1,
          "height": 23.28
        },
        "position": {
          "x": 0.49,
          "y": 0.32
        },
        "windows": [
          {
            "type": "Window",
            "id": 88,
            "location": {
              "x": 3.54,
              "y": 8.83
            },
            "dimensions": {
              "width": 3.99,
              "height": 0.04
            }
          }
        ],
        "doors": [
          {
            "type": "Door",
            "id": 1,
            "location": {
              "x": 1.73,
              "y": 28.2
            },
            "dimensions": {
              "width": 6.99,
              "height": 0.6
            }
          },
          {
            "type": "Door",
            "id": 2,
            "location": {
              "x": 0.66,
              "y": 27.91
            },
            "dimensions": {
              "width": 0.18,
              "height": 0.4
            }
          },
          {
            "type": "Door",
            "id": 3,
            "location": {
              "x": 9.03,
              "y": 27.57
            },
            "dimensions": {
              "width": 0.61,
              "height": 0.6
            }
          },
          {
            "type": "Door",
            "id": 4,
            "location": {
              "x": 0.8,
              "y": 27.57
            },
            "dimensions": {
              "width": 0.61,
              "height": 0.6
            }
          },
          {
            "type": "Door",
            "id": 5,
            "location": {
              "x": 8.74,
              "y": 27.27
            },
            "dimensions": {
              "width": 1.19,
              "height": 1.19
            }
          },
          {
            "type": "Door",
            "id": 6,
            "location": {
              "x": 8.74,
              "y": 27.27
            },
            "dimensions": {
              "width": 0.9,
              "height": 0.9
            }
          },
          {
            "type": "Door",
            "id": 7,
            "location": {
              "x": 0.8,
              "y": 27.27
            },
            "dimensions": {
              "width": 0.9,
              "height": 0.9
            }
          },
          {
            "type": "Door",
            "id": 8,
            "location": {
              "x": 5.85,
              "y": 25.62
            },
            "dimensions": {
              "width": 0.2,
              "height": 0.15
            }
          },
          {
            "type": "Door",
            "id": 9,
            "location": {
              "x": 6.36,
              "y": 25.56
            },
            "dimensions": {
              "width": 0.21,
              "height": 0.07
            }
          },
          {
            "type": "Door",
            "id": 10,
            "location": {
              "x": 4.41,
              "y": 25.56
            },
            "dimensions": {
              "width": 0.2,
              "height": 0.07
            }
          },
          {
            "type": "Door",
            "id": 11,
            "location": {
              "x": 5.85,
              "y": 25.43
            },
            "dimensions": {
              "width": 0.2,
              "height": 0.14
            }
          },
          {
            "type": "Door",
            "id": 12,
            "location": {
              "x": 4.76,
              "y": 25.43
            },
            "dimensions": {
              "width": 0.2,
              "height": 0.34
            }
          },
          {
            "type": "Door",
            "id": 13,
            "location": {
              "x": 6.66,
              "y": 25.38
            },
            "dimensions": {
              "width": 0.31,
              "height": 0.45
            }
          },
          {
            "type": "Door",
            "id": 14,
            "location": {
              "x": 3.84,
              "y": 25.37
            },
            "dimensions": {
              "width": 0.32,
              "height": 0.46
            }
          },
          {
            "type": "Door",
            "id": 15,
            "location": {
              "x": 3.69,
              "y": 25.37
            },
            "dimensions": {
              "width": 0.07,
              "height": 0.46
            }
          },
          {
            "type": "Door",
            "id": 16,
            "location": {
              "x": 5.02,
              "y": 24.98
            },
            "dimensions": {
              "width": 0.06,
              "height": 0.27
            }
          },
          {
            "type": "Door",
            "id": 17,
            "location": {
              "x": 8.18,
              "y": 24.73
            },
            "dimensions": {
              "width": 0.53,
              "height": 0.58
            }
          },
          {
            "type": "Door",
            "id": 18,
            "location": {
              "x": 7.65,
              "y": 24.73
            },
            "dimensions": {
              "width": 0.41,
              "height": 0.58
            }
          },
          {
            "type": "Door",
            "id": 19,
            "location": {
              "x": 7.04,
              "y": 24.73
            },
            "dimensions": {
              "width": 0.52,
              "height": 0.58
            }
          },
          {
            "type": "Door",
            "id": 20,
            "location": {
              "x": 6.47,
              "y": 24.73
            },
            "dimensions": {
              "width": 0.45,
              "height": 0.58
            }
          },
          {
            "type": "Door",
            "id": 21,
            "location": {
              "x": 5.91,
              "y": 24.73
            },
            "dimensions": {
              "width": 0.45,
              "height": 0.58
            }
          },
          {
            "type": "Door",
            "id": 22,
            "location": {
              "x": 4.24,
              "y": 24.73
            },
            "dimensions": {
              "width": 0.52,
              "height": 0.58
            }
          },
          {
            "type": "Door",
            "id": 23,
            "location": {
              "x": 3.72,
              "y": 24.73
            },
            "dimensions": {
              "width": 0.4,
              "height": 0.58
            }
          },
          {
            "type": "Door",
            "id": 24,
            "location": {
              "x": 3.08,
              "y": 24.73
            },
            "dimensions": {
              "width": 0.53,
              "height": 0.58
            }
          },
          {
            "type": "Door",
            "id": 25,
            "location": {
              "x": 2.5,
              "y": 24.73
            },
            "dimensions": {
              "width": 0.46,
              "height": 0.58
            }
          },
          {
            "type": "Door",
            "id": 26,
            "location": {
              "x": 9.0,
              "y": 23.83
            },
            "dimensions": {
              "width": 0.03,
              "height": 1.45
            }
          },
          {
            "type": "Door",
            "id": 27,
            "location": {
              "x": 8.53,
              "y": 21.25
            },
            "dimensions": {
              "width": 0.18,
              "height": 0.18
            }
          },
          {
            "type": "Door",
            "id": 28,
            "location": {
              "x": 6.0,
              "y": 20.15
            },
            "dimensions": {
              "width": 1.95,
              "height": 0.45
            }
          },
          {
            "type": "Door",
            "id": 29,
            "location": {
              "x": 2.34,
              "y": 20.11
            },
            "dimensions": {
              "width": 1.95,
              "height": 0.45
            }
          },
          {
            "type": "Door",
            "id": 30,
            "location": {
              "x": 2.88,
              "y": 19.74
            },
            "dimensions": {
              "width": 0.3,
              "height": 0.45
            }
          },
          {
            "type": "Door",
            "id": 31,
            "location": {
              "x": 3.8,
              "y": 19.73
            },
            "dimensions": {
              "width": 0.24,
              "height": 0.46
            }
          },
          {
            "type": "Door",
            "id": 32,
            "location": {
              "x": 2.34,
              "y": 19.73
            },
            "dimensions": {
              "width": 0.28,
              "height": 0.46
            }
          },
          {
            "type": "Door",
            "id": 33,
            "location": {
              "x": 1.97,
              "y": 19.73
            },
            "dimensions": {
              "width": 0.25,
              "height": 0.46
            }
          },
          {
            "type": "Door",
            "id": 34,
            "location": {
              "x": 8.3,
              "y": 19.44
            },
            "dimensions": {
              "width": 0.34,
              "height": 0.34
            }
          },
          {
            "type": "Door",
            "id": 35,
            "location": {
              "x": 4.21,
              "y": 19.15
            },
            "dimensions": {
              "width": 0.27,
              "height": 0.45
            }
          },
          {
            "type": "Door",
            "id": 36,
            "location": {
              "x": 3.8,
              "y": 19.15
            },
            "dimensions": {
              "width": 0.27,
              "height": 0.45
            }
          },
          {
            "type": "Door",
            "id": 37,
            "location": {
              "x": 3.02,
              "y": 19.15
            },
            "dimensions": {
              "width": 0.28,
              "height": 0.45
            }
          },
          {
            "type": "Door",
            "id": 38,
            "location": {
              "x": 2.62,
              "y": 19.15
            },
            "dimensions": {
              "width": 0.28,
              "height": 0.45
            }
          },
          {
            "type": "Door",
            "id": 39,
            "location": {
              "x": 7.41,
              "y": 19.1
            },
            "dimensions": {
              "width": 0.25,
              "height": 0.45
            }
          },
          {
            "type": "Door",
            "id": 40,
            "location": {
              "x": 7.04,
              "y": 19.1
            },
            "dimensions": {
              "width": 0.28,
              "height": 0.45
            }
          },
          {
            "type": "Door",
            "id": 41,
            "location": {
              "x": 8.36,
              "y": 19.02
            },
            "dimensions": {
              "width": 0.23,
              "height": 0.23
            }
          },
          {
            "type": "Door",
            "id": 42,
            "location": {
              "x": 7.99,
              "y": 18.96
            },
            "dimensions": {
              "width": 0.08,
              "height": 0.83
            }
          },
          {
            "type": "Door",
            "id": 43,
            "location": {
              "x": 9.29,
              "y": 18.89
            },
            "dimensions": {
              "width": 0.14,
              "height": 0.98
            }
          },
          {
            "type": "Door",
            "id": 44,
            "location": {
              "x": 5.42,
              "y": 18.17
            },
            "dimensions": {
              "width": 3.39,
              "height": 4.73
            }
          },
          {
            "type": "Door",
            "id": 45,
            "location": {
              "x": 6.83,
              "y": 17.85
            },
            "dimensions": {
              "width": 0.23,
              "height": 0.2
            }
          },
          {
            "type": "Door",
            "id": 46,
            "location": {
              "x": 7.61,
              "y": 17.83
            },
            "dimensions": {
              "width": 0.28,
              "height": 0.45
            }
          },
          {
            "type": "Door",
            "id": 47,
            "location": {
              "x": 4.45,
              "y": 17.82
            },
            "dimensions": {
              "width": 0.21,
              "height": 0.06
            }
          },
          {
            "type": "Door",
            "id": 48,
            "location": {
              "x": 2.31,
              "y": 17.82
            },
            "dimensions": {
              "width": 0.21,
              "height": 0.06
            }
          },
          {
            "type": "Door",
            "id": 49,
            "location": {
              "x": 3.73,
              "y": 17.63
            },
            "dimensions": {
              "width": 0.07,
              "height": 0.45
            }
          },
          {
            "type": "Door",
            "id": 50,
            "location": {
              "x": 4.75,
              "y": 17.62
            },
            "dimensions": {
              "width": 0.32,
              "height": 0.65
            }
          },
          {
            "type": "Door",
            "id": 51,
            "location": {
              "x": 3.89,
              "y": 17.62
            },
            "dimensions": {
              "width": 0.31,
              "height": 0.46
            }
          },
          {
            "type": "Door",
            "id": 52,
            "location": {
              "x": 3.25,
              "y": 17.62
            },
            "dimensions": {
              "width": 0.35,
              "height": 0.46
            }
          },
          {
            "type": "Door",
            "id": 53,
            "location": {
              "x": 2.61,
              "y": 17.62
            },
            "dimensions": {
              "width": 0.31,
              "height": 0.46
            }
          },
          {
            "type": "Door",
            "id": 54,
            "location": {
              "x": 1.74,
              "y": 17.62
            },
            "dimensions": {
              "width": 0.32,
              "height": 0.46
            }
          },
          {
            "type": "Door",
            "id": 55,
            "location": {
              "x": 1.59,
              "y": 17.62
            },
            "dimensions": {
              "width": 0.06,
              "height": 0.46
            }
          },
          {
            "type": "Door",
            "id": 56,
            "location": {
              "x": 8.05,
              "y": 16.98
            },
            "dimensions": {
              "width": 0.04,
              "height": 1.07
            }
          },
          {
            "type": "Door",
            "id": 57,
            "location": {
              "x": 3.47,
              "y": 16.98
            },
            "dimensions": {
              "width": 0.38,
              "height": 0.58
            }
          },
          {
            "type": "Door",
            "id": 58,
            "location": {
              "x": 1.85,
              "y": 16.98
            },
            "dimensions": {
              "width": 0.47,
              "height": 0.58
            }
          },
          {
            "type": "Door",
            "id": 59,
            "location": {
              "x": 1.2,
              "y": 16.98
            },
            "dimensions": {
              "width": 0.53,
              "height": 0.58
            }
          },
          {
            "type": "Door",
            "id": 60,
            "location": {
              "x": 7.13,
              "y": 16.17
            },
            "dimensions": {
              "width": 2.3,
              "height": 6.73
            }
          },
          {
            "type": "Door",
            "id": 61,
            "location": {
              "x": 2.59,
              "y": 15.35
            },
            "dimensions": {
              "width": 2.42,
              "height": 0.59
            }
          },
          {
            "type": "Door",
            "id": 62,
            "location": {
              "x": 3.23,
              "y": 15.3
            },
            "dimensions": {
              "width": 0.19,
              "height": 0.3
            }
          },
          {
            "type": "Door",
            "id": 63,
            "location": {
              "x": 3.62,
              "y": 14.93
            },
            "dimensions": {
              "width": 0.18,
              "height": 0.3
            }
          },
          {
            "type": "Door",
            "id": 64,
            "location": {
              "x": 3.37,
              "y": 14.93
            },
            "dimensions": {
              "width": 0.17,
              "height": 0.3
            }
          },
          {
            "type": "Door",
            "id": 65,
            "location": {
              "x": 8.0,
              "y": 14.77
            },
            "dimensions": {
              "width": 0.13,
              "height": 0.18
            }
          },
          {
            "type": "Door",
            "id": 66,
            "location": {
              "x": 7.08,
              "y": 14.67
            },
            "dimensions": {
              "width": 0.19,
              "height": 0.29
            }
          },
          {
            "type": "Door",
            "id": 67,
            "location": {
              "x": 6.37,
              "y": 14.67
            },
            "dimensions": {
              "width": 0.18,
              "height": 0.29
            }
          },
          {
            "type": "Door",
            "id": 68,
            "location": {
              "x": 6.14,
              "y": 14.67
            },
            "dimensions": {
              "width": 0.18,
              "height": 0.29
            }
          },
          {
            "type": "Door",
            "id": 69,
            "location": {
              "x": 8.74,
              "y": 14.55
            },
            "dimensions": {
              "width": 0.67,
              "height": 0.69
            }
          },
          {
            "type": "Door",
            "id": 70,
            "location": {
              "x": 4.17,
              "y": 14.16
            },
            "dimensions": {
              "width": 0.1,
              "height": 1.41
            }
          },
          {
            "type": "Door",
            "id": 71,
            "location": {
              "x": 5.02,
              "y": 13.75
            },
            "dimensions": {
              "width": 4.41,
              "height": 3.99
            }
          },
          {
            "type": "Door",
            "id": 72,
            "location": {
              "x": 2.56,
              "y": 12.95
            },
            "dimensions": {
              "width": 3.08,
              "height": 2.99
            }
          },
          {
            "type": "Door",
            "id": 73,
            "location": {
              "x": 4.67,
              "y": 11.85
            },
            "dimensions": {
              "width": 0.69,
              "height": 0.99
            }
          },
          {
            "type": "Door",
            "id": 74,
            "location": {
              "x": 5.76,
              "y": 11.07
            },
            "dimensions": {
              "width": 0.21,
              "height": 0.06
            }
          },
          {
            "type": "Door",
            "id": 75,
            "location": {
              "x": 6.55,
              "y": 10.87
            },
            "dimensions": {
              "width": 0.07,
              "height": 0.18
            }
          },
          {
            "type": "Door",
            "id": 76,
            "location": {
              "x": 6.06,
              "y": 10.87
            },
            "dimensions": {
              "width": 0.31,
              "height": 0.45
            }
          },
          {
            "type": "Door",
            "id": 77,
            "location": {
              "x": 5.6,
              "y": 10.87
            },
            "dimensions": {
              "width": 0.08,
              "height": 0.18
            }
          },
          {
            "type": "Door",
            "id": 78,
            "location": {
              "x": 5.64,
              "y": 10.54
            },
            "dimensions": {
              "width": 0.2,
              "height": 0.07
            }
          },
          {
            "type": "Door",
            "id": 79,
            "location": {
              "x": 6.59,
              "y": 10.34
            },
            "dimensions": {
              "width": 0.34,
              "height": 0.46
            }
          },
          {
            "type": "Door",
            "id": 80,
            "location": {
              "x": 5.94,
              "y": 10.34
            },
            "dimensions": {
              "width": 0.31,
              "height": 0.46
            }
          },
          {
            "type": "Door",
            "id": 81,
            "location": {
              "x": 5.09,
              "y": 10.34
            },
            "dimensions": {
              "width": 0.3,
              "height": 0.46
            }
          },
          {
            "type": "Door",
            "id": 82,
            "location": {
              "x": 5.19,
              "y": 10.01
            },
            "dimensions": {
              "width": 0.16,
              "height": 0.21
            }
          },
          {
            "type": "Door",
            "id": 83,
            "location": {
              "x": 5.19,
              "y": 9.76
            },
            "dimensions": {
              "width": 0.16,
              "height": 0.19
            }
          },
          {
            "type": "Door",
            "id": 84,
            "location": {
              "x": 6.71,
              "y": 9.7
            },
            "dimensions": {
              "width": 0.53,
              "height": 0.58
            }
          },
          {
            "type": "Door",
            "id": 85,
            "location": {
              "x": 6.18,
              "y": 9.7
            },
            "dimensions": {
              "width": 0.41,
              "height": 0.58
            }
          },
          {
            "type": "Door",
            "id": 86,
            "location": {
              "x": 5.55,
              "y": 9.7
            },
            "dimensions": {
              "width": 0.54,
              "height": 0.58
            }
          },
          {
            "type": "Door",
            "id": 87,
            "location": {
              "x": 3.76,
              "y": 9.11
            },
            "dimensions": {
              "width": 1.14,
              "height": 2.41
            }
          },
          {
            "type": "Door",
            "id": 89,
            "location": {
              "x": 5.87,
              "y": 7.44
            },
            "dimensions": {
              "width": 0.15,
              "height": 0.12
            }
          },
          {
            "type": "Door",
            "id": 90,
            "location": {
              "x": 5.87,
              "y": 7.31
            },
            "dimensions": {
              "width": 0.15,
              "height": 0.12
            }
          },
          {
            "type": "Door",
            "id": 91,
            "location": {
              "x": 5.02,
              "y": 7.31
            },
            "dimensions": {
              "width": 0.14,
              "height": 0.12
            }
          },
          {
            "type": "Door",
            "id": 92,
            "location": {
              "x": 5.62,
              "y": 7.29
            },
            "dimensions": {
              "width": 0.19,
              "height": 0.28
            }
          },
          {
            "type": "Door",
            "id": 93,
            "location": {
              "x": 4.17,
              "y": 7.29
            },
            "dimensions": {
              "width": 0.19,
              "height": 0.28
            }
          },
          {
            "type": "Door",
            "id": 94,
            "location": {
              "x": 3.94,
              "y": 7.28
            },
            "dimensions": {
              "width": 0.19,
              "height": 0.29
            }
          },
          {
            "type": "Door",
            "id": 95,
            "location": {
              "x": 3.69,
              "y": 7.28
            },
            "dimensions": {
              "width": 0.19,
              "height": 0.3
            }
          },
          {
            "type": "Door",
            "id": 96,
            "location": {
              "x": 4.02,
              "y": 4.97
            },
            "dimensions": {
              "width": 0.13,
              "height": 0.34
            }
          },
          {
            "type": "Door",
            "id": 97,
            "location": {
              "x": 8.75,
              "y": 4.79
            },
            "dimensions": {
              "width": 1.22,
              "height": 24.63
            }
          },
          {
            "type": "Door",
            "id": 98,
            "location": {
              "x": 3.09,
              "y": 4.5
            },
            "dimensions": {
              "width": 0.06,
              "height": 0.47
            }
          },
          {
            "type": "Door",
            "id": 99,
            "location": {
              "x": 2.69,
              "y": 4.49
            },
            "dimensions": {
              "width": 0.29,
              "height": 0.45
            }
          },
          {
            "type": "Door",
            "id": 100,
            "location": {
              "x": 2.13,
              "y": 4.49
            },
            "dimensions": {
              "width": 0.27,
              "height": 0.45
            }
          },
          {
            "type": "Door",
            "id": 101,
            "location": {
              "x": 1.76,
              "y": 4.49
            },
            "dimensions": {
              "width": 0.24,
              "height": 0.45
            }
          },
          {
            "type": "Door",
            "id": 102,
            "location": {
              "x": 5.0,
              "y": 4.41
            },
            "dimensions": {
              "width": 0.03,
              "height": 1.44
            }
          },
          {
            "type": "Door",
            "id": 103,
            "location": {
              "x": 2.11,
              "y": 3.97
            },
            "dimensions": {
              "width": 0.28,
              "height": 0.44
            }
          },
          {
            "type": "Door",
            "id": 104,
            "location": {
              "x": 4.1,
              "y": 3.96
            },
            "dimensions": {
              "width": 0.27,
              "height": 0.46
            }
          },
          {
            "type": "Door",
            "id": 105,
            "location": {
              "x": 3.3,
              "y": 3.96
            },
            "dimensions": {
              "width": 0.27,
              "height": 0.45
            }
          },
          {
            "type": "Door",
            "id": 106,
            "location": {
              "x": 2.52,
              "y": 3.96
            },
            "dimensions": {
              "width": 0.27,
              "height": 0.45
            }
          },
          {
            "type": "Door",
            "id": 107,
            "location": {
              "x": 6.21,
              "y": 2.25
            },
            "dimensions": {
              "width": 0.21,
              "height": 0.07
            }
          },
          {
            "type": "Door",
            "id": 108,
            "location": {
              "x": 4.06,
              "y": 2.25
            },
            "dimensions": {
              "width": 0.21,
              "height": 0.07
            }
          },
          {
            "type": "Door",
            "id": 109,
            "location": {
              "x": 5.02,
              "y": 2.09
            },
            "dimensions": {
              "width": 0.14,
              "height": 0.4
            }
          },
          {
            "type": "Door",
            "id": 110,
            "location": {
              "x": 4.36,
              "y": 2.07
            },
            "dimensions": {
              "width": 0.31,
              "height": 0.45
            }
          },
          {
            "type": "Door",
            "id": 111,
            "location": {
              "x": 6.88,
              "y": 2.06
            },
            "dimensions": {
              "width": 0.15,
              "height": 0.17
            }
          },
          {
            "type": "Door",
            "id": 112,
            "location": {
              "x": 6.51,
              "y": 2.06
            },
            "dimensions": {
              "width": 0.27,
              "height": 0.46
            }
          },
          {
            "type": "Door",
            "id": 113,
            "location": {
              "x": 5.65,
              "y": 2.06
            },
            "dimensions": {
              "width": 0.31,
              "height": 0.46
            }
          },
          {
            "type": "Door",
            "id": 114,
            "location": {
              "x": 5.49,
              "y": 2.06
            },
            "dimensions": {
              "width": 0.07,
              "height": 0.46
            }
          },
          {
            "type": "Door",
            "id": 115,
            "location": {
              "x": 3.9,
              "y": 2.06
            },
            "dimensions": {
              "width": 0.08,
              "height": 0.17
            }
          },
          {
            "type": "Door",
            "id": 116,
            "location": {
              "x": 3.5,
              "y": 2.06
            },
            "dimensions": {
              "width": 0.31,
              "height": 0.46
            }
          },
          {
            "type": "Door",
            "id": 117,
            "location": {
              "x": 3.35,
              "y": 2.06
            },
            "dimensions": {
              "width": 0.06,
              "height": 0.46
            }
          },
          {
            "type": "Door",
            "id": 118,
            "location": {
              "x": 3.37,
              "y": 1.72
            },
            "dimensions": {
              "width": 0.16,
              "height": 0.21
            }
          },
          {
            "type": "Door",
            "id": 119,
            "location": {
              "x": 5.16,
              "y": 1.48
            },
            "dimensions": {
              "width": 0.19,
              "height": 0.19
            }
          },
          {
            "type": "Door",
            "id": 120,
            "location": {
              "x": 3.37,
              "y": 1.48
            },
            "dimensions": {
              "width": 0.15,
              "height": 0.19
            }
          },
          {
            "type": "Door",
            "id": 121,
            "location": {
              "x": 6.15,
              "y": 1.42
            },
            "dimensions": {
              "width": 0.45,
              "height": 0.58
            }
          },
          {
            "type": "Door",
            "id": 122,
            "location": {
              "x": 5.6,
              "y": 1.42
            },
            "dimensions": {
              "width": 0.45,
              "height": 0.58
            }
          },
          {
            "type": "Door",
            "id": 123,
            "location": {
              "x": 4.98,
              "y": 1.42
            },
            "dimensions": {
              "width": 0.51,
              "height": 1.58
            }
          },
          {
            "type": "Door",
            "id": 124,
            "location": {
              "x": 4.33,
              "y": 1.42
            },
            "dimensions": {
              "width": 0.53,
              "height": 0.58
            }
          },
          {
            "type": "Door",
            "id": 125,
            "location": {
              "x": 3.74,
              "y": 1.42
            },
            "dimensions": {
              "width": 0.46,
              "height": 0.58
            }
          },
          {
            "type": "Door",
            "id": 126,
            "location": {
              "x": 0.8,
              "y": 0.57
            },
            "dimensions": {
              "width": 8.84,
              "height": 27.6
            }
          }
        ],
        "connected_to": []
      },
      {
        "id": 2,
        "name": "Room_2",
        "shape": "Irregular",
        "dimensions": {
          "width": 5.44,
          "length": 0.03,
          "height": 4.35
        },
        "position": {
          "x": 2.51,
          "y": 0.25
        },
        "windows": [],
        "doors": [],
        "connected_to": []
      }
    ],
    "doorsAndWindows": [
      {
        "type": "Door",
        "id": 1,
        "location": {
          "x": 1.73,
          "y": 28.2
        },
        "dimensions": {
          "width": 6.99,
          "height": 0.6
        }
      },
      {
        "type": "Door",
        "id": 2,
        "location": {
          "x": 0.66,
          "y": 27.91
        },
        "dimensions": {
          "width": 0.18,
          "height": 0.4
        }
      },
      {
        "type": "Door",
        "id": 3,
        "location": {
          "x": 9.03,
          "y": 27.57
        },
        "dimensions": {
          "width": 0.61,
          "height": 0.6
        }
      },
      {
        "type": "Door",
        "id": 4,
        "location": {
          "x": 0.8,
          "y": 27.57
        },
        "dimensions": {
          "width": 0.61,
          "height": 0.6
        }
      },
      {
        "type": "Door",
        "id": 5,
        "location": {
          "x": 8.74,
          "y": 27.27
        },
        "dimensions": {
          "width": 1.19,
          "height": 1.19
        }
      },
      {
        "type": "Door",
        "id": 6,
        "location": {
          "x": 8.74,
          "y": 27.27
        },
        "dimensions": {
          "width": 0.9,
          "height": 0.9
        }
      },
      {
        "type": "Door",
        "id": 7,
        "location": {
          "x": 0.8,
          "y": 27.27
        },
        "dimensions": {
          "width": 0.9,
          "height": 0.9
        }
      },
      {
        "type": "Door",
        "id": 8,
        "location": {
          "x": 5.85,
          "y": 25.62
        },
        "dimensions": {
          "width": 0.2,
          "height": 0.15
        }
      },
      {
        "type": "Door",
        "id": 9,
        "location": {
          "x": 6.36,
          "y": 25.56
        },
        "dimensions": {
          "width": 0.21,
          "height": 0.07
        }
      },
      {
        "type": "Door",
        "id": 10,
        "location": {
          "x": 4.41,
          "y": 25.56
        },
        "dimensions": {
          "width": 0.2,
          "height": 0.07
        }
      },
      {
        "type": "Door",
        "id": 11,
        "location": {
          "x": 5.85,
          "y": 25.43
        },
        "dimensions": {
          "width": 0.2,
          "height": 0.14
        }
      },
      {
        "type": "Door",
        "id": 12,
        "location": {
          "x": 4.76,
          "y": 25.43
        },
        "dimensions": {
          "width": 0.2,
          "height": 0.34
        }
      },
      {
        "type": "Door",
        "id": 13,
        "location": {
          "x": 6.66,
          "y": 25.38
        },
        "dimensions": {
          "width": 0.31,
          "height": 0.45
        }
      },
      {
        "type": "Door",
        "id": 14,
        "location": {
          "x": 3.84,
          "y": 25.37
        },
        "dimensions": {
          "width": 0.32,
          "height": 0.46
        }
      },
      {
        "type": "Door",
        "id": 15,
        "location": {
          "x": 3.69,
          "y": 25.37
        },
        "dimensions": {
          "width": 0.07,
          "height": 0.46
        }
      },
      {
        "type": "Door",
        "id": 16,
        "location": {
          "x": 5.02,
          "y": 24.98
        },
        "dimensions": {
          "width": 0.06,
          "height": 0.27
        }
      },
      {
        "type": "Door",
        "id": 17,
        "location": {
          "x": 8.18,
          "y": 24.73
        },
        "dimensions": {
          "width": 0.53,
          "height": 0.58
        }
      },
      {
        "type": "Door",
        "id": 18,
        "location": {
          "x": 7.65,
          "y": 24.73
        },
        "dimensions": {
          "width": 0.41,
          "height": 0.58
        }
      },
      {
        "type": "Door",
        "id": 19,
        "location": {
          "x": 7.04,
          "y": 24.73
        },
        "dimensions": {
          "width": 0.52,
          "height": 0.58
        }
      },
      {
        "type": "Door",
        "id": 20,
        "location": {
          "x": 6.47,
          "y": 24.73
        },
        "dimensions": {
          "width": 0.45,
          "height": 0.58
        }
      },
      {
        "type": "Door",
        "id": 21,
        "location": {
          "x": 5.91,
          "y": 24.73
        },
        "dimensions": {
          "width": 0.45,
          "height": 0.58
        }
      },
      {
        "type": "Door",
        "id": 22,
        "location": {
          "x": 4.24,
          "y": 24.73
        },
        "dimensions": {
          "width": 0.52,
          "height": 0.58
        }
      },
      {
        "type": "Door",
        "id": 23,
        "location": {
          "x": 3.72,
          "y": 24.73
        },
        "dimensions": {
          "width": 0.4,
          "height": 0.58
        }
      },
      {
        "type": "Door",
        "id": 24,
        "location": {
          "x": 3.08,
          "y": 24.73
        },
        "dimensions": {
          "width": 0.53,
          "height": 0.58
        }
      },
      {
        "type": "Door",
        "id": 25,
        "location": {
          "x": 2.5,
          "y": 24.73
        },
        "dimensions": {
          "width": 0.46,
          "height": 0.58
        }
      },
      {
        "type": "Door",
        "id": 26,
        "location": {
          "x": 9.0,
          "y": 23.83
        },
        "dimensions": {
          "width": 0.03,
          "height": 1.45
        }
      },
      {
        "type": "Door",
        "id": 27,
        "location": {
          "x": 8.53,
          "y": 21.25
        },
        "dimensions": {
          "width": 0.18,
          "height": 0.18
        }
      },
      {
        "type": "Door",
        "id": 28,
        "location": {
          "x": 6.0,
          "y": 20.15
        },
        "dimensions": {
          "width": 1.95,
          "height": 0.45
        }
      },
      {
        "type": "Door",
        "id": 29,
        "location": {
          "x": 2.34,
          "y": 20.11
        },
        "dimensions": {
          "width": 1.95,
          "height": 0.45
        }
      },
      {
        "type": "Door",
        "id": 30,
        "location": {
          "x": 2.88,
          "y": 19.74
        },
        "dimensions": {
          "width": 0.3,
          "height": 0.45
        }
      },
      {
        "type": "Door",
        "id": 31,
        "location": {
          "x": 3.8,
          "y": 19.73
        },
        "dimensions": {
          "width": 0.24,
          "height": 0.46
        }
      },
      {
        "type": "Door",
        "id": 32,
        "location": {
          "x": 2.34,
          "y": 19.73
        },
        "dimensions": {
          "width": 0.28,
          "height": 0.46
        }
      },
      {
        "type": "Door",
        "id": 33,
        "location": {
          "x": 1.97,
          "y": 19.73
        },
        "dimensions": {
          "width": 0.25,
          "height": 0.46
        }
      },
      {
        "type": "Door",
        "id": 34,
        "location": {
          "x": 8.3,
          "y": 19.44
        },
        "dimensions": {
          "width": 0.34,
          "height": 0.34
        }
      },
      {
        "type": "Door",
        "id": 35,
        "location": {
          "x": 4.21,
          "y": 19.15
        },
        "dimensions": {
          "width": 0.27,
          "height": 0.45
        }
      },
      {
        "type": "Door",
        "id": 36,
        "location": {
          "x": 3.8,
          "y": 19.15
        },
        "dimensions": {
          "width": 0.27,
          "height": 0.45
        }
      },
      {
        "type": "Door",
        "id": 37,
        "location": {
          "x": 3.02,
          "y": 19.15
        },
        "dimensions": {
          "width": 0.28,
          "height": 0.45
        }
      },
      {
        "type": "Door",
        "id": 38,
        "location": {
          "x": 2.62,
          "y": 19.15
        },
        "dimensions": {
          "width": 0.28,
          "height": 0.45
        }
      },
      {
        "type": "Door",
        "id": 39,
        "location": {
          "x": 7.41,
          "y": 19.1
        },
        "dimensions": {
          "width": 0.25,
          "height": 0.45
        }
      },
      {
        "type": "Door",
        "id": 40,
        "location": {
          "x": 7.04,
          "y": 19.1
        },
        "dimensions": {
          "width": 0.28,
          "height": 0.45
        }
      },
      {
        "type": "Door",
        "id": 41,
        "location": {
          "x": 8.36,
          "y": 19.02
        },
        "dimensions": {
          "width": 0.23,
          "height": 0.23
        }
      },
      {
        "type": "Door",
        "id": 42,
        "location": {
          "x": 7.99,
          "y": 18.96
        },
        "dimensions": {
          "width": 0.08,
          "height": 0.83
        }
      },
      {
        "type": "Door",
        "id": 43,
        "location": {
          "x": 9.29,
          "y": 18.89
        },
        "dimensions": {
          "width": 0.14,
          "height": 0.98
        }
      },
      {
        "type": "Door",
        "id": 44,
        "location": {
          "x": 5.42,
          "y": 18.17
        },
        "dimensions": {
          "width": 3.39,
          "height": 4.73
        }
      },
      {
        "type": "Door",
        "id": 45,
        "location": {
          "x": 6.83,
          "y": 17.85
        },
        "dimensions": {
          "width": 0.23,
          "height": 0.2
        }
      },
      {
        "type": "Door",
        "id": 46,
        "location": {
          "x": 7.61,
          "y": 17.83
        },
        "dimensions": {
          "width": 0.28,
          "height": 0.45
        }
      },
      {
        "type": "Door",
        "id": 47,
        "location": {
          "x": 4.45,
          "y": 17.82
        },
        "dimensions": {
          "width": 0.21,
          "height": 0.06
        }
      },
      {
        "type": "Door",
        "id": 48,
        "location": {
          "x": 2.31,
          "y": 17.82
        },
        "dimensions": {
          "width": 0.21,
          "height": 0.06
        }
      },
      {
        "type": "Door",
        "id": 49,
        "location": {
          "x": 3.73,
          "y": 17.63
        },
        "dimensions": {
          "width": 0.07,
          "height": 0.45
        }
      },
      {
        "type": "Door",
        "id": 50,
        "location": {
          "x": 4.75,
          "y": 17.62
        },
        "dimensions": {
          "width": 0.32,
          "height": 0.65
        }
      },
      {
        "type": "Door",
        "id": 51,
        "location": {
          "x": 3.89,
          "y": 17.62
        },
        "dimensions": {
          "width": 0.31,
          "height": 0.46
        }
      },
      {
        "type": "Door",
        "id": 52,
        "location": {
          "x": 3.25,
          "y": 17.62
        },
        "dimensions": {
          "width": 0.35,
          "height": 0.46
        }
      },
      {
        "type": "Door",
        "id": 53,
        "location": {
          "x": 2.61,
          "y": 17.62
        },
        "dimensions": {
          "width": 0.31,
          "height": 0.46
        }
      },
      {
        "type": "Door",
        "id": 54,
        "location": {
          "x": 1.74,
          "y": 17.62
        },
        "dimensions": {
          "width": 0.32,
          "height": 0.46
        }
      },
      {
        "type": "Door",
        "id": 55,
        "location": {
          "x": 1.59,
          "y": 17.62
        },
        "dimensions": {
          "width": 0.06,
          "height": 0.46
        }
      },
      {
        "type": "Door",
        "id": 56,
        "location": {
          "x": 8.05,
          "y": 16.98
        },
        "dimensions": {
          "width": 0.04,
          "height": 1.07
        }
      },
      {
        "type": "Door",
        "id": 57,
        "location": {
          "x": 3.47,
          "y": 16.98
        },
        "dimensions": {
          "width": 0.38,
          "height": 0.58
        }
      },
      {
        "type": "Door",
        "id": 58,
        "location": {
          "x": 1.85,
          "y": 16.98
        },
        "dimensions": {
          "width": 0.47,
          "height": 0.58
        }
      },
      {
        "type": "Door",
        "id": 59,
        "location": {
          "x": 1.2,
          "y": 16.98
        },
        "dimensions": {
          "width": 0.53,
          "height": 0.58
        }
      },
      {
        "type": "Door",
        "id": 60,
        "location": {
          "x": 7.13,
          "y": 16.17
        },
        "dimensions": {
          "width": 2.3,
          "height": 6.73
        }
      },
      {
        "type": "Door",
        "id": 61,
        "location": {
          "x": 2.59,
          "y": 15.35
        },
        "dimensions": {
          "width": 2.42,
          "height": 0.59
        }
      },
      {
        "type": "Door",
        "id": 62,
        "location": {
          "x": 3.23,
          "y": 15.3
        },
        "dimensions": {
          "width": 0.19,
          "height": 0.3
        }
      },
      {
        "type": "Door",
        "id": 63,
        "location": {
          "x": 3.62,
          "y": 14.93
        },
        "dimensions": {
          "width": 0.18,
          "height": 0.3
        }
      },
      {
        "type": "Door",
        "id": 64,
        "location": {
          "x": 3.37,
          "y": 14.93
        },
        "dimensions": {
          "width": 0.17,
          "height": 0.3
        }
      },
      {
        "type": "Door",
        "id": 65,
        "location": {
          "x": 8.0,
          "y": 14.77
        },
        "dimensions": {
          "width": 0.13,
          "height": 0.18
        }
      },
      {
        "type": "Door",
        "id": 66,
        "location": {
          "x": 7.08,
          "y": 14.67
        },
        "dimensions": {
          "width": 0.19,
          "height": 0.29
        }
      },
      {
        "type": "Door",
        "id": 67,
        "location": {
          "x": 6.37,
          "y": 14.67
        },
        "dimensions": {
          "width": 0.18,
          "height": 0.29
        }
      },
      {
        "type": "Door",
        "id": 68,
        "location": {
          "x": 6.14,
          "y": 14.67
        },
        "dimensions": {
          "width": 0.18,
          "height": 0.29
        }
      },
      {
        "type": "Door",
        "id": 69,
        "location": {
          "x": 8.74,
          "y": 14.55
        },
        "dimensions": {
          "width": 0.67,
          "height": 0.69
        }
      },
      {
        "type": "Door",
        "id": 70,
        "location": {
          "x": 4.17,
          "y": 14.16
        },
        "dimensions": {
          "width": 0.1,
          "height": 1.41
        }
      },
      {
        "type": "Door",
        "id": 71,
        "location": {
          "x": 5.02,
          "y": 13.75
        },
        "dimensions": {
          "width": 4.41,
          "height": 3.99
        }
      },
      {
        "type": "Door",
        "id": 72,
        "location": {
          "x": 2.56,
          "y": 12.95
        },
        "dimensions": {
          "width": 3.08,
          "height": 2.99
        }
      },
      {
        "type": "Door",
        "id": 73,
        "location": {
          "x": 4.67,
          "y": 11.85
        },
        "dimensions": {
          "width": 0.69,
          "height": 0.99
        }
      },
      {
        "type": "Door",
        "id": 74,
        "location": {
          "x": 5.76,
          "y": 11.07
        },
        "dimensions": {
          "width": 0.21,
          "height": 0.06
        }
      },
      {
        "type": "Door",
        "id": 75,
        "location": {
          "x": 6.55,
          "y": 10.87
        },
        "dimensions": {
          "width": 0.07,
          "height": 0.18
        }
      },
      {
        "type": "Door",
        "id": 76,
        "location": {
          "x": 6.06,
          "y": 10.87
        },
        "dimensions": {
          "width": 0.31,
          "height": 0.45
        }
      },
      {
        "type": "Door",
        "id": 77,
        "location": {
          "x": 5.6,
          "y": 10.87
        },
        "dimensions": {
          "width": 0.08,
          "height": 0.18
        }
      },
      {
        "type": "Door",
        "id": 78,
        "location": {
          "x": 5.64,
          "y": 10.54
        },
        "dimensions": {
          "width": 0.2,
          "height": 0.07
        }
      },
      {
        "type": "Door",
        "id": 79,
        "location": {
          "x": 6.59,
          "y": 10.34
        },
        "dimensions": {
          "width": 0.34,
          "height": 0.46
        }
      },
      {
        "type": "Door",
        "id": 80,
        "location": {
          "x": 5.94,
          "y": 10.34
        },
        "dimensions": {
          "width": 0.31,
          "height": 0.46
        }
      },
      {
        "type": "Door",
        "id": 81,
        "location": {
          "x": 5.09,
          "y": 10.34
        },
        "dimensions": {
          "width": 0.3,
          "height": 0.46
        }
      },
      {
        "type": "Door",
        "id": 82,
        "location": {
          "x": 5.19,
          "y": 10.01
        },
        "dimensions": {
          "width": 0.16,
          "height": 0.21
        }
      },
      {
        "type": "Door",
        "id": 83,
        "location": {
          "x": 5.19,
          "y": 9.76
        },
        "dimensions": {
          "width": 0.16,
          "height": 0.19
        }
      },
      {
        "type": "Door",
        "id": 84,
        "location": {
          "x": 6.71,
          "y": 9.7
        },
        "dimensions": {
          "width": 0.53,
          "height": 0.58
        }
      },
      {
        "type": "Door",
        "id": 85,
        "location": {
          "x": 6.18,
          "y": 9.7
        },
        "dimensions": {
          "width": 0.41,
          "height": 0.58
        }
      },
      {
        "type": "Door",
        "id": 86,
        "location": {
          "x": 5.55,
          "y": 9.7
        },
        "dimensions": {
          "width": 0.54,
          "height": 0.58
        }
      },
      {
        "type": "Door",
        "id": 87,
        "location": {
          "x": 3.76,
          "y": 9.11
        },
        "dimensions": {
          "width": 1.14,
          "height": 2.41
        }
      },
      {
        "type": "Window",
        "id": 88,
        "location": {
          "x": 3.54,
          "y": 8.83
        },
        "dimensions": {
          "width": 3.99,
          "height": 0.04
        }
      },
      {
        "type": "Door",
        "id": 89,
        "location": {
          "x": 5.87,
          "y": 7.44
        },
        "dimensions": {
          "width": 0.15,
          "height": 0.12
        }
      },
      {
        "type": "Door",
        "id": 90,
        "location": {
          "x": 5.87,
          "y": 7.31
        },
        "dimensions": {
          "width": 0.15,
          "height": 0.12
        }
      },
      {
        "type": "Door",
        "id": 91,
        "location": {
          "x": 5.02,
          "y": 7.31
        },
        "dimensions": {
          "width": 0.14,
          "height": 0.12
        }
      },
      {
        "type": "Door",
        "id": 92,
        "location": {
          "x": 5.62,
          "y": 7.29
        },
        "dimensions": {
          "width": 0.19,
          "height": 0.28
        }
      },
      {
        "type": "Door",
        "id": 93,
        "location": {
          "x": 4.17,
          "y": 7.29
        },
        "dimensions": {
          "width": 0.19,
          "height": 0.28
        }
      },
      {
        "type": "Door",
        "id": 94,
        "location": {
          "x": 3.94,
          "y": 7.28
        },
        "dimensions": {
          "width": 0.19,
          "height": 0.29
        }
      },
      {
        "type": "Door",
        "id": 95,
        "location": {
          "x": 3.69,
          "y": 7.28
        },
        "dimensions": {
          "width": 0.19,
          "height": 0.3
        }
      },
      {
        "type": "Door",
        "id": 96,
        "location": {
          "x": 4.02,
          "y": 4.97
        },
        "dimensions": {
          "width": 0.13,
          "height": 0.34
        }
      },
      {
        "type": "Door",
        "id": 97,
        "location": {
          "x": 8.75,
          "y": 4.79
        },
        "dimensions": {
          "width": 1.22,
          "height": 24.63
        }
      },
      {
        "type": "Door",
        "id": 98,
        "location": {
          "x": 3.09,
          "y": 4.5
        },
        "dimensions": {
          "width": 0.06,
          "height": 0.47
        }
      },
      {
        "type": "Door",
        "id": 99,
        "location": {
          "x": 2.69,
          "y": 4.49
        },
        "dimensions": {
          "width": 0.29,
          "height": 0.45
        }
      },
      {
        "type": "Door",
        "id": 100,
        "location": {
          "x": 2.13,
          "y": 4.49
        },
        "dimensions": {
          "width": 0.27,
          "height": 0.45
        }
      },
      {
        "type": "Door",
        "id": 101,
        "location": {
          "x": 1.76,
          "y": 4.49
        },
        "dimensions": {
          "width": 0.24,
          "height": 0.45
        }
      },
      {
        "type": "Door",
        "id": 102,
        "location": {
          "x": 5.0,
          "y": 4.41
        },
        "dimensions": {
          "width": 0.03,
          "height": 1.44
        }
      },
      {
        "type": "Door",
        "id": 103,
        "location": {
          "x": 2.11,
          "y": 3.97
        },
        "dimensions": {
          "width": 0.28,
          "height": 0.44
        }
      },
      {
        "type": "Door",
        "id": 104,
        "location": {
          "x": 4.1,
          "y": 3.96
        },
        "dimensions": {
          "width": 0.27,
          "height": 0.46
        }
      },
      {
        "type": "Door",
        "id": 105,
        "location": {
          "x": 3.3,
          "y": 3.96
        },
        "dimensions": {
          "width": 0.27,
          "height": 0.45
        }
      },
      {
        "type": "Door",
        "id": 106,
        "location": {
          "x": 2.52,
          "y": 3.96
        },
        "dimensions": {
          "width": 0.27,
          "height": 0.45
        }
      },
      {
        "type": "Door",
        "id": 107,
        "location": {
          "x": 6.21,
          "y": 2.25
        },
        "dimensions": {
          "width": 0.21,
          "height": 0.07
        }
      },
      {
        "type": "Door",
        "id": 108,
        "location": {
          "x": 4.06,
          "y": 2.25
        },
        "dimensions": {
          "width": 0.21,
          "height": 0.07
        }
      },
      {
        "type": "Door",
        "id": 109,
        "location": {
          "x": 5.02,
          "y": 2.09
        },
        "dimensions": {
          "width": 0.14,
          "height": 0.4
        }
      },
      {
        "type": "Door",
        "id": 110,
        "location": {
          "x": 4.36,
          "y": 2.07
        },
        "dimensions": {
          "width": 0.31,
          "height": 0.45
        }
      },
      {
        "type": "Door",
        "id": 111,
        "location": {
          "x": 6.88,
          "y": 2.06
        },
        "dimensions": {
          "width": 0.15,
          "height": 0.17
        }
      },
      {
        "type": "Door",
        "id": 112,
        "location": {
          "x": 6.51,
          "y": 2.06
        },
        "dimensions": {
          "width": 0.27,
          "height": 0.46
        }
      },
      {
        "type": "Door",
        "id": 113,
        "location": {
          "x": 5.65,
          "y": 2.06
        },
        "dimensions": {
          "width": 0.31,
          "height": 0.46
        }
      },
      {
        "type": "Door",
        "id": 114,
        "location": {
          "x": 5.49,
          "y": 2.06
        },
        "dimensions": {
          "width": 0.07,
          "height": 0.46
        }
      },
      {
        "type": "Door",
        "id": 115,
        "location": {
          "x": 3.9,
          "y": 2.06
        },
        "dimensions": {
          "width": 0.08,
          "height": 0.17
        }
      },
      {
        "type": "Door",
        "id": 116,
        "location": {
          "x": 3.5,
          "y": 2.06
        },
        "dimensions": {
          "width": 0.31,
          "height": 0.46
        }
      },
      {
        "type": "Door",
        "id": 117,
        "location": {
          "x": 3.35,
          "y": 2.06
        },
        "dimensions": {
          "width": 0.06,
          "height": 0.46
        }
      },
      {
        "type": "Door",
        "id": 118,
        "location": {
          "x": 3.37,
          "y": 1.72
        },
        "dimensions": {
          "width": 0.16,
          "height": 0.21
        }
      },
      {
        "type": "Door",
        "id": 119,
        "location": {
          "x": 5.16,
          "y": 1.48
        },
        "dimensions": {
          "width": 0.19,
          "height": 0.19
        }
      },
      {
        "type": "Door",
        "id": 120,
        "location": {
          "x": 3.37,
          "y": 1.48
        },
        "dimensions": {
          "width": 0.15,
          "height": 0.19
        }
      },
      {
        "type": "Door",
        "id": 121,
        "location": {
          "x": 6.15,
          "y": 1.42
        },
        "dimensions": {
          "width": 0.45,
          "height": 0.58
        }
      },
      {
        "type": "Door",
        "id": 122,
        "location": {
          "x": 5.6,
          "y": 1.42
        },
        "dimensions": {
          "width": 0.45,
          "height": 0.58
        }
      },
      {
        "type": "Door",
        "id": 123,
        "location": {
          "x": 4.98,
          "y": 1.42
        },
        "dimensions": {
          "width": 0.51,
          "height": 1.58
        }
      },
      {
        "type": "Door",
        "id": 124,
        "location": {
          "x": 4.33,
          "y": 1.42
        },
        "dimensions": {
          "width": 0.53,
          "height": 0.58
        }
      },
      {
        "type": "Door",
        "id": 125,
        "location": {
          "x": 3.74,
          "y": 1.42
        },
        "dimensions": {
          "width": 0.46,
          "height": 0.58
        }
      },
      {
        "type": "Door",
        "id": 126,
        "location": {
          "x": 0.8,
          "y": 0.57
        },
        "dimensions": {
          "width": 8.84,
          "height": 27.6
        }
      },
      {
        "type": "Door",
        "id": 127,
        "location": {
          "x": 0.72,
          "y": 0.25
        },
        "dimensions": {
          "width": 8.99,
          "height": 21.18
        }
      }
    ]
  }
}