{
  "floorPlan": {
    "name": "Floor Plan 13_22.jpg",
    "units": "feet",
    "totalArea": 30.37,
    "totalRooms": 3,
    "rooms": [
      {
        "id": 1,
        "name": "Room_1",
        "shape": "Irregular",
        "dimensions": {
          "width": 4.09,
          "length": 2.1,
          "height": 3.27
        },
        "position": {
          "x": 5.45,
          "y": 2.41
        },
        "windows": [
          {
            "type": "Window",
            "id": 3,
            "location": {
              "x": 8.32,
              "y": 4.08
            },
            "dimensions": {
              "width": 0.73,
              "height": 0.32
            }
          },
          {
            "type": "Window",
            "id": 11,
            "location": {
              "x": 5.56,
              "y": 3.52
            },
            "dimensions": {
              "width": 2.41,
              "height": 0.58
            }
          }
        ],
        "doors": [
          {
            "type": "Door",
            "id": 4,
            "location": {
              "x": 7.64,
              "y": 4.04
            },
            "dimensions": {
              "width": 0.65,
              "height": 0.36
            }
          },
          {
            "type": "Door",
            "id": 5,
            "location": {
              "x": 7.16,
              "y": 3.72
            },
            "dimensions": {
              "width": 0.71,
              "height": 0.68
            }
          },
          {
            "type": "Door",
            "id": 6,
            "location": {
              "x": 9.2,
              "y": 3.57
            },
            "dimensions": {
              "width": 0.22,
              "height": 0.43
            }
          },
          {
            "type": "Door",
            "id": 7,
            "location": {
              "x": 6.34,
              "y": 3.57
            },
            "dimensions": {
              "width": 1.45,
              "height": 0.83
            }
          },
          {
            "type": "Door",
            "id": 8,
            "location": {
              "x": 5.96,
              "y": 3.57
            },
            "dimensions": {
              "width": 1.1,
              "height": 0.83
            }
          },
          {
            "type": "Door",
            "id": 9,
            "location": {
              "x": 5.57,
              "y": 3.57
            },
            "dimensions": {
              "width": 1.17,
              "height": 0.83
            }
          },
          {
            "type": "Door",
            "id": 10,
            "location": {
              "x": 8.64,
              "y": 3.52
            },
            "dimensions": {
              "width": 0.78,
              "height": 0.88
            }
          },
          {
            "type": "Door",
            "id": 13,
            "location": {
              "x": 5.49,
              "y": 2.43
            },
            "dimensions": {
              "width": 4.01,
              "height": 2.05
            }
          }
        ],
        "connected_to": []
      },
      {
        "id": 2,
        "name": "12-4\"*25-0\"",
        "shape": "Hexagon",
        "dimensions": {
          "width": 4.06,
          "length": 4.06,
          "height": 3.25
        },
        "position": {
          "x": 0.14,
          "y": 0.45
        },
        "windows": [],
        "doors": [],
        "connected_to": []
      },
      {
        "id": 3,
        "name": "Room_3",
        "shape": "Irregular",
        "dimensions": {
          "width": 3.35,
          "length": 1.58,
          "height": 2.68
        },
        "position": {
          "x": 6.73,
          "y": 0.43
        },
        "windows": [
          {
            "type": "Window",
            "id": 28,
            "location": {
              "x": 6.75,
              "y": 0.47
            },
            "dimensions": {
              "width": 1.67,
              "height": 0.06
            }
          },
          {
            "type": "Window",
            "id": 31,
            "location": {
              "x": 7.99,
              "y": 0.44
            },
            "dimensions": {
              "width": 0.83,
              "height": 0.41
            }
          }
        ],
        "doors": [
          {
            "type": "Door",
            "id": 17,
            "location": {
              "x": 8.97,
              "y": 1.17
            },
            "dimensions": {
              "width": 0.13,
              "height": 0.12
            }
          },
          {
            "type": "Door",
            "id": 18,
            "location": {
              "x": 8.83,
              "y": 1.17
            },
            "dimensions": {
              "width": 0.13,
              "height": 0.12
            }
          },
          {
            "type": "Door",
            "id": 21,
            "location": {
              "x": 9.2,
              "y": 0.55
            },
            "dimensions": {
              "width": 0.22,
              "height": 0.58
            }
          },
          {
            "type": "Door",
            "id": 22,
            "location": {
              "x": 9.13,
              "y": 0.55
            },
            "dimensions": {
              "width": 0.29,
              "height": 1.3
            }
          },
          {
            "type": "Door",
            "id": 23,
            "location": {
              "x": 8.66,
              "y": 0.55
            },
            "dimensions": {
              "width": 0.45,
              "height": 0.46
            }
          },
          {
            "type": "Door",
            "id": 24,
            "location": {
              "x": 7.54,
              "y": 0.55
            },
            "dimensions": {
              "width": 0.44,
              "height": 0.3
            }
          },
          {
            "type": "Door",
            "id": 27,
            "location": {
              "x": 8.83,
              "y": 0.47
            },
            "dimensions": {
              "width": 0.66,
              "height": 1.51
            }
          }
        ],
        "connected_to": []
      }
    ],
    "doorsAndWindows": [
      {
        "type": "Window",
        "id": 1,
        "location": {
          "x": 9.23,
          "y": 5.08
        },
        "dimensions": {
          "width": 0.3,
          "height": 0.12
        }
      },
      {
        "type": "Window",
        "id": 2,
        "location": {
          "x": 3.37,
          "y": 5.0
        },
        "dimensions": {
          "width": 0.3,
          "height": 0.12
        }
      },
      {
        "type": "Window",
        "id": 3,
        "location": {
          "x": 8.32,
          "y": 4.08
        },
        "dimensions": {
          "width": 0.73,
          "height": 0.32
        }
      },
      {
        "type": "Door",
        "id": 4,
        "location": {
          "x": 7.64,
          "y": 4.04
        },
        "dimensions": {
          "width": 0.65,
          "height": 0.36
        }
      },
      {
        "type": "Door",
        "id": 5,
        "location": {
          "x": 7.16,
          "y": 3.72
        },
        "dimensions": {
          "width": 0.71,
          "height": 0.68
        }
      },
      {
        "type": "Door",
        "id": 6,
        "location": {
          "x": 9.2,
          "y": 3.57
        },
        "dimensions": {
          "width": 0.22,
          "height": 0.43
        }
      },
      {
        "type": "Door",
        "id": 7,
        "location": {
          "x": 6.34,
          "y": 3.57
        },
        "dimensions": {
          "width": 1.45,
          "height": 0.83
        }
      },
      {
        "type": "Door",
        "id": 8,
        "location": {
          "x": 5.96,
          "y": 3.57
        },
        "dimensions": {
          "width": 1.1,
          "height": 0.83
        }
      },
      {
        "type": "Door",
        "id": 9,
        "location": {
          "x": 5.57,
          "y": 3.57
        },
        "dimensions": {
          "width": 1.17,
          "height": 0.83
        }
      },
      {
        "type": "Door",
        "id": 10,
        "location": {
          "x": 8.64,
          "y": 3.52
        },
        "dimensions": {
          "width": 0.78,
          "height": 0.88
        }
      },
      {
        "type": "Window",
        "id": 11,
        "location": {
          "x": 5.56,
          "y": 3.52
        },
        "dimensions": {
          "width": 2.41,
          "height": 0.58
        }
      },
      {
        "type": "Door",
        "id": 12,
        "location": {
          "x": 4.6,
          "y": 2.54
        },
        "dimensions": {
          "width": 0.12,
          "height": 0.11
        }
      },
      {
        "type": "Door",
        "id": 13,
        "location": {
          "x": 5.49,
          "y": 2.43
        },
        "dimensions": {
          "width": 4.01,
          "height": 2.05
        }
      },
      {
        "type": "Door",
        "id": 14,
        "location": {
          "x": 5.46,
          "y": 2.01
        },
        "dimensions": {
          "width": 0.05,
          "height": 0.43
        }
      },
      {
        "type": "Door",
        "id": 15,
        "location": {
          "x": 4.6,
          "y": 1.84
        },
        "dimensions": {
          "width": 0.12,
          "height": 0.12
        }
      },
      {
        "type": "Door",
        "id": 16,
        "location": {
          "x": 6.35,
          "y": 1.33
        },
        "dimensions": {
          "width": 0.67,
          "height": 0.57
        }
      },
      {
        "type": "Door",
        "id": 17,
        "location": {
          "x": 8.97,
          "y": 1.17
        },
        "dimensions": {
          "width": 0.13,
          "height": 0.12
        }
      },
      {
        "type": "Door",
        "id": 18,
        "location": {
          "x": 8.83,
          "y": 1.17
        },
        "dimensions": {
          "width": 0.13,
          "height": 0.12
        }
      },
      {
        "type": "Door",
        "id": 19,
        "location": {
          "x": 5.56,
          "y": 1.07
        },
        "dimensions": {
          "width": 0.22,
          "height": 0.25
        }
      },
      {
        "type": "Door",
        "id": 20,
        "location": {
          "x": 6.51,
          "y": 1.0
        },
        "dimensions": {
          "width": 0.2,
          "height": 0.12
        }
      },
      {
        "type": "Door",
        "id": 21,
        "location": {
          "x": 9.2,
          "y": 0.55
        },
        "dimensions": {
          "width": 0.22,
          "height": 0.58
        }
      },
      {
        "type": "Door",
        "id": 22,
        "location": {
          "x": 9.13,
          "y": 0.55
        },
        "dimensions": {
          "width": 0.29,
          "height": 1.3
        }
      },
      {
        "type": "Door",
        "id": 23,
        "location": {
          "x": 8.66,
          "y": 0.55
        },
        "dimensions": {
          "width": 0.45,
          "height": 0.46
        }
      },
      {
        "type": "Door",
        "id": 24,
        "location": {
          "x": 7.54,
          "y": 0.55
        },
        "dimensions": {
          "width": 0.44,
          "height": 0.3
        }
      },
      {
        "type": "Door",
        "id": 25,
        "location": {
          "x": 5.56,
          "y": 0.55
        },
        "dimensions": {
          "width": 1.04,
          "height": 1.33
        }
      },
      {
        "type": "Door",
        "id": 26,
        "location": {
          "x": 5.56,
          "y": 0.55
        },
        "dimensions": {
          "width": 0.22,
          "height": 0.39
        }
      },
      {
        "type": "Door",
        "id": 27,
        "location": {
          "x": 8.83,
          "y": 0.47
        },
        "dimensions": {
          "width": 0.66,
          "height": 1.51
        }
      },
      {
        "type": "Window",
        "id": 28,
        "location": {
          "x": 6.75,
          "y": 0.47
        },
        "dimensions": {
          "width": 1.67,
          "height": 0.06
        }
      },
      {
        "type": "Door",
        "id": 29,
        "location": {
          "x": 5.49,
          "y": 0.47
        },
        "dimensions": {
          "width": 0.86,
          "height": 1.55
        }
      },
      {
        "type": "Door",
        "id": 30,
        "location": {
          "x": 0.13,
          "y": 0.45
        },
        "dimensions": {
          "width": 4.6,
          "height": 4.19
        }
      },
      {
        "type": "Window",
        "id": 31,
        "location": {
          "x": 7.99,
          "y": 0.44
        },
        "dimensions": {
          "width": 0.83,
          "height": 0.41
        }
      },
      {
        "type": "Door",
        "id": 32,
        "location": {
          "x": 5.44,
          "y": 0.42
        },
        "dimensions": {
          "width": 4.65,
          "height": 4.09
        }
      }
    ]
  }
}