{
  "floorPlan": {
    "name": "Floor Plan 13_24.jpg",
    "units": "feet",
    "totalArea": 22.08,
    "totalRooms": 11,
    "rooms": [
      {
        "id": 1,
        "name": "Room_1",
        "shape": "Hexagon",
        "dimensions": {
          "width": 2.11,
          "length": 0.34,
          "height": 1.69
        },
        "position": {
          "x": 4.39,
          "y": 9.17
        },
        "windows": [],
        "doors": [],
        "connected_to": []
      },
      {
        "id": 2,
        "name": "Text_7",
        "shape": "Irregular",
        "dimensions": {
          "width": 2.51,
          "length": 1.64,
          "height": 2.01
        },
        "position": {
          "x": 1.03,
          "y": 7.87
        },
        "windows": [],
        "doors": [
          {
            "type": "Door",
            "id": 1,
            "location": {
              "x": 1.34,
              "y": 8.86
            },
            "dimensions": {
              "width": 0.15,
              "height": 0.32
            }
          }
        ],
        "connected_to": []
      },
      {
        "id": 3,
        "name": "Room_3",
        "shape": "Rectangle",
        "dimensions": {
          "width": 1.22,
          "length": 0.11,
          "height": 0.98
        },
        "position": {
          "x": 5.24,
          "y": 6.89
        },
        "windows": [],
        "doors": [],
        "connected_to": []
      },
      {
        "id": 4,
        "name": "Room_4",
        "shape": "Irregular",
        "dimensions": {
          "width": 1.27,
          "length": 0.93,
          "height": 1.02
        },
        "position": {
          "x": 6.37,
          "y": 6.38
        },
        "windows": [],
        "doors": [],
        "connected_to": []
      },
      {
        "id": 5,
        "name": "Room_5",
        "shape": "Irregular",
        "dimensions": {
          "width": 2.83,
          "length": 1.17,
          "height": 2.26
        },
        "position": {
          "x": 1.87,
          "y": 6.09
        },
        "windows": [],
        "doors": [
          {
            "type": "Door",
            "id": 2,
            "location": {
              "x": 2.86,
              "y": 7.02
            },
            "dimensions": {
              "width": 0.46,
              "height": 0.43
            }
          }
        ],
        "connected_to": []
      },
      {
        "id": 6,
        "name": "Text_15",
        "shape": "Rectangle",
        "dimensions": {
          "width": 0.13,
          "length": 0.91,
          "height": 0.73
        },
        "position": {
          "x": 2.29,
          "y": 4.7
        },
        "windows": [],
        "doors": [],
        "connected_to": []
      },
      {
        "id": 7,
        "name": "Room_7",
        "shape": "Irregular",
        "dimensions": {
          "width": 0.75,
          "length": 0.77,
          "height": 0.62
        },
        "position": {
          "x": 6.89,
          "y": 4.53
        },
        "windows": [],
        "doors": [],
        "connected_to": []
      },
      {
        "id": 8,
        "name": "Room_8",
        "shape": "Octagon",
        "dimensions": {
          "width": 2.82,
          "length": 1.09,
          "height": 2.26
        },
        "position": {
          "x": 5.55,
          "y": 2.73
        },
        "windows": [],
        "doors": [
          {
            "type": "Door",
            "id": 10,
            "location": {
              "x": 5.67,
              "y": 2.82
            },
            "dimensions": {
              "width": 0.62,
              "height": 0.58
            }
          }
        ],
        "connected_to": []
      },
      {
        "id": 9,
        "name": "Room_9",
        "shape": "Pentagon",
        "dimensions": {
          "width": 2.57,
          "length": 0.64,
          "height": 2.06
        },
        "position": {
          "x": 3.87,
          "y": 0.72
        },
        "windows": [],
        "doors": [
          {
            "type": "Door",
            "id": 17,
            "location": {
              "x": 4.37,
              "y": 0.92
            },
            "dimensions": {
              "width": 0.34,
              "height": 0.31
            }
          }
        ],
        "connected_to": [
          11
        ]
      },
      {
        "id": 10,
        "name": "Room_10",
        "shape": "Octagon",
        "dimensions": {
          "width": 0.86,
          "length": 0.96,
          "height": 0.77
        },
        "position": {
          "x": 7.51,
          "y": 0.71
        },
        "windows": [],
        "doors": [],
        "connected_to": []
      },
      {
        "id": 11,
        "name": "Text_21",
        "shape": "Irregular",
        "dimensions": {
          "width": 2.31,
          "length": 2.76,
          "height": 2.21
        },
        "position": {
          "x": 2.28,
          "y": 0.71
        },
        "windows": [
          {
            "type": "Window",
            "id": 13,
            "location": {
              "x": 2.87,
              "y": 2.19
            },
            "dimensions": {
              "width": 0.37,
              "height": 0.11
            }
          },
          {
            "type": "Window",
            "id": 16,
            "location": {
              "x": 3.89,
              "y": 1.48
            },
            "dimensions": {
              "width": 0.36,
              "height": 0.13
            }
          }
        ],
        "doors": [
          {
            "type": "Door",
            "id": 12,
            "location": {
              "x": 4.09,
              "y": 2.23
            },
            "dimensions": {
              "width": 0.5,
              "height": 0.38
            }
          },
          {
            "type": "Door",
            "id": 15,
            "location": {
              "x": 2.31,
              "y": 1.95
            },
            "dimensions": {
              "width": 3.41,
              "height": 2.71
            }
          },
          {
            "type": "Door",
            "id": 17,
            "location": {
              "x": 4.37,
              "y": 0.92
            },
            "dimensions": {
              "width": 0.34,
              "height": 0.31
            }
          }
        ],
        "connected_to": [
          9
        ]
      }
    ],
    "doorsAndWindows": [
      {
        "type": "Door",
        "id": 1,
        "location": {
          "x": 1.34,
          "y": 8.86
        },
        "dimensions": {
          "width": 0.15,
          "height": 0.32
        }
      },
      {
        "type": "Door",
        "id": 2,
        "location": {
          "x": 2.86,
          "y": 7.02
        },
        "dimensions": {
          "width": 0.46,
          "height": 0.43
        }
      },
      {
        "type": "Window",
        "id": 3,
        "location": {
          "x": 5.99,
          "y": 5.5
        },
        "dimensions": {
          "width": 0.34,
          "height": 0.09
        }
      },
      {
        "type": "Window",
        "id": 4,
        "location": {
          "x": 1.57,
          "y": 5.41
        },
        "dimensions": {
          "width": 0.31,
          "height": 0.14
        }
      },
      {
        "type": "Door",
        "id": 5,
        "location": {
          "x": 3.54,
          "y": 5.0
        },
        "dimensions": {
          "width": 1.08,
          "height": 0.8
        }
      },
      {
        "type": "Door",
        "id": 6,
        "location": {
          "x": 7.21,
          "y": 4.48
        },
        "dimensions": {
          "width": 0.18,
          "height": 0.19
        }
      },
      {
        "type": "Door",
        "id": 7,
        "location": {
          "x": 1.84,
          "y": 3.81
        },
        "dimensions": {
          "width": 2.88,
          "height": 3.64
        }
      },
      {
        "type": "Door",
        "id": 8,
        "location": {
          "x": 1.99,
          "y": 3.69
        },
        "dimensions": {
          "width": 8.25,
          "height": 4.31
        }
      },
      {
        "type": "Door",
        "id": 9,
        "location": {
          "x": 8.49,
          "y": 3.48
        },
        "dimensions": {
          "width": 0.19,
          "height": 0.19
        }
      },
      {
        "type": "Door",
        "id": 10,
        "location": {
          "x": 5.67,
          "y": 2.82
        },
        "dimensions": {
          "width": 0.62,
          "height": 0.58
        }
      },
      {
        "type": "Window",
        "id": 11,
        "location": {
          "x": 4.6,
          "y": 2.33
        },
        "dimensions": {
          "width": 0.48,
          "height": 0.14
        }
      },
      {
        "type": "Door",
        "id": 12,
        "location": {
          "x": 4.09,
          "y": 2.23
        },
        "dimensions": {
          "width": 0.5,
          "height": 0.38
        }
      },
      {
        "type": "Window",
        "id": 13,
        "location": {
          "x": 2.87,
          "y": 2.19
        },
        "dimensions": {
          "width": 0.37,
          "height": 0.11
        }
      },
      {
        "type": "Window",
        "id": 14,
        "location": {
          "x": 6.56,
          "y": 2.04
        },
        "dimensions": {
          "width": 0.51,
          "height": 0.11
        }
      },
      {
        "type": "Door",
        "id": 15,
        "location": {
          "x": 2.31,
          "y": 1.95
        },
        "dimensions": {
          "width": 3.41,
          "height": 2.71
        }
      },
      {
        "type": "Window",
        "id": 16,
        "location": {
          "x": 3.89,
          "y": 1.48
        },
        "dimensions": {
          "width": 0.36,
          "height": 0.13
        }
      },
      {
        "type": "Door",
        "id": 17,
        "location": {
          "x": 4.37,
          "y": 0.92
        },
        "dimensions": {
          "width": 0.34,
          "height": 0.31
        }
      },
      {
        "type": "Door",
        "id": 18,
        "location": {
          "x": 1.0,
          "y": 0.59
        },
        "dimensions": {
          "width": 9.24,
          "height": 8.97
        }
      }
    ]
  }
}