{
  "floorPlan": {
    "name": "Floor Plan 13_3.jpg",
    "units": "feet",
    "totalArea": 59.58,
    "totalRooms": 4,
    "rooms": [
      {
        "id": 1,
        "name": "Text_8",
        "shape": "Triangle",
        "dimensions": {
          "width": 0.86,
          "length": 0.27,
          "height": 0.69
        },
        "position": {
          "x": 4.68,
          "y": 8.41
        },
        "windows": [],
        "doors": [],
        "connected_to": []
      },
      {
        "id": 2,
        "name": "Text_47",
        "shape": "Irregular",
        "dimensions": {
          "width": 6.62,
          "length": 5.41,
          "height": 5.3
        },
        "position": {
          "x": 1.53,
          "y": 3.23
        },
        "windows": [
          {
            "type": "Window",
            "id": 12,
            "location": {
              "x": 4.67,
              "y": 8.41
            },
            "dimensions": {
              "width": 0.88,
              "height": 0.27
            }
          },
          {
            "type": "Window",
            "id": 14,
            "location": {
              "x": 2.22,
              "y": 7.39
            },
            "dimensions": {
              "width": 5.59,
              "height": 1.21
            }
          },
          {
            "type": "Window",
            "id": 50,
            "location": {
              "x": 6.34,
              "y": 5.61
            },
            "dimensions": {
              "width": 0.44,
              "height": 0.05
            }
          },
          {
            "type": "Window",
            "id": 51,
            "location": {
              "x": 4.9,
              "y": 5.61
            },
            "dimensions": {
              "width": 0.47,
              "height": 0.05
            }
          },
          {
            "type": "Window",
            "id": 52,
            "location": {
              "x": 4.15,
              "y": 5.61
            },
            "dimensions": {
              "width": 0.46,
              "height": 0.04
            }
          },
          {
            "type": "Window",
            "id": 53,
            "location": {
              "x": 3.5,
              "y": 5.61
            },
            "dimensions": {
              "width": 0.49,
              "height": 0.04
            }
          },
          {
            "type": "Window",
            "id": 71,
            "location": {
              "x": 5.63,
              "y": 4.3
            },
            "dimensions": {
              "width": 1.49,
              "height": 0.53
            }
          },
          {
            "type": "Window",
            "id": 78,
            "location": {
              "x": 4.26,
              "y": 4.06
            },
            "dimensions": {
              "width": 0.37,
              "height": 0.04
            }
          },
          {
            "type": "Window",
            "id": 79,
            "location": {
              "x": 7.4,
              "y": 4.01
            },
            "dimensions": {
              "width": 0.46,
              "height": 0.21
            }
          },
          {
            "type": "Window",
            "id": 80,
            "location": {
              "x": 5.63,
              "y": 3.96
            },
            "dimensions": {
              "width": 0.78,
              "height": 0.28
            }
          },
          {
            "type": "Window",
            "id": 82,
            "location": {
              "x": 4.25,
              "y": 3.83
            },
            "dimensions": {
              "width": 0.37,
              "height": 0.16
            }
          },
          {
            "type": "Window",
            "id": 89,
            "location": {
              "x": 4.25,
              "y": 3.67
            },
            "dimensions": {
              "width": 0.37,
              "height": 0.04
            }
          }
        ],
        "doors": [
          {
            "type": "Door",
            "id": 13,
            "location": {
              "x": 5.76,
              "y": 7.57
            },
            "dimensions": {
              "width": 0.06,
              "height": 0.36
            }
          },
          {
            "type": "Door",
            "id": 15,
            "location": {
              "x": 6.86,
              "y": 7.23
            },
            "dimensions": {
              "width": 0.11,
              "height": 0.13
            }
          },
          {
            "type": "Door",
            "id": 16,
            "location": {
              "x": 7.01,
              "y": 7.19
            },
            "dimensions": {
              "width": 0.16,
              "height": 0.21
            }
          },
          {
            "type": "Door",
            "id": 17,
            "location": {
              "x": 6.65,
              "y": 7.19
            },
            "dimensions": {
              "width": 0.17,
              "height": 0.21
            }
          },
          {
            "type": "Door",
            "id": 18,
            "location": {
              "x": 6.43,
              "y": 7.19
            },
            "dimensions": {
              "width": 0.16,
              "height": 0.21
            }
          },
          {
            "type": "Door",
            "id": 19,
            "location": {
              "x": 5.74,
              "y": 7.19
            },
            "dimensions": {
              "width": 0.17,
              "height": 0.26
            }
          },
          {
            "type": "Door",
            "id": 20,
            "location": {
              "x": 5.57,
              "y": 7.19
            },
            "dimensions": {
              "width": 0.15,
              "height": 0.19
            }
          },
          {
            "type": "Door",
            "id": 21,
            "location": {
              "x": 5.03,
              "y": 7.19
            },
            "dimensions": {
              "width": 0.33,
              "height": 0.2
            }
          },
          {
            "type": "Door",
            "id": 22,
            "location": {
              "x": 4.71,
              "y": 7.19
            },
            "dimensions": {
              "width": 0.17,
              "height": 0.2
            }
          },
          {
            "type": "Door",
            "id": 23,
            "location": {
              "x": 4.55,
              "y": 7.19
            },
            "dimensions": {
              "width": 0.16,
              "height": 0.18
            }
          },
          {
            "type": "Door",
            "id": 24,
            "location": {
              "x": 4.37,
              "y": 7.19
            },
            "dimensions": {
              "width": 0.17,
              "height": 0.2
            }
          },
          {
            "type": "Door",
            "id": 25,
            "location": {
              "x": 3.46,
              "y": 7.18
            },
            "dimensions": {
              "width": 0.17,
              "height": 0.2
            }
          },
          {
            "type": "Door",
            "id": 26,
            "location": {
              "x": 3.29,
              "y": 7.18
            },
            "dimensions": {
              "width": 0.16,
              "height": 0.26
            }
          },
          {
            "type": "Door",
            "id": 27,
            "location": {
              "x": 3.11,
              "y": 7.18
            },
            "dimensions": {
              "width": 0.17,
              "height": 0.2
            }
          },
          {
            "type": "Door",
            "id": 28,
            "location": {
              "x": 2.89,
              "y": 7.18
            },
            "dimensions": {
              "width": 0.15,
              "height": 0.2
            }
          },
          {
            "type": "Door",
            "id": 29,
            "location": {
              "x": 6.81,
              "y": 6.76
            },
            "dimensions": {
              "width": 0.21,
              "height": 0.28
            }
          },
          {
            "type": "Door",
            "id": 30,
            "location": {
              "x": 3.44,
              "y": 6.74
            },
            "dimensions": {
              "width": 0.21,
              "height": 0.28
            }
          },
          {
            "type": "Door",
            "id": 31,
            "location": {
              "x": 7.47,
              "y": 6.68
            },
            "dimensions": {
              "width": 0.24,
              "height": 0.37
            }
          },
          {
            "type": "Door",
            "id": 32,
            "location": {
              "x": 7.22,
              "y": 6.68
            },
            "dimensions": {
              "width": 0.14,
              "height": 0.37
            }
          },
          {
            "type": "Door",
            "id": 33,
            "location": {
              "x": 5.96,
              "y": 6.66
            },
            "dimensions": {
              "width": 0.26,
              "height": 0.38
            }
          },
          {
            "type": "Door",
            "id": 34,
            "location": {
              "x": 2.35,
              "y": 6.66
            },
            "dimensions": {
              "width": 0.13,
              "height": 0.37
            }
          },
          {
            "type": "Door",
            "id": 35,
            "location": {
              "x": 4.53,
              "y": 6.65
            },
            "dimensions": {
              "width": 0.25,
              "height": 0.36
            }
          },
          {
            "type": "Door",
            "id": 36,
            "location": {
              "x": 4.12,
              "y": 6.65
            },
            "dimensions": {
              "width": 0.14,
              "height": 0.37
            }
          },
          {
            "type": "Door",
            "id": 37,
            "location": {
              "x": 3.85,
              "y": 6.65
            },
            "dimensions": {
              "width": 0.14,
              "height": 0.37
            }
          },
          {
            "type": "Door",
            "id": 38,
            "location": {
              "x": 3.02,
              "y": 6.65
            },
            "dimensions": {
              "width": 0.25,
              "height": 0.38
            }
          },
          {
            "type": "Door",
            "id": 39,
            "location": {
              "x": 6.25,
              "y": 6.18
            },
            "dimensions": {
              "width": 0.08,
              "height": 0.29
            }
          },
          {
            "type": "Door",
            "id": 40,
            "location": {
              "x": 2.95,
              "y": 6.18
            },
            "dimensions": {
              "width": 0.11,
              "height": 0.29
            }
          },
          {
            "type": "Door",
            "id": 41,
            "location": {
              "x": 7.44,
              "y": 6.17
            },
            "dimensions": {
              "width": 0.26,
              "height": 0.3
            }
          },
          {
            "type": "Door",
            "id": 42,
            "location": {
              "x": 7.17,
              "y": 6.17
            },
            "dimensions": {
              "width": 0.25,
              "height": 0.29
            }
          },
          {
            "type": "Door",
            "id": 43,
            "location": {
              "x": 7.03,
              "y": 6.17
            },
            "dimensions": {
              "width": 0.09,
              "height": 0.29
            }
          },
          {
            "type": "Door",
            "id": 44,
            "location": {
              "x": 3.8,
              "y": 6.17
            },
            "dimensions": {
              "width": 0.27,
              "height": 0.4
            }
          },
          {
            "type": "Door",
            "id": 45,
            "location": {
              "x": 3.51,
              "y": 6.17
            },
            "dimensions": {
              "width": 0.26,
              "height": 0.3
            }
          },
          {
            "type": "Door",
            "id": 46,
            "location": {
              "x": 6.68,
              "y": 6.09
            },
            "dimensions": {
              "width": 0.32,
              "height": 0.37
            }
          },
          {
            "type": "Door",
            "id": 47,
            "location": {
              "x": 5.89,
              "y": 6.09
            },
            "dimensions": {
              "width": 0.32,
              "height": 0.38
            }
          },
          {
            "type": "Door",
            "id": 48,
            "location": {
              "x": 2.66,
              "y": 6.07
            },
            "dimensions": {
              "width": 0.27,
              "height": 0.4
            }
          },
          {
            "type": "Door",
            "id": 49,
            "location": {
              "x": 4.42,
              "y": 5.7
            },
            "dimensions": {
              "width": 0.04,
              "height": 0.39
            }
          },
          {
            "type": "Door",
            "id": 54,
            "location": {
              "x": 2.46,
              "y": 5.56
            },
            "dimensions": {
              "width": 0.16,
              "height": 0.2
            }
          },
          {
            "type": "Door",
            "id": 55,
            "location": {
              "x": 2.64,
              "y": 5.55
            },
            "dimensions": {
              "width": 0.14,
              "height": 0.19
            }
          },
          {
            "type": "Door",
            "id": 56,
            "location": {
              "x": 4.35,
              "y": 5.3
            },
            "dimensions": {
              "width": 0.17,
              "height": 0.2
            }
          },
          {
            "type": "Door",
            "id": 57,
            "location": {
              "x": 4.08,
              "y": 5.3
            },
            "dimensions": {
              "width": 0.16,
              "height": 0.19
            }
          },
          {
            "type": "Door",
            "id": 58,
            "location": {
              "x": 3.91,
              "y": 5.3
            },
            "dimensions": {
              "width": 0.16,
              "height": 0.2
            }
          },
          {
            "type": "Door",
            "id": 59,
            "location": {
              "x": 3.74,
              "y": 5.3
            },
            "dimensions": {
              "width": 0.16,
              "height": 0.19
            }
          },
          {
            "type": "Door",
            "id": 60,
            "location": {
              "x": 3.13,
              "y": 5.29
            },
            "dimensions": {
              "width": 0.16,
              "height": 0.2
            }
          },
          {
            "type": "Door",
            "id": 61,
            "location": {
              "x": 8.14,
              "y": 5.08
            },
            "dimensions": {
              "width": 0.39,
              "height": 0.26
            }
          },
          {
            "type": "Door",
            "id": 62,
            "location": {
              "x": 2.23,
              "y": 5.06
            },
            "dimensions": {
              "width": 0.76,
              "height": 0.39
            }
          },
          {
            "type": "Door",
            "id": 63,
            "location": {
              "x": 7.53,
              "y": 4.88
            },
            "dimensions": {
              "width": 0.4,
              "height": 0.27
            }
          },
          {
            "type": "Door",
            "id": 64,
            "location": {
              "x": 4.92,
              "y": 4.88
            },
            "dimensions": {
              "width": 0.1,
              "height": 0.14
            }
          },
          {
            "type": "Door",
            "id": 65,
            "location": {
              "x": 7.51,
              "y": 4.85
            },
            "dimensions": {
              "width": 0.56,
              "height": 0.67
            }
          },
          {
            "type": "Door",
            "id": 66,
            "location": {
              "x": 5.06,
              "y": 4.84
            },
            "dimensions": {
              "width": 0.16,
              "height": 0.2
            }
          },
          {
            "type": "Door",
            "id": 67,
            "location": {
              "x": 6.56,
              "y": 4.58
            },
            "dimensions": {
              "width": 0.48,
              "height": 0.24
            }
          },
          {
            "type": "Door",
            "id": 69,
            "location": {
              "x": 4.34,
              "y": 4.31
            },
            "dimensions": {
              "width": 0.18,
              "height": 0.54
            }
          },
          {
            "type": "Door",
            "id": 70,
            "location": {
              "x": 6.14,
              "y": 4.3
            },
            "dimensions": {
              "width": 1.86,
              "height": 3.2
            }
          },
          {
            "type": "Door",
            "id": 72,
            "location": {
              "x": 4.16,
              "y": 4.3
            },
            "dimensions": {
              "width": 0.36,
              "height": 0.76
            }
          },
          {
            "type": "Door",
            "id": 73,
            "location": {
              "x": 3.97,
              "y": 4.3
            },
            "dimensions": {
              "width": 0.18,
              "height": 0.76
            }
          },
          {
            "type": "Door",
            "id": 74,
            "location": {
              "x": 3.77,
              "y": 4.3
            },
            "dimensions": {
              "width": 0.19,
              "height": 0.76
            }
          },
          {
            "type": "Door",
            "id": 75,
            "location": {
              "x": 3.19,
              "y": 4.3
            },
            "dimensions": {
              "width": 0.57,
              "height": 0.76
            }
          },
          {
            "type": "Door",
            "id": 76,
            "location": {
              "x": 2.16,
              "y": 4.3
            },
            "dimensions": {
              "width": 1.03,
              "height": 0.76
            }
          },
          {
            "type": "Door",
            "id": 77,
            "location": {
              "x": 8.14,
              "y": 4.24
            },
            "dimensions": {
              "width": 0.39,
              "height": 0.27
            }
          },
          {
            "type": "Door",
            "id": 81,
            "location": {
              "x": 6.67,
              "y": 3.88
            },
            "dimensions": {
              "width": 0.39,
              "height": 0.32
            }
          },
          {
            "type": "Door",
            "id": 83,
            "location": {
              "x": 2.91,
              "y": 3.82
            },
            "dimensions": {
              "width": 0.05,
              "height": 0.38
            }
          },
          {
            "type": "Door",
            "id": 84,
            "location": {
              "x": 2.67,
              "y": 3.82
            },
            "dimensions": {
              "width": 0.07,
              "height": 0.37
            }
          },
          {
            "type": "Door",
            "id": 85,
            "location": {
              "x": 2.27,
              "y": 3.82
            },
            "dimensions": {
              "width": 0.04,
              "height": 0.36
            }
          },
          {
            "type": "Door",
            "id": 86,
            "location": {
              "x": 3.61,
              "y": 3.81
            },
            "dimensions": {
              "width": 0.05,
              "height": 0.38
            }
          },
          {
            "type": "Door",
            "id": 87,
            "location": {
              "x": 3.38,
              "y": 3.81
            },
            "dimensions": {
              "width": 0.04,
              "height": 0.38
            }
          },
          {
            "type": "Door",
            "id": 88,
            "location": {
              "x": 2.22,
              "y": 3.77
            },
            "dimensions": {
              "width": 3.01,
              "height": 3.71
            }
          },
          {
            "type": "Door",
            "id": 90,
            "location": {
              "x": 7.47,
              "y": 3.6
            },
            "dimensions": {
              "width": 0.32,
              "height": 0.4
            }
          }
        ],
        "connected_to": [
          3,
          4
        ]
      },
      {
        "id": 3,
        "name": "Room_3",
        "shape": "Irregular",
        "dimensions": {
          "width": 1.73,
          "length": 2.99,
          "height": 2.39
        },
        "position": {
          "x": 6.36,
          "y": 0.62
        },
        "windows": [],
        "doors": [
          {
            "type": "Door",
            "id": 90,
            "location": {
              "x": 7.47,
              "y": 3.6
            },
            "dimensions": {
              "width": 0.32,
              "height": 0.4
            }
          },
          {
            "type": "Door",
            "id": 91,
            "location": {
              "x": 8.01,
              "y": 3.19
            },
            "dimensions": {
              "width": 0.07,
              "height": 0.53
            }
          },
          {
            "type": "Door",
            "id": 92,
            "location": {
              "x": 7.81,
              "y": 2.35
            },
            "dimensions": {
              "width": 0.2,
              "height": 0.6
            }
          },
          {
            "type": "Door",
            "id": 93,
            "location": {
              "x": 6.48,
              "y": 2.35
            },
            "dimensions": {
              "width": 1.24,
              "height": 0.69
            }
          },
          {
            "type": "Door",
            "id": 98,
            "location": {
              "x": 7.23,
              "y": 1.41
            },
            "dimensions": {
              "width": 0.04,
              "height": 0.49
            }
          },
          {
            "type": "Door",
            "id": 102,
            "location": {
              "x": 7.49,
              "y": 1.03
            },
            "dimensions": {
              "width": 0.16,
              "height": 0.2
            }
          },
          {
            "type": "Door",
            "id": 103,
            "location": {
              "x": 7.37,
              "y": 0.78
            },
            "dimensions": {
              "width": 0.35,
              "height": 0.65
            }
          }
        ],
        "connected_to": [
          2
        ]
      },
      {
        "id": 4,
        "name": "Text_67",
        "shape": "Irregular",
        "dimensions": {
          "width": 3.65,
          "length": 5.03,
          "height": 4.02
        },
        "position": {
          "x": 2.15,
          "y": 0.62
        },
        "windows": [
          {
            "type": "Window",
            "id": 51,
            "location": {
              "x": 4.9,
              "y": 5.61
            },
            "dimensions": {
              "width": 0.47,
              "height": 0.05
            }
          },
          {
            "type": "Window",
            "id": 52,
            "location": {
              "x": 4.15,
              "y": 5.61
            },
            "dimensions": {
              "width": 0.46,
              "height": 0.04
            }
          },
          {
            "type": "Window",
            "id": 53,
            "location": {
              "x": 3.5,
              "y": 5.61
            },
            "dimensions": {
              "width": 0.49,
              "height": 0.04
            }
          },
          {
            "type": "Window",
            "id": 71,
            "location": {
              "x": 5.63,
              "y": 4.3
            },
            "dimensions": {
              "width": 1.49,
              "height": 0.53
            }
          },
          {
            "type": "Window",
            "id": 78,
            "location": {
              "x": 4.26,
              "y": 4.06
            },
            "dimensions": {
              "width": 0.37,
              "height": 0.04
            }
          },
          {
            "type": "Window",
            "id": 80,
            "location": {
              "x": 5.63,
              "y": 3.96
            },
            "dimensions": {
              "width": 0.78,
              "height": 0.28
            }
          },
          {
            "type": "Window",
            "id": 82,
            "location": {
              "x": 4.25,
              "y": 3.83
            },
            "dimensions": {
              "width": 0.37,
              "height": 0.16
            }
          },
          {
            "type": "Window",
            "id": 89,
            "location": {
              "x": 4.25,
              "y": 3.67
            },
            "dimensions": {
              "width": 0.37,
              "height": 0.04
            }
          }
        ],
        "doors": [
          {
            "type": "Door",
            "id": 54,
            "location": {
              "x": 2.46,
              "y": 5.56
            },
            "dimensions": {
              "width": 0.16,
              "height": 0.2
            }
          },
          {
            "type": "Door",
            "id": 55,
            "location": {
              "x": 2.64,
              "y": 5.55
            },
            "dimensions": {
              "width": 0.14,
              "height": 0.19
            }
          },
          {
            "type": "Door",
            "id": 56,
            "location": {
              "x": 4.35,
              "y": 5.3
            },
            "dimensions": {
              "width": 0.17,
              "height": 0.2
            }
          },
          {
            "type": "Door",
            "id": 57,
            "location": {
              "x": 4.08,
              "y": 5.3
            },
            "dimensions": {
              "width": 0.16,
              "height": 0.19
            }
          },
          {
            "type": "Door",
            "id": 58,
            "location": {
              "x": 3.91,
              "y": 5.3
            },
            "dimensions": {
              "width": 0.16,
              "height": 0.2
            }
          },
          {
            "type": "Door",
            "id": 59,
            "location": {
              "x": 3.74,
              "y": 5.3
            },
            "dimensions": {
              "width": 0.16,
              "height": 0.19
            }
          },
          {
            "type": "Door",
            "id": 60,
            "location": {
              "x": 3.13,
              "y": 5.29
            },
            "dimensions": {
              "width": 0.16,
              "height": 0.2
            }
          },
          {
            "type": "Door",
            "id": 62,
            "location": {
              "x": 2.23,
              "y": 5.06
            },
            "dimensions": {
              "width": 0.76,
              "height": 0.39
            }
          },
          {
            "type": "Door",
            "id": 64,
            "location": {
              "x": 4.92,
              "y": 4.88
            },
            "dimensions": {
              "width": 0.1,
              "height": 0.14
            }
          },
          {
            "type": "Door",
            "id": 66,
            "location": {
              "x": 5.06,
              "y": 4.84
            },
            "dimensions": {
              "width": 0.16,
              "height": 0.2
            }
          },
          {
            "type": "Door",
            "id": 69,
            "location": {
              "x": 4.34,
              "y": 4.31
            },
            "dimensions": {
              "width": 0.18,
              "height": 0.54
            }
          },
          {
            "type": "Door",
            "id": 72,
            "location": {
              "x": 4.16,
              "y": 4.3
            },
            "dimensions": {
              "width": 0.36,
              "height": 0.76
            }
          },
          {
            "type": "Door",
            "id": 73,
            "location": {
              "x": 3.97,
              "y": 4.3
            },
            "dimensions": {
              "width": 0.18,
              "height": 0.76
            }
          },
          {
            "type": "Door",
            "id": 74,
            "location": {
              "x": 3.77,
              "y": 4.3
            },
            "dimensions": {
              "width": 0.19,
              "height": 0.76
            }
          },
          {
            "type": "Door",
            "id": 75,
            "location": {
              "x": 3.19,
              "y": 4.3
            },
            "dimensions": {
              "width": 0.57,
              "height": 0.76
            }
          },
          {
            "type": "Door",
            "id": 76,
            "location": {
              "x": 2.16,
              "y": 4.3
            },
            "dimensions": {
              "width": 1.03,
              "height": 0.76
            }
          },
          {
            "type": "Door",
            "id": 83,
            "location": {
              "x": 2.91,
              "y": 3.82
            },
            "dimensions": {
              "width": 0.05,
              "height": 0.38
            }
          },
          {
            "type": "Door",
            "id": 84,
            "location": {
              "x": 2.67,
              "y": 3.82
            },
            "dimensions": {
              "width": 0.07,
              "height": 0.37
            }
          },
          {
            "type": "Door",
            "id": 85,
            "location": {
              "x": 2.27,
              "y": 3.82
            },
            "dimensions": {
              "width": 0.04,
              "height": 0.36
            }
          },
          {
            "type": "Door",
            "id": 86,
            "location": {
              "x": 3.61,
              "y": 3.81
            },
            "dimensions": {
              "width": 0.05,
              "height": 0.38
            }
          },
          {
            "type": "Door",
            "id": 87,
            "location": {
              "x": 3.38,
              "y": 3.81
            },
            "dimensions": {
              "width": 0.04,
              "height": 0.38
            }
          },
          {
            "type": "Door",
            "id": 88,
            "location": {
              "x": 2.22,
              "y": 3.77
            },
            "dimensions": {
              "width": 3.01,
              "height": 3.71
            }
          },
          {
            "type": "Door",
            "id": 94,
            "location": {
              "x": 3.89,
              "y": 1.87
            },
            "dimensions": {
              "width": 0.23,
              "height": 0.28
            }
          },
          {
            "type": "Door",
            "id": 95,
            "location": {
              "x": 4.31,
              "y": 1.77
            },
            "dimensions": {
              "width": 0.14,
              "height": 0.37
            }
          },
          {
            "type": "Door",
            "id": 96,
            "location": {
              "x": 3.48,
              "y": 1.77
            },
            "dimensions": {
              "width": 0.25,
              "height": 0.37
            }
          },
          {
            "type": "Door",
            "id": 97,
            "location": {
              "x": 2.8,
              "y": 1.77
            },
            "dimensions": {
              "width": 0.14,
              "height": 0.37
            }
          },
          {
            "type": "Door",
            "id": 99,
            "location": {
              "x": 3.51,
              "y": 1.29
            },
            "dimensions": {
              "width": 0.18,
              "height": 0.29
            }
          },
          {
            "type": "Door",
            "id": 100,
            "location": {
              "x": 4.25,
              "y": 1.23
            },
            "dimensions": {
              "width": 0.18,
              "height": 0.36
            }
          },
          {
            "type": "Door",
            "id": 101,
            "location": {
              "x": 3.17,
              "y": 1.21
            },
            "dimensions": {
              "width": 0.3,
              "height": 0.38
            }
          },
          {
            "type": "Door",
            "id": 104,
            "location": {
              "x": 5.54,
              "y": 0.76
            },
            "dimensions": {
              "width": 2.47,
              "height": 5.18
            }
          }
        ],
        "connected_to": [
          2
        ]
      }
    ],
    "doorsAndWindows": [
      {
        "type": "Door",
        "id": 1,
        "location": {
          "x": 5.0,
          "y": 9.59
        },
        "dimensions": {
          "width": 0.25,
          "height": 0.3
        }
      },
      {
        "type": "Window",
        "id": 2,
        "location": {
          "x": 7.99,
          "y": 9.56
        },
        "dimensions": {
          "width": 1.37,
          "height": 0.07
        }
      },
      {
        "type": "Window",
        "id": 3,
        "location": {
          "x": 2.22,
          "y": 9.53
        },
        "dimensions": {
          "width": 2.13,
          "height": 0.56
        }
      },
      {
        "type": "Door",
        "id": 4,
        "location": {
          "x": 5.28,
          "y": 9.5
        },
        "dimensions": {
          "width": 0.25,
          "height": 0.38
        }
      },
      {
        "type": "Door",
        "id": 5,
        "location": {
          "x": 4.39,
          "y": 9.5
        },
        "dimensions": {
          "width": 0.31,
          "height": 0.37
        }
      },
      {
        "type": "Window",
        "id": 6,
        "location": {
          "x": 7.01,
          "y": 9.38
        },
        "dimensions": {
          "width": 1.03,
          "height": 0.03
        }
      },
      {
        "type": "Window",
        "id": 7,
        "location": {
          "x": 7.01,
          "y": 9.27
        },
        "dimensions": {
          "width": 0.42,
          "height": 0.04
        }
      },
      {
        "type": "Door",
        "id": 8,
        "location": {
          "x": 8.86,
          "y": 9.18
        },
        "dimensions": {
          "width": 0.17,
          "height": 0.38
        }
      },
      {
        "type": "Door",
        "id": 9,
        "location": {
          "x": 8.67,
          "y": 9.18
        },
        "dimensions": {
          "width": 0.18,
          "height": 0.37
        }
      },
      {
        "type": "Door",
        "id": 10,
        "location": {
          "x": 7.47,
          "y": 9.1
        },
        "dimensions": {
          "width": 0.15,
          "height": 0.21
        }
      },
      {
        "type": "Door",
        "id": 11,
        "location": {
          "x": 2.46,
          "y": 9.1
        },
        "dimensions": {
          "width": 0.3,
          "height": 0.21
        }
      },
      {
        "type": "Window",
        "id": 12,
        "location": {
          "x": 4.67,
          "y": 8.41
        },
        "dimensions": {
          "width": 0.88,
          "height": 0.27
        }
      },
      {
        "type": "Door",
        "id": 13,
        "location": {
          "x": 5.76,
          "y": 7.57
        },
        "dimensions": {
          "width": 0.06,
          "height": 0.36
        }
      },
      {
        "type": "Window",
        "id": 14,
        "location": {
          "x": 2.22,
          "y": 7.39
        },
        "dimensions": {
          "width": 5.59,
          "height": 1.21
        }
      },
      {
        "type": "Door",
        "id": 15,
        "location": {
          "x": 6.86,
          "y": 7.23
        },
        "dimensions": {
          "width": 0.11,
          "height": 0.13
        }
      },
      {
        "type": "Door",
        "id": 16,
        "location": {
          "x": 7.01,
          "y": 7.19
        },
        "dimensions": {
          "width": 0.16,
          "height": 0.21
        }
      },
      {
        "type": "Door",
        "id": 17,
        "location": {
          "x": 6.65,
          "y": 7.19
        },
        "dimensions": {
          "width": 0.17,
          "height": 0.21
        }
      },
      {
        "type": "Door",
        "id": 18,
        "location": {
          "x": 6.43,
          "y": 7.19
        },
        "dimensions": {
          "width": 0.16,
          "height": 0.21
        }
      },
      {
        "type": "Door",
        "id": 19,
        "location": {
          "x": 5.74,
          "y": 7.19
        },
        "dimensions": {
          "width": 0.17,
          "height": 0.26
        }
      },
      {
        "type": "Door",
        "id": 20,
        "location": {
          "x": 5.57,
          "y": 7.19
        },
        "dimensions": {
          "width": 0.15,
          "height": 0.19
        }
      },
      {
        "type": "Door",
        "id": 21,
        "location": {
          "x": 5.03,
          "y": 7.19
        },
        "dimensions": {
          "width": 0.33,
          "height": 0.2
        }
      },
      {
        "type": "Door",
        "id": 22,
        "location": {
          "x": 4.71,
          "y": 7.19
        },
        "dimensions": {
          "width": 0.17,
          "height": 0.2
        }
      },
      {
        "type": "Door",
        "id": 23,
        "location": {
          "x": 4.55,
          "y": 7.19
        },
        "dimensions": {
          "width": 0.16,
          "height": 0.18
        }
      },
      {
        "type": "Door",
        "id": 24,
        "location": {
          "x": 4.37,
          "y": 7.19
        },
        "dimensions": {
          "width": 0.17,
          "height": 0.2
        }
      },
      {
        "type": "Door",
        "id": 25,
        "location": {
          "x": 3.46,
          "y": 7.18
        },
        "dimensions": {
          "width": 0.17,
          "height": 0.2
        }
      },
      {
        "type": "Door",
        "id": 26,
        "location": {
          "x": 3.29,
          "y": 7.18
        },
        "dimensions": {
          "width": 0.16,
          "height": 0.26
        }
      },
      {
        "type": "Door",
        "id": 27,
        "location": {
          "x": 3.11,
          "y": 7.18
        },
        "dimensions": {
          "width": 0.17,
          "height": 0.2
        }
      },
      {
        "type": "Door",
        "id": 28,
        "location": {
          "x": 2.89,
          "y": 7.18
        },
        "dimensions": {
          "width": 0.15,
          "height": 0.2
        }
      },
      {
        "type": "Door",
        "id": 29,
        "location": {
          "x": 6.81,
          "y": 6.76
        },
        "dimensions": {
          "width": 0.21,
          "height": 0.28
        }
      },
      {
        "type": "Door",
        "id": 30,
        "location": {
          "x": 3.44,
          "y": 6.74
        },
        "dimensions": {
          "width": 0.21,
          "height": 0.28
        }
      },
      {
        "type": "Door",
        "id": 31,
        "location": {
          "x": 7.47,
          "y": 6.68
        },
        "dimensions": {
          "width": 0.24,
          "height": 0.37
        }
      },
      {
        "type": "Door",
        "id": 32,
        "location": {
          "x": 7.22,
          "y": 6.68
        },
        "dimensions": {
          "width": 0.14,
          "height": 0.37
        }
      },
      {
        "type": "Door",
        "id": 33,
        "location": {
          "x": 5.96,
          "y": 6.66
        },
        "dimensions": {
          "width": 0.26,
          "height": 0.38
        }
      },
      {
        "type": "Door",
        "id": 34,
        "location": {
          "x": 2.35,
          "y": 6.66
        },
        "dimensions": {
          "width": 0.13,
          "height": 0.37
        }
      },
      {
        "type": "Door",
        "id": 35,
        "location": {
          "x": 4.53,
          "y": 6.65
        },
        "dimensions": {
          "width": 0.25,
          "height": 0.36
        }
      },
      {
        "type": "Door",
        "id": 36,
        "location": {
          "x": 4.12,
          "y": 6.65
        },
        "dimensions": {
          "width": 0.14,
          "height": 0.37
        }
      },
      {
        "type": "Door",
        "id": 37,
        "location": {
          "x": 3.85,
          "y": 6.65
        },
        "dimensions": {
          "width": 0.14,
          "height": 0.37
        }
      },
      {
        "type": "Door",
        "id": 38,
        "location": {
          "x": 3.02,
          "y": 6.65
        },
        "dimensions": {
          "width": 0.25,
          "height": 0.38
        }
      },
      {
        "type": "Door",
        "id": 39,
        "location": {
          "x": 6.25,
          "y": 6.18
        },
        "dimensions": {
          "width": 0.08,
          "height": 0.29
        }
      },
      {
        "type": "Door",
        "id": 40,
        "location": {
          "x": 2.95,
          "y": 6.18
        },
        "dimensions": {
          "width": 0.11,
          "height": 0.29
        }
      },
      {
        "type": "Door",
        "id": 41,
        "location": {
          "x": 7.44,
          "y": 6.17
        },
        "dimensions": {
          "width": 0.26,
          "height": 0.3
        }
      },
      {
        "type": "Door",
        "id": 42,
        "location": {
          "x": 7.17,
          "y": 6.17
        },
        "dimensions": {
          "width": 0.25,
          "height": 0.29
        }
      },
      {
        "type": "Door",
        "id": 43,
        "location": {
          "x": 7.03,
          "y": 6.17
        },
        "dimensions": {
          "width": 0.09,
          "height": 0.29
        }
      },
      {
        "type": "Door",
        "id": 44,
        "location": {
          "x": 3.8,
          "y": 6.17
        },
        "dimensions": {
          "width": 0.27,
          "height": 0.4
        }
      },
      {
        "type": "Door",
        "id": 45,
        "location": {
          "x": 3.51,
          "y": 6.17
        },
        "dimensions": {
          "width": 0.26,
          "height": 0.3
        }
      },
      {
        "type": "Door",
        "id": 46,
        "location": {
          "x": 6.68,
          "y": 6.09
        },
        "dimensions": {
          "width": 0.32,
          "height": 0.37
        }
      },
      {
        "type": "Door",
        "id": 47,
        "location": {
          "x": 5.89,
          "y": 6.09
        },
        "dimensions": {
          "width": 0.32,
          "height": 0.38
        }
      },
      {
        "type": "Door",
        "id": 48,
        "location": {
          "x": 2.66,
          "y": 6.07
        },
        "dimensions": {
          "width": 0.27,
          "height": 0.4
        }
      },
      {
        "type": "Door",
        "id": 49,
        "location": {
          "x": 4.42,
          "y": 5.7
        },
        "dimensions": {
          "width": 0.04,
          "height": 0.39
        }
      },
      {
        "type": "Window",
        "id": 50,
        "location": {
          "x": 6.34,
          "y": 5.61
        },
        "dimensions": {
          "width": 0.44,
          "height": 0.05
        }
      },
      {
        "type": "Window",
        "id": 51,
        "location": {
          "x": 4.9,
          "y": 5.61
        },
        "dimensions": {
          "width": 0.47,
          "height": 0.05
        }
      },
      {
        "type": "Window",
        "id": 52,
        "location": {
          "x": 4.15,
          "y": 5.61
        },
        "dimensions": {
          "width": 0.46,
          "height": 0.04
        }
      },
      {
        "type": "Window",
        "id": 53,
        "location": {
          "x": 3.5,
          "y": 5.61
        },
        "dimensions": {
          "width": 0.49,
          "height": 0.04
        }
      },
      {
        "type": "Door",
        "id": 54,
        "location": {
          "x": 2.46,
          "y": 5.56
        },
        "dimensions": {
          "width": 0.16,
          "height": 0.2
        }
      },
      {
        "type": "Door",
        "id": 55,
        "location": {
          "x": 2.64,
          "y": 5.55
        },
        "dimensions": {
          "width": 0.14,
          "height": 0.19
        }
      },
      {
        "type": "Door",
        "id": 56,
        "location": {
          "x": 4.35,
          "y": 5.3
        },
        "dimensions": {
          "width": 0.17,
          "height": 0.2
        }
      },
      {
        "type": "Door",
        "id": 57,
        "location": {
          "x": 4.08,
          "y": 5.3
        },
        "dimensions": {
          "width": 0.16,
          "height": 0.19
        }
      },
      {
        "type": "Door",
        "id": 58,
        "location": {
          "x": 3.91,
          "y": 5.3
        },
        "dimensions": {
          "width": 0.16,
          "height": 0.2
        }
      },
      {
        "type": "Door",
        "id": 59,
        "location": {
          "x": 3.74,
          "y": 5.3
        },
        "dimensions": {
          "width": 0.16,
          "height": 0.19
        }
      },
      {
        "type": "Door",
        "id": 60,
        "location": {
          "x": 3.13,
          "y": 5.29
        },
        "dimensions": {
          "width": 0.16,
          "height": 0.2
        }
      },
      {
        "type": "Door",
        "id": 61,
        "location": {
          "x": 8.14,
          "y": 5.08
        },
        "dimensions": {
          "width": 0.39,
          "height": 0.26
        }
      },
      {
        "type": "Door",
        "id": 62,
        "location": {
          "x": 2.23,
          "y": 5.06
        },
        "dimensions": {
          "width": 0.76,
          "height": 0.39
        }
      },
      {
        "type": "Door",
        "id": 63,
        "location": {
          "x": 7.53,
          "y": 4.88
        },
        "dimensions": {
          "width": 0.4,
          "height": 0.27
        }
      },
      {
        "type": "Door",
        "id": 64,
        "location": {
          "x": 4.92,
          "y": 4.88
        },
        "dimensions": {
          "width": 0.1,
          "height": 0.14
        }
      },
      {
        "type": "Door",
        "id": 65,
        "location": {
          "x": 7.51,
          "y": 4.85
        },
        "dimensions": {
          "width": 0.56,
          "height": 0.67
        }
      },
      {
        "type": "Door",
        "id": 66,
        "location": {
          "x": 5.06,
          "y": 4.84
        },
        "dimensions": {
          "width": 0.16,
          "height": 0.2
        }
      },
      {
        "type": "Door",
        "id": 67,
        "location": {
          "x": 6.56,
          "y": 4.58
        },
        "dimensions": {
          "width": 0.48,
          "height": 0.24
        }
      },
      {
        "type": "Door",
        "id": 68,
        "location": {
          "x": 8.33,
          "y": 4.53
        },
        "dimensions": {
          "width": 0.09,
          "height": 0.15
        }
      },
      {
        "type": "Door",
        "id": 69,
        "location": {
          "x": 4.34,
          "y": 4.31
        },
        "dimensions": {
          "width": 0.18,
          "height": 0.54
        }
      },
      {
        "type": "Door",
        "id": 70,
        "location": {
          "x": 6.14,
          "y": 4.3
        },
        "dimensions": {
          "width": 1.86,
          "height": 3.2
        }
      },
      {
        "type": "Window",
        "id": 71,
        "location": {
          "x": 5.63,
          "y": 4.3
        },
        "dimensions": {
          "width": 1.49,
          "height": 0.53
        }
      },
      {
        "type": "Door",
        "id": 72,
        "location": {
          "x": 4.16,
          "y": 4.3
        },
        "dimensions": {
          "width": 0.36,
          "height": 0.76
        }
      },
      {
        "type": "Door",
        "id": 73,
        "location": {
          "x": 3.97,
          "y": 4.3
        },
        "dimensions": {
          "width": 0.18,
          "height": 0.76
        }
      },
      {
        "type": "Door",
        "id": 74,
        "location": {
          "x": 3.77,
          "y": 4.3
        },
        "dimensions": {
          "width": 0.19,
          "height": 0.76
        }
      },
      {
        "type": "Door",
        "id": 75,
        "location": {
          "x": 3.19,
          "y": 4.3
        },
        "dimensions": {
          "width": 0.57,
          "height": 0.76
        }
      },
      {
        "type": "Door",
        "id": 76,
        "location": {
          "x": 2.16,
          "y": 4.3
        },
        "dimensions": {
          "width": 1.03,
          "height": 0.76
        }
      },
      {
        "type": "Door",
        "id": 77,
        "location": {
          "x": 8.14,
          "y": 4.24
        },
        "dimensions": {
          "width": 0.39,
          "height": 0.27
        }
      },
      {
        "type": "Window",
        "id": 78,
        "location": {
          "x": 4.26,
          "y": 4.06
        },
        "dimensions": {
          "width": 0.37,
          "height": 0.04
        }
      },
      {
        "type": "Window",
        "id": 79,
        "location": {
          "x": 7.4,
          "y": 4.01
        },
        "dimensions": {
          "width": 0.46,
          "height": 0.21
        }
      },
      {
        "type": "Window",
        "id": 80,
        "location": {
          "x": 5.63,
          "y": 3.96
        },
        "dimensions": {
          "width": 0.78,
          "height": 0.28
        }
      },
      {
        "type": "Door",
        "id": 81,
        "location": {
          "x": 6.67,
          "y": 3.88
        },
        "dimensions": {
          "width": 0.39,
          "height": 0.32
        }
      },
      {
        "type": "Window",
        "id": 82,
        "location": {
          "x": 4.25,
          "y": 3.83
        },
        "dimensions": {
          "width": 0.37,
          "height": 0.16
        }
      },
      {
        "type": "Door",
        "id": 83,
        "location": {
          "x": 2.91,
          "y": 3.82
        },
        "dimensions": {
          "width": 0.05,
          "height": 0.38
        }
      },
      {
        "type": "Door",
        "id": 84,
        "location": {
          "x": 2.67,
          "y": 3.82
        },
        "dimensions": {
          "width": 0.07,
          "height": 0.37
        }
      },
      {
        "type": "Door",
        "id": 85,
        "location": {
          "x": 2.27,
          "y": 3.82
        },
        "dimensions": {
          "width": 0.04,
          "height": 0.36
        }
      },
      {
        "type": "Door",
        "id": 86,
        "location": {
          "x": 3.61,
          "y": 3.81
        },
        "dimensions": {
          "width": 0.05,
          "height": 0.38
        }
      },
      {
        "type": "Door",
        "id": 87,
        "location": {
          "x": 3.38,
          "y": 3.81
        },
        "dimensions": {
          "width": 0.04,
          "height": 0.38
        }
      },
      {
        "type": "Door",
        "id": 88,
        "location": {
          "x": 2.22,
          "y": 3.77
        },
        "dimensions": {
          "width": 3.01,
          "height": 3.71
        }
      },
      {
        "type": "Window",
        "id": 89,
        "location": {
          "x": 4.25,
          "y": 3.67
        },
        "dimensions": {
          "width": 0.37,
          "height": 0.04
        }
      },
      {
        "type": "Door",
        "id": 90,
        "location": {
          "x": 7.47,
          "y": 3.6
        },
        "dimensions": {
          "width": 0.32,
          "height": 0.4
        }
      },
      {
        "type": "Door",
        "id": 91,
        "location": {
          "x": 8.01,
          "y": 3.19
        },
        "dimensions": {
          "width": 0.07,
          "height": 0.53
        }
      },
      {
        "type": "Door",
        "id": 92,
        "location": {
          "x": 7.81,
          "y": 2.35
        },
        "dimensions": {
          "width": 0.2,
          "height": 0.6
        }
      },
      {
        "type": "Door",
        "id": 93,
        "location": {
          "x": 6.48,
          "y": 2.35
        },
        "dimensions": {
          "width": 1.24,
          "height": 0.69
        }
      },
      {
        "type": "Door",
        "id": 94,
        "location": {
          "x": 3.89,
          "y": 1.87
        },
        "dimensions": {
          "width": 0.23,
          "height": 0.28
        }
      },
      {
        "type": "Door",
        "id": 95,
        "location": {
          "x": 4.31,
          "y": 1.77
        },
        "dimensions": {
          "width": 0.14,
          "height": 0.37
        }
      },
      {
        "type": "Door",
        "id": 96,
        "location": {
          "x": 3.48,
          "y": 1.77
        },
        "dimensions": {
          "width": 0.25,
          "height": 0.37
        }
      },
      {
        "type": "Door",
        "id": 97,
        "location": {
          "x": 2.8,
          "y": 1.77
        },
        "dimensions": {
          "width": 0.14,
          "height": 0.37
        }
      },
      {
        "type": "Door",
        "id": 98,
        "location": {
          "x": 7.23,
          "y": 1.41
        },
        "dimensions": {
          "width": 0.04,
          "height": 0.49
        }
      },
      {
        "type": "Door",
        "id": 99,
        "location": {
          "x": 3.51,
          "y": 1.29
        },
        "dimensions": {
          "width": 0.18,
          "height": 0.29
        }
      },
      {
        "type": "Door",
        "id": 100,
        "location": {
          "x": 4.25,
          "y": 1.23
        },
        "dimensions": {
          "width": 0.18,
          "height": 0.36
        }
      },
      {
        "type": "Door",
        "id": 101,
        "location": {
          "x": 3.17,
          "y": 1.21
        },
        "dimensions": {
          "width": 0.3,
          "height": 0.38
        }
      },
      {
        "type": "Door",
        "id": 102,
        "location": {
          "x": 7.49,
          "y": 1.03
        },
        "dimensions": {
          "width": 0.16,
          "height": 0.2
        }
      },
      {
        "type": "Door",
        "id": 103,
        "location": {
          "x": 7.37,
          "y": 0.78
        },
        "dimensions": {
          "width": 0.35,
          "height": 0.65
        }
      },
      {
        "type": "Door",
        "id": 104,
        "location": {
          "x": 5.54,
          "y": 0.76
        },
        "dimensions": {
          "width": 2.47,
          "height": 5.18
        }
      },
      {
        "type": "Door",
        "id": 105,
        "location": {
          "x": 0.73,
          "y": 0.6
        },
        "dimensions": {
          "width": 8.74,
          "height": 9.53
        }
      },
      {
        "type": "Door",
        "id": 106,
        "location": {
          "x": 2.16,
          "y": 0.59
        },
        "dimensions": {
          "width": 4.28,
          "height": 3.65
        }
      },
      {
        "type": "Window",
        "id": 107,
        "location": {
          "x": 5.62,
          "y": 0.49
        },
        "dimensions": {
          "width": 0.44,
          "height": 0.06
        }
      },
      {
        "type": "Door",
        "id": 108,
        "location": {
          "x": 5.1,
          "y": 0.29
        },
        "dimensions": {
          "width": 0.15,
          "height": 0.09
        }
      },
      {
        "type": "Door",
        "id": 109,
        "location": {
          "x": 4.71,
          "y": 0.12
        },
        "dimensions": {
          "width": 0.27,
          "height": 0.35
        }
      },
      {
        "type": "Door",
        "id": 110,
        "location": {
          "x": 4.41,
          "y": 0.11
        },
        "dimensions": {
          "width": 0.41,
          "height": 0.43
        }
      },
      {
        "type": "Window",
        "id": 111,
        "location": {
          "x": 5.77,
          "y": 0.1
        },
        "dimensions": {
          "width": 2.41,
          "height": 0.43
        }
      },
      {
        "type": "Door",
        "id": 112,
        "location": {
          "x": 5.27,
          "y": 0.1
        },
        "dimensions": {
          "width": 0.26,
          "height": 0.38
        }
      },
      {
        "type": "Window",
        "id": 113,
        "location": {
          "x": 2.07,
          "y": 0.07
        },
        "dimensions": {
          "width": 2.36,
          "height": 0.46
        }
      }
    ]
  }
}