{
  "floorPlan": {
    "name": "Floor Plan 13_8.jpg",
    "units": "feet",
    "totalArea": 46.79,
    "totalRooms": 14,
    "rooms": [
      {
        "id": 1,
        "name": "Room_1",
        "shape": "Rectangle",
        "dimensions": {
          "width": 1.21,
          "length": 0.78,
          "height": 0.97
        },
        "position": {
          "x": 0.35,
          "y": 10.66
        },
        "windows": [],
        "doors": [],
        "connected_to": []
      },
      {
        "id": 2,
        "name": "Room_2",
        "shape": "Pentagon",
        "dimensions": {
          "width": 1.86,
          "length": 1.04,
          "height": 1.49
        },
        "position": {
          "x": 2.21,
          "y": 10.4
        },
        "windows": [],
        "doors": [],
        "connected_to": []
      },
      {
        "id": 3,
        "name": "Room_3",
        "shape": "Rectangle",
        "dimensions": {
          "width": 1.21,
          "length": 1.87,
          "height": 1.5
        },
        "position": {
          "x": 8.76,
          "y": 9.57
        },
        "windows": [],
        "doors": [
          {
            "type": "Door",
            "id": 7,
            "location": {
              "x": 9.05,
              "y": 10.05
            },
            "dimensions": {
              "width": 0.18,
              "height": 0.27
            }
          },
          {
            "type": "Door",
            "id": 13,
            "location": {
              "x": 9.03,
              "y": 9.62
            },
            "dimensions": {
              "width": 0.26,
              "height": 0.28
            }
          },
          {
            "type": "Door",
            "id": 14,
            "location": {
              "x": 8.76,
              "y": 9.62
            },
            "dimensions": {
              "width": 0.26,
              "height": 0.28
            }
          }
        ],
        "connected_to": []
      },
      {
        "id": 4,
        "name": "Room_4",
        "shape": "Pentagon",
        "dimensions": {
          "width": 1.86,
          "length": 2.96,
          "height": 2.37
        },
        "position": {
          "x": 6.25,
          "y": 8.48
        },
        "windows": [],
        "doors": [
          {
            "type": "Door",
            "id": 4,
            "location": {
              "x": 7.88,
              "y": 10.4
            },
            "dimensions": {
              "width": 0.13,
              "height": 0.21
            }
          },
          {
            "type": "Door",
            "id": 9,
            "location": {
              "x": 7.63,
              "y": 10.05
            },
            "dimensions": {
              "width": 0.18,
              "height": 0.27
            }
          },
          {
            "type": "Door",
            "id": 10,
            "location": {
              "x": 7.77,
              "y": 9.63
            },
            "dimensions": {
              "width": 0.06,
              "height": 0.27
            }
          },
          {
            "type": "Door",
            "id": 11,
            "location": {
              "x": 7.43,
              "y": 9.63
            },
            "dimensions": {
              "width": 0.07,
              "height": 0.27
            }
          },
          {
            "type": "Door",
            "id": 12,
            "location": {
              "x": 7.22,
              "y": 9.63
            },
            "dimensions": {
              "width": 0.19,
              "height": 0.27
            }
          }
        ],
        "connected_to": []
      },
      {
        "id": 5,
        "name": "Room_5",
        "shape": "Irregular",
        "dimensions": {
          "width": 3.22,
          "length": 1.72,
          "height": 2.58
        },
        "position": {
          "x": 0.35,
          "y": 8.04
        },
        "windows": [],
        "doors": [],
        "connected_to": []
      },
      {
        "id": 6,
        "name": "Room_6",
        "shape": "Irregular",
        "dimensions": {
          "width": 0.82,
          "length": 2.34,
          "height": 1.87
        },
        "position": {
          "x": 9.15,
          "y": 6.48
        },
        "windows": [],
        "doors": [],
        "connected_to": []
      },
      {
        "id": 7,
        "name": "Room_7",
        "shape": "Rectangle",
        "dimensions": {
          "width": 0.09,
          "length": 1.55,
          "height": 1.24
        },
        "position": {
          "x": 0.35,
          "y": 5.42
        },
        "windows": [
          {
            "type": "Window",
            "id": 35,
            "location": {
              "x": 0.43,
              "y": 6.16
            },
            "dimensions": {
              "width": 2.99,
              "height": 0.07
            }
          }
        ],
        "doors": [],
        "connected_to": []
      },
      {
        "id": 8,
        "name": "Room_8",
        "shape": "Hexagon",
        "dimensions": {
          "width": 0.81,
          "length": 1.3,
          "height": 1.04
        },
        "position": {
          "x": 9.16,
          "y": 4.53
        },
        "windows": [
          {
            "type": "Window",
            "id": 42,
            "location": {
              "x": 9.35,
              "y": 4.78
            },
            "dimensions": {
              "width": 0.54,
              "height": 0.14
            }
          }
        ],
        "doors": [],
        "connected_to": []
      },
      {
        "id": 9,
        "name": "Room_9",
        "shape": "Irregular",
        "dimensions": {
          "width": 2.29,
          "length": 1.02,
          "height": 1.83
        },
        "position": {
          "x": 7.68,
          "y": 2.76
        },
        "windows": [],
        "doors": [
          {
            "type": "Door",
            "id": 59,
            "location": {
              "x": 7.9,
              "y": 3.71
            },
            "dimensions": {
              "width": 0.68,
              "height": 0.54
            }
          },
          {
            "type": "Door",
            "id": 60,
            "location": {
              "x": 8.38,
              "y": 3.68
            },
            "dimensions": {
              "width": 0.34,
              "height": 0.19
            }
          },
          {
            "type": "Door",
            "id": 61,
            "location": {
              "x": 8.03,
              "y": 3.68
            },
            "dimensions": {
              "width": 0.16,
              "height": 0.19
            }
          },
          {
            "type": "Door",
            "id": 62,
            "location": {
              "x": 9.34,
              "y": 3.67
            },
            "dimensions": {
              "width": 0.5,
              "height": 1.0
            }
          },
          {
            "type": "Door",
            "id": 63,
            "location": {
              "x": 9.12,
              "y": 3.63
            },
            "dimensions": {
              "width": 0.18,
              "height": 0.77
            }
          },
          {
            "type": "Door",
            "id": 64,
            "location": {
              "x": 8.72,
              "y": 3.63
            },
            "dimensions": {
              "width": 0.38,
              "height": 0.53
            }
          },
          {
            "type": "Door",
            "id": 65,
            "location": {
              "x": 8.19,
              "y": 3.63
            },
            "dimensions": {
              "width": 0.18,
              "height": 0.24
            }
          },
          {
            "type": "Door",
            "id": 66,
            "location": {
              "x": 7.86,
              "y": 3.61
            },
            "dimensions": {
              "width": 2.03,
              "height": 1.31
            }
          }
        ],
        "connected_to": []
      },
      {
        "id": 10,
        "name": "Room_10",
        "shape": "Irregular",
        "dimensions": {
          "width": 3.15,
          "length": 3.4,
          "height": 2.72
        },
        "position": {
          "x": 0.35,
          "y": 0.95
        },
        "windows": [],
        "doors": [
          {
            "type": "Door",
            "id": 50,
            "location": {
              "x": 2.49,
              "y": 4.27
            },
            "dimensions": {
              "width": 0.13,
              "height": 0.27
            }
          },
          {
            "type": "Door",
            "id": 51,
            "location": {
              "x": 2.17,
              "y": 4.27
            },
            "dimensions": {
              "width": 0.19,
              "height": 0.27
            }
          },
          {
            "type": "Door",
            "id": 52,
            "location": {
              "x": 1.95,
              "y": 4.27
            },
            "dimensions": {
              "width": 0.2,
              "height": 0.27
            }
          },
          {
            "type": "Door",
            "id": 53,
            "location": {
              "x": 1.68,
              "y": 4.27
            },
            "dimensions": {
              "width": 0.26,
              "height": 0.27
            }
          },
          {
            "type": "Door",
            "id": 54,
            "location": {
              "x": 1.47,
              "y": 4.27
            },
            "dimensions": {
              "width": 0.22,
              "height": 0.27
            }
          },
          {
            "type": "Door",
            "id": 55,
            "location": {
              "x": 1.24,
              "y": 4.27
            },
            "dimensions": {
              "width": 0.22,
              "height": 0.28
            }
          },
          {
            "type": "Door",
            "id": 67,
            "location": {
              "x": 3.41,
              "y": 3.57
            },
            "dimensions": {
              "width": 0.07,
              "height": 0.58
            }
          }
        ],
        "connected_to": []
      },
      {
        "id": 11,
        "name": "Room_11",
        "shape": "Rectangle",
        "dimensions": {
          "width": 0.23,
          "length": 2.05,
          "height": 1.64
        },
        "position": {
          "x": 9.74,
          "y": 0.07
        },
        "windows": [],
        "doors": [],
        "connected_to": []
      },
      {
        "id": 12,
        "name": "Room_12",
        "shape": "Rectangle",
        "dimensions": {
          "width": 1.38,
          "length": 0.09,
          "height": 1.1
        },
        "position": {
          "x": 7.71,
          "y": 0.07
        },
        "windows": [],
        "doors": [],
        "connected_to": []
      },
      {
        "id": 13,
        "name": "Room_13",
        "shape": "Rectangle",
        "dimensions": {
          "width": 0.82,
          "length": 7.78,
          "height": 6.22
        },
        "position": {
          "x": 6.24,
          "y": 0.06
        },
        "windows": [],
        "doors": [
          {
            "type": "Door",
            "id": 69,
            "location": {
              "x": 6.84,
              "y": 0.16
            },
            "dimensions": {
              "width": 3.12,
              "height": 11.2
            }
          }
        ],
        "connected_to": []
      },
      {
        "id": 14,
        "name": "Room_14",
        "shape": "Octagon",
        "dimensions": {
          "width": 3.72,
          "length": 2.01,
          "height": 2.98
        },
        "position": {
          "x": 0.35,
          "y": 0.06
        },
        "windows": [
          {
            "type": "Window",
            "id": 68,
            "location": {
              "x": 2.47,
              "y": 0.37
            },
            "dimensions": {
              "width": 0.25,
              "height": 0.11
            }
          }
        ],
        "doors": [],
        "connected_to": []
      }
    ],
    "doorsAndWindows": [
      {
        "type": "Door",
        "id": 1,
        "location": {
          "x": 8.43,
          "y": 10.45
        },
        "dimensions": {
          "width": 0.15,
          "height": 0.21
        }
      },
      {
        "type": "Door",
        "id": 2,
        "location": {
          "x": 8.75,
          "y": 10.4
        },
        "dimensions": {
          "width": 0.16,
          "height": 0.21
        }
      },
      {
        "type": "Door",
        "id": 3,
        "location": {
          "x": 8.16,
          "y": 10.4
        },
        "dimensions": {
          "width": 0.18,
          "height": 0.21
        }
      },
      {
        "type": "Door",
        "id": 4,
        "location": {
          "x": 7.88,
          "y": 10.4
        },
        "dimensions": {
          "width": 0.13,
          "height": 0.21
        }
      },
      {
        "type": "Window",
        "id": 5,
        "location": {
          "x": 0.08,
          "y": 10.13
        },
        "dimensions": {
          "width": 4.6,
          "height": 1.35
        }
      },
      {
        "type": "Door",
        "id": 6,
        "location": {
          "x": 8.24,
          "y": 10.11
        },
        "dimensions": {
          "width": 0.19,
          "height": 0.2
        }
      },
      {
        "type": "Door",
        "id": 7,
        "location": {
          "x": 9.05,
          "y": 10.05
        },
        "dimensions": {
          "width": 0.18,
          "height": 0.27
        }
      },
      {
        "type": "Door",
        "id": 8,
        "location": {
          "x": 8.75,
          "y": 10.05
        },
        "dimensions": {
          "width": 0.12,
          "height": 0.26
        }
      },
      {
        "type": "Door",
        "id": 9,
        "location": {
          "x": 7.63,
          "y": 10.05
        },
        "dimensions": {
          "width": 0.18,
          "height": 0.27
        }
      },
      {
        "type": "Door",
        "id": 10,
        "location": {
          "x": 7.77,
          "y": 9.63
        },
        "dimensions": {
          "width": 0.06,
          "height": 0.27
        }
      },
      {
        "type": "Door",
        "id": 11,
        "location": {
          "x": 7.43,
          "y": 9.63
        },
        "dimensions": {
          "width": 0.07,
          "height": 0.27
        }
      },
      {
        "type": "Door",
        "id": 12,
        "location": {
          "x": 7.22,
          "y": 9.63
        },
        "dimensions": {
          "width": 0.19,
          "height": 0.27
        }
      },
      {
        "type": "Door",
        "id": 13,
        "location": {
          "x": 9.03,
          "y": 9.62
        },
        "dimensions": {
          "width": 0.26,
          "height": 0.28
        }
      },
      {
        "type": "Door",
        "id": 14,
        "location": {
          "x": 8.76,
          "y": 9.62
        },
        "dimensions": {
          "width": 0.26,
          "height": 0.28
        }
      },
      {
        "type": "Door",
        "id": 15,
        "location": {
          "x": 8.12,
          "y": 9.62
        },
        "dimensions": {
          "width": 0.25,
          "height": 0.28
        }
      },
      {
        "type": "Door",
        "id": 16,
        "location": {
          "x": 2.24,
          "y": 7.84
        },
        "dimensions": {
          "width": 0.15,
          "height": 0.22
        }
      },
      {
        "type": "Door",
        "id": 17,
        "location": {
          "x": 2.57,
          "y": 7.8
        },
        "dimensions": {
          "width": 0.16,
          "height": 0.2
        }
      },
      {
        "type": "Door",
        "id": 18,
        "location": {
          "x": 1.69,
          "y": 7.8
        },
        "dimensions": {
          "width": 0.14,
          "height": 0.21
        }
      },
      {
        "type": "Door",
        "id": 19,
        "location": {
          "x": 1.98,
          "y": 7.79
        },
        "dimensions": {
          "width": 0.17,
          "height": 0.21
        }
      },
      {
        "type": "Door",
        "id": 20,
        "location": {
          "x": 2.05,
          "y": 7.51
        },
        "dimensions": {
          "width": 0.19,
          "height": 0.2
        }
      },
      {
        "type": "Door",
        "id": 21,
        "location": {
          "x": 0.01,
          "y": 7.51
        },
        "dimensions": {
          "width": 3.48,
          "height": 3.85
        }
      },
      {
        "type": "Door",
        "id": 22,
        "location": {
          "x": 2.87,
          "y": 7.44
        },
        "dimensions": {
          "width": 0.18,
          "height": 0.27
        }
      },
      {
        "type": "Door",
        "id": 23,
        "location": {
          "x": 2.57,
          "y": 7.44
        },
        "dimensions": {
          "width": 0.12,
          "height": 0.27
        }
      },
      {
        "type": "Door",
        "id": 24,
        "location": {
          "x": 2.37,
          "y": 7.44
        },
        "dimensions": {
          "width": 0.12,
          "height": 0.27
        }
      },
      {
        "type": "Door",
        "id": 25,
        "location": {
          "x": 1.76,
          "y": 7.44
        },
        "dimensions": {
          "width": 0.18,
          "height": 0.27
        }
      },
      {
        "type": "Door",
        "id": 26,
        "location": {
          "x": 1.44,
          "y": 7.44
        },
        "dimensions": {
          "width": 0.18,
          "height": 0.27
        }
      },
      {
        "type": "Door",
        "id": 27,
        "location": {
          "x": 1.26,
          "y": 7.44
        },
        "dimensions": {
          "width": 0.12,
          "height": 0.27
        }
      },
      {
        "type": "Door",
        "id": 28,
        "location": {
          "x": 2.17,
          "y": 7.03
        },
        "dimensions": {
          "width": 0.19,
          "height": 0.26
        }
      },
      {
        "type": "Door",
        "id": 29,
        "location": {
          "x": 1.9,
          "y": 7.03
        },
        "dimensions": {
          "width": 0.26,
          "height": 0.26
        }
      },
      {
        "type": "Door",
        "id": 30,
        "location": {
          "x": 2.69,
          "y": 7.02
        },
        "dimensions": {
          "width": 0.18,
          "height": 0.27
        }
      },
      {
        "type": "Door",
        "id": 31,
        "location": {
          "x": 2.39,
          "y": 7.02
        },
        "dimensions": {
          "width": 0.19,
          "height": 0.27
        }
      },
      {
        "type": "Door",
        "id": 32,
        "location": {
          "x": 1.68,
          "y": 7.02
        },
        "dimensions": {
          "width": 0.22,
          "height": 0.27
        }
      },
      {
        "type": "Door",
        "id": 33,
        "location": {
          "x": 1.45,
          "y": 7.02
        },
        "dimensions": {
          "width": 0.23,
          "height": 0.28
        }
      },
      {
        "type": "Door",
        "id": 34,
        "location": {
          "x": 0.32,
          "y": 6.23
        },
        "dimensions": {
          "width": 3.18,
          "height": 1.8
        }
      },
      {
        "type": "Window",
        "id": 35,
        "location": {
          "x": 0.43,
          "y": 6.16
        },
        "dimensions": {
          "width": 2.99,
          "height": 0.07
        }
      },
      {
        "type": "Door",
        "id": 36,
        "location": {
          "x": 7.93,
          "y": 5.12
        },
        "dimensions": {
          "width": 0.14,
          "height": 0.18
        }
      },
      {
        "type": "Door",
        "id": 37,
        "location": {
          "x": 2.02,
          "y": 5.09
        },
        "dimensions": {
          "width": 0.14,
          "height": 0.22
        }
      },
      {
        "type": "Door",
        "id": 38,
        "location": {
          "x": 2.33,
          "y": 5.05
        },
        "dimensions": {
          "width": 0.17,
          "height": 0.2
        }
      },
      {
        "type": "Door",
        "id": 39,
        "location": {
          "x": 1.46,
          "y": 5.05
        },
        "dimensions": {
          "width": 0.14,
          "height": 0.2
        }
      },
      {
        "type": "Door",
        "id": 40,
        "location": {
          "x": 1.75,
          "y": 5.04
        },
        "dimensions": {
          "width": 0.18,
          "height": 0.21
        }
      },
      {
        "type": "Door",
        "id": 41,
        "location": {
          "x": 3.42,
          "y": 5.03
        },
        "dimensions": {
          "width": 0.06,
          "height": 1.09
        }
      },
      {
        "type": "Window",
        "id": 42,
        "location": {
          "x": 9.35,
          "y": 4.78
        },
        "dimensions": {
          "width": 0.54,
          "height": 0.14
        }
      },
      {
        "type": "Door",
        "id": 43,
        "location": {
          "x": 1.82,
          "y": 4.76
        },
        "dimensions": {
          "width": 0.2,
          "height": 0.2
        }
      },
      {
        "type": "Door",
        "id": 44,
        "location": {
          "x": 2.64,
          "y": 4.69
        },
        "dimensions": {
          "width": 0.18,
          "height": 0.27
        }
      },
      {
        "type": "Door",
        "id": 45,
        "location": {
          "x": 2.34,
          "y": 4.69
        },
        "dimensions": {
          "width": 0.12,
          "height": 0.27
        }
      },
      {
        "type": "Door",
        "id": 46,
        "location": {
          "x": 2.14,
          "y": 4.69
        },
        "dimensions": {
          "width": 0.12,
          "height": 0.27
        }
      },
      {
        "type": "Door",
        "id": 47,
        "location": {
          "x": 1.53,
          "y": 4.69
        },
        "dimensions": {
          "width": 0.18,
          "height": 0.27
        }
      },
      {
        "type": "Door",
        "id": 48,
        "location": {
          "x": 1.21,
          "y": 4.69
        },
        "dimensions": {
          "width": 0.18,
          "height": 0.27
        }
      },
      {
        "type": "Door",
        "id": 49,
        "location": {
          "x": 1.03,
          "y": 4.69
        },
        "dimensions": {
          "width": 0.12,
          "height": 0.27
        }
      },
      {
        "type": "Door",
        "id": 50,
        "location": {
          "x": 2.49,
          "y": 4.27
        },
        "dimensions": {
          "width": 0.13,
          "height": 0.27
        }
      },
      {
        "type": "Door",
        "id": 51,
        "location": {
          "x": 2.17,
          "y": 4.27
        },
        "dimensions": {
          "width": 0.19,
          "height": 0.27
        }
      },
      {
        "type": "Door",
        "id": 52,
        "location": {
          "x": 1.95,
          "y": 4.27
        },
        "dimensions": {
          "width": 0.2,
          "height": 0.27
        }
      },
      {
        "type": "Door",
        "id": 53,
        "location": {
          "x": 1.68,
          "y": 4.27
        },
        "dimensions": {
          "width": 0.26,
          "height": 0.27
        }
      },
      {
        "type": "Door",
        "id": 54,
        "location": {
          "x": 1.47,
          "y": 4.27
        },
        "dimensions": {
          "width": 0.22,
          "height": 0.27
        }
      },
      {
        "type": "Door",
        "id": 55,
        "location": {
          "x": 1.24,
          "y": 4.27
        },
        "dimensions": {
          "width": 0.22,
          "height": 0.28
        }
      },
      {
        "type": "Door",
        "id": 56,
        "location": {
          "x": 8.19,
          "y": 4.26
        },
        "dimensions": {
          "width": 0.13,
          "height": 0.19
        }
      },
      {
        "type": "Door",
        "id": 57,
        "location": {
          "x": 8.99,
          "y": 3.85
        },
        "dimensions": {
          "width": 0.22,
          "height": 0.41
        }
      },
      {
        "type": "Door",
        "id": 58,
        "location": {
          "x": 9.9,
          "y": 3.82
        },
        "dimensions": {
          "width": 0.06,
          "height": 0.72
        }
      },
      {
        "type": "Door",
        "id": 59,
        "location": {
          "x": 7.9,
          "y": 3.71
        },
        "dimensions": {
          "width": 0.68,
          "height": 0.54
        }
      },
      {
        "type": "Door",
        "id": 60,
        "location": {
          "x": 8.38,
          "y": 3.68
        },
        "dimensions": {
          "width": 0.34,
          "height": 0.19
        }
      },
      {
        "type": "Door",
        "id": 61,
        "location": {
          "x": 8.03,
          "y": 3.68
        },
        "dimensions": {
          "width": 0.16,
          "height": 0.19
        }
      },
      {
        "type": "Door",
        "id": 62,
        "location": {
          "x": 9.34,
          "y": 3.67
        },
        "dimensions": {
          "width": 0.5,
          "height": 1.0
        }
      },
      {
        "type": "Door",
        "id": 63,
        "location": {
          "x": 9.12,
          "y": 3.63
        },
        "dimensions": {
          "width": 0.18,
          "height": 0.77
        }
      },
      {
        "type": "Door",
        "id": 64,
        "location": {
          "x": 8.72,
          "y": 3.63
        },
        "dimensions": {
          "width": 0.38,
          "height": 0.53
        }
      },
      {
        "type": "Door",
        "id": 65,
        "location": {
          "x": 8.19,
          "y": 3.63
        },
        "dimensions": {
          "width": 0.18,
          "height": 0.24
        }
      },
      {
        "type": "Door",
        "id": 66,
        "location": {
          "x": 7.86,
          "y": 3.61
        },
        "dimensions": {
          "width": 2.03,
          "height": 1.31
        }
      },
      {
        "type": "Door",
        "id": 67,
        "location": {
          "x": 3.41,
          "y": 3.57
        },
        "dimensions": {
          "width": 0.07,
          "height": 0.58
        }
      },
      {
        "type": "Window",
        "id": 68,
        "location": {
          "x": 2.47,
          "y": 0.37
        },
        "dimensions": {
          "width": 0.25,
          "height": 0.11
        }
      },
      {
        "type": "Door",
        "id": 69,
        "location": {
          "x": 6.84,
          "y": 0.16
        },
        "dimensions": {
          "width": 3.12,
          "height": 11.2
        }
      },
      {
        "type": "Window",
        "id": 70,
        "location": {
          "x": 9.13,
          "y": 0.12
        },
        "dimensions": {
          "width": 0.58,
          "height": 0.03
        }
      },
      {
        "type": "Window",
        "id": 71,
        "location": {
          "x": 7.1,
          "y": 0.12
        },
        "dimensions": {
          "width": 0.57,
          "height": 0.03
        }
      },
      {
        "type": "Window",
        "id": 72,
        "location": {
          "x": 3.55,
          "y": 0.03
        },
        "dimensions": {
          "width": 1.08,
          "height": 0.03
        }
      },
      {
        "type": "Door",
        "id": 73,
        "location": {
          "x": 0.01,
          "y": 0.0
        },
        "dimensions": {
          "width": 9.97,
          "height": 11.5
        }
      }
    ]
  }
}