{
  "floorPlan": {
    "name": "Floor Plan 14_19.jpg",
    "units": "feet",
    "totalArea": 84.37,
    "totalRooms": 3,
    "rooms": [
      {
        "id": 1,
        "name": "Room_1",
        "shape": "Irregular",
        "dimensions": {
          "width": 7.28,
          "length": 6.4,
          "height": 5.82
        },
        "position": {
          "x": 1.79,
          "y": 4.33
        },
        "windows": [],
        "doors": [],
        "connected_to": []
      },
      {
        "id": 2,
        "name": "Room_2",
        "shape": "Rectangle",
        "dimensions": {
          "width": 1.09,
          "length": 1.74,
          "height": 1.39
        },
        "position": {
          "x": 7.98,
          "y": 2.58
        },
        "windows": [],
        "doors": [],
        "connected_to": []
      },
      {
        "id": 3,
        "name": "Room_3",
        "shape": "Irregular",
        "dimensions": {
          "width": 6.24,
          "length": 5.75,
          "height": 4.99
        },
        "position": {
          "x": 1.77,
          "y": 0.95
        },
        "windows": [],
        "doors": [],
        "connected_to": []
      }
    ],
    "doorsAndWindows": [
      {
        "type": "Door",
        "id": 1,
        "location": {
          "x": 0.32,
          "y": 0.29
        },
        "dimensions": {
          "width": 8.75,
          "height": 12.29
        }
      }
    ]
  }
}