{
  "floorPlan": {
    "name": "Floor Plan 14_25.jpg",
    "units": "feet",
    "totalArea": 75.77,
    "totalRooms": 5,
    "rooms": [
      {
        "id": 1,
        "name": "DROPEZONE",
        "shape": "Irregular",
        "dimensions": {
          "width": 2.04,
          "length": 1.11,
          "height": 1.63
        },
        "position": {
          "x": 4.76,
          "y": 6.6
        },
        "windows": [],
        "doors": [],
        "connected_to": []
      },
      {
        "id": 2,
        "name": "2-CAR GARAGE",
        "shape": "Irregular",
        "dimensions": {
          "width": 5.47,
          "length": 4.9,
          "height": 4.38
        },
        "position": {
          "x": 0.67,
          "y": 5.65
        },
        "windows": [],
        "doors": [],
        "connected_to": []
      },
      {
        "id": 3,
        "name": "9 CEIL",
        "shape": "Octagon",
        "dimensions": {
          "width": 1.99,
          "length": 2.14,
          "height": 1.71
        },
        "position": {
          "x": 2.37,
          "y": 5.07
        },
        "windows": [],
        "doors": [],
        "connected_to": []
      },
      {
        "id": 4,
        "name": "LINEN",
        "shape": "Irregular",
        "dimensions": {
          "width": 2.31,
          "length": 5.76,
          "height": 4.61
        },
        "position": {
          "x": 7.01,
          "y": 3.93
        },
        "windows": [],
        "doors": [],
        "connected_to": []
      },
      {
        "id": 5,
        "name": "9 CEIL",
        "shape": "Octagon",
        "dimensions": {
          "width": 4.07,
          "length": 7.16,
          "height": 5.73
        },
        "position": {
          "x": 0.63,
          "y": 2.52
        },
        "windows": [],
        "doors": [],
        "connected_to": []
      }
    ],
    "doorsAndWindows": [
      {
        "type": "Door",
        "id": 1,
        "location": {
          "x": 0.6,
          "y": 2.52
        },
        "dimensions": {
          "width": 8.74,
          "height": 8.28
        }
      }
    ]
  }
}