{
  "floorPlan": {
    "name": "Floor Plan 14_21.jpg",
    "units": "feet",
    "totalArea": 20.5,
    "totalRooms": 8,
    "rooms": [
      {
        "id": 1,
        "name": "Room_1",
        "shape": "Irregular",
        "dimensions": {
          "width": 1.44,
          "length": 0.72,
          "height": 1.15
        },
        "position": {
          "x": 4.35,
          "y": 9.95
        },
        "windows": [],
        "doors": [],
        "connected_to": []
      },
      {
        "id": 2,
        "name": "Room_2",
        "shape": "Rectangle",
        "dimensions": {
          "width": 0.52,
          "length": 2.61,
          "height": 2.09
        },
        "position": {
          "x": 7.14,
          "y": 6.78
        },
        "windows": [],
        "doors": [],
        "connected_to": []
      },
      {
        "id": 3,
        "name": "Room_3",
        "shape": "Irregular",
        "dimensions": {
          "width": 2.41,
          "length": 2.81,
          "height": 2.25
        },
        "position": {
          "x": 1.36,
          "y": 5.89
        },
        "windows": [],
        "doors": [],
        "connected_to": []
      },
      {
        "id": 4,
        "name": "Room_4",
        "shape": "Irregular",
        "dimensions": {
          "width": 0.48,
          "length": 3.56,
          "height": 2.85
        },
        "position": {
          "x": 9.19,
          "y": 5.83
        },
        "windows": [],
        "doors": [],
        "connected_to": []
      },
      {
        "id": 5,
        "name": "Room_5",
        "shape": "Irregular",
        "dimensions": {
          "width": 0.49,
          "length": 3.56,
          "height": 2.85
        },
        "position": {
          "x": 0.47,
          "y": 5.83
        },
        "windows": [],
        "doors": [],
        "connected_to": []
      },
      {
        "id": 6,
        "name": "Room_6",
        "shape": "Irregular",
        "dimensions": {
          "width": 3.07,
          "length": 2.1,
          "height": 2.46
        },
        "position": {
          "x": 6.6,
          "y": 4.83
        },
        "windows": [],
        "doors": [],
        "connected_to": []
      },
      {
        "id": 7,
        "name": "Room_7",
        "shape": "Irregular",
        "dimensions": {
          "width": 2.96,
          "length": 0.07,
          "height": 2.37
        },
        "position": {
          "x": 2.62,
          "y": 4.83
        },
        "windows": [],
        "doors": [],
        "connected_to": []
      },
      {
        "id": 8,
        "name": "Room_8",
        "shape": "Irregular",
        "dimensions": {
          "width": 1.7,
          "length": 0.72,
          "height": 1.36
        },
        "position": {
          "x": 0.47,
          "y": 4.83
        },
        "windows": [],
        "doors": [],
        "connected_to": []
      }
    ],
    "doorsAndWindows": [
      {
        "type": "Door",
        "id": 1,
        "location": {
          "x": 4.72,
          "y": 11.52
        },
        "dimensions": {
          "width": 0.12,
          "height": 0.21
        }
      },
      {
        "type": "Door",
        "id": 2,
        "location": {
          "x": 3.53,
          "y": 11.49
        },
        "dimensions": {
          "width": 0.4,
          "height": 0.48
        }
      },
      {
        "type": "Door",
        "id": 3,
        "location": {
          "x": 3.1,
          "y": 11.48
        },
        "dimensions": {
          "width": 0.35,
          "height": 0.35
        }
      },
      {
        "type": "Door",
        "id": 4,
        "location": {
          "x": 5.2,
          "y": 11.15
        },
        "dimensions": {
          "width": 0.25,
          "height": 0.27
        }
      },
      {
        "type": "Door",
        "id": 5,
        "location": {
          "x": 4.69,
          "y": 11.15
        },
        "dimensions": {
          "width": 0.25,
          "height": 0.27
        }
      },
      {
        "type": "Door",
        "id": 6,
        "location": {
          "x": 2.65,
          "y": 11.15
        },
        "dimensions": {
          "width": 0.49,
          "height": 0.56
        }
      },
      {
        "type": "Door",
        "id": 7,
        "location": {
          "x": 2.44,
          "y": 11.12
        },
        "dimensions": {
          "width": 0.31,
          "height": 0.29
        }
      },
      {
        "type": "Door",
        "id": 8,
        "location": {
          "x": 7.36,
          "y": 10.84
        },
        "dimensions": {
          "width": 0.77,
          "height": 0.77
        }
      },
      {
        "type": "Door",
        "id": 9,
        "location": {
          "x": 2.1,
          "y": 10.69
        },
        "dimensions": {
          "width": 0.55,
          "height": 0.48
        }
      },
      {
        "type": "Door",
        "id": 10,
        "location": {
          "x": 0.8,
          "y": 10.18
        },
        "dimensions": {
          "width": 0.52,
          "height": 0.55
        }
      },
      {
        "type": "Door",
        "id": 11,
        "location": {
          "x": 1.51,
          "y": 10.13
        },
        "dimensions": {
          "width": 0.46,
          "height": 0.54
        }
      },
      {
        "type": "Door",
        "id": 12,
        "location": {
          "x": 1.24,
          "y": 10.13
        },
        "dimensions": {
          "width": 0.32,
          "height": 0.29
        }
      },
      {
        "type": "Door",
        "id": 13,
        "location": {
          "x": 8.75,
          "y": 9.32
        },
        "dimensions": {
          "width": 0.47,
          "height": 0.91
        }
      },
      {
        "type": "Door",
        "id": 14,
        "location": {
          "x": 7.69,
          "y": 9.31
        },
        "dimensions": {
          "width": 1.05,
          "height": 0.86
        }
      },
      {
        "type": "Door",
        "id": 15,
        "location": {
          "x": 0.44,
          "y": 4.76
        },
        "dimensions": {
          "width": 9.27,
          "height": 8.39
        }
      },
      {
        "type": "Door",
        "id": 16,
        "location": {
          "x": 2.84,
          "y": 2.69
        },
        "dimensions": {
          "width": 0.13,
          "height": 0.18
        }
      },
      {
        "type": "Door",
        "id": 17,
        "location": {
          "x": 3.02,
          "y": 2.68
        },
        "dimensions": {
          "width": 0.21,
          "height": 0.2
        }
      },
      {
        "type": "Door",
        "id": 18,
        "location": {
          "x": 2.16,
          "y": 2.68
        },
        "dimensions": {
          "width": 0.13,
          "height": 0.2
        }
      },
      {
        "type": "Door",
        "id": 19,
        "location": {
          "x": 1.84,
          "y": 2.36
        },
        "dimensions": {
          "width": 0.46,
          "height": 0.23
        }
      },
      {
        "type": "Door",
        "id": 20,
        "location": {
          "x": 3.3,
          "y": 2.35
        },
        "dimensions": {
          "width": 0.22,
          "height": 0.25
        }
      },
      {
        "type": "Door",
        "id": 21,
        "location": {
          "x": 2.38,
          "y": 2.35
        },
        "dimensions": {
          "width": 0.23,
          "height": 0.25
        }
      },
      {
        "type": "Door",
        "id": 22,
        "location": {
          "x": 2.56,
          "y": 2.02
        },
        "dimensions": {
          "width": 0.22,
          "height": 0.25
        }
      },
      {
        "type": "Door",
        "id": 23,
        "location": {
          "x": 1.83,
          "y": 2.02
        },
        "dimensions": {
          "width": 0.23,
          "height": 0.25
        }
      }
    ]
  }
}