{
  "floorPlan": {
    "name": "Floor Plan 14_22.jpg",
    "units": "feet",
    "totalArea": 5.23,
    "totalRooms": 4,
    "rooms": [
      {
        "id": 1,
        "name": "Room_1",
        "shape": "Triangle",
        "dimensions": {
          "width": 0.72,
          "length": 0.37,
          "height": 0.58
        },
        "position": {
          "x": 8.5,
          "y": 13.39
        },
        "windows": [],
        "doors": [],
        "connected_to": []
      },
      {
        "id": 2,
        "name": "Room_2",
        "shape": "Triangle",
        "dimensions": {
          "width": 0.75,
          "length": 0.37,
          "height": 0.6
        },
        "position": {
          "x": 2.75,
          "y": 13.39
        },
        "windows": [],
        "doors": [],
        "connected_to": []
      },
      {
        "id": 3,
        "name": "Room_3",
        "shape": "Octagon",
        "dimensions": {
          "width": 0.74,
          "length": 0.47,
          "height": 0.59
        },
        "position": {
          "x": 0.42,
          "y": 5.18
        },
        "windows": [],
        "doors": [],
        "connected_to": []
      },
      {
        "id": 4,
        "name": "Room_4",
        "shape": "Irregular",
        "dimensions": {
          "width": 0.39,
          "length": 11.12,
          "height": 8.9
        },
        "position": {
          "x": 1.22,
          "y": 0.49
        },
        "windows": [],
        "doors": [],
        "connected_to": []
      }
    ],
    "doorsAndWindows": [
      {
        "type": "Door",
        "id": 1,
        "location": {
          "x": 6.05,
          "y": 12.97
        },
        "dimensions": {
          "width": 0.29,
          "height": 0.15
        }
      },
      {
        "type": "Door",
        "id": 2,
        "location": {
          "x": 7.19,
          "y": 12.57
        },
        "dimensions": {
          "width": 0.16,
          "height": 0.27
        }
      },
      {
        "type": "Door",
        "id": 3,
        "location": {
          "x": 6.96,
          "y": 12.57
        },
        "dimensions": {
          "width": 0.17,
          "height": 0.27
        }
      },
      {
        "type": "Door",
        "id": 4,
        "location": {
          "x": 6.38,
          "y": 12.57
        },
        "dimensions": {
          "width": 0.49,
          "height": 0.76
        }
      },
      {
        "type": "Door",
        "id": 5,
        "location": {
          "x": 5.8,
          "y": 12.57
        },
        "dimensions": {
          "width": 0.16,
          "height": 0.27
        }
      },
      {
        "type": "Door",
        "id": 6,
        "location": {
          "x": 5.22,
          "y": 12.57
        },
        "dimensions": {
          "width": 0.49,
          "height": 0.76
        }
      },
      {
        "type": "Door",
        "id": 7,
        "location": {
          "x": 4.64,
          "y": 12.57
        },
        "dimensions": {
          "width": 0.5,
          "height": 0.74
        }
      },
      {
        "type": "Window",
        "id": 8,
        "location": {
          "x": 2.74,
          "y": 11.66
        },
        "dimensions": {
          "width": 6.51,
          "height": 2.19
        }
      },
      {
        "type": "Door",
        "id": 9,
        "location": {
          "x": 0.41,
          "y": 6.87
        },
        "dimensions": {
          "width": 0.75,
          "height": 0.54
        }
      },
      {
        "type": "Door",
        "id": 10,
        "location": {
          "x": 0.41,
          "y": 6.33
        },
        "dimensions": {
          "width": 0.76,
          "height": 0.49
        }
      },
      {
        "type": "Door",
        "id": 11,
        "location": {
          "x": 0.41,
          "y": 6.08
        },
        "dimensions": {
          "width": 0.27,
          "height": 0.16
        }
      },
      {
        "type": "Door",
        "id": 12,
        "location": {
          "x": 0.81,
          "y": 5.7
        },
        "dimensions": {
          "width": 0.15,
          "height": 0.29
        }
      },
      {
        "type": "Door",
        "id": 13,
        "location": {
          "x": 0.41,
          "y": 5.17
        },
        "dimensions": {
          "width": 0.76,
          "height": 0.49
        }
      },
      {
        "type": "Door",
        "id": 14,
        "location": {
          "x": 0.41,
          "y": 4.91
        },
        "dimensions": {
          "width": 0.27,
          "height": 0.16
        }
      },
      {
        "type": "Door",
        "id": 15,
        "location": {
          "x": 0.41,
          "y": 4.68
        },
        "dimensions": {
          "width": 0.27,
          "height": 0.17
        }
      },
      {
        "type": "Door",
        "id": 16,
        "location": {
          "x": 0.79,
          "y": 0.48
        },
        "dimensions": {
          "width": 1.61,
          "height": 11.14
        }
      },
      {
        "type": "Door",
        "id": 17,
        "location": {
          "x": 2.68,
          "y": 0.42
        },
        "dimensions": {
          "width": 6.65,
          "height": 11.79
        }
      }
    ]
  }
}