{
  "floorPlan": {
    "name": "Floor Plan 14_4.jpg",
    "units": "feet",
    "totalArea": 23.64,
    "totalRooms": 8,
    "rooms": [
      {
        "id": 1,
        "name": "Room_1",
        "shape": "Irregular",
        "dimensions": {
          "width": 0.79,
          "length": 0.55,
          "height": 0.63
        },
        "position": {
          "x": 7.89,
          "y": 4.07
        },
        "windows": [],
        "doors": [],
        "connected_to": []
      },
      {
        "id": 2,
        "name": "Room_2",
        "shape": "Irregular",
        "dimensions": {
          "width": 0.79,
          "length": 0.55,
          "height": 0.63
        },
        "position": {
          "x": 5.07,
          "y": 4.07
        },
        "windows": [],
        "doors": [],
        "connected_to": []
      },
      {
        "id": 3,
        "name": "MASTER BEDROOM",
        "shape": "Pentagon",
        "dimensions": {
          "width": 0.95,
          "length": 2.23,
          "height": 1.78
        },
        "position": {
          "x": 9.29,
          "y": 1.91
        },
        "windows": [],
        "doors": [],
        "connected_to": []
      },
      {
        "id": 4,
        "name": "Room_4",
        "shape": "Irregular",
        "dimensions": {
          "width": 0.98,
          "length": 3.01,
          "height": 2.41
        },
        "position": {
          "x": 3.27,
          "y": 1.26
        },
        "windows": [],
        "doors": [
          {
            "type": "Door",
            "id": 10,
            "location": {
              "x": 3.91,
              "y": 3.26
            },
            "dimensions": {
              "width": 0.4,
              "height": 0.4
            }
          },
          {
            "type": "Door",
            "id": 14,
            "location": {
              "x": 4.19,
              "y": 2.89
            },
            "dimensions": {
              "width": 0.64,
              "height": 1.15
            }
          }
        ],
        "connected_to": []
      },
      {
        "id": 5,
        "name": "COATS",
        "shape": "Irregular",
        "dimensions": {
          "width": 1.06,
          "length": 1.08,
          "height": 0.86
        },
        "position": {
          "x": 4.68,
          "y": 1.25
        },
        "windows": [],
        "doors": [
          {
            "type": "Door",
            "id": 22,
            "location": {
              "x": 4.73,
              "y": 1.47
            },
            "dimensions": {
              "width": 0.35,
              "height": 0.77
            }
          }
        ],
        "connected_to": [
          7
        ]
      },
      {
        "id": 6,
        "name": "Room_6",
        "shape": "Hexagon",
        "dimensions": {
          "width": 0.47,
          "length": 3.2,
          "height": 2.56
        },
        "position": {
          "x": 0.0,
          "y": 1.07
        },
        "windows": [],
        "doors": [],
        "connected_to": []
      },
      {
        "id": 7,
        "name": "13-0 x 10-6",
        "shape": "Irregular",
        "dimensions": {
          "width": 5.61,
          "length": 2.26,
          "height": 4.49
        },
        "position": {
          "x": 4.61,
          "y": 0.07
        },
        "windows": [
          {
            "type": "Window",
            "id": 23,
            "location": {
              "x": 7.18,
              "y": 1.42
            },
            "dimensions": {
              "width": 0.21,
              "height": 0.1
            }
          }
        ],
        "doors": [
          {
            "type": "Door",
            "id": 16,
            "location": {
              "x": 8.7,
              "y": 2.21
            },
            "dimensions": {
              "width": 1.43,
              "height": 1.55
            }
          },
          {
            "type": "Door",
            "id": 17,
            "location": {
              "x": 7.6,
              "y": 1.8
            },
            "dimensions": {
              "width": 0.32,
              "height": 0.34
            }
          },
          {
            "type": "Door",
            "id": 18,
            "location": {
              "x": 7.17,
              "y": 1.8
            },
            "dimensions": {
              "width": 0.34,
              "height": 0.34
            }
          },
          {
            "type": "Door",
            "id": 19,
            "location": {
              "x": 6.76,
              "y": 1.8
            },
            "dimensions": {
              "width": 0.32,
              "height": 0.34
            }
          },
          {
            "type": "Door",
            "id": 20,
            "location": {
              "x": 6.34,
              "y": 1.8
            },
            "dimensions": {
              "width": 0.34,
              "height": 0.34
            }
          },
          {
            "type": "Door",
            "id": 21,
            "location": {
              "x": 4.65,
              "y": 1.5
            },
            "dimensions": {
              "width": 0.29,
              "height": 0.25
            }
          },
          {
            "type": "Door",
            "id": 22,
            "location": {
              "x": 4.73,
              "y": 1.47
            },
            "dimensions": {
              "width": 0.35,
              "height": 0.77
            }
          },
          {
            "type": "Door",
            "id": 25,
            "location": {
              "x": 4.68,
              "y": 1.08
            },
            "dimensions": {
              "width": 1.09,
              "height": 1.8
            }
          },
          {
            "type": "Door",
            "id": 26,
            "location": {
              "x": 8.1,
              "y": 1.04
            },
            "dimensions": {
              "width": 0.27,
              "height": 0.35
            }
          }
        ],
        "connected_to": [
          5
        ]
      },
      {
        "id": 8,
        "name": "Room_8",
        "shape": "Irregular",
        "dimensions": {
          "width": 3.65,
          "length": 0.65,
          "height": 2.92
        },
        "position": {
          "x": 0.0,
          "y": 0.07
        },
        "windows": [],
        "doors": [
          {
            "type": "Door",
            "id": 28,
            "location": {
              "x": 0.0,
              "y": 0.11
            },
            "dimensions": {
              "width": 10.24,
              "height": 5.63
            }
          }
        ],
        "connected_to": []
      }
    ],
    "doorsAndWindows": [
      {
        "type": "Door",
        "id": 1,
        "location": {
          "x": 5.59,
          "y": 5.51
        },
        "dimensions": {
          "width": 0.19,
          "height": 0.19
        }
      },
      {
        "type": "Door",
        "id": 2,
        "location": {
          "x": 7.95,
          "y": 5.48
        },
        "dimensions": {
          "width": 0.23,
          "height": 0.23
        }
      },
      {
        "type": "Door",
        "id": 3,
        "location": {
          "x": 5.75,
          "y": 4.71
        },
        "dimensions": {
          "width": 0.65,
          "height": 0.63
        }
      },
      {
        "type": "Door",
        "id": 4,
        "location": {
          "x": 7.35,
          "y": 4.7
        },
        "dimensions": {
          "width": 0.64,
          "height": 0.65
        }
      },
      {
        "type": "Door",
        "id": 5,
        "location": {
          "x": 7.3,
          "y": 3.78
        },
        "dimensions": {
          "width": 0.7,
          "height": 0.69
        }
      },
      {
        "type": "Door",
        "id": 6,
        "location": {
          "x": 5.75,
          "y": 3.78
        },
        "dimensions": {
          "width": 0.69,
          "height": 0.69
        }
      },
      {
        "type": "Door",
        "id": 7,
        "location": {
          "x": 5.15,
          "y": 3.64
        },
        "dimensions": {
          "width": 0.5,
          "height": 0.5
        }
      },
      {
        "type": "Door",
        "id": 8,
        "location": {
          "x": 7.13,
          "y": 3.44
        },
        "dimensions": {
          "width": 0.57,
          "height": 0.52
        }
      },
      {
        "type": "Door",
        "id": 9,
        "location": {
          "x": 6.05,
          "y": 3.44
        },
        "dimensions": {
          "width": 0.57,
          "height": 0.52
        }
      },
      {
        "type": "Door",
        "id": 10,
        "location": {
          "x": 3.91,
          "y": 3.26
        },
        "dimensions": {
          "width": 0.4,
          "height": 0.4
        }
      },
      {
        "type": "Door",
        "id": 11,
        "location": {
          "x": 8.8,
          "y": 3.24
        },
        "dimensions": {
          "width": 0.04,
          "height": 0.43
        }
      },
      {
        "type": "Window",
        "id": 12,
        "location": {
          "x": 6.48,
          "y": 3.12
        },
        "dimensions": {
          "width": 0.38,
          "height": 0.1
        }
      },
      {
        "type": "Window",
        "id": 13,
        "location": {
          "x": 4.31,
          "y": 3.12
        },
        "dimensions": {
          "width": 0.33,
          "height": 0.1
        }
      },
      {
        "type": "Door",
        "id": 14,
        "location": {
          "x": 4.19,
          "y": 2.89
        },
        "dimensions": {
          "width": 0.64,
          "height": 1.15
        }
      },
      {
        "type": "Window",
        "id": 15,
        "location": {
          "x": 6.24,
          "y": 2.5
        },
        "dimensions": {
          "width": 1.26,
          "height": 0.54
        }
      },
      {
        "type": "Door",
        "id": 16,
        "location": {
          "x": 8.7,
          "y": 2.21
        },
        "dimensions": {
          "width": 1.43,
          "height": 1.55
        }
      },
      {
        "type": "Door",
        "id": 17,
        "location": {
          "x": 7.6,
          "y": 1.8
        },
        "dimensions": {
          "width": 0.32,
          "height": 0.34
        }
      },
      {
        "type": "Door",
        "id": 18,
        "location": {
          "x": 7.17,
          "y": 1.8
        },
        "dimensions": {
          "width": 0.34,
          "height": 0.34
        }
      },
      {
        "type": "Door",
        "id": 19,
        "location": {
          "x": 6.76,
          "y": 1.8
        },
        "dimensions": {
          "width": 0.32,
          "height": 0.34
        }
      },
      {
        "type": "Door",
        "id": 20,
        "location": {
          "x": 6.34,
          "y": 1.8
        },
        "dimensions": {
          "width": 0.34,
          "height": 0.34
        }
      },
      {
        "type": "Door",
        "id": 21,
        "location": {
          "x": 4.65,
          "y": 1.5
        },
        "dimensions": {
          "width": 0.29,
          "height": 0.25
        }
      },
      {
        "type": "Door",
        "id": 22,
        "location": {
          "x": 4.73,
          "y": 1.47
        },
        "dimensions": {
          "width": 0.35,
          "height": 0.77
        }
      },
      {
        "type": "Window",
        "id": 23,
        "location": {
          "x": 7.18,
          "y": 1.42
        },
        "dimensions": {
          "width": 0.21,
          "height": 0.1
        }
      },
      {
        "type": "Window",
        "id": 24,
        "location": {
          "x": 4.57,
          "y": 1.31
        },
        "dimensions": {
          "width": 0.65,
          "height": 0.19
        }
      },
      {
        "type": "Door",
        "id": 25,
        "location": {
          "x": 4.68,
          "y": 1.08
        },
        "dimensions": {
          "width": 1.09,
          "height": 1.8
        }
      },
      {
        "type": "Door",
        "id": 26,
        "location": {
          "x": 8.1,
          "y": 1.04
        },
        "dimensions": {
          "width": 0.27,
          "height": 0.35
        }
      },
      {
        "type": "Door",
        "id": 27,
        "location": {
          "x": 3.75,
          "y": 0.16
        },
        "dimensions": {
          "width": 0.82,
          "height": 0.48
        }
      },
      {
        "type": "Door",
        "id": 28,
        "location": {
          "x": 0.0,
          "y": 0.11
        },
        "dimensions": {
          "width": 10.24,
          "height": 5.63
        }
      }
    ]
  }
}