{
  "floorPlan": {
    "name": "Floor Plan 15_19.jpg",
    "units": "feet",
    "totalArea": 43.48,
    "totalRooms": 10,
    "rooms": [
      {
        "id": 1,
        "name": "Room_1",
        "shape": "Irregular",
        "dimensions": {
          "width": 0.72,
          "length": 4.36,
          "height": 3.49
        },
        "position": {
          "x": 6.1,
          "y": 3.86
        },
        "windows": [],
        "doors": [],
        "connected_to": []
      },
      {
        "id": 2,
        "name": "COLNTER",
        "shape": "Irregular",
        "dimensions": {
          "width": 0.82,
          "length": 1.92,
          "height": 1.54
        },
        "position": {
          "x": 4.91,
          "y": 3.81
        },
        "windows": [],
        "doors": [],
        "connected_to": []
      },
      {
        "id": 3,
        "name": "GARAGE",
        "shape": "Octagon",
        "dimensions": {
          "width": 2.88,
          "length": 4.44,
          "height": 3.55
        },
        "position": {
          "x": 7.17,
          "y": 3.78
        },
        "windows": [],
        "doors": [],
        "connected_to": []
      },
      {
        "id": 4,
        "name": "11-4x11-0",
        "shape": "Pentagon",
        "dimensions": {
          "width": 0.72,
          "length": 1.95,
          "height": 1.56
        },
        "position": {
          "x": 1.8,
          "y": 3.78
        },
        "windows": [],
        "doors": [],
        "connected_to": []
      },
      {
        "id": 5,
        "name": "BEDROOM3",
        "shape": "Irregular",
        "dimensions": {
          "width": 1.72,
          "length": 2.43,
          "height": 1.94
        },
        "position": {
          "x": 0.15,
          "y": 3.3
        },
        "windows": [],
        "doors": [],
        "connected_to": []
      },
      {
        "id": 6,
        "name": "4' CLG",
        "shape": "Irregular",
        "dimensions": {
          "width": 3.71,
          "length": 2.11,
          "height": 2.97
        },
        "position": {
          "x": 6.34,
          "y": 1.26
        },
        "windows": [],
        "doors": [],
        "connected_to": []
      },
      {
        "id": 7,
        "name": "ShXR",
        "shape": "Irregular",
        "dimensions": {
          "width": 1.34,
          "length": 0.85,
          "height": 1.07
        },
        "position": {
          "x": 8.71,
          "y": 0.19
        },
        "windows": [],
        "doors": [],
        "connected_to": []
      },
      {
        "id": 8,
        "name": "1",
        "shape": "Irregular",
        "dimensions": {
          "width": 1.08,
          "length": 3.15,
          "height": 2.52
        },
        "position": {
          "x": 4.81,
          "y": 0.19
        },
        "windows": [],
        "doors": [],
        "connected_to": []
      },
      {
        "id": 9,
        "name": "9' CLG, HT;",
        "shape": "Irregular",
        "dimensions": {
          "width": 1.03,
          "length": 3.13,
          "height": 2.5
        },
        "position": {
          "x": 1.65,
          "y": 0.19
        },
        "windows": [],
        "doors": [],
        "connected_to": []
      },
      {
        "id": 10,
        "name": "9' CLG, HT;",
        "shape": "Irregular",
        "dimensions": {
          "width": 1.72,
          "length": 2.79,
          "height": 2.23
        },
        "position": {
          "x": 0.15,
          "y": 0.18
        },
        "windows": [],
        "doors": [],
        "connected_to": []
      }
    ],
    "doorsAndWindows": [
      {
        "type": "Door",
        "id": 1,
        "location": {
          "x": 0.08,
          "y": 0.12
        },
        "dimensions": {
          "width": 10.04,
          "height": 8.17
        }
      }
    ]
  }
}