{
  "floorPlan": {
    "name": "Floor Plan 15_17.jpg",
    "units": "feet",
    "totalArea": 31.4,
    "totalRooms": 10,
    "rooms": [
      {
        "id": 1,
        "name": "Room_1",
        "shape": "Rectangle",
        "dimensions": {
          "width": 0.71,
          "length": 1.45,
          "height": 1.16
        },
        "position": {
          "x": 0.24,
          "y": 7.7
        },
        "windows": [],
        "doors": [
          {
            "type": "Door",
            "id": 9,
            "location": {
              "x": 0.92,
              "y": 8.19
            },
            "dimensions": {
              "width": 0.14,
              "height": 0.21
            }
          },
          {
            "type": "Door",
            "id": 10,
            "location": {
              "x": 0.78,
              "y": 8.19
            },
            "dimensions": {
              "width": 0.1,
              "height": 0.21
            }
          },
          {
            "type": "Door",
            "id": 16,
            "location": {
              "x": 0.9,
              "y": 7.94
            },
            "dimensions": {
              "width": 0.16,
              "height": 0.18
            }
          }
        ],
        "connected_to": []
      },
      {
        "id": 2,
        "name": "Room_2",
        "shape": "Octagon",
        "dimensions": {
          "width": 0.72,
          "length": 1.82,
          "height": 1.46
        },
        "position": {
          "x": 9.37,
          "y": 7.33
        },
        "windows": [],
        "doors": [],
        "connected_to": []
      },
      {
        "id": 3,
        "name": "Room_3",
        "shape": "Pentagon",
        "dimensions": {
          "width": 1.44,
          "length": 1.96,
          "height": 1.57
        },
        "position": {
          "x": 7.49,
          "y": 7.19
        },
        "windows": [],
        "doors": [],
        "connected_to": []
      },
      {
        "id": 4,
        "name": "Room_4",
        "shape": "Pentagon",
        "dimensions": {
          "width": 1.43,
          "length": 2.61,
          "height": 2.09
        },
        "position": {
          "x": 1.4,
          "y": 6.54
        },
        "windows": [],
        "doors": [
          {
            "type": "Door",
            "id": 1,
            "location": {
              "x": 1.49,
              "y": 8.5
            },
            "dimensions": {
              "width": 0.11,
              "height": 0.16
            }
          },
          {
            "type": "Door",
            "id": 2,
            "location": {
              "x": 1.73,
              "y": 8.46
            },
            "dimensions": {
              "width": 0.14,
              "height": 0.16
            }
          },
          {
            "type": "Door",
            "id": 4,
            "location": {
              "x": 1.4,
              "y": 8.24
            },
            "dimensions": {
              "width": 0.14,
              "height": 0.16
            }
          },
          {
            "type": "Door",
            "id": 5,
            "location": {
              "x": 2.03,
              "y": 8.19
            },
            "dimensions": {
              "width": 0.14,
              "height": 0.21
            }
          },
          {
            "type": "Door",
            "id": 6,
            "location": {
              "x": 1.79,
              "y": 8.19
            },
            "dimensions": {
              "width": 0.1,
              "height": 0.21
            }
          },
          {
            "type": "Door",
            "id": 7,
            "location": {
              "x": 1.64,
              "y": 8.19
            },
            "dimensions": {
              "width": 0.1,
              "height": 0.21
            }
          },
          {
            "type": "Door",
            "id": 11,
            "location": {
              "x": 1.75,
              "y": 7.98
            },
            "dimensions": {
              "width": 0.2,
              "height": 0.14
            }
          },
          {
            "type": "Door",
            "id": 12,
            "location": {
              "x": 1.6,
              "y": 7.98
            },
            "dimensions": {
              "width": 0.14,
              "height": 0.15
            }
          },
          {
            "type": "Door",
            "id": 13,
            "location": {
              "x": 1.45,
              "y": 7.98
            },
            "dimensions": {
              "width": 0.14,
              "height": 0.15
            }
          },
          {
            "type": "Door",
            "id": 14,
            "location": {
              "x": 2.03,
              "y": 7.94
            },
            "dimensions": {
              "width": 0.13,
              "height": 0.19
            }
          }
        ],
        "connected_to": []
      },
      {
        "id": 5,
        "name": "Room_5",
        "shape": "Irregular",
        "dimensions": {
          "width": 0.98,
          "length": 2.64,
          "height": 2.11
        },
        "position": {
          "x": 5.58,
          "y": 6.51
        },
        "windows": [],
        "doors": [],
        "connected_to": []
      },
      {
        "id": 6,
        "name": "Room_6",
        "shape": "Irregular",
        "dimensions": {
          "width": 1.82,
          "length": 0.76,
          "height": 1.46
        },
        "position": {
          "x": 0.24,
          "y": 6.49
        },
        "windows": [],
        "doors": [],
        "connected_to": []
      },
      {
        "id": 7,
        "name": "Room_7",
        "shape": "Irregular",
        "dimensions": {
          "width": 3.52,
          "length": 2.69,
          "height": 2.82
        },
        "position": {
          "x": 6.57,
          "y": 4.31
        },
        "windows": [],
        "doors": [
          {
            "type": "Door",
            "id": 42,
            "location": {
              "x": 7.62,
              "y": 5.19
            },
            "dimensions": {
              "width": 0.18,
              "height": 0.17
            }
          },
          {
            "type": "Door",
            "id": 43,
            "location": {
              "x": 7.5,
              "y": 5.19
            },
            "dimensions": {
              "width": 0.11,
              "height": 0.16
            }
          },
          {
            "type": "Door",
            "id": 44,
            "location": {
              "x": 7.09,
              "y": 5.19
            },
            "dimensions": {
              "width": 0.17,
              "height": 0.16
            }
          },
          {
            "type": "Door",
            "id": 45,
            "location": {
              "x": 6.96,
              "y": 5.19
            },
            "dimensions": {
              "width": 0.12,
              "height": 0.16
            }
          },
          {
            "type": "Door",
            "id": 52,
            "location": {
              "x": 7.38,
              "y": 4.96
            },
            "dimensions": {
              "width": 0.13,
              "height": 0.14
            }
          },
          {
            "type": "Door",
            "id": 53,
            "location": {
              "x": 7.09,
              "y": 4.96
            },
            "dimensions": {
              "width": 0.13,
              "height": 0.14
            }
          },
          {
            "type": "Door",
            "id": 54,
            "location": {
              "x": 8.82,
              "y": 4.81
            },
            "dimensions": {
              "width": 0.3,
              "height": 0.16
            }
          },
          {
            "type": "Door",
            "id": 62,
            "location": {
              "x": 9.43,
              "y": 4.58
            },
            "dimensions": {
              "width": 0.13,
              "height": 0.19
            }
          },
          {
            "type": "Door",
            "id": 63,
            "location": {
              "x": 9.29,
              "y": 4.58
            },
            "dimensions": {
              "width": 0.13,
              "height": 0.14
            }
          },
          {
            "type": "Door",
            "id": 64,
            "location": {
              "x": 9.05,
              "y": 4.58
            },
            "dimensions": {
              "width": 0.14,
              "height": 0.14
            }
          },
          {
            "type": "Door",
            "id": 65,
            "location": {
              "x": 6.83,
              "y": 4.55
            },
            "dimensions": {
              "width": 0.27,
              "height": 0.18
            }
          },
          {
            "type": "Door",
            "id": 66,
            "location": {
              "x": 8.81,
              "y": 4.53
            },
            "dimensions": {
              "width": 0.15,
              "height": 0.19
            }
          }
        ],
        "connected_to": []
      },
      {
        "id": 8,
        "name": "Room_8",
        "shape": "Hexagon",
        "dimensions": {
          "width": 0.77,
          "length": 2.63,
          "height": 2.1
        },
        "position": {
          "x": 5.36,
          "y": 3.38
        },
        "windows": [],
        "doors": [
          {
            "type": "Door",
            "id": 39,
            "location": {
              "x": 6.1,
              "y": 5.42
            },
            "dimensions": {
              "width": 0.13,
              "height": 0.16
            }
          },
          {
            "type": "Door",
            "id": 67,
            "location": {
              "x": 5.67,
              "y": 4.28
            },
            "dimensions": {
              "width": 0.18,
              "height": 0.15
            }
          },
          {
            "type": "Door",
            "id": 70,
            "location": {
              "x": 5.65,
              "y": 4.13
            },
            "dimensions": {
              "width": 0.18,
              "height": 0.16
            }
          }
        ],
        "connected_to": []
      },
      {
        "id": 9,
        "name": "Room_9",
        "shape": "Irregular",
        "dimensions": {
          "width": 0.71,
          "length": 2.66,
          "height": 2.13
        },
        "position": {
          "x": 2.42,
          "y": 3.38
        },
        "windows": [],
        "doors": [
          {
            "type": "Door",
            "id": 41,
            "location": {
              "x": 3.07,
              "y": 5.25
            },
            "dimensions": {
              "width": 0.11,
              "height": 0.16
            }
          },
          {
            "type": "Door",
            "id": 50,
            "location": {
              "x": 3.01,
              "y": 4.99
            },
            "dimensions": {
              "width": 0.14,
              "height": 0.21
            }
          },
          {
            "type": "Door",
            "id": 51,
            "location": {
              "x": 2.86,
              "y": 4.99
            },
            "dimensions": {
              "width": 0.1,
              "height": 0.21
            }
          },
          {
            "type": "Door",
            "id": 57,
            "location": {
              "x": 3.05,
              "y": 4.78
            },
            "dimensions": {
              "width": 0.13,
              "height": 0.14
            }
          },
          {
            "type": "Door",
            "id": 61,
            "location": {
              "x": 2.9,
              "y": 4.73
            },
            "dimensions": {
              "width": 0.14,
              "height": 0.19
            }
          }
        ],
        "connected_to": []
      },
      {
        "id": 10,
        "name": "Room_10",
        "shape": "Irregular",
        "dimensions": {
          "width": 1.82,
          "length": 2.83,
          "height": 2.26
        },
        "position": {
          "x": 0.24,
          "y": 3.38
        },
        "windows": [],
        "doors": [
          {
            "type": "Door",
            "id": 34,
            "location": {
              "x": 1.27,
              "y": 6.14
            },
            "dimensions": {
              "width": 0.14,
              "height": 0.16
            }
          },
          {
            "type": "Door",
            "id": 35,
            "location": {
              "x": 0.83,
              "y": 5.94
            },
            "dimensions": {
              "width": 0.36,
              "height": 0.37
            }
          },
          {
            "type": "Door",
            "id": 36,
            "location": {
              "x": 1.42,
              "y": 5.84
            },
            "dimensions": {
              "width": 0.31,
              "height": 0.25
            }
          },
          {
            "type": "Door",
            "id": 37,
            "location": {
              "x": 0.33,
              "y": 5.83
            },
            "dimensions": {
              "width": 0.4,
              "height": 0.8
            }
          },
          {
            "type": "Door",
            "id": 38,
            "location": {
              "x": 2.01,
              "y": 5.67
            },
            "dimensions": {
              "width": 0.13,
              "height": 0.16
            }
          }
        ],
        "connected_to": []
      }
    ],
    "doorsAndWindows": [
      {
        "type": "Door",
        "id": 1,
        "location": {
          "x": 1.49,
          "y": 8.5
        },
        "dimensions": {
          "width": 0.11,
          "height": 0.16
        }
      },
      {
        "type": "Door",
        "id": 2,
        "location": {
          "x": 1.73,
          "y": 8.46
        },
        "dimensions": {
          "width": 0.14,
          "height": 0.16
        }
      },
      {
        "type": "Door",
        "id": 3,
        "location": {
          "x": 1.05,
          "y": 8.46
        },
        "dimensions": {
          "width": 0.11,
          "height": 0.16
        }
      },
      {
        "type": "Door",
        "id": 4,
        "location": {
          "x": 1.4,
          "y": 8.24
        },
        "dimensions": {
          "width": 0.14,
          "height": 0.16
        }
      },
      {
        "type": "Door",
        "id": 5,
        "location": {
          "x": 2.03,
          "y": 8.19
        },
        "dimensions": {
          "width": 0.14,
          "height": 0.21
        }
      },
      {
        "type": "Door",
        "id": 6,
        "location": {
          "x": 1.79,
          "y": 8.19
        },
        "dimensions": {
          "width": 0.1,
          "height": 0.21
        }
      },
      {
        "type": "Door",
        "id": 7,
        "location": {
          "x": 1.64,
          "y": 8.19
        },
        "dimensions": {
          "width": 0.1,
          "height": 0.21
        }
      },
      {
        "type": "Door",
        "id": 8,
        "location": {
          "x": 1.17,
          "y": 8.19
        },
        "dimensions": {
          "width": 0.14,
          "height": 0.21
        }
      },
      {
        "type": "Door",
        "id": 9,
        "location": {
          "x": 0.92,
          "y": 8.19
        },
        "dimensions": {
          "width": 0.14,
          "height": 0.21
        }
      },
      {
        "type": "Door",
        "id": 10,
        "location": {
          "x": 0.78,
          "y": 8.19
        },
        "dimensions": {
          "width": 0.1,
          "height": 0.21
        }
      },
      {
        "type": "Door",
        "id": 11,
        "location": {
          "x": 1.75,
          "y": 7.98
        },
        "dimensions": {
          "width": 0.2,
          "height": 0.14
        }
      },
      {
        "type": "Door",
        "id": 12,
        "location": {
          "x": 1.6,
          "y": 7.98
        },
        "dimensions": {
          "width": 0.14,
          "height": 0.15
        }
      },
      {
        "type": "Door",
        "id": 13,
        "location": {
          "x": 1.45,
          "y": 7.98
        },
        "dimensions": {
          "width": 0.14,
          "height": 0.15
        }
      },
      {
        "type": "Door",
        "id": 14,
        "location": {
          "x": 2.03,
          "y": 7.94
        },
        "dimensions": {
          "width": 0.13,
          "height": 0.19
        }
      },
      {
        "type": "Door",
        "id": 15,
        "location": {
          "x": 1.07,
          "y": 7.94
        },
        "dimensions": {
          "width": 0.27,
          "height": 0.19
        }
      },
      {
        "type": "Door",
        "id": 16,
        "location": {
          "x": 0.9,
          "y": 7.94
        },
        "dimensions": {
          "width": 0.16,
          "height": 0.18
        }
      },
      {
        "type": "Door",
        "id": 17,
        "location": {
          "x": 4.26,
          "y": 7.26
        },
        "dimensions": {
          "width": 0.23,
          "height": 0.16
        }
      },
      {
        "type": "Door",
        "id": 18,
        "location": {
          "x": 4.23,
          "y": 7.06
        },
        "dimensions": {
          "width": 0.15,
          "height": 0.15
        }
      },
      {
        "type": "Door",
        "id": 19,
        "location": {
          "x": 4.86,
          "y": 7.0
        },
        "dimensions": {
          "width": 0.14,
          "height": 0.22
        }
      },
      {
        "type": "Door",
        "id": 20,
        "location": {
          "x": 4.61,
          "y": 7.0
        },
        "dimensions": {
          "width": 0.15,
          "height": 0.22
        }
      },
      {
        "type": "Door",
        "id": 21,
        "location": {
          "x": 4.47,
          "y": 7.0
        },
        "dimensions": {
          "width": 0.1,
          "height": 0.21
        }
      },
      {
        "type": "Door",
        "id": 22,
        "location": {
          "x": 3.91,
          "y": 7.0
        },
        "dimensions": {
          "width": 0.23,
          "height": 0.22
        }
      },
      {
        "type": "Door",
        "id": 23,
        "location": {
          "x": 3.75,
          "y": 7.0
        },
        "dimensions": {
          "width": 0.14,
          "height": 0.22
        }
      },
      {
        "type": "Door",
        "id": 24,
        "location": {
          "x": 3.61,
          "y": 7.0
        },
        "dimensions": {
          "width": 0.1,
          "height": 0.21
        }
      },
      {
        "type": "Door",
        "id": 25,
        "location": {
          "x": 4.47,
          "y": 6.77
        },
        "dimensions": {
          "width": 0.22,
          "height": 0.16
        }
      },
      {
        "type": "Door",
        "id": 26,
        "location": {
          "x": 4.29,
          "y": 6.77
        },
        "dimensions": {
          "width": 0.17,
          "height": 0.19
        }
      },
      {
        "type": "Door",
        "id": 27,
        "location": {
          "x": 4.12,
          "y": 6.77
        },
        "dimensions": {
          "width": 0.16,
          "height": 0.17
        }
      },
      {
        "type": "Door",
        "id": 28,
        "location": {
          "x": 3.93,
          "y": 6.72
        },
        "dimensions": {
          "width": 0.18,
          "height": 0.21
        }
      },
      {
        "type": "Door",
        "id": 29,
        "location": {
          "x": 4.43,
          "y": 6.42
        },
        "dimensions": {
          "width": 0.14,
          "height": 0.17
        }
      },
      {
        "type": "Door",
        "id": 30,
        "location": {
          "x": 4.27,
          "y": 6.42
        },
        "dimensions": {
          "width": 0.15,
          "height": 0.17
        }
      },
      {
        "type": "Door",
        "id": 31,
        "location": {
          "x": 3.95,
          "y": 6.37
        },
        "dimensions": {
          "width": 0.2,
          "height": 0.22
        }
      },
      {
        "type": "Door",
        "id": 32,
        "location": {
          "x": 1.37,
          "y": 6.36
        },
        "dimensions": {
          "width": 0.29,
          "height": 0.16
        }
      },
      {
        "type": "Door",
        "id": 33,
        "location": {
          "x": 0.84,
          "y": 6.36
        },
        "dimensions": {
          "width": 0.11,
          "height": 0.17
        }
      },
      {
        "type": "Door",
        "id": 34,
        "location": {
          "x": 1.27,
          "y": 6.14
        },
        "dimensions": {
          "width": 0.14,
          "height": 0.16
        }
      },
      {
        "type": "Door",
        "id": 35,
        "location": {
          "x": 0.83,
          "y": 5.94
        },
        "dimensions": {
          "width": 0.36,
          "height": 0.37
        }
      },
      {
        "type": "Door",
        "id": 36,
        "location": {
          "x": 1.42,
          "y": 5.84
        },
        "dimensions": {
          "width": 0.31,
          "height": 0.25
        }
      },
      {
        "type": "Door",
        "id": 37,
        "location": {
          "x": 0.33,
          "y": 5.83
        },
        "dimensions": {
          "width": 0.4,
          "height": 0.8
        }
      },
      {
        "type": "Door",
        "id": 38,
        "location": {
          "x": 2.01,
          "y": 5.67
        },
        "dimensions": {
          "width": 0.13,
          "height": 0.16
        }
      },
      {
        "type": "Door",
        "id": 39,
        "location": {
          "x": 6.1,
          "y": 5.42
        },
        "dimensions": {
          "width": 0.13,
          "height": 0.16
        }
      },
      {
        "type": "Door",
        "id": 40,
        "location": {
          "x": 3.75,
          "y": 5.25
        },
        "dimensions": {
          "width": 0.13,
          "height": 0.16
        }
      },
      {
        "type": "Door",
        "id": 41,
        "location": {
          "x": 3.07,
          "y": 5.25
        },
        "dimensions": {
          "width": 0.11,
          "height": 0.16
        }
      },
      {
        "type": "Door",
        "id": 42,
        "location": {
          "x": 7.62,
          "y": 5.19
        },
        "dimensions": {
          "width": 0.18,
          "height": 0.17
        }
      },
      {
        "type": "Door",
        "id": 43,
        "location": {
          "x": 7.5,
          "y": 5.19
        },
        "dimensions": {
          "width": 0.11,
          "height": 0.16
        }
      },
      {
        "type": "Door",
        "id": 44,
        "location": {
          "x": 7.09,
          "y": 5.19
        },
        "dimensions": {
          "width": 0.17,
          "height": 0.16
        }
      },
      {
        "type": "Door",
        "id": 45,
        "location": {
          "x": 6.96,
          "y": 5.19
        },
        "dimensions": {
          "width": 0.12,
          "height": 0.16
        }
      },
      {
        "type": "Door",
        "id": 46,
        "location": {
          "x": 4.12,
          "y": 4.99
        },
        "dimensions": {
          "width": 0.14,
          "height": 0.21
        }
      },
      {
        "type": "Door",
        "id": 47,
        "location": {
          "x": 3.86,
          "y": 4.99
        },
        "dimensions": {
          "width": 0.16,
          "height": 0.21
        }
      },
      {
        "type": "Door",
        "id": 48,
        "location": {
          "x": 3.72,
          "y": 4.99
        },
        "dimensions": {
          "width": 0.1,
          "height": 0.21
        }
      },
      {
        "type": "Door",
        "id": 49,
        "location": {
          "x": 3.16,
          "y": 4.99
        },
        "dimensions": {
          "width": 0.23,
          "height": 0.21
        }
      },
      {
        "type": "Door",
        "id": 50,
        "location": {
          "x": 3.01,
          "y": 4.99
        },
        "dimensions": {
          "width": 0.14,
          "height": 0.21
        }
      },
      {
        "type": "Door",
        "id": 51,
        "location": {
          "x": 2.86,
          "y": 4.99
        },
        "dimensions": {
          "width": 0.1,
          "height": 0.21
        }
      },
      {
        "type": "Door",
        "id": 52,
        "location": {
          "x": 7.38,
          "y": 4.96
        },
        "dimensions": {
          "width": 0.13,
          "height": 0.14
        }
      },
      {
        "type": "Door",
        "id": 53,
        "location": {
          "x": 7.09,
          "y": 4.96
        },
        "dimensions": {
          "width": 0.13,
          "height": 0.14
        }
      },
      {
        "type": "Door",
        "id": 54,
        "location": {
          "x": 8.82,
          "y": 4.81
        },
        "dimensions": {
          "width": 0.3,
          "height": 0.16
        }
      },
      {
        "type": "Door",
        "id": 55,
        "location": {
          "x": 3.96,
          "y": 4.78
        },
        "dimensions": {
          "width": 0.13,
          "height": 0.14
        }
      },
      {
        "type": "Door",
        "id": 56,
        "location": {
          "x": 3.34,
          "y": 4.78
        },
        "dimensions": {
          "width": 0.13,
          "height": 0.14
        }
      },
      {
        "type": "Door",
        "id": 57,
        "location": {
          "x": 3.05,
          "y": 4.78
        },
        "dimensions": {
          "width": 0.13,
          "height": 0.14
        }
      },
      {
        "type": "Door",
        "id": 58,
        "location": {
          "x": 4.09,
          "y": 4.77
        },
        "dimensions": {
          "width": 0.13,
          "height": 0.15
        }
      },
      {
        "type": "Door",
        "id": 59,
        "location": {
          "x": 3.19,
          "y": 4.75
        },
        "dimensions": {
          "width": 0.13,
          "height": 0.17
        }
      },
      {
        "type": "Door",
        "id": 60,
        "location": {
          "x": 3.7,
          "y": 4.74
        },
        "dimensions": {
          "width": 0.26,
          "height": 0.18
        }
      },
      {
        "type": "Door",
        "id": 61,
        "location": {
          "x": 2.9,
          "y": 4.73
        },
        "dimensions": {
          "width": 0.14,
          "height": 0.19
        }
      },
      {
        "type": "Door",
        "id": 62,
        "location": {
          "x": 9.43,
          "y": 4.58
        },
        "dimensions": {
          "width": 0.13,
          "height": 0.19
        }
      },
      {
        "type": "Door",
        "id": 63,
        "location": {
          "x": 9.29,
          "y": 4.58
        },
        "dimensions": {
          "width": 0.13,
          "height": 0.14
        }
      },
      {
        "type": "Door",
        "id": 64,
        "location": {
          "x": 9.05,
          "y": 4.58
        },
        "dimensions": {
          "width": 0.14,
          "height": 0.14
        }
      },
      {
        "type": "Door",
        "id": 65,
        "location": {
          "x": 6.83,
          "y": 4.55
        },
        "dimensions": {
          "width": 0.27,
          "height": 0.18
        }
      },
      {
        "type": "Door",
        "id": 66,
        "location": {
          "x": 8.81,
          "y": 4.53
        },
        "dimensions": {
          "width": 0.15,
          "height": 0.19
        }
      },
      {
        "type": "Door",
        "id": 67,
        "location": {
          "x": 5.67,
          "y": 4.28
        },
        "dimensions": {
          "width": 0.18,
          "height": 0.15
        }
      },
      {
        "type": "Door",
        "id": 68,
        "location": {
          "x": 4.42,
          "y": 4.23
        },
        "dimensions": {
          "width": 0.66,
          "height": 1.2
        }
      },
      {
        "type": "Door",
        "id": 69,
        "location": {
          "x": 4.26,
          "y": 4.23
        },
        "dimensions": {
          "width": 0.11,
          "height": 0.16
        }
      },
      {
        "type": "Door",
        "id": 70,
        "location": {
          "x": 5.65,
          "y": 4.13
        },
        "dimensions": {
          "width": 0.18,
          "height": 0.16
        }
      },
      {
        "type": "Door",
        "id": 71,
        "location": {
          "x": 4.63,
          "y": 4.07
        },
        "dimensions": {
          "width": 0.15,
          "height": 0.16
        }
      },
      {
        "type": "Door",
        "id": 72,
        "location": {
          "x": 5.01,
          "y": 4.02
        },
        "dimensions": {
          "width": 0.16,
          "height": 0.2
        }
      },
      {
        "type": "Door",
        "id": 73,
        "location": {
          "x": 5.26,
          "y": 4.01
        },
        "dimensions": {
          "width": 0.15,
          "height": 0.22
        }
      },
      {
        "type": "Door",
        "id": 74,
        "location": {
          "x": 4.32,
          "y": 4.01
        },
        "dimensions": {
          "width": 0.22,
          "height": 0.22
        }
      },
      {
        "type": "Door",
        "id": 75,
        "location": {
          "x": 4.15,
          "y": 4.01
        },
        "dimensions": {
          "width": 0.15,
          "height": 0.22
        }
      },
      {
        "type": "Door",
        "id": 76,
        "location": {
          "x": 4.8,
          "y": 3.82
        },
        "dimensions": {
          "width": 0.13,
          "height": 0.18
        }
      },
      {
        "type": "Door",
        "id": 77,
        "location": {
          "x": 4.9,
          "y": 3.51
        },
        "dimensions": {
          "width": 0.18,
          "height": 0.21
        }
      },
      {
        "type": "Door",
        "id": 78,
        "location": {
          "x": 5.03,
          "y": 3.47
        },
        "dimensions": {
          "width": 0.27,
          "height": 0.26
        }
      },
      {
        "type": "Door",
        "id": 79,
        "location": {
          "x": 2.64,
          "y": 3.33
        },
        "dimensions": {
          "width": 3.91,
          "height": 2.74
        }
      },
      {
        "type": "Door",
        "id": 80,
        "location": {
          "x": 3.77,
          "y": 2.73
        },
        "dimensions": {
          "width": 0.14,
          "height": 0.21
        }
      },
      {
        "type": "Door",
        "id": 81,
        "location": {
          "x": 3.53,
          "y": 2.73
        },
        "dimensions": {
          "width": 0.14,
          "height": 0.21
        }
      },
      {
        "type": "Door",
        "id": 82,
        "location": {
          "x": 3.07,
          "y": 2.73
        },
        "dimensions": {
          "width": 0.14,
          "height": 0.21
        }
      },
      {
        "type": "Door",
        "id": 83,
        "location": {
          "x": 2.92,
          "y": 2.73
        },
        "dimensions": {
          "width": 0.1,
          "height": 0.21
        }
      },
      {
        "type": "Door",
        "id": 84,
        "location": {
          "x": 2.67,
          "y": 2.73
        },
        "dimensions": {
          "width": 0.14,
          "height": 0.21
        }
      },
      {
        "type": "Door",
        "id": 85,
        "location": {
          "x": 2.52,
          "y": 2.73
        },
        "dimensions": {
          "width": 0.14,
          "height": 0.21
        }
      },
      {
        "type": "Door",
        "id": 86,
        "location": {
          "x": 8.28,
          "y": 2.55
        },
        "dimensions": {
          "width": 0.16,
          "height": 0.2
        }
      },
      {
        "type": "Door",
        "id": 87,
        "location": {
          "x": 7.9,
          "y": 2.55
        },
        "dimensions": {
          "width": 0.17,
          "height": 0.27
        }
      },
      {
        "type": "Door",
        "id": 88,
        "location": {
          "x": 7.42,
          "y": 2.55
        },
        "dimensions": {
          "width": 0.15,
          "height": 0.2
        }
      },
      {
        "type": "Door",
        "id": 89,
        "location": {
          "x": 8.54,
          "y": 2.54
        },
        "dimensions": {
          "width": 0.14,
          "height": 0.22
        }
      },
      {
        "type": "Door",
        "id": 90,
        "location": {
          "x": 8.13,
          "y": 2.54
        },
        "dimensions": {
          "width": 0.15,
          "height": 0.21
        }
      },
      {
        "type": "Door",
        "id": 91,
        "location": {
          "x": 7.67,
          "y": 2.54
        },
        "dimensions": {
          "width": 0.14,
          "height": 0.21
        }
      },
      {
        "type": "Door",
        "id": 92,
        "location": {
          "x": 7.27,
          "y": 2.54
        },
        "dimensions": {
          "width": 0.14,
          "height": 0.21
        }
      },
      {
        "type": "Door",
        "id": 93,
        "location": {
          "x": 3.76,
          "y": 2.47
        },
        "dimensions": {
          "width": 0.14,
          "height": 0.16
        }
      },
      {
        "type": "Door",
        "id": 94,
        "location": {
          "x": 3.48,
          "y": 2.47
        },
        "dimensions": {
          "width": 0.16,
          "height": 0.16
        }
      },
      {
        "type": "Door",
        "id": 95,
        "location": {
          "x": 2.79,
          "y": 2.47
        },
        "dimensions": {
          "width": 0.25,
          "height": 0.16
        }
      },
      {
        "type": "Door",
        "id": 96,
        "location": {
          "x": 2.63,
          "y": 2.47
        },
        "dimensions": {
          "width": 0.15,
          "height": 0.16
        }
      },
      {
        "type": "Door",
        "id": 97,
        "location": {
          "x": 2.48,
          "y": 2.47
        },
        "dimensions": {
          "width": 0.15,
          "height": 0.16
        }
      },
      {
        "type": "Door",
        "id": 98,
        "location": {
          "x": 2.32,
          "y": 2.47
        },
        "dimensions": {
          "width": 0.16,
          "height": 0.16
        }
      },
      {
        "type": "Door",
        "id": 99,
        "location": {
          "x": 3.31,
          "y": 2.42
        },
        "dimensions": {
          "width": 0.16,
          "height": 0.21
        }
      },
      {
        "type": "Door",
        "id": 100,
        "location": {
          "x": 3.05,
          "y": 2.42
        },
        "dimensions": {
          "width": 0.15,
          "height": 0.21
        }
      },
      {
        "type": "Door",
        "id": 101,
        "location": {
          "x": 2.12,
          "y": 2.41
        },
        "dimensions": {
          "width": 0.18,
          "height": 0.22
        }
      },
      {
        "type": "Door",
        "id": 102,
        "location": {
          "x": 8.13,
          "y": 2.21
        },
        "dimensions": {
          "width": 0.16,
          "height": 0.17
        }
      },
      {
        "type": "Door",
        "id": 103,
        "location": {
          "x": 7.97,
          "y": 2.21
        },
        "dimensions": {
          "width": 0.15,
          "height": 0.22
        }
      },
      {
        "type": "Door",
        "id": 104,
        "location": {
          "x": 7.69,
          "y": 2.21
        },
        "dimensions": {
          "width": 0.15,
          "height": 0.16
        }
      },
      {
        "type": "Door",
        "id": 105,
        "location": {
          "x": 8.3,
          "y": 2.17
        },
        "dimensions": {
          "width": 0.19,
          "height": 0.21
        }
      },
      {
        "type": "Door",
        "id": 106,
        "location": {
          "x": 7.5,
          "y": 2.15
        },
        "dimensions": {
          "width": 0.18,
          "height": 0.22
        }
      },
      {
        "type": "Door",
        "id": 107,
        "location": {
          "x": 8.32,
          "y": 1.86
        },
        "dimensions": {
          "width": 0.15,
          "height": 0.17
        }
      },
      {
        "type": "Door",
        "id": 108,
        "location": {
          "x": 7.88,
          "y": 1.84
        },
        "dimensions": {
          "width": 0.16,
          "height": 0.19
        }
      },
      {
        "type": "Door",
        "id": 109,
        "location": {
          "x": 8.13,
          "y": 1.81
        },
        "dimensions": {
          "width": 0.18,
          "height": 0.21
        }
      },
      {
        "type": "Door",
        "id": 110,
        "location": {
          "x": 7.47,
          "y": 1.81
        },
        "dimensions": {
          "width": 0.18,
          "height": 0.21
        }
      },
      {
        "type": "Door",
        "id": 111,
        "location": {
          "x": 0.23,
          "y": 0.23
        },
        "dimensions": {
          "width": 9.87,
          "height": 9.95
        }
      }
    ]
  }
}