{
  "floorPlan": {
    "name": "Floor Plan 15_11.jpg",
    "units": "feet",
    "totalArea": 11.28,
    "totalRooms": 5,
    "rooms": [
      {
        "id": 1,
        "name": "Text_9",
        "shape": "Irregular",
        "dimensions": {
          "width": 1.53,
          "length": 1.33,
          "height": 1.22
        },
        "position": {
          "x": 4.2,
          "y": 3.36
        },
        "windows": [
          {
            "type": "Window",
            "id": 5,
            "location": {
              "x": 5.63,
              "y": 4.0
            },
            "dimensions": {
              "width": 0.41,
              "height": 0.18
            }
          }
        ],
        "doors": [],
        "connected_to": []
      },
      {
        "id": 2,
        "name": "Text_9",
        "shape": "Irregular",
        "dimensions": {
          "width": 1.55,
          "length": 1.48,
          "height": 1.24
        },
        "position": {
          "x": 5.33,
          "y": 3.21
        },
        "windows": [
          {
            "type": "Window",
            "id": 5,
            "location": {
              "x": 5.63,
              "y": 4.0
            },
            "dimensions": {
              "width": 0.41,
              "height": 0.18
            }
          },
          {
            "type": "Window",
            "id": 12,
            "location": {
              "x": 5.57,
              "y": 3.23
            },
            "dimensions": {
              "width": 0.56,
              "height": 0.03
            }
          }
        ],
        "doors": [
          {
            "type": "Door",
            "id": 7,
            "location": {
              "x": 6.85,
              "y": 3.92
            },
            "dimensions": {
              "width": 1.08,
              "height": 0.69
            }
          }
        ],
        "connected_to": []
      },
      {
        "id": 3,
        "name": "Text_10",
        "shape": "Irregular",
        "dimensions": {
          "width": 0.75,
          "length": 1.7,
          "height": 1.36
        },
        "position": {
          "x": 2.13,
          "y": 2.99
        },
        "windows": [
          {
            "type": "Window",
            "id": 2,
            "location": {
              "x": 2.6,
              "y": 4.46
            },
            "dimensions": {
              "width": 1.6,
              "height": 0.67
            }
          }
        ],
        "doors": [
          {
            "type": "Door",
            "id": 8,
            "location": {
              "x": 2.45,
              "y": 3.81
            },
            "dimensions": {
              "width": 0.14,
              "height": 0.12
            }
          }
        ],
        "connected_to": []
      },
      {
        "id": 4,
        "name": "Text_18",
        "shape": "Irregular",
        "dimensions": {
          "width": 0.61,
          "length": 1.9,
          "height": 1.52
        },
        "position": {
          "x": 1.27,
          "y": 2.79
        },
        "windows": [],
        "doors": [
          {
            "type": "Door",
            "id": 3,
            "location": {
              "x": 1.72,
              "y": 4.27
            },
            "dimensions": {
              "width": 0.53,
              "height": 0.34
            }
          },
          {
            "type": "Door",
            "id": 16,
            "location": {
              "x": 1.27,
              "y": 2.79
            },
            "dimensions": {
              "width": 0.61,
              "height": 1.9
            }
          }
        ],
        "connected_to": []
      },
      {
        "id": 5,
        "name": "Text_24",
        "shape": "Irregular",
        "dimensions": {
          "width": 2.69,
          "length": 1.68,
          "height": 2.15
        },
        "position": {
          "x": 5.2,
          "y": 1.27
        },
        "windows": [
          {
            "type": "Window",
            "id": 22,
            "location": {
              "x": 7.76,
              "y": 1.91
            },
            "dimensions": {
              "width": 0.56,
              "height": 0.03
            }
          },
          {
            "type": "Window",
            "id": 24,
            "location": {
              "x": 5.64,
              "y": 1.65
            },
            "dimensions": {
              "width": 0.29,
              "height": 0.13
            }
          }
        ],
        "doors": [
          {
            "type": "Door",
            "id": 17,
            "location": {
              "x": 5.48,
              "y": 2.48
            },
            "dimensions": {
              "width": 0.15,
              "height": 0.2
            }
          }
        ],
        "connected_to": []
      }
    ],
    "doorsAndWindows": [
      {
        "type": "Door",
        "id": 1,
        "location": {
          "x": 2.6,
          "y": 4.7
        },
        "dimensions": {
          "width": 0.41,
          "height": 0.39
        }
      },
      {
        "type": "Window",
        "id": 2,
        "location": {
          "x": 2.6,
          "y": 4.46
        },
        "dimensions": {
          "width": 1.6,
          "height": 0.67
        }
      },
      {
        "type": "Door",
        "id": 3,
        "location": {
          "x": 1.72,
          "y": 4.27
        },
        "dimensions": {
          "width": 0.53,
          "height": 0.34
        }
      },
      {
        "type": "Door",
        "id": 4,
        "location": {
          "x": 3.37,
          "y": 4.12
        },
        "dimensions": {
          "width": 0.19,
          "height": 0.18
        }
      },
      {
        "type": "Window",
        "id": 5,
        "location": {
          "x": 5.63,
          "y": 4.0
        },
        "dimensions": {
          "width": 0.41,
          "height": 0.18
        }
      },
      {
        "type": "Window",
        "id": 6,
        "location": {
          "x": 8.22,
          "y": 3.92
        },
        "dimensions": {
          "width": 1.05,
          "height": 0.12
        }
      },
      {
        "type": "Door",
        "id": 7,
        "location": {
          "x": 6.85,
          "y": 3.92
        },
        "dimensions": {
          "width": 1.08,
          "height": 0.69
        }
      },
      {
        "type": "Door",
        "id": 8,
        "location": {
          "x": 2.45,
          "y": 3.81
        },
        "dimensions": {
          "width": 0.14,
          "height": 0.12
        }
      },
      {
        "type": "Window",
        "id": 9,
        "location": {
          "x": 7.8,
          "y": 3.45
        },
        "dimensions": {
          "width": 0.52,
          "height": 0.18
        }
      },
      {
        "type": "Door",
        "id": 10,
        "location": {
          "x": 3.84,
          "y": 3.41
        },
        "dimensions": {
          "width": 0.24,
          "height": 0.76
        }
      },
      {
        "type": "Door",
        "id": 11,
        "location": {
          "x": 3.63,
          "y": 3.34
        },
        "dimensions": {
          "width": 2.32,
          "height": 1.35
        }
      },
      {
        "type": "Window",
        "id": 12,
        "location": {
          "x": 5.57,
          "y": 3.23
        },
        "dimensions": {
          "width": 0.56,
          "height": 0.03
        }
      },
      {
        "type": "Window",
        "id": 13,
        "location": {
          "x": 5.57,
          "y": 3.13
        },
        "dimensions": {
          "width": 0.54,
          "height": 0.09
        }
      },
      {
        "type": "Door",
        "id": 14,
        "location": {
          "x": 2.13,
          "y": 2.97
        },
        "dimensions": {
          "width": 1.23,
          "height": 1.73
        }
      },
      {
        "type": "Window",
        "id": 15,
        "location": {
          "x": 0.57,
          "y": 2.96
        },
        "dimensions": {
          "width": 0.41,
          "height": 0.09
        }
      },
      {
        "type": "Door",
        "id": 16,
        "location": {
          "x": 1.27,
          "y": 2.79
        },
        "dimensions": {
          "width": 0.61,
          "height": 1.9
        }
      },
      {
        "type": "Door",
        "id": 17,
        "location": {
          "x": 5.48,
          "y": 2.48
        },
        "dimensions": {
          "width": 0.15,
          "height": 0.2
        }
      },
      {
        "type": "Door",
        "id": 18,
        "location": {
          "x": 8.15,
          "y": 2.21
        },
        "dimensions": {
          "width": 1.63,
          "height": 1.92
        }
      },
      {
        "type": "Window",
        "id": 19,
        "location": {
          "x": 3.8,
          "y": 2.0
        },
        "dimensions": {
          "width": 0.37,
          "height": 0.09
        }
      },
      {
        "type": "Door",
        "id": 20,
        "location": {
          "x": 2.03,
          "y": 1.98
        },
        "dimensions": {
          "width": 0.18,
          "height": 0.09
        }
      },
      {
        "type": "Window",
        "id": 21,
        "location": {
          "x": 8.08,
          "y": 1.95
        },
        "dimensions": {
          "width": 0.35,
          "height": 0.16
        }
      },
      {
        "type": "Window",
        "id": 22,
        "location": {
          "x": 7.76,
          "y": 1.91
        },
        "dimensions": {
          "width": 0.56,
          "height": 0.03
        }
      },
      {
        "type": "Door",
        "id": 23,
        "location": {
          "x": 1.27,
          "y": 1.78
        },
        "dimensions": {
          "width": 0.07,
          "height": 1.0
        }
      },
      {
        "type": "Window",
        "id": 24,
        "location": {
          "x": 5.64,
          "y": 1.65
        },
        "dimensions": {
          "width": 0.29,
          "height": 0.13
        }
      },
      {
        "type": "Window",
        "id": 25,
        "location": {
          "x": 7.96,
          "y": 1.27
        },
        "dimensions": {
          "width": 1.18,
          "height": 0.06
        }
      },
      {
        "type": "Window",
        "id": 26,
        "location": {
          "x": 3.11,
          "y": 1.27
        },
        "dimensions": {
          "width": 1.05,
          "height": 0.32
        }
      },
      {
        "type": "Door",
        "id": 27,
        "location": {
          "x": 1.27,
          "y": 1.27
        },
        "dimensions": {
          "width": 1.83,
          "height": 1.5
        }
      },
      {
        "type": "Door",
        "id": 28,
        "location": {
          "x": 9.14,
          "y": 1.26
        },
        "dimensions": {
          "width": 0.64,
          "height": 0.97
        }
      },
      {
        "type": "Window",
        "id": 29,
        "location": {
          "x": 6.64,
          "y": 1.26
        },
        "dimensions": {
          "width": 1.31,
          "height": 0.07
        }
      },
      {
        "type": "Window",
        "id": 30,
        "location": {
          "x": 4.14,
          "y": 1.26
        },
        "dimensions": {
          "width": 0.54,
          "height": 0.08
        }
      },
      {
        "type": "Window",
        "id": 31,
        "location": {
          "x": 1.96,
          "y": 0.82
        },
        "dimensions": {
          "width": 1.06,
          "height": 0.03
        }
      },
      {
        "type": "Window",
        "id": 32,
        "location": {
          "x": 2.36,
          "y": 0.72
        },
        "dimensions": {
          "width": 0.19,
          "height": 0.09
        }
      },
      {
        "type": "Door",
        "id": 33,
        "location": {
          "x": 0.41,
          "y": 0.41
        },
        "dimensions": {
          "width": 9.39,
          "height": 5.14
        }
      }
    ]
  }
}