{
  "floorPlan": {
    "name": "Floor Plan 15_29.jpg",
    "units": "feet",
    "totalArea": 14.35,
    "totalRooms": 4,
    "rooms": [
      {
        "id": 1,
        "name": "10' CLG",
        "shape": "Irregular",
        "dimensions": {
          "width": 0.51,
          "length": 2.06,
          "height": 1.65
        },
        "position": {
          "x": 1.94,
          "y": 5.08
        },
        "windows": [],
        "doors": [],
        "connected_to": []
      },
      {
        "id": 2,
        "name": "PANTRY",
        "shape": "Irregular",
        "dimensions": {
          "width": 1.84,
          "length": 2.36,
          "height": 1.89
        },
        "position": {
          "x": 5.37,
          "y": 4.89
        },
        "windows": [
          {
            "type": "Window",
            "id": 5,
            "location": {
              "x": 5.57,
              "y": 6.42
            },
            "dimensions": {
              "width": 0.33,
              "height": 0.08
            }
          },
          {
            "type": "Window",
            "id": 8,
            "location": {
              "x": 5.4,
              "y": 6.32
            },
            "dimensions": {
              "width": 0.25,
              "height": 0.09
            }
          }
        ],
        "doors": [
          {
            "type": "Door",
            "id": 12,
            "location": {
              "x": 6.07,
              "y": 5.21
            },
            "dimensions": {
              "width": 0.27,
              "height": 0.18
            }
          }
        ],
        "connected_to": []
      },
      {
        "id": 3,
        "name": "Room_3",
        "shape": "Irregular",
        "dimensions": {
          "width": 0.92,
          "length": 3.29,
          "height": 2.63
        },
        "position": {
          "x": 0.38,
          "y": 2.94
        },
        "windows": [
          {
            "type": "Window",
            "id": 23,
            "location": {
              "x": 1.25,
              "y": 3.38
            },
            "dimensions": {
              "width": 0.28,
              "height": 0.12
            }
          }
        ],
        "doors": [
          {
            "type": "Door",
            "id": 9,
            "location": {
              "x": 1.09,
              "y": 5.79
            },
            "dimensions": {
              "width": 0.24,
              "height": 0.12
            }
          },
          {
            "type": "Door",
            "id": 17,
            "location": {
              "x": 0.79,
              "y": 4.77
            },
            "dimensions": {
              "width": 0.22,
              "height": 0.27
            }
          },
          {
            "type": "Door",
            "id": 19,
            "location": {
              "x": 0.41,
              "y": 4.33
            },
            "dimensions": {
              "width": 0.81,
              "height": 0.96
            }
          },
          {
            "type": "Door",
            "id": 20,
            "location": {
              "x": 0.41,
              "y": 4.07
            },
            "dimensions": {
              "width": 0.92,
              "height": 0.63
            }
          }
        ],
        "connected_to": []
      },
      {
        "id": 4,
        "name": "LAUNDRY",
        "shape": "Irregular",
        "dimensions": {
          "width": 2.6,
          "length": 2.28,
          "height": 2.08
        },
        "position": {
          "x": 6.35,
          "y": 2.69
        },
        "windows": [
          {
            "type": "Window",
            "id": 16,
            "location": {
              "x": 7.67,
              "y": 4.79
            },
            "dimensions": {
              "width": 0.25,
              "height": 0.1
            }
          },
          {
            "type": "Window",
            "id": 22,
            "location": {
              "x": 8.09,
              "y": 3.51
            },
            "dimensions": {
              "width": 0.32,
              "height": 0.12
            }
          }
        ],
        "doors": [
          {
            "type": "Door",
            "id": 21,
            "location": {
              "x": 8.26,
              "y": 3.66
            },
            "dimensions": {
              "width": 0.24,
              "height": 0.42
            }
          }
        ],
        "connected_to": []
      }
    ],
    "doorsAndWindows": [
      {
        "type": "Window",
        "id": 1,
        "location": {
          "x": 2.12,
          "y": 7.23
        },
        "dimensions": {
          "width": 1.45,
          "height": 0.14
        }
      },
      {
        "type": "Window",
        "id": 2,
        "location": {
          "x": 2.76,
          "y": 6.81
        },
        "dimensions": {
          "width": 1.63,
          "height": 0.4
        }
      },
      {
        "type": "Window",
        "id": 3,
        "location": {
          "x": 1.35,
          "y": 6.69
        },
        "dimensions": {
          "width": 5.34,
          "height": 1.68
        }
      },
      {
        "type": "Window",
        "id": 4,
        "location": {
          "x": 4.54,
          "y": 6.49
        },
        "dimensions": {
          "width": 0.48,
          "height": 0.14
        }
      },
      {
        "type": "Window",
        "id": 5,
        "location": {
          "x": 5.57,
          "y": 6.42
        },
        "dimensions": {
          "width": 0.33,
          "height": 0.08
        }
      },
      {
        "type": "Door",
        "id": 6,
        "location": {
          "x": 5.06,
          "y": 6.41
        },
        "dimensions": {
          "width": 0.52,
          "height": 0.74
        }
      },
      {
        "type": "Window",
        "id": 7,
        "location": {
          "x": 4.55,
          "y": 6.38
        },
        "dimensions": {
          "width": 0.22,
          "height": 0.1
        }
      },
      {
        "type": "Window",
        "id": 8,
        "location": {
          "x": 5.4,
          "y": 6.32
        },
        "dimensions": {
          "width": 0.25,
          "height": 0.09
        }
      },
      {
        "type": "Door",
        "id": 9,
        "location": {
          "x": 1.09,
          "y": 5.79
        },
        "dimensions": {
          "width": 0.24,
          "height": 0.12
        }
      },
      {
        "type": "Door",
        "id": 10,
        "location": {
          "x": 5.36,
          "y": 5.5
        },
        "dimensions": {
          "width": 1.0,
          "height": 0.77
        }
      },
      {
        "type": "Window",
        "id": 11,
        "location": {
          "x": 2.76,
          "y": 5.44
        },
        "dimensions": {
          "width": 0.86,
          "height": 0.16
        }
      },
      {
        "type": "Door",
        "id": 12,
        "location": {
          "x": 6.07,
          "y": 5.21
        },
        "dimensions": {
          "width": 0.27,
          "height": 0.18
        }
      },
      {
        "type": "Door",
        "id": 13,
        "location": {
          "x": 1.76,
          "y": 5.03
        },
        "dimensions": {
          "width": 0.99,
          "height": 2.12
        }
      },
      {
        "type": "Door",
        "id": 14,
        "location": {
          "x": 1.52,
          "y": 4.98
        },
        "dimensions": {
          "width": 0.15,
          "height": 0.2
        }
      },
      {
        "type": "Door",
        "id": 15,
        "location": {
          "x": 4.46,
          "y": 4.94
        },
        "dimensions": {
          "width": 0.53,
          "height": 0.95
        }
      },
      {
        "type": "Window",
        "id": 16,
        "location": {
          "x": 7.67,
          "y": 4.79
        },
        "dimensions": {
          "width": 0.25,
          "height": 0.1
        }
      },
      {
        "type": "Door",
        "id": 17,
        "location": {
          "x": 0.79,
          "y": 4.77
        },
        "dimensions": {
          "width": 0.22,
          "height": 0.27
        }
      },
      {
        "type": "Door",
        "id": 18,
        "location": {
          "x": 1.51,
          "y": 4.43
        },
        "dimensions": {
          "width": 0.16,
          "height": 0.19
        }
      },
      {
        "type": "Door",
        "id": 19,
        "location": {
          "x": 0.41,
          "y": 4.33
        },
        "dimensions": {
          "width": 0.81,
          "height": 0.96
        }
      },
      {
        "type": "Door",
        "id": 20,
        "location": {
          "x": 0.41,
          "y": 4.07
        },
        "dimensions": {
          "width": 0.92,
          "height": 0.63
        }
      },
      {
        "type": "Door",
        "id": 21,
        "location": {
          "x": 8.26,
          "y": 3.66
        },
        "dimensions": {
          "width": 0.24,
          "height": 0.42
        }
      },
      {
        "type": "Window",
        "id": 22,
        "location": {
          "x": 8.09,
          "y": 3.51
        },
        "dimensions": {
          "width": 0.32,
          "height": 0.12
        }
      },
      {
        "type": "Window",
        "id": 23,
        "location": {
          "x": 1.25,
          "y": 3.38
        },
        "dimensions": {
          "width": 0.28,
          "height": 0.12
        }
      },
      {
        "type": "Door",
        "id": 24,
        "location": {
          "x": 0.37,
          "y": 2.93
        },
        "dimensions": {
          "width": 1.41,
          "height": 3.81
        }
      },
      {
        "type": "Door",
        "id": 25,
        "location": {
          "x": 5.19,
          "y": 2.2
        },
        "dimensions": {
          "width": 3.82,
          "height": 5.12
        }
      },
      {
        "type": "Door",
        "id": 26,
        "location": {
          "x": 1.73,
          "y": 2.19
        },
        "dimensions": {
          "width": 0.14,
          "height": 0.14
        }
      },
      {
        "type": "Door",
        "id": 27,
        "location": {
          "x": 8.59,
          "y": 2.17
        },
        "dimensions": {
          "width": 0.3,
          "height": 0.61
        }
      },
      {
        "type": "Door",
        "id": 28,
        "location": {
          "x": 8.27,
          "y": 1.52
        },
        "dimensions": {
          "width": 0.71,
          "height": 0.75
        }
      },
      {
        "type": "Door",
        "id": 29,
        "location": {
          "x": 7.33,
          "y": 1.52
        },
        "dimensions": {
          "width": 0.83,
          "height": 1.48
        }
      },
      {
        "type": "Window",
        "id": 30,
        "location": {
          "x": 0.32,
          "y": 1.47
        },
        "dimensions": {
          "width": 7.35,
          "height": 3.52
        }
      },
      {
        "type": "Door",
        "id": 31,
        "location": {
          "x": 0.78,
          "y": 0.9
        },
        "dimensions": {
          "width": 2.48,
          "height": 1.24
        }
      }
    ]
  }
}