{
  "floorPlan": {
    "name": "Floor Plan 15_2.jpg",
    "units": "feet",
    "totalArea": 24.02,
    "totalRooms": 7,
    "rooms": [
      {
        "id": 1,
        "name": "Text_11",
        "shape": "Irregular",
        "dimensions": {
          "width": 1.18,
          "length": 2.24,
          "height": 1.79
        },
        "position": {
          "x": 1.3,
          "y": 6.2
        },
        "windows": [
          {
            "type": "Window",
            "id": 9,
            "location": {
              "x": 1.8,
              "y": 7.48
            },
            "dimensions": {
              "width": 0.4,
              "height": 0.13
            }
          },
          {
            "type": "Window",
            "id": 11,
            "location": {
              "x": 1.77,
              "y": 6.3
            },
            "dimensions": {
              "width": 0.57,
              "height": 0.28
            }
          }
        ],
        "doors": [
          {
            "type": "Door",
            "id": 13,
            "location": {
              "x": 1.4,
              "y": 6.25
            },
            "dimensions": {
              "width": 0.25,
              "height": 0.31
            }
          }
        ],
        "connected_to": []
      },
      {
        "id": 2,
        "name": "Text_18",
        "shape": "Irregular",
        "dimensions": {
          "width": 1.17,
          "length": 1.51,
          "height": 1.21
        },
        "position": {
          "x": 7.2,
          "y": 5.95
        },
        "windows": [
          {
            "type": "Window",
            "id": 16,
            "location": {
              "x": 8.07,
              "y": 6.04
            },
            "dimensions": {
              "width": 0.31,
              "height": 0.13
            }
          }
        ],
        "doors": [],
        "connected_to": []
      },
      {
        "id": 3,
        "name": "Text_8",
        "shape": "Irregular",
        "dimensions": {
          "width": 0.85,
          "length": 2.98,
          "height": 2.38
        },
        "position": {
          "x": 2.41,
          "y": 5.9
        },
        "windows": [],
        "doors": [],
        "connected_to": []
      },
      {
        "id": 4,
        "name": "Text_16",
        "shape": "Irregular",
        "dimensions": {
          "width": 0.61,
          "length": 2.62,
          "height": 2.1
        },
        "position": {
          "x": 8.92,
          "y": 4.84
        },
        "windows": [],
        "doors": [],
        "connected_to": []
      },
      {
        "id": 5,
        "name": "Text_23",
        "shape": "Irregular",
        "dimensions": {
          "width": 1.18,
          "length": 2.19,
          "height": 1.75
        },
        "position": {
          "x": 1.3,
          "y": 3.77
        },
        "windows": [],
        "doors": [
          {
            "type": "Door",
            "id": 21,
            "location": {
              "x": 2.07,
              "y": 5.66
            },
            "dimensions": {
              "width": 0.21,
              "height": 0.18
            }
          },
          {
            "type": "Door",
            "id": 22,
            "location": {
              "x": 1.34,
              "y": 5.08
            },
            "dimensions": {
              "width": 1.02,
              "height": 0.53
            }
          },
          {
            "type": "Door",
            "id": 26,
            "location": {
              "x": 1.94,
              "y": 4.32
            },
            "dimensions": {
              "width": 0.28,
              "height": 0.15
            }
          }
        ],
        "connected_to": []
      },
      {
        "id": 6,
        "name": "Text_19",
        "shape": "Irregular",
        "dimensions": {
          "width": 2.56,
          "length": 2.1,
          "height": 2.05
        },
        "position": {
          "x": 6.97,
          "y": 3.53
        },
        "windows": [],
        "doors": [
          {
            "type": "Door",
            "id": 27,
            "location": {
              "x": 7.11,
              "y": 4.29
            },
            "dimensions": {
              "width": 0.26,
              "height": 0.31
            }
          },
          {
            "type": "Door",
            "id": 28,
            "location": {
              "x": 9.11,
              "y": 4.25
            },
            "dimensions": {
              "width": 0.35,
              "height": 0.69
            }
          },
          {
            "type": "Door",
            "id": 30,
            "location": {
              "x": 7.13,
              "y": 3.85
            },
            "dimensions": {
              "width": 0.22,
              "height": 0.17
            }
          }
        ],
        "connected_to": []
      },
      {
        "id": 7,
        "name": "Room_7",
        "shape": "Hexagon",
        "dimensions": {
          "width": 3.03,
          "length": 2.48,
          "height": 2.42
        },
        "position": {
          "x": 6.5,
          "y": 0.79
        },
        "windows": [],
        "doors": [],
        "connected_to": []
      }
    ],
    "doorsAndWindows": [
      {
        "type": "Door",
        "id": 1,
        "location": {
          "x": 4.92,
          "y": 9.15
        },
        "dimensions": {
          "width": 0.18,
          "height": 0.13
        }
      },
      {
        "type": "Door",
        "id": 2,
        "location": {
          "x": 4.45,
          "y": 9.15
        },
        "dimensions": {
          "width": 0.21,
          "height": 0.13
        }
      },
      {
        "type": "Window",
        "id": 3,
        "location": {
          "x": 4.28,
          "y": 8.86
        },
        "dimensions": {
          "width": 0.67,
          "height": 0.11
        }
      },
      {
        "type": "Door",
        "id": 4,
        "location": {
          "x": 5.74,
          "y": 8.39
        },
        "dimensions": {
          "width": 0.82,
          "height": 0.5
        }
      },
      {
        "type": "Door",
        "id": 5,
        "location": {
          "x": 4.47,
          "y": 8.21
        },
        "dimensions": {
          "width": 0.16,
          "height": 0.12
        }
      },
      {
        "type": "Window",
        "id": 6,
        "location": {
          "x": 3.39,
          "y": 8.16
        },
        "dimensions": {
          "width": 0.33,
          "height": 0.13
        }
      },
      {
        "type": "Door",
        "id": 7,
        "location": {
          "x": 3.5,
          "y": 7.91
        },
        "dimensions": {
          "width": 1.11,
          "height": 0.98
        }
      },
      {
        "type": "Door",
        "id": 8,
        "location": {
          "x": 4.6,
          "y": 7.65
        },
        "dimensions": {
          "width": 0.83,
          "height": 1.23
        }
      },
      {
        "type": "Window",
        "id": 9,
        "location": {
          "x": 1.8,
          "y": 7.48
        },
        "dimensions": {
          "width": 0.4,
          "height": 0.13
        }
      },
      {
        "type": "Window",
        "id": 10,
        "location": {
          "x": 3.51,
          "y": 7.27
        },
        "dimensions": {
          "width": 0.73,
          "height": 0.34
        }
      },
      {
        "type": "Window",
        "id": 11,
        "location": {
          "x": 1.77,
          "y": 6.3
        },
        "dimensions": {
          "width": 0.57,
          "height": 0.28
        }
      },
      {
        "type": "Door",
        "id": 12,
        "location": {
          "x": 4.44,
          "y": 6.29
        },
        "dimensions": {
          "width": 0.37,
          "height": 0.9
        }
      },
      {
        "type": "Door",
        "id": 13,
        "location": {
          "x": 1.4,
          "y": 6.25
        },
        "dimensions": {
          "width": 0.25,
          "height": 0.31
        }
      },
      {
        "type": "Window",
        "id": 14,
        "location": {
          "x": 3.43,
          "y": 6.22
        },
        "dimensions": {
          "width": 0.94,
          "height": 0.16
        }
      },
      {
        "type": "Door",
        "id": 15,
        "location": {
          "x": 5.16,
          "y": 6.17
        },
        "dimensions": {
          "width": 0.63,
          "height": 1.13
        }
      },
      {
        "type": "Window",
        "id": 16,
        "location": {
          "x": 8.07,
          "y": 6.04
        },
        "dimensions": {
          "width": 0.31,
          "height": 0.13
        }
      },
      {
        "type": "Door",
        "id": 17,
        "location": {
          "x": 6.18,
          "y": 5.97
        },
        "dimensions": {
          "width": 0.86,
          "height": 1.74
        }
      },
      {
        "type": "Window",
        "id": 18,
        "location": {
          "x": 5.41,
          "y": 5.84
        },
        "dimensions": {
          "width": 0.59,
          "height": 0.03
        }
      },
      {
        "type": "Door",
        "id": 19,
        "location": {
          "x": 3.34,
          "y": 5.79
        },
        "dimensions": {
          "width": 0.37,
          "height": 0.32
        }
      },
      {
        "type": "Door",
        "id": 20,
        "location": {
          "x": 3.89,
          "y": 5.66
        },
        "dimensions": {
          "width": 0.46,
          "height": 0.45
        }
      },
      {
        "type": "Door",
        "id": 21,
        "location": {
          "x": 2.07,
          "y": 5.66
        },
        "dimensions": {
          "width": 0.21,
          "height": 0.18
        }
      },
      {
        "type": "Door",
        "id": 22,
        "location": {
          "x": 1.34,
          "y": 5.08
        },
        "dimensions": {
          "width": 1.02,
          "height": 0.53
        }
      },
      {
        "type": "Door",
        "id": 23,
        "location": {
          "x": 6.86,
          "y": 4.91
        },
        "dimensions": {
          "width": 0.11,
          "height": 0.28
        }
      },
      {
        "type": "Window",
        "id": 24,
        "location": {
          "x": 4.1,
          "y": 4.49
        },
        "dimensions": {
          "width": 0.87,
          "height": 0.03
        }
      },
      {
        "type": "Window",
        "id": 25,
        "location": {
          "x": 4.11,
          "y": 4.36
        },
        "dimensions": {
          "width": 0.34,
          "height": 0.12
        }
      },
      {
        "type": "Door",
        "id": 26,
        "location": {
          "x": 1.94,
          "y": 4.32
        },
        "dimensions": {
          "width": 0.28,
          "height": 0.15
        }
      },
      {
        "type": "Door",
        "id": 27,
        "location": {
          "x": 7.11,
          "y": 4.29
        },
        "dimensions": {
          "width": 0.26,
          "height": 0.31
        }
      },
      {
        "type": "Door",
        "id": 28,
        "location": {
          "x": 9.11,
          "y": 4.25
        },
        "dimensions": {
          "width": 0.35,
          "height": 0.69
        }
      },
      {
        "type": "Window",
        "id": 29,
        "location": {
          "x": 6.64,
          "y": 4.24
        },
        "dimensions": {
          "width": 0.35,
          "height": 0.12
        }
      },
      {
        "type": "Door",
        "id": 30,
        "location": {
          "x": 7.13,
          "y": 3.85
        },
        "dimensions": {
          "width": 0.22,
          "height": 0.17
        }
      },
      {
        "type": "Door",
        "id": 31,
        "location": {
          "x": 1.24,
          "y": 0.79
        },
        "dimensions": {
          "width": 8.3,
          "height": 9.36
        }
      },
      {
        "type": "Door",
        "id": 32,
        "location": {
          "x": 6.42,
          "y": 0.74
        },
        "dimensions": {
          "width": 3.16,
          "height": 2.51
        }
      }
    ]
  }
}