{
  "floorPlan": {
    "name": "Floor Plan 15_25.jpg",
    "units": "feet",
    "totalArea": 64.25,
    "totalRooms": 8,
    "rooms": [
      {
        "id": 1,
        "name": "Text_14",
        "shape": "Irregular",
        "dimensions": {
          "width": 3.15,
          "length": 5.12,
          "height": 4.1
        },
        "position": {
          "x": 0.12,
          "y": 5.68
        },
        "windows": [],
        "doors": [],
        "connected_to": []
      },
      {
        "id": 2,
        "name": "Text_71",
        "shape": "Pentagon",
        "dimensions": {
          "width": 1.85,
          "length": 0.31,
          "height": 1.48
        },
        "position": {
          "x": 0.12,
          "y": 4.92
        },
        "windows": [],
        "doors": [],
        "connected_to": []
      },
      {
        "id": 3,
        "name": "Text_37",
        "shape": "Irregular",
        "dimensions": {
          "width": 2.15,
          "length": 2.74,
          "height": 2.19
        },
        "position": {
          "x": 5.95,
          "y": 4.68
        },
        "windows": [],
        "doors": [],
        "connected_to": []
      },
      {
        "id": 4,
        "name": "Text_25",
        "shape": "Irregular",
        "dimensions": {
          "width": 1.13,
          "length": 6.21,
          "height": 4.97
        },
        "position": {
          "x": 3.85,
          "y": 4.59
        },
        "windows": [],
        "doors": [],
        "connected_to": []
      },
      {
        "id": 5,
        "name": "Text_90",
        "shape": "Irregular",
        "dimensions": {
          "width": 1.7,
          "length": 7.25,
          "height": 5.8
        },
        "position": {
          "x": 8.38,
          "y": 0.17
        },
        "windows": [],
        "doors": [],
        "connected_to": []
      },
      {
        "id": 6,
        "name": "Text_127",
        "shape": "Irregular",
        "dimensions": {
          "width": 1.5,
          "length": 3.93,
          "height": 3.14
        },
        "position": {
          "x": 7.25,
          "y": 0.17
        },
        "windows": [],
        "doors": [],
        "connected_to": []
      },
      {
        "id": 7,
        "name": "Text_154",
        "shape": "Hexagon",
        "dimensions": {
          "width": 0.72,
          "length": 1.18,
          "height": 0.94
        },
        "position": {
          "x": 4.25,
          "y": 0.17
        },
        "windows": [],
        "doors": [],
        "connected_to": []
      },
      {
        "id": 8,
        "name": "Text_125",
        "shape": "Irregular",
        "dimensions": {
          "width": 3.14,
          "length": 4.96,
          "height": 3.97
        },
        "position": {
          "x": 0.12,
          "y": 0.17
        },
        "windows": [],
        "doors": [],
        "connected_to": []
      }
    ],
    "doorsAndWindows": [
      {
        "type": "Door",
        "id": 1,
        "location": {
          "x": 0.02,
          "y": 0.08
        },
        "dimensions": {
          "width": 10.13,
          "height": 10.79
        }
      }
    ]
  }
}