{
  "floorPlan": {
    "name": "Floor Plan 15_3.jpg",
    "units": "feet",
    "totalArea": 18.64,
    "totalRooms": 7,
    "rooms": [
      {
        "id": 1,
        "name": "2x6",
        "shape": "Irregular",
        "dimensions": {
          "width": 1.63,
          "length": 2.11,
          "height": 1.69
        },
        "position": {
          "x": 8.36,
          "y": 5.01
        },
        "windows": [],
        "doors": [
          {
            "type": "Door",
            "id": 1,
            "location": {
              "x": 9.0,
              "y": 6.51
            },
            "dimensions": {
              "width": 0.1,
              "height": 0.15
            }
          },
          {
            "type": "Door",
            "id": 2,
            "location": {
              "x": 8.62,
              "y": 6.51
            },
            "dimensions": {
              "width": 0.17,
              "height": 0.15
            }
          },
          {
            "type": "Door",
            "id": 16,
            "location": {
              "x": 8.59,
              "y": 6.28
            },
            "dimensions": {
              "width": 0.24,
              "height": 0.19
            }
          },
          {
            "type": "Door",
            "id": 17,
            "location": {
              "x": 8.46,
              "y": 6.27
            },
            "dimensions": {
              "width": 0.12,
              "height": 0.19
            }
          }
        ],
        "connected_to": []
      },
      {
        "id": 2,
        "name": "study",
        "shape": "Octagon",
        "dimensions": {
          "width": 2.03,
          "length": 0.48,
          "height": 1.62
        },
        "position": {
          "x": 5.26,
          "y": 4.41
        },
        "windows": [],
        "doors": [],
        "connected_to": []
      },
      {
        "id": 3,
        "name": "ange",
        "shape": "Irregular",
        "dimensions": {
          "width": 1.02,
          "length": 1.78,
          "height": 1.42
        },
        "position": {
          "x": 3.96,
          "y": 3.01
        },
        "windows": [],
        "doors": [
          {
            "type": "Door",
            "id": 39,
            "location": {
              "x": 4.95,
              "y": 3.58
            },
            "dimensions": {
              "width": 0.64,
              "height": 0.51
            }
          },
          {
            "type": "Door",
            "id": 44,
            "location": {
              "x": 4.37,
              "y": 3.02
            },
            "dimensions": {
              "width": 0.91,
              "height": 1.76
            }
          }
        ],
        "connected_to": []
      },
      {
        "id": 4,
        "name": "work",
        "shape": "Irregular",
        "dimensions": {
          "width": 1.23,
          "length": 1.98,
          "height": 1.58
        },
        "position": {
          "x": 2.48,
          "y": 2.97
        },
        "windows": [],
        "doors": [],
        "connected_to": []
      },
      {
        "id": 5,
        "name": "wic",
        "shape": "Irregular",
        "dimensions": {
          "width": 2.08,
          "length": 3.19,
          "height": 2.55
        },
        "position": {
          "x": 7.91,
          "y": 1.98
        },
        "windows": [],
        "doors": [
          {
            "type": "Door",
            "id": 29,
            "location": {
              "x": 9.61,
              "y": 4.79
            },
            "dimensions": {
              "width": 0.11,
              "height": 0.15
            }
          },
          {
            "type": "Door",
            "id": 30,
            "location": {
              "x": 9.21,
              "y": 4.76
            },
            "dimensions": {
              "width": 0.11,
              "height": 0.18
            }
          },
          {
            "type": "Door",
            "id": 31,
            "location": {
              "x": 9.17,
              "y": 4.62
            },
            "dimensions": {
              "width": 0.11,
              "height": 0.13
            }
          },
          {
            "type": "Door",
            "id": 32,
            "location": {
              "x": 9.29,
              "y": 4.56
            },
            "dimensions": {
              "width": 0.12,
              "height": 0.19
            }
          },
          {
            "type": "Door",
            "id": 33,
            "location": {
              "x": 9.04,
              "y": 4.56
            },
            "dimensions": {
              "width": 0.12,
              "height": 0.19
            }
          },
          {
            "type": "Door",
            "id": 35,
            "location": {
              "x": 8.38,
              "y": 4.45
            },
            "dimensions": {
              "width": 0.12,
              "height": 0.12
            }
          },
          {
            "type": "Door",
            "id": 36,
            "location": {
              "x": 8.01,
              "y": 4.14
            },
            "dimensions": {
              "width": 0.63,
              "height": 0.95
            }
          },
          {
            "type": "Door",
            "id": 38,
            "location": {
              "x": 9.11,
              "y": 3.63
            },
            "dimensions": {
              "width": 0.14,
              "height": 0.19
            }
          },
          {
            "type": "Door",
            "id": 42,
            "location": {
              "x": 9.56,
              "y": 3.15
            },
            "dimensions": {
              "width": 0.36,
              "height": 0.33
            }
          },
          {
            "type": "Door",
            "id": 43,
            "location": {
              "x": 8.3,
              "y": 3.14
            },
            "dimensions": {
              "width": 1.64,
              "height": 0.97
            }
          },
          {
            "type": "Door",
            "id": 49,
            "location": {
              "x": 8.48,
              "y": 2.87
            },
            "dimensions": {
              "width": 1.55,
              "height": 2.96
            }
          },
          {
            "type": "Door",
            "id": 50,
            "location": {
              "x": 8.58,
              "y": 2.8
            },
            "dimensions": {
              "width": 0.19,
              "height": 0.24
            }
          },
          {
            "type": "Door",
            "id": 51,
            "location": {
              "x": 9.29,
              "y": 2.7
            },
            "dimensions": {
              "width": 0.09,
              "height": 0.16
            }
          },
          {
            "type": "Door",
            "id": 52,
            "location": {
              "x": 9.46,
              "y": 2.69
            },
            "dimensions": {
              "width": 0.12,
              "height": 0.39
            }
          },
          {
            "type": "Door",
            "id": 53,
            "location": {
              "x": 9.09,
              "y": 2.69
            },
            "dimensions": {
              "width": 0.19,
              "height": 0.18
            }
          },
          {
            "type": "Door",
            "id": 56,
            "location": {
              "x": 9.21,
              "y": 2.56
            },
            "dimensions": {
              "width": 0.12,
              "height": 0.12
            }
          },
          {
            "type": "Door",
            "id": 57,
            "location": {
              "x": 9.08,
              "y": 2.5
            },
            "dimensions": {
              "width": 0.12,
              "height": 0.18
            }
          },
          {
            "type": "Door",
            "id": 62,
            "location": {
              "x": 8.57,
              "y": 2.09
            },
            "dimensions": {
              "width": 0.2,
              "height": 0.24
            }
          },
          {
            "type": "Door",
            "id": 63,
            "location": {
              "x": 9.23,
              "y": 2.01
            },
            "dimensions": {
              "width": 0.8,
              "height": 1.13
            }
          }
        ],
        "connected_to": [
          7
        ]
      },
      {
        "id": 6,
        "name": "pantry",
        "shape": "Rectangle",
        "dimensions": {
          "width": 1.76,
          "length": 0.97,
          "height": 1.41
        },
        "position": {
          "x": 2.94,
          "y": 1.68
        },
        "windows": [],
        "doors": [
          {
            "type": "Door",
            "id": 65,
            "location": {
              "x": 3.04,
              "y": 1.7
            },
            "dimensions": {
              "width": 1.69,
              "height": 1.32
            }
          }
        ],
        "connected_to": []
      },
      {
        "id": 7,
        "name": "I0' step clg",
        "shape": "Irregular",
        "dimensions": {
          "width": 0.77,
          "length": 2.12,
          "height": 1.7
        },
        "position": {
          "x": 9.22,
          "y": 0.42
        },
        "windows": [],
        "doors": [
          {
            "type": "Door",
            "id": 63,
            "location": {
              "x": 9.23,
              "y": 2.01
            },
            "dimensions": {
              "width": 0.8,
              "height": 1.13
            }
          },
          {
            "type": "Door",
            "id": 70,
            "location": {
              "x": 9.29,
              "y": 0.91
            },
            "dimensions": {
              "width": 0.12,
              "height": 0.13
            }
          }
        ],
        "connected_to": [
          5
        ]
      }
    ],
    "doorsAndWindows": [
      {
        "type": "Door",
        "id": 1,
        "location": {
          "x": 9.0,
          "y": 6.51
        },
        "dimensions": {
          "width": 0.1,
          "height": 0.15
        }
      },
      {
        "type": "Door",
        "id": 2,
        "location": {
          "x": 8.62,
          "y": 6.51
        },
        "dimensions": {
          "width": 0.17,
          "height": 0.15
        }
      },
      {
        "type": "Window",
        "id": 3,
        "location": {
          "x": 6.78,
          "y": 6.51
        },
        "dimensions": {
          "width": 1.77,
          "height": 0.7
        }
      },
      {
        "type": "Window",
        "id": 4,
        "location": {
          "x": 5.09,
          "y": 6.51
        },
        "dimensions": {
          "width": 0.57,
          "height": 0.11
        }
      },
      {
        "type": "Door",
        "id": 5,
        "location": {
          "x": 3.75,
          "y": 6.46
        },
        "dimensions": {
          "width": 0.16,
          "height": 0.2
        }
      },
      {
        "type": "Door",
        "id": 6,
        "location": {
          "x": 3.51,
          "y": 6.46
        },
        "dimensions": {
          "width": 0.2,
          "height": 0.2
        }
      },
      {
        "type": "Door",
        "id": 7,
        "location": {
          "x": 3.21,
          "y": 6.46
        },
        "dimensions": {
          "width": 0.19,
          "height": 0.3
        }
      },
      {
        "type": "Door",
        "id": 8,
        "location": {
          "x": 2.75,
          "y": 6.46
        },
        "dimensions": {
          "width": 0.2,
          "height": 0.2
        }
      },
      {
        "type": "Door",
        "id": 9,
        "location": {
          "x": 2.53,
          "y": 6.46
        },
        "dimensions": {
          "width": 0.2,
          "height": 0.2
        }
      },
      {
        "type": "Door",
        "id": 10,
        "location": {
          "x": 1.95,
          "y": 6.46
        },
        "dimensions": {
          "width": 0.14,
          "height": 0.2
        }
      },
      {
        "type": "Door",
        "id": 11,
        "location": {
          "x": 2.11,
          "y": 6.41
        },
        "dimensions": {
          "width": 0.1,
          "height": 0.25
        }
      },
      {
        "type": "Door",
        "id": 12,
        "location": {
          "x": 3.43,
          "y": 6.35
        },
        "dimensions": {
          "width": 0.05,
          "height": 0.31
        }
      },
      {
        "type": "Door",
        "id": 13,
        "location": {
          "x": 2.45,
          "y": 6.35
        },
        "dimensions": {
          "width": 0.05,
          "height": 0.31
        }
      },
      {
        "type": "Door",
        "id": 14,
        "location": {
          "x": 2.32,
          "y": 6.35
        },
        "dimensions": {
          "width": 0.11,
          "height": 0.31
        }
      },
      {
        "type": "Door",
        "id": 15,
        "location": {
          "x": 1.61,
          "y": 6.35
        },
        "dimensions": {
          "width": 0.12,
          "height": 0.31
        }
      },
      {
        "type": "Door",
        "id": 16,
        "location": {
          "x": 8.59,
          "y": 6.28
        },
        "dimensions": {
          "width": 0.24,
          "height": 0.19
        }
      },
      {
        "type": "Door",
        "id": 17,
        "location": {
          "x": 8.46,
          "y": 6.27
        },
        "dimensions": {
          "width": 0.12,
          "height": 0.19
        }
      },
      {
        "type": "Door",
        "id": 18,
        "location": {
          "x": 6.53,
          "y": 6.07
        },
        "dimensions": {
          "width": 0.13,
          "height": 0.16
        }
      },
      {
        "type": "Door",
        "id": 19,
        "location": {
          "x": 6.4,
          "y": 6.07
        },
        "dimensions": {
          "width": 0.12,
          "height": 0.18
        }
      },
      {
        "type": "Window",
        "id": 20,
        "location": {
          "x": 5.72,
          "y": 5.49
        },
        "dimensions": {
          "width": 1.14,
          "height": 0.37
        }
      },
      {
        "type": "Door",
        "id": 21,
        "location": {
          "x": 6.83,
          "y": 5.31
        },
        "dimensions": {
          "width": 1.2,
          "height": 1.31
        }
      },
      {
        "type": "Door",
        "id": 22,
        "location": {
          "x": 6.79,
          "y": 5.17
        },
        "dimensions": {
          "width": 0.11,
          "height": 0.15
        }
      },
      {
        "type": "Door",
        "id": 23,
        "location": {
          "x": 6.59,
          "y": 5.16
        },
        "dimensions": {
          "width": 0.12,
          "height": 0.16
        }
      },
      {
        "type": "Door",
        "id": 24,
        "location": {
          "x": 6.33,
          "y": 5.16
        },
        "dimensions": {
          "width": 0.12,
          "height": 0.16
        }
      },
      {
        "type": "Door",
        "id": 25,
        "location": {
          "x": 7.73,
          "y": 5.04
        },
        "dimensions": {
          "width": 0.1,
          "height": 0.16
        }
      },
      {
        "type": "Door",
        "id": 26,
        "location": {
          "x": 6.52,
          "y": 4.93
        },
        "dimensions": {
          "width": 0.12,
          "height": 0.19
        }
      },
      {
        "type": "Door",
        "id": 27,
        "location": {
          "x": 7.66,
          "y": 4.88
        },
        "dimensions": {
          "width": 0.12,
          "height": 0.12
        }
      },
      {
        "type": "Door",
        "id": 28,
        "location": {
          "x": 7.42,
          "y": 4.88
        },
        "dimensions": {
          "width": 0.25,
          "height": 0.31
        }
      },
      {
        "type": "Door",
        "id": 29,
        "location": {
          "x": 9.61,
          "y": 4.79
        },
        "dimensions": {
          "width": 0.11,
          "height": 0.15
        }
      },
      {
        "type": "Door",
        "id": 30,
        "location": {
          "x": 9.21,
          "y": 4.76
        },
        "dimensions": {
          "width": 0.11,
          "height": 0.18
        }
      },
      {
        "type": "Door",
        "id": 31,
        "location": {
          "x": 9.17,
          "y": 4.62
        },
        "dimensions": {
          "width": 0.11,
          "height": 0.13
        }
      },
      {
        "type": "Door",
        "id": 32,
        "location": {
          "x": 9.29,
          "y": 4.56
        },
        "dimensions": {
          "width": 0.12,
          "height": 0.19
        }
      },
      {
        "type": "Door",
        "id": 33,
        "location": {
          "x": 9.04,
          "y": 4.56
        },
        "dimensions": {
          "width": 0.12,
          "height": 0.19
        }
      },
      {
        "type": "Door",
        "id": 34,
        "location": {
          "x": 5.14,
          "y": 4.48
        },
        "dimensions": {
          "width": 0.19,
          "height": 0.22
        }
      },
      {
        "type": "Door",
        "id": 35,
        "location": {
          "x": 8.38,
          "y": 4.45
        },
        "dimensions": {
          "width": 0.12,
          "height": 0.12
        }
      },
      {
        "type": "Door",
        "id": 36,
        "location": {
          "x": 8.01,
          "y": 4.14
        },
        "dimensions": {
          "width": 0.63,
          "height": 0.95
        }
      },
      {
        "type": "Door",
        "id": 37,
        "location": {
          "x": 1.1,
          "y": 3.84
        },
        "dimensions": {
          "width": 1.49,
          "height": 1.11
        }
      },
      {
        "type": "Door",
        "id": 38,
        "location": {
          "x": 9.11,
          "y": 3.63
        },
        "dimensions": {
          "width": 0.14,
          "height": 0.19
        }
      },
      {
        "type": "Door",
        "id": 39,
        "location": {
          "x": 4.95,
          "y": 3.58
        },
        "dimensions": {
          "width": 0.64,
          "height": 0.51
        }
      },
      {
        "type": "Door",
        "id": 40,
        "location": {
          "x": 6.73,
          "y": 3.45
        },
        "dimensions": {
          "width": 0.15,
          "height": 0.16
        }
      },
      {
        "type": "Door",
        "id": 41,
        "location": {
          "x": 6.69,
          "y": 3.28
        },
        "dimensions": {
          "width": 0.12,
          "height": 0.12
        }
      },
      {
        "type": "Door",
        "id": 42,
        "location": {
          "x": 9.56,
          "y": 3.15
        },
        "dimensions": {
          "width": 0.36,
          "height": 0.33
        }
      },
      {
        "type": "Door",
        "id": 43,
        "location": {
          "x": 8.3,
          "y": 3.14
        },
        "dimensions": {
          "width": 1.64,
          "height": 0.97
        }
      },
      {
        "type": "Door",
        "id": 44,
        "location": {
          "x": 4.37,
          "y": 3.02
        },
        "dimensions": {
          "width": 0.91,
          "height": 1.76
        }
      },
      {
        "type": "Door",
        "id": 45,
        "location": {
          "x": 5.05,
          "y": 3.01
        },
        "dimensions": {
          "width": 0.56,
          "height": 1.02
        }
      },
      {
        "type": "Door",
        "id": 46,
        "location": {
          "x": 1.97,
          "y": 2.97
        },
        "dimensions": {
          "width": 0.12,
          "height": 0.13
        }
      },
      {
        "type": "Door",
        "id": 47,
        "location": {
          "x": 1.77,
          "y": 2.97
        },
        "dimensions": {
          "width": 0.12,
          "height": 0.13
        }
      },
      {
        "type": "Door",
        "id": 48,
        "location": {
          "x": 1.36,
          "y": 2.97
        },
        "dimensions": {
          "width": 0.12,
          "height": 0.13
        }
      },
      {
        "type": "Door",
        "id": 49,
        "location": {
          "x": 8.48,
          "y": 2.87
        },
        "dimensions": {
          "width": 1.55,
          "height": 2.96
        }
      },
      {
        "type": "Door",
        "id": 50,
        "location": {
          "x": 8.58,
          "y": 2.8
        },
        "dimensions": {
          "width": 0.19,
          "height": 0.24
        }
      },
      {
        "type": "Door",
        "id": 51,
        "location": {
          "x": 9.29,
          "y": 2.7
        },
        "dimensions": {
          "width": 0.09,
          "height": 0.16
        }
      },
      {
        "type": "Door",
        "id": 52,
        "location": {
          "x": 9.46,
          "y": 2.69
        },
        "dimensions": {
          "width": 0.12,
          "height": 0.39
        }
      },
      {
        "type": "Door",
        "id": 53,
        "location": {
          "x": 9.09,
          "y": 2.69
        },
        "dimensions": {
          "width": 0.19,
          "height": 0.18
        }
      },
      {
        "type": "Door",
        "id": 54,
        "location": {
          "x": 3.04,
          "y": 2.68
        },
        "dimensions": {
          "width": 1.3,
          "height": 1.76
        }
      },
      {
        "type": "Door",
        "id": 55,
        "location": {
          "x": 7.65,
          "y": 2.64
        },
        "dimensions": {
          "width": 0.51,
          "height": 2.62
        }
      },
      {
        "type": "Door",
        "id": 56,
        "location": {
          "x": 9.21,
          "y": 2.56
        },
        "dimensions": {
          "width": 0.12,
          "height": 0.12
        }
      },
      {
        "type": "Door",
        "id": 57,
        "location": {
          "x": 9.08,
          "y": 2.5
        },
        "dimensions": {
          "width": 0.12,
          "height": 0.18
        }
      },
      {
        "type": "Door",
        "id": 58,
        "location": {
          "x": 5.2,
          "y": 2.39
        },
        "dimensions": {
          "width": 0.12,
          "height": 0.15
        }
      },
      {
        "type": "Window",
        "id": 59,
        "location": {
          "x": 6.1,
          "y": 2.3
        },
        "dimensions": {
          "width": 1.23,
          "height": 0.49
        }
      },
      {
        "type": "Door",
        "id": 60,
        "location": {
          "x": 5.3,
          "y": 2.2
        },
        "dimensions": {
          "width": 0.12,
          "height": 0.18
        }
      },
      {
        "type": "Door",
        "id": 61,
        "location": {
          "x": 4.81,
          "y": 2.14
        },
        "dimensions": {
          "width": 0.13,
          "height": 0.19
        }
      },
      {
        "type": "Door",
        "id": 62,
        "location": {
          "x": 8.57,
          "y": 2.09
        },
        "dimensions": {
          "width": 0.2,
          "height": 0.24
        }
      },
      {
        "type": "Door",
        "id": 63,
        "location": {
          "x": 9.23,
          "y": 2.01
        },
        "dimensions": {
          "width": 0.8,
          "height": 1.13
        }
      },
      {
        "type": "Door",
        "id": 64,
        "location": {
          "x": 7.98,
          "y": 1.85
        },
        "dimensions": {
          "width": 1.21,
          "height": 1.26
        }
      },
      {
        "type": "Door",
        "id": 65,
        "location": {
          "x": 3.04,
          "y": 1.7
        },
        "dimensions": {
          "width": 1.69,
          "height": 1.32
        }
      },
      {
        "type": "Door",
        "id": 66,
        "location": {
          "x": 7.09,
          "y": 1.66
        },
        "dimensions": {
          "width": 0.18,
          "height": 0.17
        }
      },
      {
        "type": "Door",
        "id": 67,
        "location": {
          "x": 6.72,
          "y": 1.66
        },
        "dimensions": {
          "width": 0.14,
          "height": 0.16
        }
      },
      {
        "type": "Door",
        "id": 68,
        "location": {
          "x": 6.94,
          "y": 1.51
        },
        "dimensions": {
          "width": 0.12,
          "height": 0.12
        }
      },
      {
        "type": "Door",
        "id": 69,
        "location": {
          "x": 6.69,
          "y": 1.51
        },
        "dimensions": {
          "width": 0.12,
          "height": 0.12
        }
      },
      {
        "type": "Door",
        "id": 70,
        "location": {
          "x": 9.29,
          "y": 0.91
        },
        "dimensions": {
          "width": 0.12,
          "height": 0.13
        }
      },
      {
        "type": "Door",
        "id": 71,
        "location": {
          "x": 0.19,
          "y": 0.47
        },
        "dimensions": {
          "width": 7.3,
          "height": 6.2
        }
      },
      {
        "type": "Door",
        "id": 72,
        "location": {
          "x": 7.05,
          "y": 0.4
        },
        "dimensions": {
          "width": 2.95,
          "height": 2.25
        }
      },
      {
        "type": "Door",
        "id": 73,
        "location": {
          "x": 7.5,
          "y": 0.34
        },
        "dimensions": {
          "width": 2.57,
          "height": 6.88
        }
      }
    ]
  }
}