{
  "floorPlan": {
    "name": "Floor Plan 16_12.jpg",
    "units": "feet",
    "totalArea": 10.27,
    "totalRooms": 5,
    "rooms": [
      {
        "id": 1,
        "name": "Room_1",
        "shape": "Irregular",
        "dimensions": {
          "width": 1.45,
          "length": 1.36,
          "height": 1.16
        },
        "position": {
          "x": 1.53,
          "y": 6.15
        },
        "windows": [],
        "doors": [
          {
            "type": "Door",
            "id": 11,
            "location": {
              "x": 2.61,
              "y": 6.3
            },
            "dimensions": {
              "width": 0.85,
              "height": 0.46
            }
          }
        ],
        "connected_to": []
      },
      {
        "id": 2,
        "name": "Text_12",
        "shape": "Irregular",
        "dimensions": {
          "width": 1.27,
          "length": 1.44,
          "height": 1.15
        },
        "position": {
          "x": 7.88,
          "y": 5.43
        },
        "windows": [],
        "doors": [
          {
            "type": "Door",
            "id": 9,
            "location": {
              "x": 8.27,
              "y": 6.82
            },
            "dimensions": {
              "width": 0.23,
              "height": 0.14
            }
          }
        ],
        "connected_to": []
      },
      {
        "id": 3,
        "name": "Room_3",
        "shape": "Irregular",
        "dimensions": {
          "width": 0.92,
          "length": 2.18,
          "height": 1.74
        },
        "position": {
          "x": 3.17,
          "y": 4.36
        },
        "windows": [],
        "doors": [
          {
            "type": "Door",
            "id": 13,
            "location": {
              "x": 4.01,
              "y": 5.96
            },
            "dimensions": {
              "width": 0.21,
              "height": 0.3
            }
          },
          {
            "type": "Door",
            "id": 17,
            "location": {
              "x": 3.9,
              "y": 5.78
            },
            "dimensions": {
              "width": 0.16,
              "height": 0.41
            }
          }
        ],
        "connected_to": []
      },
      {
        "id": 4,
        "name": "Room_4",
        "shape": "Irregular",
        "dimensions": {
          "width": 0.76,
          "length": 2.4,
          "height": 1.92
        },
        "position": {
          "x": 0.51,
          "y": 4.36
        },
        "windows": [],
        "doors": [],
        "connected_to": []
      },
      {
        "id": 5,
        "name": "Room_5",
        "shape": "Irregular",
        "dimensions": {
          "width": 2.06,
          "length": 1.28,
          "height": 1.65
        },
        "position": {
          "x": 6.22,
          "y": 3.86
        },
        "windows": [
          {
            "type": "Window",
            "id": 27,
            "location": {
              "x": 6.31,
              "y": 4.67
            },
            "dimensions": {
              "width": 1.21,
              "height": 0.23
            }
          }
        ],
        "doors": [
          {
            "type": "Door",
            "id": 22,
            "location": {
              "x": 6.42,
              "y": 5.03
            },
            "dimensions": {
              "width": 0.28,
              "height": 0.14
            }
          },
          {
            "type": "Door",
            "id": 23,
            "location": {
              "x": 6.83,
              "y": 5.02
            },
            "dimensions": {
              "width": 0.23,
              "height": 0.15
            }
          },
          {
            "type": "Door",
            "id": 30,
            "location": {
              "x": 7.21,
              "y": 4.44
            },
            "dimensions": {
              "width": 0.26,
              "height": 0.19
            }
          },
          {
            "type": "Door",
            "id": 31,
            "location": {
              "x": 6.58,
              "y": 3.96
            },
            "dimensions": {
              "width": 0.15,
              "height": 0.12
            }
          }
        ],
        "connected_to": []
      }
    ],
    "doorsAndWindows": [
      {
        "type": "Window",
        "id": 1,
        "location": {
          "x": 3.89,
          "y": 9.23
        },
        "dimensions": {
          "width": 1.88,
          "height": 0.16
        }
      },
      {
        "type": "Door",
        "id": 2,
        "location": {
          "x": 6.31,
          "y": 7.36
        },
        "dimensions": {
          "width": 0.12,
          "height": 0.14
        }
      },
      {
        "type": "Door",
        "id": 3,
        "location": {
          "x": 6.66,
          "y": 7.29
        },
        "dimensions": {
          "width": 0.18,
          "height": 0.21
        }
      },
      {
        "type": "Door",
        "id": 4,
        "location": {
          "x": 6.13,
          "y": 7.17
        },
        "dimensions": {
          "width": 0.58,
          "height": 0.56
        }
      },
      {
        "type": "Door",
        "id": 5,
        "location": {
          "x": 8.48,
          "y": 7.0
        },
        "dimensions": {
          "width": 0.48,
          "height": 0.14
        }
      },
      {
        "type": "Door",
        "id": 6,
        "location": {
          "x": 5.02,
          "y": 6.97
        },
        "dimensions": {
          "width": 0.12,
          "height": 0.14
        }
      },
      {
        "type": "Door",
        "id": 7,
        "location": {
          "x": 4.79,
          "y": 6.97
        },
        "dimensions": {
          "width": 0.22,
          "height": 0.14
        }
      },
      {
        "type": "Door",
        "id": 8,
        "location": {
          "x": 4.65,
          "y": 6.97
        },
        "dimensions": {
          "width": 0.13,
          "height": 0.14
        }
      },
      {
        "type": "Door",
        "id": 9,
        "location": {
          "x": 8.27,
          "y": 6.82
        },
        "dimensions": {
          "width": 0.23,
          "height": 0.14
        }
      },
      {
        "type": "Window",
        "id": 10,
        "location": {
          "x": 5.78,
          "y": 6.74
        },
        "dimensions": {
          "width": 0.99,
          "height": 0.06
        }
      },
      {
        "type": "Door",
        "id": 11,
        "location": {
          "x": 2.61,
          "y": 6.3
        },
        "dimensions": {
          "width": 0.85,
          "height": 0.46
        }
      },
      {
        "type": "Door",
        "id": 12,
        "location": {
          "x": 6.7,
          "y": 6.03
        },
        "dimensions": {
          "width": 0.15,
          "height": 0.21
        }
      },
      {
        "type": "Door",
        "id": 13,
        "location": {
          "x": 4.01,
          "y": 5.96
        },
        "dimensions": {
          "width": 0.21,
          "height": 0.3
        }
      },
      {
        "type": "Door",
        "id": 14,
        "location": {
          "x": 2.58,
          "y": 5.95
        },
        "dimensions": {
          "width": 0.15,
          "height": 0.17
        }
      },
      {
        "type": "Door",
        "id": 15,
        "location": {
          "x": 1.69,
          "y": 5.83
        },
        "dimensions": {
          "width": 0.63,
          "height": 0.37
        }
      },
      {
        "type": "Door",
        "id": 16,
        "location": {
          "x": 6.19,
          "y": 5.8
        },
        "dimensions": {
          "width": 0.1,
          "height": 0.67
        }
      },
      {
        "type": "Door",
        "id": 17,
        "location": {
          "x": 3.9,
          "y": 5.78
        },
        "dimensions": {
          "width": 0.16,
          "height": 0.41
        }
      },
      {
        "type": "Door",
        "id": 18,
        "location": {
          "x": 5.13,
          "y": 5.51
        },
        "dimensions": {
          "width": 2.45,
          "height": 1.64
        }
      },
      {
        "type": "Window",
        "id": 19,
        "location": {
          "x": 4.23,
          "y": 5.34
        },
        "dimensions": {
          "width": 2.18,
          "height": 0.85
        }
      },
      {
        "type": "Door",
        "id": 20,
        "location": {
          "x": 4.55,
          "y": 5.23
        },
        "dimensions": {
          "width": 0.61,
          "height": 0.39
        }
      },
      {
        "type": "Window",
        "id": 21,
        "location": {
          "x": 6.95,
          "y": 5.21
        },
        "dimensions": {
          "width": 0.95,
          "height": 0.16
        }
      },
      {
        "type": "Door",
        "id": 22,
        "location": {
          "x": 6.42,
          "y": 5.03
        },
        "dimensions": {
          "width": 0.28,
          "height": 0.14
        }
      },
      {
        "type": "Door",
        "id": 23,
        "location": {
          "x": 6.83,
          "y": 5.02
        },
        "dimensions": {
          "width": 0.23,
          "height": 0.15
        }
      },
      {
        "type": "Door",
        "id": 24,
        "location": {
          "x": 5.33,
          "y": 5.02
        },
        "dimensions": {
          "width": 0.3,
          "height": 0.32
        }
      },
      {
        "type": "Door",
        "id": 25,
        "location": {
          "x": 4.11,
          "y": 5.02
        },
        "dimensions": {
          "width": 0.11,
          "height": 0.27
        }
      },
      {
        "type": "Window",
        "id": 26,
        "location": {
          "x": 4.44,
          "y": 4.68
        },
        "dimensions": {
          "width": 1.08,
          "height": 0.51
        }
      },
      {
        "type": "Window",
        "id": 27,
        "location": {
          "x": 6.31,
          "y": 4.67
        },
        "dimensions": {
          "width": 1.21,
          "height": 0.23
        }
      },
      {
        "type": "Door",
        "id": 28,
        "location": {
          "x": 4.23,
          "y": 4.6
        },
        "dimensions": {
          "width": 0.21,
          "height": 0.15
        }
      },
      {
        "type": "Door",
        "id": 29,
        "location": {
          "x": 1.65,
          "y": 4.46
        },
        "dimensions": {
          "width": 0.87,
          "height": 1.41
        }
      },
      {
        "type": "Door",
        "id": 30,
        "location": {
          "x": 7.21,
          "y": 4.44
        },
        "dimensions": {
          "width": 0.26,
          "height": 0.19
        }
      },
      {
        "type": "Door",
        "id": 31,
        "location": {
          "x": 6.58,
          "y": 3.96
        },
        "dimensions": {
          "width": 0.15,
          "height": 0.12
        }
      },
      {
        "type": "Window",
        "id": 32,
        "location": {
          "x": 6.94,
          "y": 2.8
        },
        "dimensions": {
          "width": 1.49,
          "height": 0.68
        }
      },
      {
        "type": "Window",
        "id": 33,
        "location": {
          "x": 6.94,
          "y": 1.85
        },
        "dimensions": {
          "width": 1.49,
          "height": 0.69
        }
      },
      {
        "type": "Door",
        "id": 34,
        "location": {
          "x": 6.82,
          "y": 1.63
        },
        "dimensions": {
          "width": 0.18,
          "height": 0.13
        }
      },
      {
        "type": "Door",
        "id": 35,
        "location": {
          "x": 1.33,
          "y": 1.06
        },
        "dimensions": {
          "width": 0.3,
          "height": 0.21
        }
      },
      {
        "type": "Door",
        "id": 36,
        "location": {
          "x": 1.79,
          "y": 1.01
        },
        "dimensions": {
          "width": 0.19,
          "height": 0.21
        }
      },
      {
        "type": "Door",
        "id": 37,
        "location": {
          "x": 0.94,
          "y": 1.01
        },
        "dimensions": {
          "width": 0.29,
          "height": 0.21
        }
      },
      {
        "type": "Door",
        "id": 38,
        "location": {
          "x": 0.78,
          "y": 1.01
        },
        "dimensions": {
          "width": 0.16,
          "height": 0.21
        }
      },
      {
        "type": "Door",
        "id": 39,
        "location": {
          "x": 0.56,
          "y": 1.01
        },
        "dimensions": {
          "width": 0.14,
          "height": 0.21
        }
      },
      {
        "type": "Door",
        "id": 40,
        "location": {
          "x": 7.23,
          "y": 0.94
        },
        "dimensions": {
          "width": 0.26,
          "height": 0.14
        }
      },
      {
        "type": "Window",
        "id": 41,
        "location": {
          "x": 6.96,
          "y": 0.94
        },
        "dimensions": {
          "width": 0.3,
          "height": 0.14
        }
      },
      {
        "type": "Door",
        "id": 42,
        "location": {
          "x": 2.2,
          "y": 0.69
        },
        "dimensions": {
          "width": 0.18,
          "height": 0.21
        }
      },
      {
        "type": "Door",
        "id": 43,
        "location": {
          "x": 1.98,
          "y": 0.69
        },
        "dimensions": {
          "width": 0.2,
          "height": 0.21
        }
      },
      {
        "type": "Door",
        "id": 44,
        "location": {
          "x": 1.77,
          "y": 0.69
        },
        "dimensions": {
          "width": 0.2,
          "height": 0.22
        }
      },
      {
        "type": "Door",
        "id": 45,
        "location": {
          "x": 1.61,
          "y": 0.69
        },
        "dimensions": {
          "width": 0.15,
          "height": 0.21
        }
      },
      {
        "type": "Door",
        "id": 46,
        "location": {
          "x": 1.44,
          "y": 0.69
        },
        "dimensions": {
          "width": 0.15,
          "height": 0.21
        }
      },
      {
        "type": "Door",
        "id": 47,
        "location": {
          "x": 1.18,
          "y": 0.69
        },
        "dimensions": {
          "width": 0.17,
          "height": 0.21
        }
      },
      {
        "type": "Door",
        "id": 48,
        "location": {
          "x": 1.01,
          "y": 0.69
        },
        "dimensions": {
          "width": 0.17,
          "height": 0.21
        }
      },
      {
        "type": "Door",
        "id": 49,
        "location": {
          "x": 0.81,
          "y": 0.69
        },
        "dimensions": {
          "width": 0.19,
          "height": 0.21
        }
      },
      {
        "type": "Door",
        "id": 50,
        "location": {
          "x": 0.57,
          "y": 0.69
        },
        "dimensions": {
          "width": 0.15,
          "height": 0.21
        }
      },
      {
        "type": "Window",
        "id": 51,
        "location": {
          "x": 6.71,
          "y": 0.28
        },
        "dimensions": {
          "width": 1.0,
          "height": 0.08
        }
      },
      {
        "type": "Door",
        "id": 52,
        "location": {
          "x": 0.15,
          "y": 0.05
        },
        "dimensions": {
          "width": 10.01,
          "height": 9.65
        }
      }
    ]
  }
}