{
  "floorPlan": {
    "name": "Floor Plan 16_17.jpg",
    "units": "feet",
    "totalArea": 26.67,
    "totalRooms": 10,
    "rooms": [
      {
        "id": 1,
        "name": "10' CEILING",
        "shape": "Hexagon",
        "dimensions": {
          "width": 0.9,
          "length": 2.01,
          "height": 1.61
        },
        "position": {
          "x": 5.43,
          "y": 6.54
        },
        "windows": [],
        "doors": [],
        "connected_to": []
      },
      {
        "id": 2,
        "name": "10' CEILING",
        "shape": "Irregular",
        "dimensions": {
          "width": 1.13,
          "length": 2.07,
          "height": 1.66
        },
        "position": {
          "x": 2.49,
          "y": 6.48
        },
        "windows": [],
        "doors": [
          {
            "type": "Door",
            "id": 5,
            "location": {
              "x": 3.5,
              "y": 7.54
            },
            "dimensions": {
              "width": 0.12,
              "height": 0.26
            }
          }
        ],
        "connected_to": []
      },
      {
        "id": 3,
        "name": "10*8\"",
        "shape": "Irregular",
        "dimensions": {
          "width": 1.07,
          "length": 1.79,
          "height": 1.43
        },
        "position": {
          "x": 6.66,
          "y": 5.52
        },
        "windows": [],
        "doors": [],
        "connected_to": []
      },
      {
        "id": 4,
        "name": "BATH #2",
        "shape": "Irregular",
        "dimensions": {
          "width": 1.61,
          "length": 2.89,
          "height": 2.31
        },
        "position": {
          "x": 1.15,
          "y": 5.41
        },
        "windows": [
          {
            "type": "Window",
            "id": 10,
            "location": {
              "x": 1.6,
              "y": 5.53
            },
            "dimensions": {
              "width": 0.62,
              "height": 0.04
            }
          }
        ],
        "doors": [],
        "connected_to": []
      },
      {
        "id": 5,
        "name": "9*4'",
        "shape": "Irregular",
        "dimensions": {
          "width": 0.5,
          "length": 1.95,
          "height": 1.56
        },
        "position": {
          "x": 8.01,
          "y": 5.36
        },
        "windows": [],
        "doors": [],
        "connected_to": []
      },
      {
        "id": 6,
        "name": "BROOM CAB",
        "shape": "Irregular",
        "dimensions": {
          "width": 1.97,
          "length": 0.78,
          "height": 1.58
        },
        "position": {
          "x": 7.04,
          "y": 4.37
        },
        "windows": [],
        "doors": [],
        "connected_to": []
      },
      {
        "id": 7,
        "name": "EPWD",
        "shape": "Irregular",
        "dimensions": {
          "width": 1.13,
          "length": 2.44,
          "height": 1.95
        },
        "position": {
          "x": 5.55,
          "y": 3.73
        },
        "windows": [],
        "doors": [],
        "connected_to": []
      },
      {
        "id": 8,
        "name": "10\" CEILING",
        "shape": "Irregular",
        "dimensions": {
          "width": 0.81,
          "length": 2.81,
          "height": 2.25
        },
        "position": {
          "x": 2.57,
          "y": 3.24
        },
        "windows": [],
        "doors": [],
        "connected_to": []
      },
      {
        "id": 9,
        "name": "10\" CEILING",
        "shape": "Irregular",
        "dimensions": {
          "width": 1.61,
          "length": 2.22,
          "height": 1.78
        },
        "position": {
          "x": 1.15,
          "y": 3.24
        },
        "windows": [],
        "doors": [],
        "connected_to": []
      },
      {
        "id": 10,
        "name": "2-CAR",
        "shape": "Hexagon",
        "dimensions": {
          "width": 3.1,
          "length": 1.56,
          "height": 2.48
        },
        "position": {
          "x": 5.91,
          "y": 1.8
        },
        "windows": [],
        "doors": [],
        "connected_to": []
      }
    ],
    "doorsAndWindows": [
      {
        "type": "Door",
        "id": 1,
        "location": {
          "x": 4.36,
          "y": 8.07
        },
        "dimensions": {
          "width": 0.23,
          "height": 0.21
        }
      },
      {
        "type": "Door",
        "id": 2,
        "location": {
          "x": 4.28,
          "y": 8.05
        },
        "dimensions": {
          "width": 0.38,
          "height": 0.33
        }
      },
      {
        "type": "Door",
        "id": 3,
        "location": {
          "x": 3.7,
          "y": 8.05
        },
        "dimensions": {
          "width": 0.37,
          "height": 0.33
        }
      },
      {
        "type": "Door",
        "id": 4,
        "location": {
          "x": 8.1,
          "y": 8.03
        },
        "dimensions": {
          "width": 0.32,
          "height": 0.23
        }
      },
      {
        "type": "Door",
        "id": 5,
        "location": {
          "x": 3.5,
          "y": 7.54
        },
        "dimensions": {
          "width": 0.12,
          "height": 0.26
        }
      },
      {
        "type": "Window",
        "id": 6,
        "location": {
          "x": 4.0,
          "y": 7.36
        },
        "dimensions": {
          "width": 0.31,
          "height": 0.13
        }
      },
      {
        "type": "Window",
        "id": 7,
        "location": {
          "x": 3.99,
          "y": 7.18
        },
        "dimensions": {
          "width": 0.46,
          "height": 0.17
        }
      },
      {
        "type": "Door",
        "id": 8,
        "location": {
          "x": 4.68,
          "y": 7.03
        },
        "dimensions": {
          "width": 0.37,
          "height": 0.93
        }
      },
      {
        "type": "Window",
        "id": 9,
        "location": {
          "x": 3.73,
          "y": 6.61
        },
        "dimensions": {
          "width": 0.89,
          "height": 0.38
        }
      },
      {
        "type": "Window",
        "id": 10,
        "location": {
          "x": 1.6,
          "y": 5.53
        },
        "dimensions": {
          "width": 0.62,
          "height": 0.04
        }
      },
      {
        "type": "Door",
        "id": 11,
        "location": {
          "x": 4.46,
          "y": 5.51
        },
        "dimensions": {
          "width": 0.74,
          "height": 0.48
        }
      },
      {
        "type": "Window",
        "id": 12,
        "location": {
          "x": 3.41,
          "y": 5.39
        },
        "dimensions": {
          "width": 0.53,
          "height": 0.03
        }
      },
      {
        "type": "Window",
        "id": 13,
        "location": {
          "x": 4.09,
          "y": 3.83
        },
        "dimensions": {
          "width": 0.89,
          "height": 0.17
        }
      },
      {
        "type": "Door",
        "id": 14,
        "location": {
          "x": 1.14,
          "y": 1.79
        },
        "dimensions": {
          "width": 7.88,
          "height": 7.52
        }
      }
    ]
  }
}