{
  "floorPlan": {
    "name": "Floor Plan 16_15.jpg",
    "units": "feet",
    "totalArea": 76.41,
    "totalRooms": 6,
    "rooms": [
      {
        "id": 1,
        "name": "Room_1",
        "shape": "Irregular",
        "dimensions": {
          "width": 1.03,
          "length": 3.92,
          "height": 3.14
        },
        "position": {
          "x": 4.77,
          "y": 5.09
        },
        "windows": [],
        "doors": [
          {
            "type": "Door",
            "id": 8,
            "location": {
              "x": 4.95,
              "y": 5.15
            },
            "dimensions": {
              "width": 0.17,
              "height": 0.54
            }
          }
        ],
        "connected_to": [
          6
        ]
      },
      {
        "id": 2,
        "name": "Room_2",
        "shape": "Pentagon",
        "dimensions": {
          "width": 1.74,
          "length": 0.26,
          "height": 1.39
        },
        "position": {
          "x": 2.26,
          "y": 4.98
        },
        "windows": [],
        "doors": [
          {
            "type": "Door",
            "id": 9,
            "location": {
              "x": 3.86,
              "y": 5.08
            },
            "dimensions": {
              "width": 1.66,
              "height": 1.01
            }
          }
        ],
        "connected_to": [
          5
        ]
      },
      {
        "id": 3,
        "name": "Room_3",
        "shape": "Irregular",
        "dimensions": {
          "width": 1.06,
          "length": 2.36,
          "height": 1.89
        },
        "position": {
          "x": 5.71,
          "y": 2.87
        },
        "windows": [],
        "doors": [],
        "connected_to": []
      },
      {
        "id": 4,
        "name": "Room_4",
        "shape": "Irregular",
        "dimensions": {
          "width": 1.14,
          "length": 1.85,
          "height": 1.48
        },
        "position": {
          "x": 6.57,
          "y": 2.28
        },
        "windows": [],
        "doors": [],
        "connected_to": []
      },
      {
        "id": 5,
        "name": "Room_5",
        "shape": "Irregular",
        "dimensions": {
          "width": 3.82,
          "length": 4.93,
          "height": 3.94
        },
        "position": {
          "x": 0.2,
          "y": 1.92
        },
        "windows": [],
        "doors": [
          {
            "type": "Door",
            "id": 3,
            "location": {
              "x": 3.08,
              "y": 5.86
            },
            "dimensions": {
              "width": 0.24,
              "height": 0.15
            }
          },
          {
            "type": "Door",
            "id": 4,
            "location": {
              "x": 1.8,
              "y": 5.72
            },
            "dimensions": {
              "width": 0.13,
              "height": 0.51
            }
          },
          {
            "type": "Door",
            "id": 5,
            "location": {
              "x": 3.09,
              "y": 5.69
            },
            "dimensions": {
              "width": 0.39,
              "height": 0.15
            }
          },
          {
            "type": "Door",
            "id": 6,
            "location": {
              "x": 2.78,
              "y": 5.68
            },
            "dimensions": {
              "width": 0.31,
              "height": 0.17
            }
          },
          {
            "type": "Door",
            "id": 7,
            "location": {
              "x": 3.12,
              "y": 5.25
            },
            "dimensions": {
              "width": 0.35,
              "height": 0.24
            }
          },
          {
            "type": "Door",
            "id": 9,
            "location": {
              "x": 3.86,
              "y": 5.08
            },
            "dimensions": {
              "width": 1.66,
              "height": 1.01
            }
          },
          {
            "type": "Door",
            "id": 11,
            "location": {
              "x": 0.26,
              "y": 4.6
            },
            "dimensions": {
              "width": 1.49,
              "height": 1.63
            }
          },
          {
            "type": "Door",
            "id": 15,
            "location": {
              "x": 3.75,
              "y": 4.44
            },
            "dimensions": {
              "width": 0.04,
              "height": 0.58
            }
          },
          {
            "type": "Door",
            "id": 16,
            "location": {
              "x": 3.09,
              "y": 4.44
            },
            "dimensions": {
              "width": 0.04,
              "height": 0.58
            }
          },
          {
            "type": "Door",
            "id": 17,
            "location": {
              "x": 3.0,
              "y": 4.44
            },
            "dimensions": {
              "width": 0.04,
              "height": 0.58
            }
          },
          {
            "type": "Door",
            "id": 18,
            "location": {
              "x": 0.26,
              "y": 4.42
            },
            "dimensions": {
              "width": 0.87,
              "height": 0.44
            }
          },
          {
            "type": "Door",
            "id": 19,
            "location": {
              "x": 1.21,
              "y": 4.3
            },
            "dimensions": {
              "width": 0.4,
              "height": 0.23
            }
          },
          {
            "type": "Door",
            "id": 20,
            "location": {
              "x": 0.26,
              "y": 4.29
            },
            "dimensions": {
              "width": 0.87,
              "height": 0.12
            }
          },
          {
            "type": "Door",
            "id": 21,
            "location": {
              "x": 2.69,
              "y": 4.26
            },
            "dimensions": {
              "width": 0.17,
              "height": 0.15
            }
          },
          {
            "type": "Door",
            "id": 24,
            "location": {
              "x": 3.06,
              "y": 4.04
            },
            "dimensions": {
              "width": 0.59,
              "height": 0.11
            }
          },
          {
            "type": "Door",
            "id": 27,
            "location": {
              "x": 2.68,
              "y": 3.92
            },
            "dimensions": {
              "width": 0.25,
              "height": 0.33
            }
          },
          {
            "type": "Door",
            "id": 28,
            "location": {
              "x": 2.41,
              "y": 3.92
            },
            "dimensions": {
              "width": 0.25,
              "height": 0.19
            }
          },
          {
            "type": "Door",
            "id": 29,
            "location": {
              "x": 3.07,
              "y": 3.9
            },
            "dimensions": {
              "width": 0.57,
              "height": 0.1
            }
          },
          {
            "type": "Door",
            "id": 30,
            "location": {
              "x": 1.23,
              "y": 3.84
            },
            "dimensions": {
              "width": 0.45,
              "height": 0.29
            }
          },
          {
            "type": "Door",
            "id": 31,
            "location": {
              "x": 2.69,
              "y": 3.78
            },
            "dimensions": {
              "width": 0.17,
              "height": 0.15
            }
          },
          {
            "type": "Door",
            "id": 35,
            "location": {
              "x": 2.36,
              "y": 3.7
            },
            "dimensions": {
              "width": 0.3,
              "height": 0.63
            }
          },
          {
            "type": "Door",
            "id": 36,
            "location": {
              "x": 2.72,
              "y": 3.62
            },
            "dimensions": {
              "width": 0.14,
              "height": 0.15
            }
          },
          {
            "type": "Door",
            "id": 41,
            "location": {
              "x": 3.08,
              "y": 3.33
            },
            "dimensions": {
              "width": 0.56,
              "height": 0.55
            }
          },
          {
            "type": "Door",
            "id": 42,
            "location": {
              "x": 3.0,
              "y": 3.33
            },
            "dimensions": {
              "width": 0.04,
              "height": 0.58
            }
          },
          {
            "type": "Door",
            "id": 46,
            "location": {
              "x": 3.77,
              "y": 2.12
            },
            "dimensions": {
              "width": 0.41,
              "height": 0.2
            }
          },
          {
            "type": "Door",
            "id": 48,
            "location": {
              "x": 2.14,
              "y": 2.0
            },
            "dimensions": {
              "width": 0.13,
              "height": 0.63
            }
          },
          {
            "type": "Door",
            "id": 49,
            "location": {
              "x": 0.25,
              "y": 2.0
            },
            "dimensions": {
              "width": 3.76,
              "height": 4.78
            }
          }
        ],
        "connected_to": [
          2
        ]
      },
      {
        "id": 6,
        "name": "Room_6",
        "shape": "Irregular",
        "dimensions": {
          "width": 5.49,
          "length": 8.83,
          "height": 7.06
        },
        "position": {
          "x": 4.59,
          "y": 0.18
        },
        "windows": [
          {
            "type": "Window",
            "id": 1,
            "location": {
              "x": 5.81,
              "y": 8.98
            },
            "dimensions": {
              "width": 0.98,
              "height": 0.05
            }
          }
        ],
        "doors": [
          {
            "type": "Door",
            "id": 8,
            "location": {
              "x": 4.95,
              "y": 5.15
            },
            "dimensions": {
              "width": 0.17,
              "height": 0.54
            }
          },
          {
            "type": "Door",
            "id": 10,
            "location": {
              "x": 4.95,
              "y": 5.01
            },
            "dimensions": {
              "width": 3.51,
              "height": 3.94
            }
          },
          {
            "type": "Door",
            "id": 12,
            "location": {
              "x": 5.55,
              "y": 4.54
            },
            "dimensions": {
              "width": 1.03,
              "height": 0.56
            }
          },
          {
            "type": "Door",
            "id": 13,
            "location": {
              "x": 5.34,
              "y": 4.44
            },
            "dimensions": {
              "width": 0.03,
              "height": 0.59
            }
          },
          {
            "type": "Door",
            "id": 14,
            "location": {
              "x": 4.59,
              "y": 4.44
            },
            "dimensions": {
              "width": 0.03,
              "height": 0.59
            }
          },
          {
            "type": "Door",
            "id": 26,
            "location": {
              "x": 4.8,
              "y": 3.92
            },
            "dimensions": {
              "width": 0.52,
              "height": 1.11
            }
          },
          {
            "type": "Door",
            "id": 32,
            "location": {
              "x": 8.84,
              "y": 3.74
            },
            "dimensions": {
              "width": 0.69,
              "height": 0.18
            }
          },
          {
            "type": "Door",
            "id": 33,
            "location": {
              "x": 7.82,
              "y": 3.7
            },
            "dimensions": {
              "width": 0.54,
              "height": 0.77
            }
          },
          {
            "type": "Door",
            "id": 34,
            "location": {
              "x": 4.8,
              "y": 3.7
            },
            "dimensions": {
              "width": 0.11,
              "height": 0.24
            }
          },
          {
            "type": "Door",
            "id": 38,
            "location": {
              "x": 5.34,
              "y": 3.33
            },
            "dimensions": {
              "width": 0.11,
              "height": 0.58
            }
          },
          {
            "type": "Door",
            "id": 39,
            "location": {
              "x": 4.59,
              "y": 3.33
            },
            "dimensions": {
              "width": 0.03,
              "height": 0.58
            }
          },
          {
            "type": "Door",
            "id": 43,
            "location": {
              "x": 4.8,
              "y": 3.28
            },
            "dimensions": {
              "width": 0.25,
              "height": 0.42
            }
          },
          {
            "type": "Door",
            "id": 44,
            "location": {
              "x": 5.76,
              "y": 2.15
            },
            "dimensions": {
              "width": 0.34,
              "height": 0.17
            }
          },
          {
            "type": "Door",
            "id": 45,
            "location": {
              "x": 5.46,
              "y": 2.15
            },
            "dimensions": {
              "width": 0.2,
              "height": 0.18
            }
          },
          {
            "type": "Door",
            "id": 47,
            "location": {
              "x": 8.44,
              "y": 2.0
            },
            "dimensions": {
              "width": 1.58,
              "height": 3.69
            }
          },
          {
            "type": "Door",
            "id": 51,
            "location": {
              "x": 7.47,
              "y": 0.63
            },
            "dimensions": {
              "width": 0.03,
              "height": 0.54
            }
          },
          {
            "type": "Door",
            "id": 52,
            "location": {
              "x": 7.6,
              "y": 0.6
            },
            "dimensions": {
              "width": 0.44,
              "height": 0.11
            }
          },
          {
            "type": "Door",
            "id": 53,
            "location": {
              "x": 5.01,
              "y": 0.25
            },
            "dimensions": {
              "width": 3.38,
              "height": 5.44
            }
          }
        ],
        "connected_to": [
          1
        ]
      }
    ],
    "doorsAndWindows": [
      {
        "type": "Window",
        "id": 1,
        "location": {
          "x": 5.81,
          "y": 8.98
        },
        "dimensions": {
          "width": 0.98,
          "height": 0.05
        }
      },
      {
        "type": "Door",
        "id": 2,
        "location": {
          "x": 2.26,
          "y": 7.78
        },
        "dimensions": {
          "width": 0.14,
          "height": 0.13
        }
      },
      {
        "type": "Door",
        "id": 3,
        "location": {
          "x": 3.08,
          "y": 5.86
        },
        "dimensions": {
          "width": 0.24,
          "height": 0.15
        }
      },
      {
        "type": "Door",
        "id": 4,
        "location": {
          "x": 1.8,
          "y": 5.72
        },
        "dimensions": {
          "width": 0.13,
          "height": 0.51
        }
      },
      {
        "type": "Door",
        "id": 5,
        "location": {
          "x": 3.09,
          "y": 5.69
        },
        "dimensions": {
          "width": 0.39,
          "height": 0.15
        }
      },
      {
        "type": "Door",
        "id": 6,
        "location": {
          "x": 2.78,
          "y": 5.68
        },
        "dimensions": {
          "width": 0.31,
          "height": 0.17
        }
      },
      {
        "type": "Door",
        "id": 7,
        "location": {
          "x": 3.12,
          "y": 5.25
        },
        "dimensions": {
          "width": 0.35,
          "height": 0.24
        }
      },
      {
        "type": "Door",
        "id": 8,
        "location": {
          "x": 4.95,
          "y": 5.15
        },
        "dimensions": {
          "width": 0.17,
          "height": 0.54
        }
      },
      {
        "type": "Door",
        "id": 9,
        "location": {
          "x": 3.86,
          "y": 5.08
        },
        "dimensions": {
          "width": 1.66,
          "height": 1.01
        }
      },
      {
        "type": "Door",
        "id": 10,
        "location": {
          "x": 4.95,
          "y": 5.01
        },
        "dimensions": {
          "width": 3.51,
          "height": 3.94
        }
      },
      {
        "type": "Door",
        "id": 11,
        "location": {
          "x": 0.26,
          "y": 4.6
        },
        "dimensions": {
          "width": 1.49,
          "height": 1.63
        }
      },
      {
        "type": "Door",
        "id": 12,
        "location": {
          "x": 5.55,
          "y": 4.54
        },
        "dimensions": {
          "width": 1.03,
          "height": 0.56
        }
      },
      {
        "type": "Door",
        "id": 13,
        "location": {
          "x": 5.34,
          "y": 4.44
        },
        "dimensions": {
          "width": 0.03,
          "height": 0.59
        }
      },
      {
        "type": "Door",
        "id": 14,
        "location": {
          "x": 4.59,
          "y": 4.44
        },
        "dimensions": {
          "width": 0.03,
          "height": 0.59
        }
      },
      {
        "type": "Door",
        "id": 15,
        "location": {
          "x": 3.75,
          "y": 4.44
        },
        "dimensions": {
          "width": 0.04,
          "height": 0.58
        }
      },
      {
        "type": "Door",
        "id": 16,
        "location": {
          "x": 3.09,
          "y": 4.44
        },
        "dimensions": {
          "width": 0.04,
          "height": 0.58
        }
      },
      {
        "type": "Door",
        "id": 17,
        "location": {
          "x": 3.0,
          "y": 4.44
        },
        "dimensions": {
          "width": 0.04,
          "height": 0.58
        }
      },
      {
        "type": "Door",
        "id": 18,
        "location": {
          "x": 0.26,
          "y": 4.42
        },
        "dimensions": {
          "width": 0.87,
          "height": 0.44
        }
      },
      {
        "type": "Door",
        "id": 19,
        "location": {
          "x": 1.21,
          "y": 4.3
        },
        "dimensions": {
          "width": 0.4,
          "height": 0.23
        }
      },
      {
        "type": "Door",
        "id": 20,
        "location": {
          "x": 0.26,
          "y": 4.29
        },
        "dimensions": {
          "width": 0.87,
          "height": 0.12
        }
      },
      {
        "type": "Door",
        "id": 21,
        "location": {
          "x": 2.69,
          "y": 4.26
        },
        "dimensions": {
          "width": 0.17,
          "height": 0.15
        }
      },
      {
        "type": "Door",
        "id": 22,
        "location": {
          "x": 4.37,
          "y": 4.17
        },
        "dimensions": {
          "width": 0.11,
          "height": 0.43
        }
      },
      {
        "type": "Door",
        "id": 23,
        "location": {
          "x": 4.18,
          "y": 4.04
        },
        "dimensions": {
          "width": 0.58,
          "height": 0.11
        }
      },
      {
        "type": "Door",
        "id": 24,
        "location": {
          "x": 3.06,
          "y": 4.04
        },
        "dimensions": {
          "width": 0.59,
          "height": 0.11
        }
      },
      {
        "type": "Door",
        "id": 25,
        "location": {
          "x": 4.18,
          "y": 3.95
        },
        "dimensions": {
          "width": 0.58,
          "height": 0.04
        }
      },
      {
        "type": "Door",
        "id": 26,
        "location": {
          "x": 4.8,
          "y": 3.92
        },
        "dimensions": {
          "width": 0.52,
          "height": 1.11
        }
      },
      {
        "type": "Door",
        "id": 27,
        "location": {
          "x": 2.68,
          "y": 3.92
        },
        "dimensions": {
          "width": 0.25,
          "height": 0.33
        }
      },
      {
        "type": "Door",
        "id": 28,
        "location": {
          "x": 2.41,
          "y": 3.92
        },
        "dimensions": {
          "width": 0.25,
          "height": 0.19
        }
      },
      {
        "type": "Door",
        "id": 29,
        "location": {
          "x": 3.07,
          "y": 3.9
        },
        "dimensions": {
          "width": 0.57,
          "height": 0.1
        }
      },
      {
        "type": "Door",
        "id": 30,
        "location": {
          "x": 1.23,
          "y": 3.84
        },
        "dimensions": {
          "width": 0.45,
          "height": 0.29
        }
      },
      {
        "type": "Door",
        "id": 31,
        "location": {
          "x": 2.69,
          "y": 3.78
        },
        "dimensions": {
          "width": 0.17,
          "height": 0.15
        }
      },
      {
        "type": "Door",
        "id": 32,
        "location": {
          "x": 8.84,
          "y": 3.74
        },
        "dimensions": {
          "width": 0.69,
          "height": 0.18
        }
      },
      {
        "type": "Door",
        "id": 33,
        "location": {
          "x": 7.82,
          "y": 3.7
        },
        "dimensions": {
          "width": 0.54,
          "height": 0.77
        }
      },
      {
        "type": "Door",
        "id": 34,
        "location": {
          "x": 4.8,
          "y": 3.7
        },
        "dimensions": {
          "width": 0.11,
          "height": 0.24
        }
      },
      {
        "type": "Door",
        "id": 35,
        "location": {
          "x": 2.36,
          "y": 3.7
        },
        "dimensions": {
          "width": 0.3,
          "height": 0.63
        }
      },
      {
        "type": "Door",
        "id": 36,
        "location": {
          "x": 2.72,
          "y": 3.62
        },
        "dimensions": {
          "width": 0.14,
          "height": 0.15
        }
      },
      {
        "type": "Door",
        "id": 37,
        "location": {
          "x": 4.37,
          "y": 3.45
        },
        "dimensions": {
          "width": 0.11,
          "height": 0.42
        }
      },
      {
        "type": "Door",
        "id": 38,
        "location": {
          "x": 5.34,
          "y": 3.33
        },
        "dimensions": {
          "width": 0.11,
          "height": 0.58
        }
      },
      {
        "type": "Door",
        "id": 39,
        "location": {
          "x": 4.59,
          "y": 3.33
        },
        "dimensions": {
          "width": 0.03,
          "height": 0.58
        }
      },
      {
        "type": "Door",
        "id": 40,
        "location": {
          "x": 4.5,
          "y": 3.33
        },
        "dimensions": {
          "width": 0.03,
          "height": 0.58
        }
      },
      {
        "type": "Door",
        "id": 41,
        "location": {
          "x": 3.08,
          "y": 3.33
        },
        "dimensions": {
          "width": 0.56,
          "height": 0.55
        }
      },
      {
        "type": "Door",
        "id": 42,
        "location": {
          "x": 3.0,
          "y": 3.33
        },
        "dimensions": {
          "width": 0.04,
          "height": 0.58
        }
      },
      {
        "type": "Door",
        "id": 43,
        "location": {
          "x": 4.8,
          "y": 3.28
        },
        "dimensions": {
          "width": 0.25,
          "height": 0.42
        }
      },
      {
        "type": "Door",
        "id": 44,
        "location": {
          "x": 5.76,
          "y": 2.15
        },
        "dimensions": {
          "width": 0.34,
          "height": 0.17
        }
      },
      {
        "type": "Door",
        "id": 45,
        "location": {
          "x": 5.46,
          "y": 2.15
        },
        "dimensions": {
          "width": 0.2,
          "height": 0.18
        }
      },
      {
        "type": "Door",
        "id": 46,
        "location": {
          "x": 3.77,
          "y": 2.12
        },
        "dimensions": {
          "width": 0.41,
          "height": 0.2
        }
      },
      {
        "type": "Door",
        "id": 47,
        "location": {
          "x": 8.44,
          "y": 2.0
        },
        "dimensions": {
          "width": 1.58,
          "height": 3.69
        }
      },
      {
        "type": "Door",
        "id": 48,
        "location": {
          "x": 2.14,
          "y": 2.0
        },
        "dimensions": {
          "width": 0.13,
          "height": 0.63
        }
      },
      {
        "type": "Door",
        "id": 49,
        "location": {
          "x": 0.25,
          "y": 2.0
        },
        "dimensions": {
          "width": 3.76,
          "height": 4.78
        }
      },
      {
        "type": "Door",
        "id": 50,
        "location": {
          "x": 2.26,
          "y": 1.6
        },
        "dimensions": {
          "width": 0.16,
          "height": 0.16
        }
      },
      {
        "type": "Door",
        "id": 51,
        "location": {
          "x": 7.47,
          "y": 0.63
        },
        "dimensions": {
          "width": 0.03,
          "height": 0.54
        }
      },
      {
        "type": "Door",
        "id": 52,
        "location": {
          "x": 7.6,
          "y": 0.6
        },
        "dimensions": {
          "width": 0.44,
          "height": 0.11
        }
      },
      {
        "type": "Door",
        "id": 53,
        "location": {
          "x": 5.01,
          "y": 0.25
        },
        "dimensions": {
          "width": 3.38,
          "height": 5.44
        }
      },
      {
        "type": "Door",
        "id": 54,
        "location": {
          "x": 0.2,
          "y": 0.17
        },
        "dimensions": {
          "width": 9.88,
          "height": 8.85
        }
      }
    ]
  }
}