{
  "floorPlan": {
    "name": "Floor Plan 16_28.jpg",
    "units": "feet",
    "totalArea": 31.74,
    "totalRooms": 8,
    "rooms": [
      {
        "id": 1,
        "name": "bath",
        "shape": "Irregular",
        "dimensions": {
          "width": 1.62,
          "length": 2.07,
          "height": 1.66
        },
        "position": {
          "x": 1.41,
          "y": 5.34
        },
        "windows": [
          {
            "type": "Window",
            "id": 14,
            "location": {
              "x": 2.57,
              "y": 5.71
            },
            "dimensions": {
              "width": 1.48,
              "height": 0.16
            }
          }
        ],
        "doors": [
          {
            "type": "Door",
            "id": 8,
            "location": {
              "x": 2.96,
              "y": 6.39
            },
            "dimensions": {
              "width": 0.25,
              "height": 0.17
            }
          },
          {
            "type": "Door",
            "id": 9,
            "location": {
              "x": 2.84,
              "y": 6.39
            },
            "dimensions": {
              "width": 0.11,
              "height": 0.17
            }
          }
        ],
        "connected_to": []
      },
      {
        "id": 2,
        "name": "walk-In",
        "shape": "Irregular",
        "dimensions": {
          "width": 0.79,
          "length": 2.58,
          "height": 2.06
        },
        "position": {
          "x": 0.18,
          "y": 3.83
        },
        "windows": [],
        "doors": [],
        "connected_to": []
      },
      {
        "id": 3,
        "name": "II1-0",
        "shape": "Irregular",
        "dimensions": {
          "width": 2.41,
          "length": 1.17,
          "height": 1.93
        },
        "position": {
          "x": 7.64,
          "y": 3.76
        },
        "windows": [],
        "doors": [
          {
            "type": "Door",
            "id": 16,
            "location": {
              "x": 8.07,
              "y": 4.91
            },
            "dimensions": {
              "width": 0.29,
              "height": 0.17
            }
          },
          {
            "type": "Door",
            "id": 17,
            "location": {
              "x": 9.96,
              "y": 4.9
            },
            "dimensions": {
              "width": 0.07,
              "height": 2.06
            }
          }
        ],
        "connected_to": [
          4
        ]
      },
      {
        "id": 4,
        "name": "storage",
        "shape": "Irregular",
        "dimensions": {
          "width": 2.53,
          "length": 4.92,
          "height": 3.94
        },
        "position": {
          "x": 5.62,
          "y": 3.76
        },
        "windows": [
          {
            "type": "Window",
            "id": 22,
            "location": {
              "x": 5.73,
              "y": 4.09
            },
            "dimensions": {
              "width": 0.42,
              "height": 0.18
            }
          }
        ],
        "doors": [
          {
            "type": "Door",
            "id": 3,
            "location": {
              "x": 5.75,
              "y": 6.97
            },
            "dimensions": {
              "width": 0.12,
              "height": 0.17
            }
          },
          {
            "type": "Door",
            "id": 12,
            "location": {
              "x": 5.92,
              "y": 5.8
            },
            "dimensions": {
              "width": 0.27,
              "height": 0.18
            }
          },
          {
            "type": "Door",
            "id": 16,
            "location": {
              "x": 8.07,
              "y": 4.91
            },
            "dimensions": {
              "width": 0.29,
              "height": 0.17
            }
          }
        ],
        "connected_to": [
          3
        ]
      },
      {
        "id": 5,
        "name": "RM",
        "shape": "Irregular",
        "dimensions": {
          "width": 0.7,
          "length": 2.04,
          "height": 1.63
        },
        "position": {
          "x": 2.35,
          "y": 3.38
        },
        "windows": [],
        "doors": [],
        "connected_to": []
      },
      {
        "id": 6,
        "name": "x 14-0",
        "shape": "Irregular",
        "dimensions": {
          "width": 1.47,
          "length": 2.62,
          "height": 2.1
        },
        "position": {
          "x": 8.58,
          "y": 1.17
        },
        "windows": [],
        "doors": [
          {
            "type": "Door",
            "id": 28,
            "location": {
              "x": 9.49,
              "y": 3.55
            },
            "dimensions": {
              "width": 0.13,
              "height": 0.16
            }
          },
          {
            "type": "Door",
            "id": 41,
            "location": {
              "x": 9.43,
              "y": 1.79
            },
            "dimensions": {
              "width": 0.11,
              "height": 0.16
            }
          },
          {
            "type": "Door",
            "id": 42,
            "location": {
              "x": 9.14,
              "y": 1.79
            },
            "dimensions": {
              "width": 0.15,
              "height": 0.18
            }
          },
          {
            "type": "Door",
            "id": 43,
            "location": {
              "x": 8.93,
              "y": 1.79
            },
            "dimensions": {
              "width": 0.11,
              "height": 0.17
            }
          }
        ],
        "connected_to": [
          7
        ]
      },
      {
        "id": 7,
        "name": "walk-in",
        "shape": "Irregular",
        "dimensions": {
          "width": 1.4,
          "length": 1.28,
          "height": 1.12
        },
        "position": {
          "x": 7.64,
          "y": 1.17
        },
        "windows": [],
        "doors": [
          {
            "type": "Door",
            "id": 43,
            "location": {
              "x": 8.93,
              "y": 1.79
            },
            "dimensions": {
              "width": 0.11,
              "height": 0.17
            }
          }
        ],
        "connected_to": [
          6
        ]
      },
      {
        "id": 8,
        "name": "12-0",
        "shape": "Irregular",
        "dimensions": {
          "width": 1.7,
          "length": 2.36,
          "height": 1.89
        },
        "position": {
          "x": 6.4,
          "y": 1.11
        },
        "windows": [],
        "doors": [
          {
            "type": "Door",
            "id": 44,
            "location": {
              "x": 7.44,
              "y": 1.79
            },
            "dimensions": {
              "width": 0.16,
              "height": 0.17
            }
          },
          {
            "type": "Door",
            "id": 45,
            "location": {
              "x": 6.94,
              "y": 1.79
            },
            "dimensions": {
              "width": 0.11,
              "height": 0.17
            }
          }
        ],
        "connected_to": []
      }
    ],
    "doorsAndWindows": [
      {
        "type": "Door",
        "id": 1,
        "location": {
          "x": 9.94,
          "y": 7.17
        },
        "dimensions": {
          "width": 0.07,
          "height": 1.04
        }
      },
      {
        "type": "Window",
        "id": 2,
        "location": {
          "x": 3.53,
          "y": 7.0
        },
        "dimensions": {
          "width": 0.42,
          "height": 0.13
        }
      },
      {
        "type": "Door",
        "id": 3,
        "location": {
          "x": 5.75,
          "y": 6.97
        },
        "dimensions": {
          "width": 0.12,
          "height": 0.17
        }
      },
      {
        "type": "Door",
        "id": 4,
        "location": {
          "x": 5.58,
          "y": 6.97
        },
        "dimensions": {
          "width": 0.17,
          "height": 0.18
        }
      },
      {
        "type": "Door",
        "id": 5,
        "location": {
          "x": 10.0,
          "y": 6.95
        },
        "dimensions": {
          "width": 0.06,
          "height": 0.24
        }
      },
      {
        "type": "Window",
        "id": 6,
        "location": {
          "x": 3.1,
          "y": 6.59
        },
        "dimensions": {
          "width": 0.42,
          "height": 0.18
        }
      },
      {
        "type": "Door",
        "id": 7,
        "location": {
          "x": 3.34,
          "y": 6.39
        },
        "dimensions": {
          "width": 0.31,
          "height": 0.17
        }
      },
      {
        "type": "Door",
        "id": 8,
        "location": {
          "x": 2.96,
          "y": 6.39
        },
        "dimensions": {
          "width": 0.25,
          "height": 0.17
        }
      },
      {
        "type": "Door",
        "id": 9,
        "location": {
          "x": 2.84,
          "y": 6.39
        },
        "dimensions": {
          "width": 0.11,
          "height": 0.17
        }
      },
      {
        "type": "Door",
        "id": 10,
        "location": {
          "x": 8.4,
          "y": 6.34
        },
        "dimensions": {
          "width": 0.27,
          "height": 0.17
        }
      },
      {
        "type": "Door",
        "id": 11,
        "location": {
          "x": 4.59,
          "y": 5.81
        },
        "dimensions": {
          "width": 0.21,
          "height": 0.19
        }
      },
      {
        "type": "Door",
        "id": 12,
        "location": {
          "x": 5.92,
          "y": 5.8
        },
        "dimensions": {
          "width": 0.27,
          "height": 0.18
        }
      },
      {
        "type": "Door",
        "id": 13,
        "location": {
          "x": 4.27,
          "y": 5.79
        },
        "dimensions": {
          "width": 0.18,
          "height": 0.21
        }
      },
      {
        "type": "Window",
        "id": 14,
        "location": {
          "x": 2.57,
          "y": 5.71
        },
        "dimensions": {
          "width": 1.48,
          "height": 0.16
        }
      },
      {
        "type": "Door",
        "id": 15,
        "location": {
          "x": 1.33,
          "y": 5.33
        },
        "dimensions": {
          "width": 2.01,
          "height": 2.12
        }
      },
      {
        "type": "Door",
        "id": 16,
        "location": {
          "x": 8.07,
          "y": 4.91
        },
        "dimensions": {
          "width": 0.29,
          "height": 0.17
        }
      },
      {
        "type": "Door",
        "id": 17,
        "location": {
          "x": 9.96,
          "y": 4.9
        },
        "dimensions": {
          "width": 0.07,
          "height": 2.06
        }
      },
      {
        "type": "Window",
        "id": 18,
        "location": {
          "x": 3.99,
          "y": 4.62
        },
        "dimensions": {
          "width": 0.4,
          "height": 0.13
        }
      },
      {
        "type": "Door",
        "id": 19,
        "location": {
          "x": 4.12,
          "y": 4.36
        },
        "dimensions": {
          "width": 0.11,
          "height": 0.17
        }
      },
      {
        "type": "Door",
        "id": 20,
        "location": {
          "x": 1.47,
          "y": 4.29
        },
        "dimensions": {
          "width": 0.24,
          "height": 0.17
        }
      },
      {
        "type": "Door",
        "id": 21,
        "location": {
          "x": 1.35,
          "y": 4.29
        },
        "dimensions": {
          "width": 0.11,
          "height": 0.17
        }
      },
      {
        "type": "Window",
        "id": 22,
        "location": {
          "x": 5.73,
          "y": 4.09
        },
        "dimensions": {
          "width": 0.42,
          "height": 0.18
        }
      },
      {
        "type": "Door",
        "id": 23,
        "location": {
          "x": 1.38,
          "y": 4.07
        },
        "dimensions": {
          "width": 0.33,
          "height": 0.17
        }
      },
      {
        "type": "Door",
        "id": 24,
        "location": {
          "x": 7.68,
          "y": 3.75
        },
        "dimensions": {
          "width": 1.25,
          "height": 0.92
        }
      },
      {
        "type": "Door",
        "id": 25,
        "location": {
          "x": 4.86,
          "y": 3.75
        },
        "dimensions": {
          "width": 0.53,
          "height": 1.67
        }
      },
      {
        "type": "Door",
        "id": 26,
        "location": {
          "x": 3.34,
          "y": 3.7
        },
        "dimensions": {
          "width": 6.73,
          "height": 5.02
        }
      },
      {
        "type": "Door",
        "id": 27,
        "location": {
          "x": 0.06,
          "y": 3.7
        },
        "dimensions": {
          "width": 1.76,
          "height": 3.9
        }
      },
      {
        "type": "Door",
        "id": 28,
        "location": {
          "x": 9.49,
          "y": 3.55
        },
        "dimensions": {
          "width": 0.13,
          "height": 0.16
        }
      },
      {
        "type": "Window",
        "id": 29,
        "location": {
          "x": 4.22,
          "y": 3.34
        },
        "dimensions": {
          "width": 0.5,
          "height": 0.12
        }
      },
      {
        "type": "Door",
        "id": 30,
        "location": {
          "x": 1.77,
          "y": 3.27
        },
        "dimensions": {
          "width": 2.45,
          "height": 2.2
        }
      },
      {
        "type": "Door",
        "id": 31,
        "location": {
          "x": 5.53,
          "y": 2.82
        },
        "dimensions": {
          "width": 0.11,
          "height": 0.17
        }
      },
      {
        "type": "Door",
        "id": 32,
        "location": {
          "x": 5.41,
          "y": 2.82
        },
        "dimensions": {
          "width": 0.11,
          "height": 0.17
        }
      },
      {
        "type": "Door",
        "id": 33,
        "location": {
          "x": 4.73,
          "y": 2.79
        },
        "dimensions": {
          "width": 0.34,
          "height": 0.7
        }
      },
      {
        "type": "Door",
        "id": 34,
        "location": {
          "x": 3.41,
          "y": 2.78
        },
        "dimensions": {
          "width": 0.29,
          "height": 0.17
        }
      },
      {
        "type": "Door",
        "id": 35,
        "location": {
          "x": 3.28,
          "y": 2.78
        },
        "dimensions": {
          "width": 0.13,
          "height": 0.17
        }
      },
      {
        "type": "Door",
        "id": 36,
        "location": {
          "x": 3.1,
          "y": 2.77
        },
        "dimensions": {
          "width": 0.17,
          "height": 0.18
        }
      },
      {
        "type": "Door",
        "id": 37,
        "location": {
          "x": 1.09,
          "y": 2.63
        },
        "dimensions": {
          "width": 0.14,
          "height": 0.17
        }
      },
      {
        "type": "Window",
        "id": 38,
        "location": {
          "x": 0.64,
          "y": 2.62
        },
        "dimensions": {
          "width": 0.44,
          "height": 0.18
        }
      },
      {
        "type": "Window",
        "id": 39,
        "location": {
          "x": 6.36,
          "y": 2.61
        },
        "dimensions": {
          "width": 1.81,
          "height": 0.86
        }
      },
      {
        "type": "Door",
        "id": 40,
        "location": {
          "x": 4.9,
          "y": 2.46
        },
        "dimensions": {
          "width": 0.06,
          "height": 0.77
        }
      },
      {
        "type": "Door",
        "id": 41,
        "location": {
          "x": 9.43,
          "y": 1.79
        },
        "dimensions": {
          "width": 0.11,
          "height": 0.16
        }
      },
      {
        "type": "Door",
        "id": 42,
        "location": {
          "x": 9.14,
          "y": 1.79
        },
        "dimensions": {
          "width": 0.15,
          "height": 0.18
        }
      },
      {
        "type": "Door",
        "id": 43,
        "location": {
          "x": 8.93,
          "y": 1.79
        },
        "dimensions": {
          "width": 0.11,
          "height": 0.17
        }
      },
      {
        "type": "Door",
        "id": 44,
        "location": {
          "x": 7.44,
          "y": 1.79
        },
        "dimensions": {
          "width": 0.16,
          "height": 0.17
        }
      },
      {
        "type": "Door",
        "id": 45,
        "location": {
          "x": 6.94,
          "y": 1.79
        },
        "dimensions": {
          "width": 0.11,
          "height": 0.17
        }
      },
      {
        "type": "Door",
        "id": 46,
        "location": {
          "x": 3.22,
          "y": 1.19
        },
        "dimensions": {
          "width": 0.17,
          "height": 0.18
        }
      },
      {
        "type": "Door",
        "id": 47,
        "location": {
          "x": 3.6,
          "y": 0.99
        },
        "dimensions": {
          "width": 0.59,
          "height": 0.59
        }
      },
      {
        "type": "Window",
        "id": 48,
        "location": {
          "x": 0.35,
          "y": 0.11
        },
        "dimensions": {
          "width": 9.74,
          "height": 4.82
        }
      }
    ]
  }
}