{
  "floorPlan": {
    "name": "Floor Plan 16_20.jpg",
    "units": "feet",
    "totalArea": 21.35,
    "totalRooms": 9,
    "rooms": [
      {
        "id": 1,
        "name": "Text_20",
        "shape": "Hexagon",
        "dimensions": {
          "width": 0.52,
          "length": 2.11,
          "height": 1.69
        },
        "position": {
          "x": 3.98,
          "y": 7.04
        },
        "windows": [],
        "doors": [
          {
            "type": "Door",
            "id": 18,
            "location": {
              "x": 4.15,
              "y": 7.49
            },
            "dimensions": {
              "width": 0.04,
              "height": 1.45
            }
          }
        ],
        "connected_to": []
      },
      {
        "id": 2,
        "name": "Text_12",
        "shape": "Irregular",
        "dimensions": {
          "width": 0.83,
          "length": 2.79,
          "height": 2.23
        },
        "position": {
          "x": 5.91,
          "y": 6.27
        },
        "windows": [],
        "doors": [],
        "connected_to": []
      },
      {
        "id": 3,
        "name": "Text_32",
        "shape": "Irregular",
        "dimensions": {
          "width": 1.45,
          "length": 3.37,
          "height": 2.7
        },
        "position": {
          "x": 1.65,
          "y": 5.78
        },
        "windows": [
          {
            "type": "Window",
            "id": 20,
            "location": {
              "x": 2.94,
              "y": 7.43
            },
            "dimensions": {
              "width": 1.25,
              "height": 0.27
            }
          }
        ],
        "doors": [
          {
            "type": "Door",
            "id": 10,
            "location": {
              "x": 3.02,
              "y": 7.93
            },
            "dimensions": {
              "width": 0.12,
              "height": 0.18
            }
          },
          {
            "type": "Door",
            "id": 11,
            "location": {
              "x": 2.05,
              "y": 7.71
            },
            "dimensions": {
              "width": 1.32,
              "height": 1.62
            }
          },
          {
            "type": "Door",
            "id": 12,
            "location": {
              "x": 1.88,
              "y": 7.65
            },
            "dimensions": {
              "width": 0.2,
              "height": 0.25
            }
          },
          {
            "type": "Door",
            "id": 19,
            "location": {
              "x": 2.87,
              "y": 7.49
            },
            "dimensions": {
              "width": 0.05,
              "height": 1.43
            }
          },
          {
            "type": "Door",
            "id": 24,
            "location": {
              "x": 3.02,
              "y": 7.04
            },
            "dimensions": {
              "width": 2.05,
              "height": 2.33
            }
          },
          {
            "type": "Door",
            "id": 25,
            "location": {
              "x": 2.73,
              "y": 7.0
            },
            "dimensions": {
              "width": 0.9,
              "height": 0.45
            }
          },
          {
            "type": "Door",
            "id": 26,
            "location": {
              "x": 1.88,
              "y": 6.93
            },
            "dimensions": {
              "width": 0.2,
              "height": 0.23
            }
          },
          {
            "type": "Door",
            "id": 34,
            "location": {
              "x": 1.99,
              "y": 5.93
            },
            "dimensions": {
              "width": 0.24,
              "height": 0.79
            }
          }
        ],
        "connected_to": []
      },
      {
        "id": 4,
        "name": "Text_41",
        "shape": "Irregular",
        "dimensions": {
          "width": 0.66,
          "length": 1.53,
          "height": 1.22
        },
        "position": {
          "x": 0.69,
          "y": 5.7
        },
        "windows": [],
        "doors": [
          {
            "type": "Door",
            "id": 27,
            "location": {
              "x": 0.86,
              "y": 6.88
            },
            "dimensions": {
              "width": 0.27,
              "height": 0.33
            }
          },
          {
            "type": "Door",
            "id": 33,
            "location": {
              "x": 0.76,
              "y": 6.05
            },
            "dimensions": {
              "width": 0.29,
              "height": 0.67
            }
          }
        ],
        "connected_to": []
      },
      {
        "id": 5,
        "name": "Text_51",
        "shape": "Irregular",
        "dimensions": {
          "width": 3.24,
          "length": 1.79,
          "height": 2.59
        },
        "position": {
          "x": 6.49,
          "y": 4.23
        },
        "windows": [],
        "doors": [
          {
            "type": "Door",
            "id": 35,
            "location": {
              "x": 6.74,
              "y": 5.76
            },
            "dimensions": {
              "width": 3.03,
              "height": 3.63
            }
          },
          {
            "type": "Door",
            "id": 41,
            "location": {
              "x": 9.07,
              "y": 4.96
            },
            "dimensions": {
              "width": 0.13,
              "height": 0.18
            }
          },
          {
            "type": "Door",
            "id": 42,
            "location": {
              "x": 8.77,
              "y": 4.96
            },
            "dimensions": {
              "width": 0.16,
              "height": 0.18
            }
          },
          {
            "type": "Door",
            "id": 43,
            "location": {
              "x": 8.54,
              "y": 4.95
            },
            "dimensions": {
              "width": 0.12,
              "height": 0.19
            }
          },
          {
            "type": "Door",
            "id": 48,
            "location": {
              "x": 6.58,
              "y": 4.76
            },
            "dimensions": {
              "width": 0.16,
              "height": 0.17
            }
          }
        ],
        "connected_to": []
      },
      {
        "id": 6,
        "name": "Text_63",
        "shape": "Irregular",
        "dimensions": {
          "width": 0.91,
          "length": 2.94,
          "height": 2.35
        },
        "position": {
          "x": 2.73,
          "y": 3.75
        },
        "windows": [],
        "doors": [
          {
            "type": "Door",
            "id": 47,
            "location": {
              "x": 3.37,
              "y": 4.81
            },
            "dimensions": {
              "width": 0.3,
              "height": 0.19
            }
          }
        ],
        "connected_to": []
      },
      {
        "id": 7,
        "name": "Text_86",
        "shape": "Octagon",
        "dimensions": {
          "width": 0.29,
          "length": 0.61,
          "height": 0.49
        },
        "position": {
          "x": 0.7,
          "y": 3.1
        },
        "windows": [],
        "doors": [],
        "connected_to": []
      },
      {
        "id": 8,
        "name": "Text_102",
        "shape": "Irregular",
        "dimensions": {
          "width": 0.81,
          "length": 1.43,
          "height": 1.14
        },
        "position": {
          "x": 8.92,
          "y": 2.09
        },
        "windows": [],
        "doors": [
          {
            "type": "Door",
            "id": 78,
            "location": {
              "x": 9.37,
              "y": 2.16
            },
            "dimensions": {
              "width": 0.21,
              "height": 0.48
            }
          }
        ],
        "connected_to": []
      },
      {
        "id": 9,
        "name": "Text_106",
        "shape": "Irregular",
        "dimensions": {
          "width": 1.22,
          "length": 1.83,
          "height": 1.46
        },
        "position": {
          "x": 7.07,
          "y": 2.09
        },
        "windows": [],
        "doors": [
          {
            "type": "Door",
            "id": 75,
            "location": {
              "x": 7.94,
              "y": 2.84
            },
            "dimensions": {
              "width": 0.26,
              "height": 0.18
            }
          },
          {
            "type": "Door",
            "id": 76,
            "location": {
              "x": 7.82,
              "y": 2.84
            },
            "dimensions": {
              "width": 0.11,
              "height": 0.18
            }
          }
        ],
        "connected_to": []
      }
    ],
    "doorsAndWindows": [
      {
        "type": "Door",
        "id": 1,
        "location": {
          "x": 7.84,
          "y": 8.2
        },
        "dimensions": {
          "width": 0.17,
          "height": 0.15
        }
      },
      {
        "type": "Door",
        "id": 2,
        "location": {
          "x": 3.43,
          "y": 8.17
        },
        "dimensions": {
          "width": 0.31,
          "height": 0.18
        }
      },
      {
        "type": "Door",
        "id": 3,
        "location": {
          "x": 8.67,
          "y": 8.04
        },
        "dimensions": {
          "width": 0.21,
          "height": 0.13
        }
      },
      {
        "type": "Door",
        "id": 4,
        "location": {
          "x": 7.71,
          "y": 8.04
        },
        "dimensions": {
          "width": 0.13,
          "height": 0.13
        }
      },
      {
        "type": "Window",
        "id": 5,
        "location": {
          "x": 5.21,
          "y": 8.03
        },
        "dimensions": {
          "width": 1.2,
          "height": 0.12
        }
      },
      {
        "type": "Door",
        "id": 6,
        "location": {
          "x": 5.08,
          "y": 8.03
        },
        "dimensions": {
          "width": 0.12,
          "height": 0.12
        }
      },
      {
        "type": "Door",
        "id": 7,
        "location": {
          "x": 1.34,
          "y": 7.97
        },
        "dimensions": {
          "width": 0.73,
          "height": 0.43
        }
      },
      {
        "type": "Door",
        "id": 8,
        "location": {
          "x": 3.55,
          "y": 7.93
        },
        "dimensions": {
          "width": 0.12,
          "height": 0.18
        }
      },
      {
        "type": "Door",
        "id": 9,
        "location": {
          "x": 3.14,
          "y": 7.93
        },
        "dimensions": {
          "width": 0.27,
          "height": 0.18
        }
      },
      {
        "type": "Door",
        "id": 10,
        "location": {
          "x": 3.02,
          "y": 7.93
        },
        "dimensions": {
          "width": 0.12,
          "height": 0.18
        }
      },
      {
        "type": "Door",
        "id": 11,
        "location": {
          "x": 2.05,
          "y": 7.71
        },
        "dimensions": {
          "width": 1.32,
          "height": 1.62
        }
      },
      {
        "type": "Door",
        "id": 12,
        "location": {
          "x": 1.88,
          "y": 7.65
        },
        "dimensions": {
          "width": 0.2,
          "height": 0.25
        }
      },
      {
        "type": "Door",
        "id": 13,
        "location": {
          "x": 0.77,
          "y": 7.63
        },
        "dimensions": {
          "width": 0.44,
          "height": 0.43
        }
      },
      {
        "type": "Door",
        "id": 14,
        "location": {
          "x": 0.78,
          "y": 7.61
        },
        "dimensions": {
          "width": 0.48,
          "height": 0.55
        }
      },
      {
        "type": "Door",
        "id": 15,
        "location": {
          "x": 5.62,
          "y": 7.57
        },
        "dimensions": {
          "width": 0.15,
          "height": 0.18
        }
      },
      {
        "type": "Door",
        "id": 16,
        "location": {
          "x": 5.01,
          "y": 7.57
        },
        "dimensions": {
          "width": 0.11,
          "height": 0.18
        }
      },
      {
        "type": "Door",
        "id": 17,
        "location": {
          "x": 5.13,
          "y": 7.56
        },
        "dimensions": {
          "width": 0.18,
          "height": 0.19
        }
      },
      {
        "type": "Door",
        "id": 18,
        "location": {
          "x": 4.15,
          "y": 7.49
        },
        "dimensions": {
          "width": 0.04,
          "height": 1.45
        }
      },
      {
        "type": "Door",
        "id": 19,
        "location": {
          "x": 2.87,
          "y": 7.49
        },
        "dimensions": {
          "width": 0.05,
          "height": 1.43
        }
      },
      {
        "type": "Window",
        "id": 20,
        "location": {
          "x": 2.94,
          "y": 7.43
        },
        "dimensions": {
          "width": 1.25,
          "height": 0.27
        }
      },
      {
        "type": "Door",
        "id": 21,
        "location": {
          "x": 8.27,
          "y": 7.33
        },
        "dimensions": {
          "width": 0.27,
          "height": 0.19
        }
      },
      {
        "type": "Door",
        "id": 22,
        "location": {
          "x": 7.97,
          "y": 7.33
        },
        "dimensions": {
          "width": 0.29,
          "height": 0.19
        }
      },
      {
        "type": "Door",
        "id": 23,
        "location": {
          "x": 7.64,
          "y": 7.33
        },
        "dimensions": {
          "width": 0.17,
          "height": 0.19
        }
      },
      {
        "type": "Door",
        "id": 24,
        "location": {
          "x": 3.02,
          "y": 7.04
        },
        "dimensions": {
          "width": 2.05,
          "height": 2.33
        }
      },
      {
        "type": "Door",
        "id": 25,
        "location": {
          "x": 2.73,
          "y": 7.0
        },
        "dimensions": {
          "width": 0.9,
          "height": 0.45
        }
      },
      {
        "type": "Door",
        "id": 26,
        "location": {
          "x": 1.88,
          "y": 6.93
        },
        "dimensions": {
          "width": 0.2,
          "height": 0.23
        }
      },
      {
        "type": "Door",
        "id": 27,
        "location": {
          "x": 0.86,
          "y": 6.88
        },
        "dimensions": {
          "width": 0.27,
          "height": 0.33
        }
      },
      {
        "type": "Door",
        "id": 28,
        "location": {
          "x": 4.42,
          "y": 6.48
        },
        "dimensions": {
          "width": 0.23,
          "height": 0.19
        }
      },
      {
        "type": "Door",
        "id": 29,
        "location": {
          "x": 4.09,
          "y": 6.48
        },
        "dimensions": {
          "width": 0.18,
          "height": 0.19
        }
      },
      {
        "type": "Window",
        "id": 30,
        "location": {
          "x": 5.55,
          "y": 6.45
        },
        "dimensions": {
          "width": 0.48,
          "height": 0.19
        }
      },
      {
        "type": "Window",
        "id": 31,
        "location": {
          "x": 3.65,
          "y": 6.39
        },
        "dimensions": {
          "width": 0.89,
          "height": 0.03
        }
      },
      {
        "type": "Door",
        "id": 32,
        "location": {
          "x": 4.31,
          "y": 6.27
        },
        "dimensions": {
          "width": 2.74,
          "height": 2.87
        }
      },
      {
        "type": "Door",
        "id": 33,
        "location": {
          "x": 0.76,
          "y": 6.05
        },
        "dimensions": {
          "width": 0.29,
          "height": 0.67
        }
      },
      {
        "type": "Door",
        "id": 34,
        "location": {
          "x": 1.99,
          "y": 5.93
        },
        "dimensions": {
          "width": 0.24,
          "height": 0.79
        }
      },
      {
        "type": "Door",
        "id": 35,
        "location": {
          "x": 6.74,
          "y": 5.76
        },
        "dimensions": {
          "width": 3.03,
          "height": 3.63
        }
      },
      {
        "type": "Window",
        "id": 36,
        "location": {
          "x": 2.0,
          "y": 5.69
        },
        "dimensions": {
          "width": 0.61,
          "height": 0.04
        }
      },
      {
        "type": "Window",
        "id": 37,
        "location": {
          "x": 1.17,
          "y": 5.69
        },
        "dimensions": {
          "width": 0.71,
          "height": 0.04
        }
      },
      {
        "type": "Window",
        "id": 38,
        "location": {
          "x": 1.68,
          "y": 5.52
        },
        "dimensions": {
          "width": 0.71,
          "height": 0.05
        }
      },
      {
        "type": "Door",
        "id": 39,
        "location": {
          "x": 3.92,
          "y": 5.38
        },
        "dimensions": {
          "width": 0.44,
          "height": 0.97
        }
      },
      {
        "type": "Door",
        "id": 40,
        "location": {
          "x": 2.5,
          "y": 5.14
        },
        "dimensions": {
          "width": 0.16,
          "height": 0.46
        }
      },
      {
        "type": "Door",
        "id": 41,
        "location": {
          "x": 9.07,
          "y": 4.96
        },
        "dimensions": {
          "width": 0.13,
          "height": 0.18
        }
      },
      {
        "type": "Door",
        "id": 42,
        "location": {
          "x": 8.77,
          "y": 4.96
        },
        "dimensions": {
          "width": 0.16,
          "height": 0.18
        }
      },
      {
        "type": "Door",
        "id": 43,
        "location": {
          "x": 8.54,
          "y": 4.95
        },
        "dimensions": {
          "width": 0.12,
          "height": 0.19
        }
      },
      {
        "type": "Door",
        "id": 44,
        "location": {
          "x": 1.53,
          "y": 4.87
        },
        "dimensions": {
          "width": 0.16,
          "height": 0.18
        }
      },
      {
        "type": "Door",
        "id": 45,
        "location": {
          "x": 1.31,
          "y": 4.87
        },
        "dimensions": {
          "width": 0.11,
          "height": 0.18
        }
      },
      {
        "type": "Door",
        "id": 46,
        "location": {
          "x": 4.22,
          "y": 4.81
        },
        "dimensions": {
          "width": 0.13,
          "height": 0.18
        }
      },
      {
        "type": "Door",
        "id": 47,
        "location": {
          "x": 3.37,
          "y": 4.81
        },
        "dimensions": {
          "width": 0.3,
          "height": 0.19
        }
      },
      {
        "type": "Door",
        "id": 48,
        "location": {
          "x": 6.58,
          "y": 4.76
        },
        "dimensions": {
          "width": 0.16,
          "height": 0.17
        }
      },
      {
        "type": "Door",
        "id": 49,
        "location": {
          "x": 5.98,
          "y": 4.76
        },
        "dimensions": {
          "width": 0.18,
          "height": 0.18
        }
      },
      {
        "type": "Door",
        "id": 50,
        "location": {
          "x": 6.32,
          "y": 4.75
        },
        "dimensions": {
          "width": 0.16,
          "height": 0.19
        }
      },
      {
        "type": "Door",
        "id": 51,
        "location": {
          "x": 5.85,
          "y": 4.75
        },
        "dimensions": {
          "width": 0.12,
          "height": 0.18
        }
      },
      {
        "type": "Window",
        "id": 52,
        "location": {
          "x": 1.7,
          "y": 4.62
        },
        "dimensions": {
          "width": 0.48,
          "height": 0.19
        }
      },
      {
        "type": "Door",
        "id": 53,
        "location": {
          "x": 2.67,
          "y": 4.56
        },
        "dimensions": {
          "width": 0.05,
          "height": 0.89
        }
      },
      {
        "type": "Window",
        "id": 54,
        "location": {
          "x": 5.79,
          "y": 4.3
        },
        "dimensions": {
          "width": 1.0,
          "height": 0.43
        }
      },
      {
        "type": "Door",
        "id": 55,
        "location": {
          "x": 0.81,
          "y": 4.18
        },
        "dimensions": {
          "width": 1.9,
          "height": 1.35
        }
      },
      {
        "type": "Door",
        "id": 56,
        "location": {
          "x": 0.58,
          "y": 3.98
        },
        "dimensions": {
          "width": 2.2,
          "height": 4.53
        }
      },
      {
        "type": "Door",
        "id": 57,
        "location": {
          "x": 9.47,
          "y": 3.95
        },
        "dimensions": {
          "width": 0.19,
          "height": 0.23
        }
      },
      {
        "type": "Door",
        "id": 58,
        "location": {
          "x": 4.92,
          "y": 3.89
        },
        "dimensions": {
          "width": 1.26,
          "height": 2.03
        }
      },
      {
        "type": "Door",
        "id": 59,
        "location": {
          "x": 3.92,
          "y": 3.85
        },
        "dimensions": {
          "width": 0.03,
          "height": 0.93
        }
      },
      {
        "type": "Door",
        "id": 60,
        "location": {
          "x": 8.6,
          "y": 3.78
        },
        "dimensions": {
          "width": 0.47,
          "height": 0.54
        }
      },
      {
        "type": "Door",
        "id": 61,
        "location": {
          "x": 9.47,
          "y": 3.57
        },
        "dimensions": {
          "width": 0.19,
          "height": 0.23
        }
      },
      {
        "type": "Door",
        "id": 62,
        "location": {
          "x": 2.16,
          "y": 3.56
        },
        "dimensions": {
          "width": 1.49,
          "height": 3.13
        }
      },
      {
        "type": "Door",
        "id": 63,
        "location": {
          "x": 2.03,
          "y": 3.33
        },
        "dimensions": {
          "width": 0.15,
          "height": 0.19
        }
      },
      {
        "type": "Door",
        "id": 64,
        "location": {
          "x": 1.74,
          "y": 3.33
        },
        "dimensions": {
          "width": 0.13,
          "height": 0.19
        }
      },
      {
        "type": "Door",
        "id": 65,
        "location": {
          "x": 1.55,
          "y": 3.33
        },
        "dimensions": {
          "width": 0.18,
          "height": 0.19
        }
      },
      {
        "type": "Door",
        "id": 66,
        "location": {
          "x": 1.43,
          "y": 3.33
        },
        "dimensions": {
          "width": 0.12,
          "height": 0.18
        }
      },
      {
        "type": "Window",
        "id": 67,
        "location": {
          "x": 5.8,
          "y": 3.24
        },
        "dimensions": {
          "width": 1.35,
          "height": 0.54
        }
      },
      {
        "type": "Door",
        "id": 68,
        "location": {
          "x": 5.93,
          "y": 3.01
        },
        "dimensions": {
          "width": 0.15,
          "height": 0.18
        }
      },
      {
        "type": "Door",
        "id": 69,
        "location": {
          "x": 6.49,
          "y": 3.0
        },
        "dimensions": {
          "width": 0.17,
          "height": 0.19
        }
      },
      {
        "type": "Door",
        "id": 70,
        "location": {
          "x": 4.45,
          "y": 2.94
        },
        "dimensions": {
          "width": 0.29,
          "height": 0.19
        }
      },
      {
        "type": "Door",
        "id": 71,
        "location": {
          "x": 4.32,
          "y": 2.94
        },
        "dimensions": {
          "width": 0.12,
          "height": 0.18
        }
      },
      {
        "type": "Door",
        "id": 72,
        "location": {
          "x": 4.0,
          "y": 2.94
        },
        "dimensions": {
          "width": 0.12,
          "height": 0.18
        }
      },
      {
        "type": "Window",
        "id": 73,
        "location": {
          "x": 3.37,
          "y": 2.94
        },
        "dimensions": {
          "width": 0.49,
          "height": 0.18
        }
      },
      {
        "type": "Door",
        "id": 74,
        "location": {
          "x": 4.13,
          "y": 2.93
        },
        "dimensions": {
          "width": 0.18,
          "height": 0.2
        }
      },
      {
        "type": "Door",
        "id": 75,
        "location": {
          "x": 7.94,
          "y": 2.84
        },
        "dimensions": {
          "width": 0.26,
          "height": 0.18
        }
      },
      {
        "type": "Door",
        "id": 76,
        "location": {
          "x": 7.82,
          "y": 2.84
        },
        "dimensions": {
          "width": 0.11,
          "height": 0.18
        }
      },
      {
        "type": "Window",
        "id": 77,
        "location": {
          "x": 5.74,
          "y": 2.72
        },
        "dimensions": {
          "width": 1.09,
          "height": 0.19
        }
      },
      {
        "type": "Door",
        "id": 78,
        "location": {
          "x": 9.37,
          "y": 2.16
        },
        "dimensions": {
          "width": 0.21,
          "height": 0.48
        }
      },
      {
        "type": "Door",
        "id": 79,
        "location": {
          "x": 6.43,
          "y": 2.09
        },
        "dimensions": {
          "width": 3.34,
          "height": 4.33
        }
      },
      {
        "type": "Door",
        "id": 80,
        "location": {
          "x": 4.37,
          "y": 1.95
        },
        "dimensions": {
          "width": 0.2,
          "height": 0.13
        }
      },
      {
        "type": "Window",
        "id": 81,
        "location": {
          "x": 0.21,
          "y": 0.22
        },
        "dimensions": {
          "width": 8.75,
          "height": 3.77
        }
      }
    ]
  }
}