{
  "floorPlan": {
    "name": "Floor Plan 16_29.jpg",
    "units": "feet",
    "totalArea": 21.08,
    "totalRooms": 6,
    "rooms": [
      {
        "id": 1,
        "name": "Room_1",
        "shape": "Irregular",
        "dimensions": {
          "width": 1.0,
          "length": 3.74,
          "height": 2.99
        },
        "position": {
          "x": 5.85,
          "y": 4.14
        },
        "windows": [
          {
            "type": "Window",
            "id": 1,
            "location": {
              "x": 6.66,
              "y": 7.49
            },
            "dimensions": {
              "width": 0.68,
              "height": 0.13
            }
          }
        ],
        "doors": [],
        "connected_to": []
      },
      {
        "id": 2,
        "name": "Text_12",
        "shape": "Irregular",
        "dimensions": {
          "width": 0.69,
          "length": 1.49,
          "height": 1.19
        },
        "position": {
          "x": 3.77,
          "y": 4.08
        },
        "windows": [],
        "doors": [
          {
            "type": "Door",
            "id": 8,
            "location": {
              "x": 3.97,
              "y": 4.99
            },
            "dimensions": {
              "width": 0.28,
              "height": 0.32
            }
          }
        ],
        "connected_to": []
      },
      {
        "id": 3,
        "name": "Text_15",
        "shape": "Irregular",
        "dimensions": {
          "width": 2.24,
          "length": 3.19,
          "height": 2.55
        },
        "position": {
          "x": 1.02,
          "y": 2.38
        },
        "windows": [],
        "doors": [
          {
            "type": "Door",
            "id": 14,
            "location": {
              "x": 2.71,
              "y": 3.25
            },
            "dimensions": {
              "width": 0.71,
              "height": 0.25
            }
          },
          {
            "type": "Door",
            "id": 20,
            "location": {
              "x": 1.23,
              "y": 2.65
            },
            "dimensions": {
              "width": 0.13,
              "height": 0.16
            }
          }
        ],
        "connected_to": []
      },
      {
        "id": 4,
        "name": "Text_20",
        "shape": "Irregular",
        "dimensions": {
          "width": 2.94,
          "length": 1.9,
          "height": 2.35
        },
        "position": {
          "x": 5.93,
          "y": 2.25
        },
        "windows": [
          {
            "type": "Window",
            "id": 12,
            "location": {
              "x": 6.61,
              "y": 3.58
            },
            "dimensions": {
              "width": 0.68,
              "height": 0.15
            }
          }
        ],
        "doors": [
          {
            "type": "Door",
            "id": 19,
            "location": {
              "x": 6.29,
              "y": 2.69
            },
            "dimensions": {
              "width": 1.33,
              "height": 0.73
            }
          }
        ],
        "connected_to": []
      },
      {
        "id": 5,
        "name": "Text_25",
        "shape": "Irregular",
        "dimensions": {
          "width": 1.17,
          "length": 1.31,
          "height": 1.05
        },
        "position": {
          "x": 8.0,
          "y": 2.24
        },
        "windows": [],
        "doors": [],
        "connected_to": []
      },
      {
        "id": 6,
        "name": "Text_34",
        "shape": "Irregular",
        "dimensions": {
          "width": 1.83,
          "length": 1.12,
          "height": 1.46
        },
        "position": {
          "x": 7.99,
          "y": 0.82
        },
        "windows": [],
        "doors": [],
        "connected_to": []
      }
    ],
    "doorsAndWindows": [
      {
        "type": "Window",
        "id": 1,
        "location": {
          "x": 6.66,
          "y": 7.49
        },
        "dimensions": {
          "width": 0.68,
          "height": 0.13
        }
      },
      {
        "type": "Window",
        "id": 2,
        "location": {
          "x": 3.22,
          "y": 6.06
        },
        "dimensions": {
          "width": 0.22,
          "height": 0.1
        }
      },
      {
        "type": "Door",
        "id": 3,
        "location": {
          "x": 2.52,
          "y": 5.98
        },
        "dimensions": {
          "width": 0.16,
          "height": 0.1
        }
      },
      {
        "type": "Window",
        "id": 4,
        "location": {
          "x": 2.3,
          "y": 5.84
        },
        "dimensions": {
          "width": 0.42,
          "height": 0.1
        }
      },
      {
        "type": "Window",
        "id": 5,
        "location": {
          "x": 1.92,
          "y": 5.84
        },
        "dimensions": {
          "width": 1.02,
          "height": 0.12
        }
      },
      {
        "type": "Window",
        "id": 6,
        "location": {
          "x": 7.65,
          "y": 5.62
        },
        "dimensions": {
          "width": 0.23,
          "height": 0.1
        }
      },
      {
        "type": "Door",
        "id": 7,
        "location": {
          "x": 8.28,
          "y": 5.03
        },
        "dimensions": {
          "width": 0.6,
          "height": 2.35
        }
      },
      {
        "type": "Door",
        "id": 8,
        "location": {
          "x": 3.97,
          "y": 4.99
        },
        "dimensions": {
          "width": 0.28,
          "height": 0.32
        }
      },
      {
        "type": "Door",
        "id": 9,
        "location": {
          "x": 3.42,
          "y": 4.96
        },
        "dimensions": {
          "width": 0.32,
          "height": 0.18
        }
      },
      {
        "type": "Door",
        "id": 10,
        "location": {
          "x": 5.37,
          "y": 4.9
        },
        "dimensions": {
          "width": 0.5,
          "height": 0.32
        }
      },
      {
        "type": "Door",
        "id": 11,
        "location": {
          "x": 5.35,
          "y": 4.58
        },
        "dimensions": {
          "width": 0.51,
          "height": 0.22
        }
      },
      {
        "type": "Window",
        "id": 12,
        "location": {
          "x": 6.61,
          "y": 3.58
        },
        "dimensions": {
          "width": 0.68,
          "height": 0.15
        }
      },
      {
        "type": "Door",
        "id": 13,
        "location": {
          "x": 4.72,
          "y": 3.25
        },
        "dimensions": {
          "width": 0.14,
          "height": 0.24
        }
      },
      {
        "type": "Door",
        "id": 14,
        "location": {
          "x": 2.71,
          "y": 3.25
        },
        "dimensions": {
          "width": 0.71,
          "height": 0.25
        }
      },
      {
        "type": "Door",
        "id": 15,
        "location": {
          "x": 5.67,
          "y": 3.2
        },
        "dimensions": {
          "width": 0.27,
          "height": 0.79
        }
      },
      {
        "type": "Door",
        "id": 16,
        "location": {
          "x": 3.62,
          "y": 3.08
        },
        "dimensions": {
          "width": 0.11,
          "height": 0.2
        }
      },
      {
        "type": "Door",
        "id": 17,
        "location": {
          "x": 0.51,
          "y": 2.94
        },
        "dimensions": {
          "width": 0.37,
          "height": 0.67
        }
      },
      {
        "type": "Door",
        "id": 18,
        "location": {
          "x": 4.63,
          "y": 2.8
        },
        "dimensions": {
          "width": 0.35,
          "height": 0.97
        }
      },
      {
        "type": "Door",
        "id": 19,
        "location": {
          "x": 6.29,
          "y": 2.69
        },
        "dimensions": {
          "width": 1.33,
          "height": 0.73
        }
      },
      {
        "type": "Door",
        "id": 20,
        "location": {
          "x": 1.23,
          "y": 2.65
        },
        "dimensions": {
          "width": 0.13,
          "height": 0.16
        }
      },
      {
        "type": "Door",
        "id": 21,
        "location": {
          "x": 0.68,
          "y": 2.53
        },
        "dimensions": {
          "width": 0.49,
          "height": 0.12
        }
      },
      {
        "type": "Door",
        "id": 22,
        "location": {
          "x": 5.29,
          "y": 2.24
        },
        "dimensions": {
          "width": 0.37,
          "height": 1.64
        }
      },
      {
        "type": "Door",
        "id": 23,
        "location": {
          "x": 5.64,
          "y": 2.2
        },
        "dimensions": {
          "width": 3.26,
          "height": 2.86
        }
      },
      {
        "type": "Door",
        "id": 24,
        "location": {
          "x": 0.9,
          "y": 1.42
        },
        "dimensions": {
          "width": 0.42,
          "height": 0.12
        }
      },
      {
        "type": "Door",
        "id": 25,
        "location": {
          "x": 6.24,
          "y": 1.37
        },
        "dimensions": {
          "width": 0.88,
          "height": 0.14
        }
      },
      {
        "type": "Window",
        "id": 26,
        "location": {
          "x": 2.47,
          "y": 1.33
        },
        "dimensions": {
          "width": 0.97,
          "height": 0.12
        }
      },
      {
        "type": "Door",
        "id": 27,
        "location": {
          "x": 2.01,
          "y": 1.06
        },
        "dimensions": {
          "width": 0.21,
          "height": 1.31
        }
      },
      {
        "type": "Door",
        "id": 28,
        "location": {
          "x": 7.19,
          "y": 0.82
        },
        "dimensions": {
          "width": 2.96,
          "height": 3.1
        }
      },
      {
        "type": "Door",
        "id": 29,
        "location": {
          "x": 2.67,
          "y": 0.75
        },
        "dimensions": {
          "width": 0.19,
          "height": 0.1
        }
      },
      {
        "type": "Door",
        "id": 30,
        "location": {
          "x": 5.14,
          "y": 0.74
        },
        "dimensions": {
          "width": 0.77,
          "height": 1.12
        }
      },
      {
        "type": "Door",
        "id": 31,
        "location": {
          "x": 8.05,
          "y": 0.72
        },
        "dimensions": {
          "width": 0.41,
          "height": 0.12
        }
      },
      {
        "type": "Door",
        "id": 32,
        "location": {
          "x": 0.07,
          "y": 0.65
        },
        "dimensions": {
          "width": 8.21,
          "height": 7.27
        }
      },
      {
        "type": "Door",
        "id": 33,
        "location": {
          "x": 9.47,
          "y": 0.59
        },
        "dimensions": {
          "width": 0.28,
          "height": 0.13
        }
      },
      {
        "type": "Door",
        "id": 34,
        "location": {
          "x": 3.93,
          "y": 0.34
        },
        "dimensions": {
          "width": 0.3,
          "height": 1.68
        }
      },
      {
        "type": "Window",
        "id": 35,
        "location": {
          "x": 1.9,
          "y": 0.34
        },
        "dimensions": {
          "width": 1.13,
          "height": 0.2
        }
      },
      {
        "type": "Door",
        "id": 36,
        "location": {
          "x": 0.34,
          "y": 0.32
        },
        "dimensions": {
          "width": 3.76,
          "height": 2.31
        }
      },
      {
        "type": "Door",
        "id": 37,
        "location": {
          "x": 7.63,
          "y": 0.08
        },
        "dimensions": {
          "width": 2.52,
          "height": 1.95
        }
      }
    ]
  }
}