{
  "floorPlan": {
    "name": "Floor Plan 16_7.jpg",
    "units": "feet",
    "totalArea": 30.17,
    "totalRooms": 7,
    "rooms": [
      {
        "id": 1,
        "name": "broom",
        "shape": "Irregular",
        "dimensions": {
          "width": 1.21,
          "length": 1.71,
          "height": 1.37
        },
        "position": {
          "x": 2.1,
          "y": 6.87
        },
        "windows": [],
        "doors": [],
        "connected_to": []
      },
      {
        "id": 2,
        "name": "BEDROQM#2",
        "shape": "Irregular",
        "dimensions": {
          "width": 1.48,
          "length": 2.61,
          "height": 2.09
        },
        "position": {
          "x": 8.52,
          "y": 6.73
        },
        "windows": [],
        "doors": [],
        "connected_to": []
      },
      {
        "id": 3,
        "name": "broom",
        "shape": "Irregular",
        "dimensions": {
          "width": 1.0,
          "length": 2.77,
          "height": 2.22
        },
        "position": {
          "x": 3.09,
          "y": 6.05
        },
        "windows": [],
        "doors": [
          {
            "type": "Door",
            "id": 8,
            "location": {
              "x": 4.09,
              "y": 6.73
            },
            "dimensions": {
              "width": 0.11,
              "height": 0.24
            }
          },
          {
            "type": "Door",
            "id": 10,
            "location": {
              "x": 3.11,
              "y": 6.61
            },
            "dimensions": {
              "width": 1.2,
              "height": 2.22
            }
          }
        ],
        "connected_to": []
      },
      {
        "id": 4,
        "name": "BEDROOM #3",
        "shape": "Irregular",
        "dimensions": {
          "width": 2.07,
          "length": 2.28,
          "height": 1.82
        },
        "position": {
          "x": 7.25,
          "y": 5.06
        },
        "windows": [
          {
            "type": "Window",
            "id": 13,
            "location": {
              "x": 8.18,
              "y": 6.48
            },
            "dimensions": {
              "width": 0.88,
              "height": 0.03
            }
          }
        ],
        "doors": [
          {
            "type": "Door",
            "id": 14,
            "location": {
              "x": 8.51,
              "y": 6.35
            },
            "dimensions": {
              "width": 0.22,
              "height": 0.12
            }
          }
        ],
        "connected_to": []
      },
      {
        "id": 5,
        "name": "3",
        "shape": "Irregular",
        "dimensions": {
          "width": 2.14,
          "length": 1.87,
          "height": 1.71
        },
        "position": {
          "x": 0.84,
          "y": 4.7
        },
        "windows": [],
        "doors": [
          {
            "type": "Door",
            "id": 19,
            "location": {
              "x": 2.22,
              "y": 5.5
            },
            "dimensions": {
              "width": 0.12,
              "height": 0.26
            }
          },
          {
            "type": "Door",
            "id": 21,
            "location": {
              "x": 2.35,
              "y": 5.28
            },
            "dimensions": {
              "width": 0.03,
              "height": 0.68
            }
          },
          {
            "type": "Door",
            "id": 22,
            "location": {
              "x": 0.96,
              "y": 5.26
            },
            "dimensions": {
              "width": 0.31,
              "height": 0.66
            }
          },
          {
            "type": "Door",
            "id": 25,
            "location": {
              "x": 1.84,
              "y": 5.05
            },
            "dimensions": {
              "width": 0.37,
              "height": 0.49
            }
          }
        ],
        "connected_to": []
      },
      {
        "id": 6,
        "name": "10' CLG",
        "shape": "Irregular",
        "dimensions": {
          "width": 2.27,
          "length": 1.64,
          "height": 1.82
        },
        "position": {
          "x": 7.05,
          "y": 3.8
        },
        "windows": [],
        "doors": [],
        "connected_to": []
      },
      {
        "id": 7,
        "name": "3-CAR GARAGE",
        "shape": "Square",
        "dimensions": {
          "width": 2.94,
          "length": 3.07,
          "height": 2.46
        },
        "position": {
          "x": 0.84,
          "y": 0.3
        },
        "windows": [
          {
            "type": "Window",
            "id": 40,
            "location": {
              "x": 2.12,
              "y": 2.41
            },
            "dimensions": {
              "width": 0.31,
              "height": 0.13
            }
          }
        ],
        "doors": [],
        "connected_to": []
      }
    ],
    "doorsAndWindows": [
      {
        "type": "Window",
        "id": 1,
        "location": {
          "x": 5.09,
          "y": 9.66
        },
        "dimensions": {
          "width": 1.01,
          "height": 0.13
        }
      },
      {
        "type": "Window",
        "id": 2,
        "location": {
          "x": 5.7,
          "y": 8.99
        },
        "dimensions": {
          "width": 0.25,
          "height": 0.11
        }
      },
      {
        "type": "Window",
        "id": 3,
        "location": {
          "x": 5.52,
          "y": 8.24
        },
        "dimensions": {
          "width": 0.36,
          "height": 0.11
        }
      },
      {
        "type": "Door",
        "id": 4,
        "location": {
          "x": 5.41,
          "y": 8.05
        },
        "dimensions": {
          "width": 0.21,
          "height": 0.12
        }
      },
      {
        "type": "Door",
        "id": 5,
        "location": {
          "x": 4.6,
          "y": 7.7
        },
        "dimensions": {
          "width": 2.38,
          "height": 1.19
        }
      },
      {
        "type": "Window",
        "id": 6,
        "location": {
          "x": 1.31,
          "y": 7.4
        },
        "dimensions": {
          "width": 0.96,
          "height": 0.03
        }
      },
      {
        "type": "Door",
        "id": 7,
        "location": {
          "x": 5.14,
          "y": 7.34
        },
        "dimensions": {
          "width": 0.31,
          "height": 0.65
        }
      },
      {
        "type": "Door",
        "id": 8,
        "location": {
          "x": 4.09,
          "y": 6.73
        },
        "dimensions": {
          "width": 0.11,
          "height": 0.24
        }
      },
      {
        "type": "Window",
        "id": 9,
        "location": {
          "x": 6.24,
          "y": 6.62
        },
        "dimensions": {
          "width": 0.28,
          "height": 0.09
        }
      },
      {
        "type": "Door",
        "id": 10,
        "location": {
          "x": 3.11,
          "y": 6.61
        },
        "dimensions": {
          "width": 1.2,
          "height": 2.22
        }
      },
      {
        "type": "Door",
        "id": 11,
        "location": {
          "x": 0.83,
          "y": 6.61
        },
        "dimensions": {
          "width": 0.07,
          "height": 1.6
        }
      },
      {
        "type": "Door",
        "id": 12,
        "location": {
          "x": 4.66,
          "y": 6.58
        },
        "dimensions": {
          "width": 0.11,
          "height": 0.27
        }
      },
      {
        "type": "Window",
        "id": 13,
        "location": {
          "x": 8.18,
          "y": 6.48
        },
        "dimensions": {
          "width": 0.88,
          "height": 0.03
        }
      },
      {
        "type": "Door",
        "id": 14,
        "location": {
          "x": 8.51,
          "y": 6.35
        },
        "dimensions": {
          "width": 0.22,
          "height": 0.12
        }
      },
      {
        "type": "Door",
        "id": 15,
        "location": {
          "x": 4.47,
          "y": 6.09
        },
        "dimensions": {
          "width": 0.61,
          "height": 1.1
        }
      },
      {
        "type": "Door",
        "id": 16,
        "location": {
          "x": 6.42,
          "y": 6.07
        },
        "dimensions": {
          "width": 0.22,
          "height": 0.12
        }
      },
      {
        "type": "Door",
        "id": 17,
        "location": {
          "x": 3.09,
          "y": 5.91
        },
        "dimensions": {
          "width": 0.97,
          "height": 1.09
        }
      },
      {
        "type": "Window",
        "id": 18,
        "location": {
          "x": 4.24,
          "y": 5.86
        },
        "dimensions": {
          "width": 0.58,
          "height": 0.03
        }
      },
      {
        "type": "Door",
        "id": 19,
        "location": {
          "x": 2.22,
          "y": 5.5
        },
        "dimensions": {
          "width": 0.12,
          "height": 0.26
        }
      },
      {
        "type": "Door",
        "id": 20,
        "location": {
          "x": 4.31,
          "y": 5.44
        },
        "dimensions": {
          "width": 0.3,
          "height": 0.18
        }
      },
      {
        "type": "Door",
        "id": 21,
        "location": {
          "x": 2.35,
          "y": 5.28
        },
        "dimensions": {
          "width": 0.03,
          "height": 0.68
        }
      },
      {
        "type": "Door",
        "id": 22,
        "location": {
          "x": 0.96,
          "y": 5.26
        },
        "dimensions": {
          "width": 0.31,
          "height": 0.66
        }
      },
      {
        "type": "Door",
        "id": 23,
        "location": {
          "x": 3.45,
          "y": 5.2
        },
        "dimensions": {
          "width": 0.2,
          "height": 0.38
        }
      },
      {
        "type": "Window",
        "id": 24,
        "location": {
          "x": 4.01,
          "y": 5.09
        },
        "dimensions": {
          "width": 0.59,
          "height": 0.04
        }
      },
      {
        "type": "Door",
        "id": 25,
        "location": {
          "x": 1.84,
          "y": 5.05
        },
        "dimensions": {
          "width": 0.37,
          "height": 0.49
        }
      },
      {
        "type": "Door",
        "id": 26,
        "location": {
          "x": 0.83,
          "y": 4.81
        },
        "dimensions": {
          "width": 1.89,
          "height": 1.79
        }
      },
      {
        "type": "Door",
        "id": 27,
        "location": {
          "x": 0.81,
          "y": 4.73
        },
        "dimensions": {
          "width": 1.22,
          "height": 0.72
        }
      },
      {
        "type": "Window",
        "id": 28,
        "location": {
          "x": 4.16,
          "y": 4.58
        },
        "dimensions": {
          "width": 0.51,
          "height": 0.03
        }
      },
      {
        "type": "Window",
        "id": 29,
        "location": {
          "x": 5.18,
          "y": 4.46
        },
        "dimensions": {
          "width": 0.83,
          "height": 0.03
        }
      },
      {
        "type": "Window",
        "id": 30,
        "location": {
          "x": 0.45,
          "y": 4.42
        },
        "dimensions": {
          "width": 0.28,
          "height": 0.12
        }
      },
      {
        "type": "Window",
        "id": 31,
        "location": {
          "x": 4.11,
          "y": 4.4
        },
        "dimensions": {
          "width": 0.61,
          "height": 0.03
        }
      },
      {
        "type": "Window",
        "id": 32,
        "location": {
          "x": 5.74,
          "y": 4.34
        },
        "dimensions": {
          "width": 0.26,
          "height": 0.11
        }
      },
      {
        "type": "Door",
        "id": 33,
        "location": {
          "x": 5.55,
          "y": 4.34
        },
        "dimensions": {
          "width": 0.18,
          "height": 0.11
        }
      },
      {
        "type": "Window",
        "id": 34,
        "location": {
          "x": 4.3,
          "y": 4.28
        },
        "dimensions": {
          "width": 0.33,
          "height": 0.11
        }
      },
      {
        "type": "Door",
        "id": 35,
        "location": {
          "x": 6.89,
          "y": 4.13
        },
        "dimensions": {
          "width": 0.4,
          "height": 0.77
        }
      },
      {
        "type": "Door",
        "id": 36,
        "location": {
          "x": 1.0,
          "y": 3.74
        },
        "dimensions": {
          "width": 9.05,
          "height": 6.05
        }
      },
      {
        "type": "Window",
        "id": 37,
        "location": {
          "x": 3.33,
          "y": 3.74
        },
        "dimensions": {
          "width": 6.02,
          "height": 2.79
        }
      },
      {
        "type": "Door",
        "id": 38,
        "location": {
          "x": 7.33,
          "y": 2.92
        },
        "dimensions": {
          "width": 0.23,
          "height": 0.16
        }
      },
      {
        "type": "Door",
        "id": 39,
        "location": {
          "x": 6.87,
          "y": 2.92
        },
        "dimensions": {
          "width": 0.1,
          "height": 0.15
        }
      },
      {
        "type": "Window",
        "id": 40,
        "location": {
          "x": 2.12,
          "y": 2.41
        },
        "dimensions": {
          "width": 0.31,
          "height": 0.13
        }
      },
      {
        "type": "Window",
        "id": 41,
        "location": {
          "x": 5.32,
          "y": 1.64
        },
        "dimensions": {
          "width": 2.75,
          "height": 0.99
        }
      },
      {
        "type": "Door",
        "id": 42,
        "location": {
          "x": 0.79,
          "y": 0.25
        },
        "dimensions": {
          "width": 4.36,
          "height": 8.34
        }
      }
    ]
  }
}