{
  "floorPlan": {
    "name": "Floor Plan 16_8.jpg",
    "units": "feet",
    "totalArea": 11.06,
    "totalRooms": 6,
    "rooms": [
      {
        "id": 1,
        "name": "Text_38",
        "shape": "Irregular",
        "dimensions": {
          "width": 1.02,
          "length": 1.69,
          "height": 1.35
        },
        "position": {
          "x": 7.83,
          "y": 6.1
        },
        "windows": [],
        "doors": [],
        "connected_to": []
      },
      {
        "id": 2,
        "name": "Text_43",
        "shape": "Irregular",
        "dimensions": {
          "width": 0.9,
          "length": 3.22,
          "height": 2.58
        },
        "position": {
          "x": 3.37,
          "y": 4.57
        },
        "windows": [],
        "doors": [],
        "connected_to": []
      },
      {
        "id": 3,
        "name": "Text_47",
        "shape": "Irregular",
        "dimensions": {
          "width": 1.81,
          "length": 0.68,
          "height": 1.45
        },
        "position": {
          "x": 1.25,
          "y": 4.35
        },
        "windows": [],
        "doors": [],
        "connected_to": []
      },
      {
        "id": 4,
        "name": "Room_4",
        "shape": "Irregular",
        "dimensions": {
          "width": 1.04,
          "length": 1.96,
          "height": 1.57
        },
        "position": {
          "x": 7.81,
          "y": 3.94
        },
        "windows": [],
        "doors": [],
        "connected_to": []
      },
      {
        "id": 5,
        "name": "Text_51",
        "shape": "Irregular",
        "dimensions": {
          "width": 1.57,
          "length": 0.63,
          "height": 1.26
        },
        "position": {
          "x": 1.94,
          "y": 3.44
        },
        "windows": [],
        "doors": [],
        "connected_to": []
      },
      {
        "id": 6,
        "name": "Room_6",
        "shape": "Irregular",
        "dimensions": {
          "width": 1.46,
          "length": 1.49,
          "height": 1.19
        },
        "position": {
          "x": 1.03,
          "y": 0.58
        },
        "windows": [],
        "doors": [],
        "connected_to": []
      }
    ],
    "doorsAndWindows": [
      {
        "type": "Door",
        "id": 1,
        "location": {
          "x": 6.34,
          "y": 9.55
        },
        "dimensions": {
          "width": 0.15,
          "height": 0.18
        }
      },
      {
        "type": "Door",
        "id": 2,
        "location": {
          "x": 6.22,
          "y": 9.55
        },
        "dimensions": {
          "width": 0.11,
          "height": 0.18
        }
      },
      {
        "type": "Door",
        "id": 3,
        "location": {
          "x": 5.12,
          "y": 9.55
        },
        "dimensions": {
          "width": 0.18,
          "height": 0.18
        }
      },
      {
        "type": "Door",
        "id": 4,
        "location": {
          "x": 4.98,
          "y": 9.55
        },
        "dimensions": {
          "width": 0.13,
          "height": 0.18
        }
      },
      {
        "type": "Door",
        "id": 5,
        "location": {
          "x": 4.82,
          "y": 9.55
        },
        "dimensions": {
          "width": 0.14,
          "height": 0.18
        }
      },
      {
        "type": "Door",
        "id": 6,
        "location": {
          "x": 4.69,
          "y": 9.55
        },
        "dimensions": {
          "width": 0.11,
          "height": 0.18
        }
      },
      {
        "type": "Door",
        "id": 7,
        "location": {
          "x": 6.99,
          "y": 9.3
        },
        "dimensions": {
          "width": 0.12,
          "height": 0.18
        }
      },
      {
        "type": "Door",
        "id": 8,
        "location": {
          "x": 5.99,
          "y": 9.25
        },
        "dimensions": {
          "width": 0.12,
          "height": 0.18
        }
      },
      {
        "type": "Door",
        "id": 9,
        "location": {
          "x": 5.59,
          "y": 9.25
        },
        "dimensions": {
          "width": 0.12,
          "height": 0.18
        }
      },
      {
        "type": "Door",
        "id": 10,
        "location": {
          "x": 5.47,
          "y": 9.25
        },
        "dimensions": {
          "width": 0.12,
          "height": 0.18
        }
      },
      {
        "type": "Door",
        "id": 11,
        "location": {
          "x": 4.32,
          "y": 9.25
        },
        "dimensions": {
          "width": 0.12,
          "height": 0.19
        }
      },
      {
        "type": "Door",
        "id": 12,
        "location": {
          "x": 6.72,
          "y": 9.24
        },
        "dimensions": {
          "width": 0.12,
          "height": 0.19
        }
      },
      {
        "type": "Window",
        "id": 13,
        "location": {
          "x": 3.56,
          "y": 9.13
        },
        "dimensions": {
          "width": 3.92,
          "height": 0.03
        }
      },
      {
        "type": "Door",
        "id": 14,
        "location": {
          "x": 5.22,
          "y": 8.71
        },
        "dimensions": {
          "width": 0.32,
          "height": 0.21
        }
      },
      {
        "type": "Window",
        "id": 15,
        "location": {
          "x": 6.3,
          "y": 8.47
        },
        "dimensions": {
          "width": 1.18,
          "height": 0.45
        }
      },
      {
        "type": "Window",
        "id": 16,
        "location": {
          "x": 4.18,
          "y": 8.47
        },
        "dimensions": {
          "width": 1.14,
          "height": 0.45
        }
      },
      {
        "type": "Door",
        "id": 17,
        "location": {
          "x": 3.65,
          "y": 8.41
        },
        "dimensions": {
          "width": 0.82,
          "height": 0.52
        }
      },
      {
        "type": "Door",
        "id": 18,
        "location": {
          "x": 6.01,
          "y": 8.4
        },
        "dimensions": {
          "width": 0.6,
          "height": 0.53
        }
      },
      {
        "type": "Door",
        "id": 19,
        "location": {
          "x": 0.99,
          "y": 0.52
        },
        "dimensions": {
          "width": 7.91,
          "height": 7.85
        }
      }
    ]
  }
}