{
  "floorPlan": {
    "name": "Floor Plan 16_9.jpg",
    "units": "feet",
    "totalArea": 24.77,
    "totalRooms": 7,
    "rooms": [
      {
        "id": 1,
        "name": "4X5'4\"",
        "shape": "Irregular",
        "dimensions": {
          "width": 1.63,
          "length": 1.56,
          "height": 1.3
        },
        "position": {
          "x": 1.42,
          "y": 6.98
        },
        "windows": [
          {
            "type": "Window",
            "id": 4,
            "location": {
              "x": 2.07,
              "y": 8.31
            },
            "dimensions": {
              "width": 5.62,
              "height": 2.31
            }
          },
          {
            "type": "Window",
            "id": 7,
            "location": {
              "x": 2.59,
              "y": 7.82
            },
            "dimensions": {
              "width": 0.37,
              "height": 0.14
            }
          }
        ],
        "doors": [],
        "connected_to": []
      },
      {
        "id": 2,
        "name": "PAN",
        "shape": "Irregular",
        "dimensions": {
          "width": 1.49,
          "length": 1.76,
          "height": 1.41
        },
        "position": {
          "x": 6.76,
          "y": 6.87
        },
        "windows": [
          {
            "type": "Window",
            "id": 8,
            "location": {
              "x": 8.1,
              "y": 7.74
            },
            "dimensions": {
              "width": 0.81,
              "height": 0.03
            }
          }
        ],
        "doors": [
          {
            "type": "Door",
            "id": 12,
            "location": {
              "x": 7.52,
              "y": 7.02
            },
            "dimensions": {
              "width": 2.17,
              "height": 2.48
            }
          }
        ],
        "connected_to": []
      },
      {
        "id": 3,
        "name": "T0' CEILING",
        "shape": "Irregular",
        "dimensions": {
          "width": 0.74,
          "length": 2.83,
          "height": 2.26
        },
        "position": {
          "x": 3.03,
          "y": 6.66
        },
        "windows": [],
        "doors": [],
        "connected_to": []
      },
      {
        "id": 4,
        "name": "BRM",
        "shape": "Irregular",
        "dimensions": {
          "width": 1.59,
          "length": 1.94,
          "height": 1.55
        },
        "position": {
          "x": 7.19,
          "y": 5.07
        },
        "windows": [],
        "doors": [
          {
            "type": "Door",
            "id": 18,
            "location": {
              "x": 8.56,
              "y": 6.41
            },
            "dimensions": {
              "width": 0.1,
              "height": 0.2
            }
          },
          {
            "type": "Door",
            "id": 28,
            "location": {
              "x": 8.38,
              "y": 5.62
            },
            "dimensions": {
              "width": 0.15,
              "height": 0.18
            }
          }
        ],
        "connected_to": []
      },
      {
        "id": 5,
        "name": "12'-0 X 12",
        "shape": "Irregular",
        "dimensions": {
          "width": 1.02,
          "length": 3.18,
          "height": 2.54
        },
        "position": {
          "x": 0.37,
          "y": 4.62
        },
        "windows": [],
        "doors": [],
        "connected_to": []
      },
      {
        "id": 6,
        "name": "BA #3",
        "shape": "Irregular",
        "dimensions": {
          "width": 1.51,
          "length": 1.69,
          "height": 1.35
        },
        "position": {
          "x": 1.16,
          "y": 4.29
        },
        "windows": [],
        "doors": [
          {
            "type": "Door",
            "id": 27,
            "location": {
              "x": 2.03,
              "y": 5.65
            },
            "dimensions": {
              "width": 0.22,
              "height": 0.26
            }
          },
          {
            "type": "Door",
            "id": 29,
            "location": {
              "x": 1.68,
              "y": 5.16
            },
            "dimensions": {
              "width": 0.46,
              "height": 0.23
            }
          }
        ],
        "connected_to": []
      },
      {
        "id": 7,
        "name": "3 CAR GARAGE",
        "shape": "Rectangle",
        "dimensions": {
          "width": 2.53,
          "length": 3.41,
          "height": 2.73
        },
        "position": {
          "x": 6.77,
          "y": 0.41
        },
        "windows": [],
        "doors": [],
        "connected_to": []
      }
    ],
    "doorsAndWindows": [
      {
        "type": "Window",
        "id": 1,
        "location": {
          "x": 4.37,
          "y": 9.74
        },
        "dimensions": {
          "width": 1.41,
          "height": 0.15
        }
      },
      {
        "type": "Window",
        "id": 2,
        "location": {
          "x": 6.28,
          "y": 9.25
        },
        "dimensions": {
          "width": 0.53,
          "height": 0.25
        }
      },
      {
        "type": "Door",
        "id": 3,
        "location": {
          "x": 4.06,
          "y": 8.47
        },
        "dimensions": {
          "width": 1.69,
          "height": 1.03
        }
      },
      {
        "type": "Window",
        "id": 4,
        "location": {
          "x": 2.07,
          "y": 8.31
        },
        "dimensions": {
          "width": 5.62,
          "height": 2.31
        }
      },
      {
        "type": "Door",
        "id": 5,
        "location": {
          "x": 5.29,
          "y": 8.25
        },
        "dimensions": {
          "width": 0.27,
          "height": 0.45
        }
      },
      {
        "type": "Window",
        "id": 6,
        "location": {
          "x": 4.05,
          "y": 7.89
        },
        "dimensions": {
          "width": 0.73,
          "height": 0.28
        }
      },
      {
        "type": "Window",
        "id": 7,
        "location": {
          "x": 2.59,
          "y": 7.82
        },
        "dimensions": {
          "width": 0.37,
          "height": 0.14
        }
      },
      {
        "type": "Window",
        "id": 8,
        "location": {
          "x": 8.1,
          "y": 7.74
        },
        "dimensions": {
          "width": 0.81,
          "height": 0.03
        }
      },
      {
        "type": "Window",
        "id": 9,
        "location": {
          "x": 8.52,
          "y": 7.6
        },
        "dimensions": {
          "width": 0.3,
          "height": 0.13
        }
      },
      {
        "type": "Door",
        "id": 10,
        "location": {
          "x": 4.91,
          "y": 7.53
        },
        "dimensions": {
          "width": 0.29,
          "height": 0.32
        }
      },
      {
        "type": "Window",
        "id": 11,
        "location": {
          "x": 3.94,
          "y": 7.09
        },
        "dimensions": {
          "width": 0.82,
          "height": 0.15
        }
      },
      {
        "type": "Door",
        "id": 12,
        "location": {
          "x": 7.52,
          "y": 7.02
        },
        "dimensions": {
          "width": 2.17,
          "height": 2.48
        }
      },
      {
        "type": "Door",
        "id": 13,
        "location": {
          "x": 4.91,
          "y": 7.01
        },
        "dimensions": {
          "width": 0.27,
          "height": 0.31
        }
      },
      {
        "type": "Door",
        "id": 14,
        "location": {
          "x": 5.65,
          "y": 6.93
        },
        "dimensions": {
          "width": 0.5,
          "height": 1.05
        }
      },
      {
        "type": "Door",
        "id": 15,
        "location": {
          "x": 6.49,
          "y": 6.82
        },
        "dimensions": {
          "width": 2.49,
          "height": 1.83
        }
      },
      {
        "type": "Window",
        "id": 16,
        "location": {
          "x": 4.04,
          "y": 6.67
        },
        "dimensions": {
          "width": 0.75,
          "height": 0.31
        }
      },
      {
        "type": "Window",
        "id": 17,
        "location": {
          "x": 6.03,
          "y": 6.57
        },
        "dimensions": {
          "width": 0.51,
          "height": 0.14
        }
      },
      {
        "type": "Door",
        "id": 18,
        "location": {
          "x": 8.56,
          "y": 6.41
        },
        "dimensions": {
          "width": 0.1,
          "height": 0.2
        }
      },
      {
        "type": "Door",
        "id": 19,
        "location": {
          "x": 6.18,
          "y": 6.31
        },
        "dimensions": {
          "width": 0.34,
          "height": 0.19
        }
      },
      {
        "type": "Window",
        "id": 20,
        "location": {
          "x": 5.31,
          "y": 6.27
        },
        "dimensions": {
          "width": 1.44,
          "height": 0.43
        }
      },
      {
        "type": "Window",
        "id": 21,
        "location": {
          "x": 4.48,
          "y": 6.27
        },
        "dimensions": {
          "width": 0.82,
          "height": 0.26
        }
      },
      {
        "type": "Window",
        "id": 22,
        "location": {
          "x": 3.65,
          "y": 6.25
        },
        "dimensions": {
          "width": 0.82,
          "height": 0.27
        }
      },
      {
        "type": "Door",
        "id": 23,
        "location": {
          "x": 2.14,
          "y": 6.2
        },
        "dimensions": {
          "width": 1.74,
          "height": 3.3
        }
      },
      {
        "type": "Door",
        "id": 24,
        "location": {
          "x": 9.21,
          "y": 5.95
        },
        "dimensions": {
          "width": 0.13,
          "height": 0.44
        }
      },
      {
        "type": "Door",
        "id": 25,
        "location": {
          "x": 8.79,
          "y": 5.77
        },
        "dimensions": {
          "width": 0.81,
          "height": 0.7
        }
      },
      {
        "type": "Door",
        "id": 26,
        "location": {
          "x": 9.35,
          "y": 5.73
        },
        "dimensions": {
          "width": 0.34,
          "height": 0.97
        }
      },
      {
        "type": "Door",
        "id": 27,
        "location": {
          "x": 2.03,
          "y": 5.65
        },
        "dimensions": {
          "width": 0.22,
          "height": 0.26
        }
      },
      {
        "type": "Door",
        "id": 28,
        "location": {
          "x": 8.38,
          "y": 5.62
        },
        "dimensions": {
          "width": 0.15,
          "height": 0.18
        }
      },
      {
        "type": "Door",
        "id": 29,
        "location": {
          "x": 1.68,
          "y": 5.16
        },
        "dimensions": {
          "width": 0.46,
          "height": 0.23
        }
      },
      {
        "type": "Door",
        "id": 30,
        "location": {
          "x": 3.01,
          "y": 4.55
        },
        "dimensions": {
          "width": 0.5,
          "height": 1.1
        }
      },
      {
        "type": "Door",
        "id": 31,
        "location": {
          "x": 6.3,
          "y": 4.3
        },
        "dimensions": {
          "width": 0.74,
          "height": 2.33
        }
      },
      {
        "type": "Door",
        "id": 32,
        "location": {
          "x": 0.31,
          "y": 0.35
        },
        "dimensions": {
          "width": 9.41,
          "height": 8.29
        }
      }
    ]
  }
}