{
  "floorPlan": {
    "name": "Floor Plan 17_14.jpg",
    "units": "feet",
    "totalArea": 62.43,
    "totalRooms": 9,
    "rooms": [
      {
        "id": 1,
        "name": "STORAGE",
        "shape": "Irregular",
        "dimensions": {
          "width": 0.49,
          "length": 2.68,
          "height": 2.14
        },
        "position": {
          "x": 8.71,
          "y": 2.91
        },
        "windows": [],
        "doors": [],
        "connected_to": []
      },
      {
        "id": 2,
        "name": "STORAGE",
        "shape": "Irregular",
        "dimensions": {
          "width": 0.48,
          "length": 2.68,
          "height": 2.14
        },
        "position": {
          "x": 1.84,
          "y": 2.91
        },
        "windows": [
          {
            "type": "Window",
            "id": 36,
            "location": {
              "x": 2.28,
              "y": 4.36
            },
            "dimensions": {
              "width": 0.63,
              "height": 0.18
            }
          }
        ],
        "doors": [
          {
            "type": "Door",
            "id": 33,
            "location": {
              "x": 2.19,
              "y": 4.58
            },
            "dimensions": {
              "width": 0.12,
              "height": 0.14
            }
          }
        ],
        "connected_to": []
      },
      {
        "id": 3,
        "name": "Room_3",
        "shape": "Rectangle",
        "dimensions": {
          "width": 0.79,
          "length": 6.17,
          "height": 4.94
        },
        "position": {
          "x": 9.11,
          "y": 2.89
        },
        "windows": [],
        "doors": [],
        "connected_to": []
      },
      {
        "id": 4,
        "name": "Room_4",
        "shape": "Rectangle",
        "dimensions": {
          "width": 0.8,
          "length": 6.17,
          "height": 4.94
        },
        "position": {
          "x": 1.13,
          "y": 2.89
        },
        "windows": [],
        "doors": [
          {
            "type": "Door",
            "id": 28,
            "location": {
              "x": 1.9,
              "y": 5.78
            },
            "dimensions": {
              "width": 0.86,
              "height": 1.58
            }
          },
          {
            "type": "Door",
            "id": 34,
            "location": {
              "x": 1.23,
              "y": 4.39
            },
            "dimensions": {
              "width": 0.61,
              "height": 1.49
            }
          }
        ],
        "connected_to": []
      },
      {
        "id": 5,
        "name": "6x 10",
        "shape": "Irregular",
        "dimensions": {
          "width": 0.13,
          "length": 1.95,
          "height": 1.56
        },
        "position": {
          "x": 8.71,
          "y": 0.45
        },
        "windows": [],
        "doors": [],
        "connected_to": []
      },
      {
        "id": 6,
        "name": "6x 10",
        "shape": "Hexagon",
        "dimensions": {
          "width": 1.29,
          "length": 2.01,
          "height": 1.61
        },
        "position": {
          "x": 8.61,
          "y": 0.37
        },
        "windows": [],
        "doors": [],
        "connected_to": []
      },
      {
        "id": 7,
        "name": "I6' CEILIG",
        "shape": "Hexagon",
        "dimensions": {
          "width": 2.56,
          "length": 8.69,
          "height": 6.95
        },
        "position": {
          "x": 5.54,
          "y": 0.37
        },
        "windows": [],
        "doors": [],
        "connected_to": []
      },
      {
        "id": 8,
        "name": "16' CEILING",
        "shape": "Pentagon",
        "dimensions": {
          "width": 2.57,
          "length": 8.69,
          "height": 6.95
        },
        "position": {
          "x": 2.92,
          "y": 0.37
        },
        "windows": [
          {
            "type": "Window",
            "id": 21,
            "location": {
              "x": 3.53,
              "y": 8.03
            },
            "dimensions": {
              "width": 1.14,
              "height": 0.45
            }
          }
        ],
        "doors": [
          {
            "type": "Door",
            "id": 16,
            "location": {
              "x": 4.06,
              "y": 8.69
            },
            "dimensions": {
              "width": 0.16,
              "height": 0.21
            }
          },
          {
            "type": "Door",
            "id": 17,
            "location": {
              "x": 3.85,
              "y": 8.69
            },
            "dimensions": {
              "width": 0.19,
              "height": 0.2
            }
          },
          {
            "type": "Door",
            "id": 18,
            "location": {
              "x": 3.65,
              "y": 8.69
            },
            "dimensions": {
              "width": 0.19,
              "height": 0.2
            }
          },
          {
            "type": "Door",
            "id": 19,
            "location": {
              "x": 3.46,
              "y": 8.69
            },
            "dimensions": {
              "width": 0.17,
              "height": 0.2
            }
          },
          {
            "type": "Door",
            "id": 22,
            "location": {
              "x": 5.47,
              "y": 7.43
            },
            "dimensions": {
              "width": 0.08,
              "height": 0.85
            }
          },
          {
            "type": "Door",
            "id": 24,
            "location": {
              "x": 3.55,
              "y": 6.72
            },
            "dimensions": {
              "width": 1.02,
              "height": 1.32
            }
          },
          {
            "type": "Door",
            "id": 35,
            "location": {
              "x": 5.48,
              "y": 4.36
            },
            "dimensions": {
              "width": 0.07,
              "height": 0.62
            }
          },
          {
            "type": "Door",
            "id": 41,
            "location": {
              "x": 5.48,
              "y": 1.41
            },
            "dimensions": {
              "width": 0.07,
              "height": 0.88
            }
          },
          {
            "type": "Door",
            "id": 42,
            "location": {
              "x": 4.18,
              "y": 1.0
            },
            "dimensions": {
              "width": 0.24,
              "height": 0.25
            }
          },
          {
            "type": "Door",
            "id": 43,
            "location": {
              "x": 3.77,
              "y": 0.99
            },
            "dimensions": {
              "width": 0.26,
              "height": 0.27
            }
          },
          {
            "type": "Door",
            "id": 45,
            "location": {
              "x": 3.65,
              "y": 0.73
            },
            "dimensions": {
              "width": 1.35,
              "height": 7.24
            }
          },
          {
            "type": "Door",
            "id": 46,
            "location": {
              "x": 3.2,
              "y": 0.63
            },
            "dimensions": {
              "width": 1.53,
              "height": 7.51
            }
          }
        ],
        "connected_to": []
      },
      {
        "id": 9,
        "name": "6x10",
        "shape": "Octagon",
        "dimensions": {
          "width": 1.28,
          "length": 2.03,
          "height": 1.62
        },
        "position": {
          "x": 1.13,
          "y": 0.37
        },
        "windows": [],
        "doors": [],
        "connected_to": []
      }
    ],
    "doorsAndWindows": [
      {
        "type": "Door",
        "id": 1,
        "location": {
          "x": 3.48,
          "y": 11.39
        },
        "dimensions": {
          "width": 0.22,
          "height": 0.21
        }
      },
      {
        "type": "Door",
        "id": 2,
        "location": {
          "x": 6.93,
          "y": 11.38
        },
        "dimensions": {
          "width": 0.17,
          "height": 0.22
        }
      },
      {
        "type": "Door",
        "id": 3,
        "location": {
          "x": 6.37,
          "y": 11.37
        },
        "dimensions": {
          "width": 0.19,
          "height": 0.23
        }
      },
      {
        "type": "Door",
        "id": 4,
        "location": {
          "x": 5.81,
          "y": 11.37
        },
        "dimensions": {
          "width": 0.23,
          "height": 0.23
        }
      },
      {
        "type": "Door",
        "id": 5,
        "location": {
          "x": 5.25,
          "y": 11.37
        },
        "dimensions": {
          "width": 0.16,
          "height": 0.23
        }
      },
      {
        "type": "Door",
        "id": 6,
        "location": {
          "x": 4.58,
          "y": 11.37
        },
        "dimensions": {
          "width": 0.39,
          "height": 0.24
        }
      },
      {
        "type": "Door",
        "id": 7,
        "location": {
          "x": 4.26,
          "y": 11.37
        },
        "dimensions": {
          "width": 0.33,
          "height": 0.28
        }
      },
      {
        "type": "Door",
        "id": 8,
        "location": {
          "x": 4.67,
          "y": 11.02
        },
        "dimensions": {
          "width": 0.24,
          "height": 0.18
        }
      },
      {
        "type": "Door",
        "id": 9,
        "location": {
          "x": 6.15,
          "y": 10.96
        },
        "dimensions": {
          "width": 0.16,
          "height": 0.24
        }
      },
      {
        "type": "Door",
        "id": 10,
        "location": {
          "x": 5.81,
          "y": 10.96
        },
        "dimensions": {
          "width": 0.16,
          "height": 0.24
        }
      },
      {
        "type": "Door",
        "id": 11,
        "location": {
          "x": 5.63,
          "y": 10.96
        },
        "dimensions": {
          "width": 0.17,
          "height": 0.24
        }
      },
      {
        "type": "Door",
        "id": 12,
        "location": {
          "x": 5.18,
          "y": 10.96
        },
        "dimensions": {
          "width": 0.25,
          "height": 0.24
        }
      },
      {
        "type": "Door",
        "id": 13,
        "location": {
          "x": 5.0,
          "y": 10.96
        },
        "dimensions": {
          "width": 0.15,
          "height": 0.24
        }
      },
      {
        "type": "Window",
        "id": 14,
        "location": {
          "x": 7.71,
          "y": 9.84
        },
        "dimensions": {
          "width": 0.29,
          "height": 0.14
        }
      },
      {
        "type": "Window",
        "id": 15,
        "location": {
          "x": 7.17,
          "y": 9.83
        },
        "dimensions": {
          "width": 0.49,
          "height": 0.15
        }
      },
      {
        "type": "Door",
        "id": 16,
        "location": {
          "x": 4.06,
          "y": 8.69
        },
        "dimensions": {
          "width": 0.16,
          "height": 0.21
        }
      },
      {
        "type": "Door",
        "id": 17,
        "location": {
          "x": 3.85,
          "y": 8.69
        },
        "dimensions": {
          "width": 0.19,
          "height": 0.2
        }
      },
      {
        "type": "Door",
        "id": 18,
        "location": {
          "x": 3.65,
          "y": 8.69
        },
        "dimensions": {
          "width": 0.19,
          "height": 0.2
        }
      },
      {
        "type": "Door",
        "id": 19,
        "location": {
          "x": 3.46,
          "y": 8.69
        },
        "dimensions": {
          "width": 0.17,
          "height": 0.2
        }
      },
      {
        "type": "Door",
        "id": 20,
        "location": {
          "x": 1.95,
          "y": 8.25
        },
        "dimensions": {
          "width": 0.92,
          "height": 0.64
        }
      },
      {
        "type": "Window",
        "id": 21,
        "location": {
          "x": 3.53,
          "y": 8.03
        },
        "dimensions": {
          "width": 1.14,
          "height": 0.45
        }
      },
      {
        "type": "Door",
        "id": 22,
        "location": {
          "x": 5.47,
          "y": 7.43
        },
        "dimensions": {
          "width": 0.08,
          "height": 0.85
        }
      },
      {
        "type": "Door",
        "id": 23,
        "location": {
          "x": 0.59,
          "y": 6.75
        },
        "dimensions": {
          "width": 0.25,
          "height": 0.17
        }
      },
      {
        "type": "Door",
        "id": 24,
        "location": {
          "x": 3.55,
          "y": 6.72
        },
        "dimensions": {
          "width": 1.02,
          "height": 1.32
        }
      },
      {
        "type": "Door",
        "id": 25,
        "location": {
          "x": 0.64,
          "y": 6.55
        },
        "dimensions": {
          "width": 0.2,
          "height": 0.17
        }
      },
      {
        "type": "Door",
        "id": 26,
        "location": {
          "x": 0.68,
          "y": 6.38
        },
        "dimensions": {
          "width": 0.14,
          "height": 0.11
        }
      },
      {
        "type": "Door",
        "id": 27,
        "location": {
          "x": 0.59,
          "y": 6.04
        },
        "dimensions": {
          "width": 0.25,
          "height": 0.29
        }
      },
      {
        "type": "Door",
        "id": 28,
        "location": {
          "x": 1.9,
          "y": 5.78
        },
        "dimensions": {
          "width": 0.86,
          "height": 1.58
        }
      },
      {
        "type": "Door",
        "id": 29,
        "location": {
          "x": 1.97,
          "y": 5.75
        },
        "dimensions": {
          "width": 1.13,
          "height": 2.96
        }
      },
      {
        "type": "Door",
        "id": 30,
        "location": {
          "x": 0.6,
          "y": 5.56
        },
        "dimensions": {
          "width": 0.24,
          "height": 0.16
        }
      },
      {
        "type": "Door",
        "id": 31,
        "location": {
          "x": 0.59,
          "y": 5.36
        },
        "dimensions": {
          "width": 0.25,
          "height": 0.17
        }
      },
      {
        "type": "Door",
        "id": 32,
        "location": {
          "x": 0.59,
          "y": 4.92
        },
        "dimensions": {
          "width": 0.25,
          "height": 0.17
        }
      },
      {
        "type": "Door",
        "id": 33,
        "location": {
          "x": 2.19,
          "y": 4.58
        },
        "dimensions": {
          "width": 0.12,
          "height": 0.14
        }
      },
      {
        "type": "Door",
        "id": 34,
        "location": {
          "x": 1.23,
          "y": 4.39
        },
        "dimensions": {
          "width": 0.61,
          "height": 1.49
        }
      },
      {
        "type": "Door",
        "id": 35,
        "location": {
          "x": 5.48,
          "y": 4.36
        },
        "dimensions": {
          "width": 0.07,
          "height": 0.62
        }
      },
      {
        "type": "Window",
        "id": 36,
        "location": {
          "x": 2.28,
          "y": 4.36
        },
        "dimensions": {
          "width": 0.63,
          "height": 0.18
        }
      },
      {
        "type": "Door",
        "id": 37,
        "location": {
          "x": 0.6,
          "y": 4.09
        },
        "dimensions": {
          "width": 0.24,
          "height": 0.14
        }
      },
      {
        "type": "Door",
        "id": 38,
        "location": {
          "x": 0.59,
          "y": 3.87
        },
        "dimensions": {
          "width": 0.25,
          "height": 0.17
        }
      },
      {
        "type": "Door",
        "id": 39,
        "location": {
          "x": 0.59,
          "y": 3.42
        },
        "dimensions": {
          "width": 0.25,
          "height": 0.21
        }
      },
      {
        "type": "Door",
        "id": 40,
        "location": {
          "x": 0.6,
          "y": 3.23
        },
        "dimensions": {
          "width": 0.24,
          "height": 0.16
        }
      },
      {
        "type": "Door",
        "id": 41,
        "location": {
          "x": 5.48,
          "y": 1.41
        },
        "dimensions": {
          "width": 0.07,
          "height": 0.88
        }
      },
      {
        "type": "Door",
        "id": 42,
        "location": {
          "x": 4.18,
          "y": 1.0
        },
        "dimensions": {
          "width": 0.24,
          "height": 0.25
        }
      },
      {
        "type": "Door",
        "id": 43,
        "location": {
          "x": 3.77,
          "y": 0.99
        },
        "dimensions": {
          "width": 0.26,
          "height": 0.27
        }
      },
      {
        "type": "Door",
        "id": 44,
        "location": {
          "x": 2.67,
          "y": 0.8
        },
        "dimensions": {
          "width": 0.56,
          "height": 2.76
        }
      },
      {
        "type": "Door",
        "id": 45,
        "location": {
          "x": 3.65,
          "y": 0.73
        },
        "dimensions": {
          "width": 1.35,
          "height": 7.24
        }
      },
      {
        "type": "Door",
        "id": 46,
        "location": {
          "x": 3.2,
          "y": 0.63
        },
        "dimensions": {
          "width": 1.53,
          "height": 7.51
        }
      },
      {
        "type": "Door",
        "id": 47,
        "location": {
          "x": 1.08,
          "y": 0.3
        },
        "dimensions": {
          "width": 8.88,
          "height": 10.5
        }
      }
    ]
  }
}