{
  "floorPlan": {
    "name": "Floor Plan 17_1.jpg",
    "units": "feet",
    "totalArea": 80.42,
    "totalRooms": 13,
    "rooms": [
      {
        "id": 1,
        "name": "Room_1",
        "shape": "Pentagon",
        "dimensions": {
          "width": 0.55,
          "length": 4.02,
          "height": 3.22
        },
        "position": {
          "x": 7.17,
          "y": 6.63
        },
        "windows": [],
        "doors": [],
        "connected_to": []
      },
      {
        "id": 2,
        "name": "Room_2",
        "shape": "Pentagon",
        "dimensions": {
          "width": 0.55,
          "length": 4.02,
          "height": 3.22
        },
        "position": {
          "x": 2.53,
          "y": 6.63
        },
        "windows": [],
        "doors": [],
        "connected_to": []
      },
      {
        "id": 3,
        "name": "Room_3",
        "shape": "Rectangle",
        "dimensions": {
          "width": 0.32,
          "length": 3.53,
          "height": 2.82
        },
        "position": {
          "x": 9.79,
          "y": 5.99
        },
        "windows": [],
        "doors": [],
        "connected_to": []
      },
      {
        "id": 4,
        "name": "Room_4",
        "shape": "Rectangle",
        "dimensions": {
          "width": 0.32,
          "length": 3.53,
          "height": 2.82
        },
        "position": {
          "x": 0.14,
          "y": 5.99
        },
        "windows": [],
        "doors": [],
        "connected_to": []
      },
      {
        "id": 5,
        "name": "6' CLG.",
        "shape": "Octagon",
        "dimensions": {
          "width": 1.98,
          "length": 1.93,
          "height": 1.58
        },
        "position": {
          "x": 8.13,
          "y": 3.63
        },
        "windows": [],
        "doors": [],
        "connected_to": []
      },
      {
        "id": 6,
        "name": "6' CLG.",
        "shape": "Octagon",
        "dimensions": {
          "width": 1.98,
          "length": 1.93,
          "height": 1.58
        },
        "position": {
          "x": 0.14,
          "y": 3.63
        },
        "windows": [],
        "doors": [
          {
            "type": "Door",
            "id": 11,
            "location": {
              "x": 0.98,
              "y": 5.56
            },
            "dimensions": {
              "width": 0.43,
              "height": 0.11
            }
          },
          {
            "type": "Door",
            "id": 14,
            "location": {
              "x": 0.7,
              "y": 5.43
            },
            "dimensions": {
              "width": 0.34,
              "height": 0.11
            }
          }
        ],
        "connected_to": []
      },
      {
        "id": 7,
        "name": "Room_7",
        "shape": "Rectangle",
        "dimensions": {
          "width": 0.28,
          "length": 1.61,
          "height": 1.29
        },
        "position": {
          "x": 7.34,
          "y": 1.3
        },
        "windows": [],
        "doors": [],
        "connected_to": []
      },
      {
        "id": 8,
        "name": "Room_8",
        "shape": "Rectangle",
        "dimensions": {
          "width": 0.28,
          "length": 1.61,
          "height": 1.29
        },
        "position": {
          "x": 2.63,
          "y": 1.3
        },
        "windows": [],
        "doors": [],
        "connected_to": []
      },
      {
        "id": 9,
        "name": "8' CLG.",
        "shape": "Irregular",
        "dimensions": {
          "width": 1.98,
          "length": 3.03,
          "height": 2.42
        },
        "position": {
          "x": 8.13,
          "y": 0.17
        },
        "windows": [],
        "doors": [],
        "connected_to": []
      },
      {
        "id": 10,
        "name": "BEDROOM3",
        "shape": "Rectangle",
        "dimensions": {
          "width": 0.84,
          "length": 1.41,
          "height": 1.13
        },
        "position": {
          "x": 8.06,
          "y": 0.17
        },
        "windows": [],
        "doors": [],
        "connected_to": []
      },
      {
        "id": 11,
        "name": "MCLOs",
        "shape": "Irregular",
        "dimensions": {
          "width": 4.85,
          "length": 10.48,
          "height": 8.38
        },
        "position": {
          "x": 2.7,
          "y": 0.17
        },
        "windows": [
          {
            "type": "Window",
            "id": 3,
            "location": {
              "x": 5.9,
              "y": 8.46
            },
            "dimensions": {
              "width": 0.86,
              "height": 0.17
            }
          },
          {
            "type": "Window",
            "id": 5,
            "location": {
              "x": 5.4,
              "y": 6.78
            },
            "dimensions": {
              "width": 0.42,
              "height": 0.15
            }
          },
          {
            "type": "Window",
            "id": 8,
            "location": {
              "x": 5.39,
              "y": 6.23
            },
            "dimensions": {
              "width": 0.98,
              "height": 0.17
            }
          }
        ],
        "doors": [
          {
            "type": "Door",
            "id": 1,
            "location": {
              "x": 6.22,
              "y": 9.22
            },
            "dimensions": {
              "width": 0.27,
              "height": 1.38
            }
          },
          {
            "type": "Door",
            "id": 2,
            "location": {
              "x": 3.79,
              "y": 9.22
            },
            "dimensions": {
              "width": 0.27,
              "height": 1.38
            }
          },
          {
            "type": "Door",
            "id": 6,
            "location": {
              "x": 5.6,
              "y": 6.42
            },
            "dimensions": {
              "width": 0.2,
              "height": 0.13
            }
          },
          {
            "type": "Door",
            "id": 12,
            "location": {
              "x": 5.6,
              "y": 5.55
            },
            "dimensions": {
              "width": 0.2,
              "height": 0.12
            }
          },
          {
            "type": "Door",
            "id": 13,
            "location": {
              "x": 4.08,
              "y": 5.55
            },
            "dimensions": {
              "width": 0.2,
              "height": 0.12
            }
          },
          {
            "type": "Door",
            "id": 15,
            "location": {
              "x": 4.73,
              "y": 4.54
            },
            "dimensions": {
              "width": 0.25,
              "height": 0.31
            }
          },
          {
            "type": "Door",
            "id": 16,
            "location": {
              "x": 6.16,
              "y": 4.5
            },
            "dimensions": {
              "width": 0.28,
              "height": 0.3
            }
          },
          {
            "type": "Door",
            "id": 17,
            "location": {
              "x": 5.87,
              "y": 4.3
            },
            "dimensions": {
              "width": 0.13,
              "height": 0.23
            }
          },
          {
            "type": "Door",
            "id": 18,
            "location": {
              "x": 6.67,
              "y": 4.29
            },
            "dimensions": {
              "width": 0.38,
              "height": 0.33
            }
          },
          {
            "type": "Door",
            "id": 19,
            "location": {
              "x": 4.47,
              "y": 4.28
            },
            "dimensions": {
              "width": 0.12,
              "height": 0.23
            }
          },
          {
            "type": "Door",
            "id": 20,
            "location": {
              "x": 5.88,
              "y": 3.95
            },
            "dimensions": {
              "width": 0.12,
              "height": 0.2
            }
          },
          {
            "type": "Door",
            "id": 21,
            "location": {
              "x": 5.68,
              "y": 3.83
            },
            "dimensions": {
              "width": 0.24,
              "height": 0.8
            }
          },
          {
            "type": "Door",
            "id": 22,
            "location": {
              "x": 4.27,
              "y": 3.82
            },
            "dimensions": {
              "width": 0.17,
              "height": 0.82
            }
          },
          {
            "type": "Door",
            "id": 23,
            "location": {
              "x": 7.03,
              "y": 3.6
            },
            "dimensions": {
              "width": 0.17,
              "height": 0.7
            }
          },
          {
            "type": "Door",
            "id": 24,
            "location": {
              "x": 4.74,
              "y": 3.6
            },
            "dimensions": {
              "width": 0.24,
              "height": 0.32
            }
          },
          {
            "type": "Door",
            "id": 28,
            "location": {
              "x": 3.16,
              "y": 2.13
            },
            "dimensions": {
              "width": 1.51,
              "height": 0.2
            }
          }
        ],
        "connected_to": []
      },
      {
        "id": 12,
        "name": "BEDROOM3",
        "shape": "Rectangle",
        "dimensions": {
          "width": 0.84,
          "length": 1.41,
          "height": 1.13
        },
        "position": {
          "x": 1.35,
          "y": 0.17
        },
        "windows": [],
        "doors": [],
        "connected_to": []
      },
      {
        "id": 13,
        "name": "6' CLG:",
        "shape": "Irregular",
        "dimensions": {
          "width": 1.98,
          "length": 3.03,
          "height": 2.42
        },
        "position": {
          "x": 0.14,
          "y": 0.17
        },
        "windows": [],
        "doors": [
          {
            "type": "Door",
            "id": 26,
            "location": {
              "x": 1.58,
              "y": 2.21
            },
            "dimensions": {
              "width": 0.24,
              "height": 0.6
            }
          },
          {
            "type": "Door",
            "id": 27,
            "location": {
              "x": 1.07,
              "y": 2.17
            },
            "dimensions": {
              "width": 0.44,
              "height": 0.85
            }
          }
        ],
        "connected_to": []
      }
    ],
    "doorsAndWindows": [
      {
        "type": "Door",
        "id": 1,
        "location": {
          "x": 6.22,
          "y": 9.22
        },
        "dimensions": {
          "width": 0.27,
          "height": 1.38
        }
      },
      {
        "type": "Door",
        "id": 2,
        "location": {
          "x": 3.79,
          "y": 9.22
        },
        "dimensions": {
          "width": 0.27,
          "height": 1.38
        }
      },
      {
        "type": "Window",
        "id": 3,
        "location": {
          "x": 5.9,
          "y": 8.46
        },
        "dimensions": {
          "width": 0.86,
          "height": 0.17
        }
      },
      {
        "type": "Door",
        "id": 4,
        "location": {
          "x": 0.69,
          "y": 7.9
        },
        "dimensions": {
          "width": 1.53,
          "height": 0.2
        }
      },
      {
        "type": "Window",
        "id": 5,
        "location": {
          "x": 5.4,
          "y": 6.78
        },
        "dimensions": {
          "width": 0.42,
          "height": 0.15
        }
      },
      {
        "type": "Door",
        "id": 6,
        "location": {
          "x": 5.6,
          "y": 6.42
        },
        "dimensions": {
          "width": 0.2,
          "height": 0.13
        }
      },
      {
        "type": "Door",
        "id": 7,
        "location": {
          "x": 1.3,
          "y": 6.27
        },
        "dimensions": {
          "width": 0.1,
          "height": 0.17
        }
      },
      {
        "type": "Window",
        "id": 8,
        "location": {
          "x": 5.39,
          "y": 6.23
        },
        "dimensions": {
          "width": 0.98,
          "height": 0.17
        }
      },
      {
        "type": "Door",
        "id": 9,
        "location": {
          "x": 1.05,
          "y": 6.05
        },
        "dimensions": {
          "width": 0.81,
          "height": 0.19
        }
      },
      {
        "type": "Door",
        "id": 10,
        "location": {
          "x": 0.86,
          "y": 5.78
        },
        "dimensions": {
          "width": 1.16,
          "height": 0.21
        }
      },
      {
        "type": "Door",
        "id": 11,
        "location": {
          "x": 0.98,
          "y": 5.56
        },
        "dimensions": {
          "width": 0.43,
          "height": 0.11
        }
      },
      {
        "type": "Door",
        "id": 12,
        "location": {
          "x": 5.6,
          "y": 5.55
        },
        "dimensions": {
          "width": 0.2,
          "height": 0.12
        }
      },
      {
        "type": "Door",
        "id": 13,
        "location": {
          "x": 4.08,
          "y": 5.55
        },
        "dimensions": {
          "width": 0.2,
          "height": 0.12
        }
      },
      {
        "type": "Door",
        "id": 14,
        "location": {
          "x": 0.7,
          "y": 5.43
        },
        "dimensions": {
          "width": 0.34,
          "height": 0.11
        }
      },
      {
        "type": "Door",
        "id": 15,
        "location": {
          "x": 4.73,
          "y": 4.54
        },
        "dimensions": {
          "width": 0.25,
          "height": 0.31
        }
      },
      {
        "type": "Door",
        "id": 16,
        "location": {
          "x": 6.16,
          "y": 4.5
        },
        "dimensions": {
          "width": 0.28,
          "height": 0.3
        }
      },
      {
        "type": "Door",
        "id": 17,
        "location": {
          "x": 5.87,
          "y": 4.3
        },
        "dimensions": {
          "width": 0.13,
          "height": 0.23
        }
      },
      {
        "type": "Door",
        "id": 18,
        "location": {
          "x": 6.67,
          "y": 4.29
        },
        "dimensions": {
          "width": 0.38,
          "height": 0.33
        }
      },
      {
        "type": "Door",
        "id": 19,
        "location": {
          "x": 4.47,
          "y": 4.28
        },
        "dimensions": {
          "width": 0.12,
          "height": 0.23
        }
      },
      {
        "type": "Door",
        "id": 20,
        "location": {
          "x": 5.88,
          "y": 3.95
        },
        "dimensions": {
          "width": 0.12,
          "height": 0.2
        }
      },
      {
        "type": "Door",
        "id": 21,
        "location": {
          "x": 5.68,
          "y": 3.83
        },
        "dimensions": {
          "width": 0.24,
          "height": 0.8
        }
      },
      {
        "type": "Door",
        "id": 22,
        "location": {
          "x": 4.27,
          "y": 3.82
        },
        "dimensions": {
          "width": 0.17,
          "height": 0.82
        }
      },
      {
        "type": "Door",
        "id": 23,
        "location": {
          "x": 7.03,
          "y": 3.6
        },
        "dimensions": {
          "width": 0.17,
          "height": 0.7
        }
      },
      {
        "type": "Door",
        "id": 24,
        "location": {
          "x": 4.74,
          "y": 3.6
        },
        "dimensions": {
          "width": 0.24,
          "height": 0.32
        }
      },
      {
        "type": "Door",
        "id": 25,
        "location": {
          "x": 2.25,
          "y": 2.87
        },
        "dimensions": {
          "width": 0.19,
          "height": 0.58
        }
      },
      {
        "type": "Door",
        "id": 26,
        "location": {
          "x": 1.58,
          "y": 2.21
        },
        "dimensions": {
          "width": 0.24,
          "height": 0.6
        }
      },
      {
        "type": "Door",
        "id": 27,
        "location": {
          "x": 1.07,
          "y": 2.17
        },
        "dimensions": {
          "width": 0.44,
          "height": 0.85
        }
      },
      {
        "type": "Door",
        "id": 28,
        "location": {
          "x": 3.16,
          "y": 2.13
        },
        "dimensions": {
          "width": 1.51,
          "height": 0.2
        }
      },
      {
        "type": "Door",
        "id": 29,
        "location": {
          "x": 0.1,
          "y": 0.12
        },
        "dimensions": {
          "width": 10.05,
          "height": 10.55
        }
      }
    ]
  }
}