{
  "floorPlan": {
    "name": "Floor Plan 17_16.jpg",
    "units": "feet",
    "totalArea": 56.7,
    "totalRooms": 7,
    "rooms": [
      {
        "id": 1,
        "name": "Clg:",
        "shape": "Rectangle",
        "dimensions": {
          "width": 0.73,
          "length": 1.83,
          "height": 1.46
        },
        "position": {
          "x": 7.76,
          "y": 5.75
        },
        "windows": [],
        "doors": [
          {
            "type": "Door",
            "id": 37,
            "location": {
              "x": 8.43,
              "y": 6.16
            },
            "dimensions": {
              "width": 0.14,
              "height": 0.17
            }
          }
        ],
        "connected_to": [
          5
        ]
      },
      {
        "id": 2,
        "name": "9' Clg: Ht:",
        "shape": "Rectangle",
        "dimensions": {
          "width": 0.73,
          "length": 1.83,
          "height": 1.46
        },
        "position": {
          "x": 1.75,
          "y": 5.75
        },
        "windows": [],
        "doors": [],
        "connected_to": []
      },
      {
        "id": 3,
        "name": "Ht;",
        "shape": "Rectangle",
        "dimensions": {
          "width": 0.73,
          "length": 2.3,
          "height": 1.84
        },
        "position": {
          "x": 6.56,
          "y": 5.28
        },
        "windows": [],
        "doors": [
          {
            "type": "Door",
            "id": 17,
            "location": {
              "x": 6.58,
              "y": 6.56
            },
            "dimensions": {
              "width": 0.11,
              "height": 0.16
            }
          }
        ],
        "connected_to": [
          6
        ]
      },
      {
        "id": 4,
        "name": "Bedroom 2",
        "shape": "Rectangle",
        "dimensions": {
          "width": 0.72,
          "length": 2.3,
          "height": 1.84
        },
        "position": {
          "x": 2.95,
          "y": 5.28
        },
        "windows": [],
        "doors": [
          {
            "type": "Door",
            "id": 28,
            "location": {
              "x": 3.53,
              "y": 6.36
            },
            "dimensions": {
              "width": 0.28,
              "height": 0.17
            }
          }
        ],
        "connected_to": [
          6
        ]
      },
      {
        "id": 5,
        "name": "&-Baths-6",
        "shape": "Irregular",
        "dimensions": {
          "width": 2.35,
          "length": 5.69,
          "height": 4.55
        },
        "position": {
          "x": 7.82,
          "y": 1.89
        },
        "windows": [
          {
            "type": "Window",
            "id": 62,
            "location": {
              "x": 8.71,
              "y": 3.52
            },
            "dimensions": {
              "width": 0.93,
              "height": 0.26
            }
          }
        ],
        "doors": [
          {
            "type": "Door",
            "id": 22,
            "location": {
              "x": 9.42,
              "y": 6.39
            },
            "dimensions": {
              "width": 0.11,
              "height": 0.16
            }
          },
          {
            "type": "Door",
            "id": 32,
            "location": {
              "x": 9.22,
              "y": 6.2
            },
            "dimensions": {
              "width": 0.18,
              "height": 0.13
            }
          },
          {
            "type": "Door",
            "id": 33,
            "location": {
              "x": 9.08,
              "y": 6.2
            },
            "dimensions": {
              "width": 0.13,
              "height": 0.14
            }
          },
          {
            "type": "Door",
            "id": 34,
            "location": {
              "x": 8.94,
              "y": 6.2
            },
            "dimensions": {
              "width": 0.13,
              "height": 0.14
            }
          },
          {
            "type": "Door",
            "id": 35,
            "location": {
              "x": 8.58,
              "y": 6.2
            },
            "dimensions": {
              "width": 0.12,
              "height": 0.14
            }
          },
          {
            "type": "Door",
            "id": 36,
            "location": {
              "x": 8.71,
              "y": 6.16
            },
            "dimensions": {
              "width": 0.14,
              "height": 0.18
            }
          },
          {
            "type": "Door",
            "id": 37,
            "location": {
              "x": 8.43,
              "y": 6.16
            },
            "dimensions": {
              "width": 0.14,
              "height": 0.17
            }
          },
          {
            "type": "Door",
            "id": 49,
            "location": {
              "x": 9.38,
              "y": 4.85
            },
            "dimensions": {
              "width": 0.18,
              "height": 0.1
            }
          },
          {
            "type": "Door",
            "id": 50,
            "location": {
              "x": 9.01,
              "y": 4.84
            },
            "dimensions": {
              "width": 0.24,
              "height": 0.29
            }
          },
          {
            "type": "Door",
            "id": 55,
            "location": {
              "x": 7.9,
              "y": 4.42
            },
            "dimensions": {
              "width": 0.37,
              "height": 0.72
            }
          },
          {
            "type": "Door",
            "id": 58,
            "location": {
              "x": 8.37,
              "y": 4.33
            },
            "dimensions": {
              "width": 0.31,
              "height": 0.37
            }
          },
          {
            "type": "Door",
            "id": 76,
            "location": {
              "x": 8.98,
              "y": 2.41
            },
            "dimensions": {
              "width": 0.12,
              "height": 0.14
            }
          },
          {
            "type": "Door",
            "id": 77,
            "location": {
              "x": 8.43,
              "y": 2.37
            },
            "dimensions": {
              "width": 0.2,
              "height": 0.17
            }
          }
        ],
        "connected_to": [
          1
        ]
      },
      {
        "id": 6,
        "name": "8",
        "shape": "Irregular",
        "dimensions": {
          "width": 4.22,
          "length": 5.69,
          "height": 4.55
        },
        "position": {
          "x": 3.01,
          "y": 1.89
        },
        "windows": [
          {
            "type": "Window",
            "id": 60,
            "location": {
              "x": 5.17,
              "y": 4.31
            },
            "dimensions": {
              "width": 0.37,
              "height": 0.14
            }
          },
          {
            "type": "Window",
            "id": 61,
            "location": {
              "x": 4.69,
              "y": 4.31
            },
            "dimensions": {
              "width": 0.38,
              "height": 0.14
            }
          }
        ],
        "doors": [
          {
            "type": "Door",
            "id": 15,
            "location": {
              "x": 4.47,
              "y": 6.58
            },
            "dimensions": {
              "width": 0.18,
              "height": 0.16
            }
          },
          {
            "type": "Door",
            "id": 16,
            "location": {
              "x": 3.82,
              "y": 6.58
            },
            "dimensions": {
              "width": 0.17,
              "height": 0.16
            }
          },
          {
            "type": "Door",
            "id": 17,
            "location": {
              "x": 6.58,
              "y": 6.56
            },
            "dimensions": {
              "width": 0.11,
              "height": 0.16
            }
          },
          {
            "type": "Door",
            "id": 18,
            "location": {
              "x": 5.74,
              "y": 6.56
            },
            "dimensions": {
              "width": 0.3,
              "height": 0.16
            }
          },
          {
            "type": "Door",
            "id": 19,
            "location": {
              "x": 4.32,
              "y": 6.4
            },
            "dimensions": {
              "width": 0.18,
              "height": 0.13
            }
          },
          {
            "type": "Door",
            "id": 20,
            "location": {
              "x": 4.18,
              "y": 6.4
            },
            "dimensions": {
              "width": 0.13,
              "height": 0.13
            }
          },
          {
            "type": "Door",
            "id": 21,
            "location": {
              "x": 4.04,
              "y": 6.4
            },
            "dimensions": {
              "width": 0.13,
              "height": 0.13
            }
          },
          {
            "type": "Door",
            "id": 23,
            "location": {
              "x": 6.36,
              "y": 6.38
            },
            "dimensions": {
              "width": 0.19,
              "height": 0.13
            }
          },
          {
            "type": "Door",
            "id": 24,
            "location": {
              "x": 6.22,
              "y": 6.38
            },
            "dimensions": {
              "width": 0.13,
              "height": 0.14
            }
          },
          {
            "type": "Door",
            "id": 25,
            "location": {
              "x": 6.09,
              "y": 6.38
            },
            "dimensions": {
              "width": 0.12,
              "height": 0.14
            }
          },
          {
            "type": "Door",
            "id": 26,
            "location": {
              "x": 5.73,
              "y": 6.38
            },
            "dimensions": {
              "width": 0.12,
              "height": 0.14
            }
          },
          {
            "type": "Door",
            "id": 27,
            "location": {
              "x": 3.82,
              "y": 6.36
            },
            "dimensions": {
              "width": 0.12,
              "height": 0.17
            }
          },
          {
            "type": "Door",
            "id": 28,
            "location": {
              "x": 3.53,
              "y": 6.36
            },
            "dimensions": {
              "width": 0.28,
              "height": 0.17
            }
          },
          {
            "type": "Door",
            "id": 29,
            "location": {
              "x": 5.86,
              "y": 6.34
            },
            "dimensions": {
              "width": 0.12,
              "height": 0.18
            }
          },
          {
            "type": "Door",
            "id": 30,
            "location": {
              "x": 5.57,
              "y": 6.34
            },
            "dimensions": {
              "width": 0.15,
              "height": 0.17
            }
          },
          {
            "type": "Door",
            "id": 48,
            "location": {
              "x": 3.97,
              "y": 5.04
            },
            "dimensions": {
              "width": 0.19,
              "height": 0.12
            }
          },
          {
            "type": "Door",
            "id": 52,
            "location": {
              "x": 5.23,
              "y": 4.71
            },
            "dimensions": {
              "width": 0.11,
              "height": 0.28
            }
          },
          {
            "type": "Door",
            "id": 54,
            "location": {
              "x": 4.32,
              "y": 4.45
            },
            "dimensions": {
              "width": 0.25,
              "height": 0.25
            }
          },
          {
            "type": "Door",
            "id": 56,
            "location": {
              "x": 6.13,
              "y": 4.34
            },
            "dimensions": {
              "width": 0.29,
              "height": 0.24
            }
          },
          {
            "type": "Door",
            "id": 57,
            "location": {
              "x": 3.81,
              "y": 4.34
            },
            "dimensions": {
              "width": 0.3,
              "height": 0.24
            }
          },
          {
            "type": "Door",
            "id": 63,
            "location": {
              "x": 6.74,
              "y": 2.99
            },
            "dimensions": {
              "width": 0.18,
              "height": 0.17
            }
          },
          {
            "type": "Door",
            "id": 65,
            "location": {
              "x": 6.84,
              "y": 2.8
            },
            "dimensions": {
              "width": 0.18,
              "height": 0.14
            }
          },
          {
            "type": "Door",
            "id": 66,
            "location": {
              "x": 6.7,
              "y": 2.8
            },
            "dimensions": {
              "width": 0.13,
              "height": 0.14
            }
          },
          {
            "type": "Door",
            "id": 67,
            "location": {
              "x": 6.56,
              "y": 2.8
            },
            "dimensions": {
              "width": 0.13,
              "height": 0.14
            }
          },
          {
            "type": "Door",
            "id": 68,
            "location": {
              "x": 6.13,
              "y": 2.8
            },
            "dimensions": {
              "width": 0.12,
              "height": 0.14
            }
          },
          {
            "type": "Door",
            "id": 69,
            "location": {
              "x": 4.37,
              "y": 2.79
            },
            "dimensions": {
              "width": 0.18,
              "height": 0.13
            }
          },
          {
            "type": "Door",
            "id": 70,
            "location": {
              "x": 4.23,
              "y": 2.79
            },
            "dimensions": {
              "width": 0.12,
              "height": 0.13
            }
          },
          {
            "type": "Door",
            "id": 71,
            "location": {
              "x": 4.09,
              "y": 2.79
            },
            "dimensions": {
              "width": 0.13,
              "height": 0.13
            }
          },
          {
            "type": "Door",
            "id": 72,
            "location": {
              "x": 6.4,
              "y": 2.76
            },
            "dimensions": {
              "width": 0.15,
              "height": 0.18
            }
          },
          {
            "type": "Door",
            "id": 73,
            "location": {
              "x": 5.75,
              "y": 2.76
            },
            "dimensions": {
              "width": 0.16,
              "height": 0.18
            }
          },
          {
            "type": "Door",
            "id": 74,
            "location": {
              "x": 3.93,
              "y": 2.75
            },
            "dimensions": {
              "width": 0.15,
              "height": 0.17
            }
          },
          {
            "type": "Door",
            "id": 75,
            "location": {
              "x": 3.27,
              "y": 2.74
            },
            "dimensions": {
              "width": 0.16,
              "height": 0.18
            }
          }
        ],
        "connected_to": [
          3,
          4
        ]
      },
      {
        "id": 7,
        "name": "8Both5-6",
        "shape": "Irregular",
        "dimensions": {
          "width": 2.34,
          "length": 5.69,
          "height": 4.55
        },
        "position": {
          "x": 0.07,
          "y": 1.89
        },
        "windows": [
          {
            "type": "Window",
            "id": 64,
            "location": {
              "x": 1.05,
              "y": 2.88
            },
            "dimensions": {
              "width": 0.97,
              "height": 0.34
            }
          }
        ],
        "doors": [
          {
            "type": "Door",
            "id": 31,
            "location": {
              "x": 1.65,
              "y": 6.34
            },
            "dimensions": {
              "width": 0.11,
              "height": 0.16
            }
          },
          {
            "type": "Door",
            "id": 38,
            "location": {
              "x": 1.44,
              "y": 6.16
            },
            "dimensions": {
              "width": 0.19,
              "height": 0.13
            }
          },
          {
            "type": "Door",
            "id": 39,
            "location": {
              "x": 1.3,
              "y": 6.16
            },
            "dimensions": {
              "width": 0.13,
              "height": 0.13
            }
          },
          {
            "type": "Door",
            "id": 40,
            "location": {
              "x": 1.17,
              "y": 6.16
            },
            "dimensions": {
              "width": 0.12,
              "height": 0.13
            }
          },
          {
            "type": "Door",
            "id": 41,
            "location": {
              "x": 0.81,
              "y": 6.12
            },
            "dimensions": {
              "width": 0.25,
              "height": 0.17
            }
          },
          {
            "type": "Door",
            "id": 42,
            "location": {
              "x": 0.65,
              "y": 6.12
            },
            "dimensions": {
              "width": 0.15,
              "height": 0.17
            }
          },
          {
            "type": "Door",
            "id": 43,
            "location": {
              "x": 1.74,
              "y": 5.75
            },
            "dimensions": {
              "width": 0.74,
              "height": 1.83
            }
          },
          {
            "type": "Door",
            "id": 51,
            "location": {
              "x": 0.99,
              "y": 4.84
            },
            "dimensions": {
              "width": 0.24,
              "height": 0.29
            }
          },
          {
            "type": "Door",
            "id": 53,
            "location": {
              "x": 2.01,
              "y": 4.71
            },
            "dimensions": {
              "width": 0.11,
              "height": 0.28
            }
          },
          {
            "type": "Door",
            "id": 59,
            "location": {
              "x": 1.56,
              "y": 4.33
            },
            "dimensions": {
              "width": 0.28,
              "height": 0.37
            }
          },
          {
            "type": "Door",
            "id": 78,
            "location": {
              "x": 0.98,
              "y": 2.33
            },
            "dimensions": {
              "width": 0.15,
              "height": 0.17
            }
          },
          {
            "type": "Door",
            "id": 79,
            "location": {
              "x": 0.86,
              "y": 1.96
            },
            "dimensions": {
              "width": 0.4,
              "height": 0.26
            }
          }
        ],
        "connected_to": []
      }
    ],
    "doorsAndWindows": [
      {
        "type": "Door",
        "id": 1,
        "location": {
          "x": 7.75,
          "y": 8.17
        },
        "dimensions": {
          "width": 0.1,
          "height": 0.15
        }
      },
      {
        "type": "Door",
        "id": 2,
        "location": {
          "x": 7.25,
          "y": 8.17
        },
        "dimensions": {
          "width": 0.1,
          "height": 0.15
        }
      },
      {
        "type": "Door",
        "id": 3,
        "location": {
          "x": 7.08,
          "y": 8.17
        },
        "dimensions": {
          "width": 0.17,
          "height": 0.15
        }
      },
      {
        "type": "Door",
        "id": 4,
        "location": {
          "x": 2.79,
          "y": 8.17
        },
        "dimensions": {
          "width": 0.27,
          "height": 0.15
        }
      },
      {
        "type": "Door",
        "id": 5,
        "location": {
          "x": 2.47,
          "y": 8.17
        },
        "dimensions": {
          "width": 0.1,
          "height": 0.15
        }
      },
      {
        "type": "Door",
        "id": 6,
        "location": {
          "x": 2.29,
          "y": 8.17
        },
        "dimensions": {
          "width": 0.1,
          "height": 0.15
        }
      },
      {
        "type": "Door",
        "id": 7,
        "location": {
          "x": 7.31,
          "y": 7.97
        },
        "dimensions": {
          "width": 0.12,
          "height": 0.12
        }
      },
      {
        "type": "Door",
        "id": 8,
        "location": {
          "x": 2.52,
          "y": 7.97
        },
        "dimensions": {
          "width": 0.12,
          "height": 0.12
        }
      },
      {
        "type": "Door",
        "id": 9,
        "location": {
          "x": 7.17,
          "y": 7.93
        },
        "dimensions": {
          "width": 0.15,
          "height": 0.16
        }
      },
      {
        "type": "Door",
        "id": 10,
        "location": {
          "x": 2.38,
          "y": 7.93
        },
        "dimensions": {
          "width": 0.13,
          "height": 0.16
        }
      },
      {
        "type": "Door",
        "id": 11,
        "location": {
          "x": 7.2,
          "y": 7.7
        },
        "dimensions": {
          "width": 0.24,
          "height": 0.13
        }
      },
      {
        "type": "Door",
        "id": 12,
        "location": {
          "x": 2.41,
          "y": 7.7
        },
        "dimensions": {
          "width": 0.12,
          "height": 0.13
        }
      },
      {
        "type": "Door",
        "id": 13,
        "location": {
          "x": 7.76,
          "y": 7.67
        },
        "dimensions": {
          "width": 0.11,
          "height": 0.16
        }
      },
      {
        "type": "Door",
        "id": 14,
        "location": {
          "x": 2.97,
          "y": 7.67
        },
        "dimensions": {
          "width": 0.11,
          "height": 0.16
        }
      },
      {
        "type": "Door",
        "id": 15,
        "location": {
          "x": 4.47,
          "y": 6.58
        },
        "dimensions": {
          "width": 0.18,
          "height": 0.16
        }
      },
      {
        "type": "Door",
        "id": 16,
        "location": {
          "x": 3.82,
          "y": 6.58
        },
        "dimensions": {
          "width": 0.17,
          "height": 0.16
        }
      },
      {
        "type": "Door",
        "id": 17,
        "location": {
          "x": 6.58,
          "y": 6.56
        },
        "dimensions": {
          "width": 0.11,
          "height": 0.16
        }
      },
      {
        "type": "Door",
        "id": 18,
        "location": {
          "x": 5.74,
          "y": 6.56
        },
        "dimensions": {
          "width": 0.3,
          "height": 0.16
        }
      },
      {
        "type": "Door",
        "id": 19,
        "location": {
          "x": 4.32,
          "y": 6.4
        },
        "dimensions": {
          "width": 0.18,
          "height": 0.13
        }
      },
      {
        "type": "Door",
        "id": 20,
        "location": {
          "x": 4.18,
          "y": 6.4
        },
        "dimensions": {
          "width": 0.13,
          "height": 0.13
        }
      },
      {
        "type": "Door",
        "id": 21,
        "location": {
          "x": 4.04,
          "y": 6.4
        },
        "dimensions": {
          "width": 0.13,
          "height": 0.13
        }
      },
      {
        "type": "Door",
        "id": 22,
        "location": {
          "x": 9.42,
          "y": 6.39
        },
        "dimensions": {
          "width": 0.11,
          "height": 0.16
        }
      },
      {
        "type": "Door",
        "id": 23,
        "location": {
          "x": 6.36,
          "y": 6.38
        },
        "dimensions": {
          "width": 0.19,
          "height": 0.13
        }
      },
      {
        "type": "Door",
        "id": 24,
        "location": {
          "x": 6.22,
          "y": 6.38
        },
        "dimensions": {
          "width": 0.13,
          "height": 0.14
        }
      },
      {
        "type": "Door",
        "id": 25,
        "location": {
          "x": 6.09,
          "y": 6.38
        },
        "dimensions": {
          "width": 0.12,
          "height": 0.14
        }
      },
      {
        "type": "Door",
        "id": 26,
        "location": {
          "x": 5.73,
          "y": 6.38
        },
        "dimensions": {
          "width": 0.12,
          "height": 0.14
        }
      },
      {
        "type": "Door",
        "id": 27,
        "location": {
          "x": 3.82,
          "y": 6.36
        },
        "dimensions": {
          "width": 0.12,
          "height": 0.17
        }
      },
      {
        "type": "Door",
        "id": 28,
        "location": {
          "x": 3.53,
          "y": 6.36
        },
        "dimensions": {
          "width": 0.28,
          "height": 0.17
        }
      },
      {
        "type": "Door",
        "id": 29,
        "location": {
          "x": 5.86,
          "y": 6.34
        },
        "dimensions": {
          "width": 0.12,
          "height": 0.18
        }
      },
      {
        "type": "Door",
        "id": 30,
        "location": {
          "x": 5.57,
          "y": 6.34
        },
        "dimensions": {
          "width": 0.15,
          "height": 0.17
        }
      },
      {
        "type": "Door",
        "id": 31,
        "location": {
          "x": 1.65,
          "y": 6.34
        },
        "dimensions": {
          "width": 0.11,
          "height": 0.16
        }
      },
      {
        "type": "Door",
        "id": 32,
        "location": {
          "x": 9.22,
          "y": 6.2
        },
        "dimensions": {
          "width": 0.18,
          "height": 0.13
        }
      },
      {
        "type": "Door",
        "id": 33,
        "location": {
          "x": 9.08,
          "y": 6.2
        },
        "dimensions": {
          "width": 0.13,
          "height": 0.14
        }
      },
      {
        "type": "Door",
        "id": 34,
        "location": {
          "x": 8.94,
          "y": 6.2
        },
        "dimensions": {
          "width": 0.13,
          "height": 0.14
        }
      },
      {
        "type": "Door",
        "id": 35,
        "location": {
          "x": 8.58,
          "y": 6.2
        },
        "dimensions": {
          "width": 0.12,
          "height": 0.14
        }
      },
      {
        "type": "Door",
        "id": 36,
        "location": {
          "x": 8.71,
          "y": 6.16
        },
        "dimensions": {
          "width": 0.14,
          "height": 0.18
        }
      },
      {
        "type": "Door",
        "id": 37,
        "location": {
          "x": 8.43,
          "y": 6.16
        },
        "dimensions": {
          "width": 0.14,
          "height": 0.17
        }
      },
      {
        "type": "Door",
        "id": 38,
        "location": {
          "x": 1.44,
          "y": 6.16
        },
        "dimensions": {
          "width": 0.19,
          "height": 0.13
        }
      },
      {
        "type": "Door",
        "id": 39,
        "location": {
          "x": 1.3,
          "y": 6.16
        },
        "dimensions": {
          "width": 0.13,
          "height": 0.13
        }
      },
      {
        "type": "Door",
        "id": 40,
        "location": {
          "x": 1.17,
          "y": 6.16
        },
        "dimensions": {
          "width": 0.12,
          "height": 0.13
        }
      },
      {
        "type": "Door",
        "id": 41,
        "location": {
          "x": 0.81,
          "y": 6.12
        },
        "dimensions": {
          "width": 0.25,
          "height": 0.17
        }
      },
      {
        "type": "Door",
        "id": 42,
        "location": {
          "x": 0.65,
          "y": 6.12
        },
        "dimensions": {
          "width": 0.15,
          "height": 0.17
        }
      },
      {
        "type": "Door",
        "id": 43,
        "location": {
          "x": 1.74,
          "y": 5.75
        },
        "dimensions": {
          "width": 0.74,
          "height": 1.83
        }
      },
      {
        "type": "Door",
        "id": 44,
        "location": {
          "x": 2.61,
          "y": 5.69
        },
        "dimensions": {
          "width": 0.17,
          "height": 0.15
        }
      },
      {
        "type": "Door",
        "id": 45,
        "location": {
          "x": 7.38,
          "y": 5.64
        },
        "dimensions": {
          "width": 0.17,
          "height": 0.14
        }
      },
      {
        "type": "Door",
        "id": 46,
        "location": {
          "x": 2.65,
          "y": 5.57
        },
        "dimensions": {
          "width": 0.13,
          "height": 0.11
        }
      },
      {
        "type": "Door",
        "id": 47,
        "location": {
          "x": 7.42,
          "y": 5.51
        },
        "dimensions": {
          "width": 0.14,
          "height": 0.12
        }
      },
      {
        "type": "Door",
        "id": 48,
        "location": {
          "x": 3.97,
          "y": 5.04
        },
        "dimensions": {
          "width": 0.19,
          "height": 0.12
        }
      },
      {
        "type": "Door",
        "id": 49,
        "location": {
          "x": 9.38,
          "y": 4.85
        },
        "dimensions": {
          "width": 0.18,
          "height": 0.1
        }
      },
      {
        "type": "Door",
        "id": 50,
        "location": {
          "x": 9.01,
          "y": 4.84
        },
        "dimensions": {
          "width": 0.24,
          "height": 0.29
        }
      },
      {
        "type": "Door",
        "id": 51,
        "location": {
          "x": 0.99,
          "y": 4.84
        },
        "dimensions": {
          "width": 0.24,
          "height": 0.29
        }
      },
      {
        "type": "Door",
        "id": 52,
        "location": {
          "x": 5.23,
          "y": 4.71
        },
        "dimensions": {
          "width": 0.11,
          "height": 0.28
        }
      },
      {
        "type": "Door",
        "id": 53,
        "location": {
          "x": 2.01,
          "y": 4.71
        },
        "dimensions": {
          "width": 0.11,
          "height": 0.28
        }
      },
      {
        "type": "Door",
        "id": 54,
        "location": {
          "x": 4.32,
          "y": 4.45
        },
        "dimensions": {
          "width": 0.25,
          "height": 0.25
        }
      },
      {
        "type": "Door",
        "id": 55,
        "location": {
          "x": 7.9,
          "y": 4.42
        },
        "dimensions": {
          "width": 0.37,
          "height": 0.72
        }
      },
      {
        "type": "Door",
        "id": 56,
        "location": {
          "x": 6.13,
          "y": 4.34
        },
        "dimensions": {
          "width": 0.29,
          "height": 0.24
        }
      },
      {
        "type": "Door",
        "id": 57,
        "location": {
          "x": 3.81,
          "y": 4.34
        },
        "dimensions": {
          "width": 0.3,
          "height": 0.24
        }
      },
      {
        "type": "Door",
        "id": 58,
        "location": {
          "x": 8.37,
          "y": 4.33
        },
        "dimensions": {
          "width": 0.31,
          "height": 0.37
        }
      },
      {
        "type": "Door",
        "id": 59,
        "location": {
          "x": 1.56,
          "y": 4.33
        },
        "dimensions": {
          "width": 0.28,
          "height": 0.37
        }
      },
      {
        "type": "Window",
        "id": 60,
        "location": {
          "x": 5.17,
          "y": 4.31
        },
        "dimensions": {
          "width": 0.37,
          "height": 0.14
        }
      },
      {
        "type": "Window",
        "id": 61,
        "location": {
          "x": 4.69,
          "y": 4.31
        },
        "dimensions": {
          "width": 0.38,
          "height": 0.14
        }
      },
      {
        "type": "Window",
        "id": 62,
        "location": {
          "x": 8.71,
          "y": 3.52
        },
        "dimensions": {
          "width": 0.93,
          "height": 0.26
        }
      },
      {
        "type": "Door",
        "id": 63,
        "location": {
          "x": 6.74,
          "y": 2.99
        },
        "dimensions": {
          "width": 0.18,
          "height": 0.17
        }
      },
      {
        "type": "Window",
        "id": 64,
        "location": {
          "x": 1.05,
          "y": 2.88
        },
        "dimensions": {
          "width": 0.97,
          "height": 0.34
        }
      },
      {
        "type": "Door",
        "id": 65,
        "location": {
          "x": 6.84,
          "y": 2.8
        },
        "dimensions": {
          "width": 0.18,
          "height": 0.14
        }
      },
      {
        "type": "Door",
        "id": 66,
        "location": {
          "x": 6.7,
          "y": 2.8
        },
        "dimensions": {
          "width": 0.13,
          "height": 0.14
        }
      },
      {
        "type": "Door",
        "id": 67,
        "location": {
          "x": 6.56,
          "y": 2.8
        },
        "dimensions": {
          "width": 0.13,
          "height": 0.14
        }
      },
      {
        "type": "Door",
        "id": 68,
        "location": {
          "x": 6.13,
          "y": 2.8
        },
        "dimensions": {
          "width": 0.12,
          "height": 0.14
        }
      },
      {
        "type": "Door",
        "id": 69,
        "location": {
          "x": 4.37,
          "y": 2.79
        },
        "dimensions": {
          "width": 0.18,
          "height": 0.13
        }
      },
      {
        "type": "Door",
        "id": 70,
        "location": {
          "x": 4.23,
          "y": 2.79
        },
        "dimensions": {
          "width": 0.12,
          "height": 0.13
        }
      },
      {
        "type": "Door",
        "id": 71,
        "location": {
          "x": 4.09,
          "y": 2.79
        },
        "dimensions": {
          "width": 0.13,
          "height": 0.13
        }
      },
      {
        "type": "Door",
        "id": 72,
        "location": {
          "x": 6.4,
          "y": 2.76
        },
        "dimensions": {
          "width": 0.15,
          "height": 0.18
        }
      },
      {
        "type": "Door",
        "id": 73,
        "location": {
          "x": 5.75,
          "y": 2.76
        },
        "dimensions": {
          "width": 0.16,
          "height": 0.18
        }
      },
      {
        "type": "Door",
        "id": 74,
        "location": {
          "x": 3.93,
          "y": 2.75
        },
        "dimensions": {
          "width": 0.15,
          "height": 0.17
        }
      },
      {
        "type": "Door",
        "id": 75,
        "location": {
          "x": 3.27,
          "y": 2.74
        },
        "dimensions": {
          "width": 0.16,
          "height": 0.18
        }
      },
      {
        "type": "Door",
        "id": 76,
        "location": {
          "x": 8.98,
          "y": 2.41
        },
        "dimensions": {
          "width": 0.12,
          "height": 0.14
        }
      },
      {
        "type": "Door",
        "id": 77,
        "location": {
          "x": 8.43,
          "y": 2.37
        },
        "dimensions": {
          "width": 0.2,
          "height": 0.17
        }
      },
      {
        "type": "Door",
        "id": 78,
        "location": {
          "x": 0.98,
          "y": 2.33
        },
        "dimensions": {
          "width": 0.15,
          "height": 0.17
        }
      },
      {
        "type": "Door",
        "id": 79,
        "location": {
          "x": 0.86,
          "y": 1.96
        },
        "dimensions": {
          "width": 0.4,
          "height": 0.26
        }
      },
      {
        "type": "Window",
        "id": 80,
        "location": {
          "x": 2.85,
          "y": 1.89
        },
        "dimensions": {
          "width": 0.62,
          "height": 0.06
        }
      },
      {
        "type": "Door",
        "id": 81,
        "location": {
          "x": 0.06,
          "y": 1.87
        },
        "dimensions": {
          "width": 2.78,
          "height": 5.72
        }
      },
      {
        "type": "Door",
        "id": 82,
        "location": {
          "x": 8.01,
          "y": 0.98
        },
        "dimensions": {
          "width": 0.1,
          "height": 0.15
        }
      },
      {
        "type": "Door",
        "id": 83,
        "location": {
          "x": 7.47,
          "y": 0.98
        },
        "dimensions": {
          "width": 0.1,
          "height": 0.15
        }
      },
      {
        "type": "Door",
        "id": 84,
        "location": {
          "x": 3.02,
          "y": 0.93
        },
        "dimensions": {
          "width": 0.1,
          "height": 0.15
        }
      },
      {
        "type": "Door",
        "id": 85,
        "location": {
          "x": 2.47,
          "y": 0.93
        },
        "dimensions": {
          "width": 0.1,
          "height": 0.15
        }
      },
      {
        "type": "Door",
        "id": 86,
        "location": {
          "x": 7.79,
          "y": 0.8
        },
        "dimensions": {
          "width": 0.13,
          "height": 0.13
        }
      },
      {
        "type": "Door",
        "id": 87,
        "location": {
          "x": 7.53,
          "y": 0.8
        },
        "dimensions": {
          "width": 0.11,
          "height": 0.13
        }
      },
      {
        "type": "Door",
        "id": 88,
        "location": {
          "x": 7.39,
          "y": 0.76
        },
        "dimensions": {
          "width": 0.13,
          "height": 0.17
        }
      },
      {
        "type": "Door",
        "id": 89,
        "location": {
          "x": 2.8,
          "y": 0.75
        },
        "dimensions": {
          "width": 0.13,
          "height": 0.13
        }
      },
      {
        "type": "Door",
        "id": 90,
        "location": {
          "x": 2.53,
          "y": 0.71
        },
        "dimensions": {
          "width": 0.2,
          "height": 0.17
        }
      },
      {
        "type": "Door",
        "id": 91,
        "location": {
          "x": 2.39,
          "y": 0.7
        },
        "dimensions": {
          "width": 0.13,
          "height": 0.18
        }
      },
      {
        "type": "Door",
        "id": 92,
        "location": {
          "x": 2.49,
          "y": 0.0
        },
        "dimensions": {
          "width": 7.69,
          "height": 7.59
        }
      },
      {
        "type": "Door",
        "id": 93,
        "location": {
          "x": 1.68,
          "y": 0.0
        },
        "dimensions": {
          "width": 2.73,
          "height": 1.94
        }
      }
    ]
  }
}