{
  "floorPlan": {
    "name": "Floor Plan 17_23.jpg",
    "units": "feet",
    "totalArea": 48.94,
    "totalRooms": 7,
    "rooms": [
      {
        "id": 1,
        "name": "x21",
        "shape": "Irregular",
        "dimensions": {
          "width": 1.13,
          "length": 4.74,
          "height": 3.79
        },
        "position": {
          "x": 6.65,
          "y": 3.34
        },
        "windows": [],
        "doors": [
          {
            "type": "Door",
            "id": 28,
            "location": {
              "x": 7.57,
              "y": 6.18
            },
            "dimensions": {
              "width": 0.57,
              "height": 0.58
            }
          },
          {
            "type": "Door",
            "id": 33,
            "location": {
              "x": 7.11,
              "y": 5.51
            },
            "dimensions": {
              "width": 0.26,
              "height": 0.27
            }
          },
          {
            "type": "Door",
            "id": 34,
            "location": {
              "x": 6.81,
              "y": 5.51
            },
            "dimensions": {
              "width": 0.27,
              "height": 0.36
            }
          }
        ],
        "connected_to": [
          5
        ]
      },
      {
        "id": 2,
        "name": "10",
        "shape": "Irregular",
        "dimensions": {
          "width": 1.14,
          "length": 4.38,
          "height": 3.5
        },
        "position": {
          "x": 3.37,
          "y": 3.34
        },
        "windows": [
          {
            "type": "Window",
            "id": 26,
            "location": {
              "x": 3.88,
              "y": 6.34
            },
            "dimensions": {
              "width": 1.43,
              "height": 0.58
            }
          }
        ],
        "doors": [
          {
            "type": "Door",
            "id": 31,
            "location": {
              "x": 4.19,
              "y": 6.04
            },
            "dimensions": {
              "width": 0.11,
              "height": 0.16
            }
          },
          {
            "type": "Door",
            "id": 40,
            "location": {
              "x": 4.41,
              "y": 5.51
            },
            "dimensions": {
              "width": 0.18,
              "height": 0.27
            }
          },
          {
            "type": "Door",
            "id": 41,
            "location": {
              "x": 4.11,
              "y": 5.51
            },
            "dimensions": {
              "width": 0.25,
              "height": 0.27
            }
          },
          {
            "type": "Door",
            "id": 43,
            "location": {
              "x": 3.73,
              "y": 5.42
            },
            "dimensions": {
              "width": 0.34,
              "height": 0.36
            }
          }
        ],
        "connected_to": [
          5
        ]
      },
      {
        "id": 3,
        "name": "Room_3",
        "shape": "Irregular",
        "dimensions": {
          "width": 0.66,
          "length": 6.39,
          "height": 5.11
        },
        "position": {
          "x": 9.3,
          "y": 0.42
        },
        "windows": [],
        "doors": [
          {
            "type": "Door",
            "id": 82,
            "location": {
              "x": 9.53,
              "y": 2.13
            },
            "dimensions": {
              "width": 0.34,
              "height": 1.92
            }
          }
        ],
        "connected_to": []
      },
      {
        "id": 4,
        "name": "UP",
        "shape": "Irregular",
        "dimensions": {
          "width": 2.04,
          "length": 0.07,
          "height": 1.63
        },
        "position": {
          "x": 6.17,
          "y": 0.42
        },
        "windows": [],
        "doors": [],
        "connected_to": []
      },
      {
        "id": 5,
        "name": "Room_5",
        "shape": "Irregular",
        "dimensions": {
          "width": 3.9,
          "length": 7.66,
          "height": 6.13
        },
        "position": {
          "x": 3.63,
          "y": 0.42
        },
        "windows": [
          {
            "type": "Window",
            "id": 24,
            "location": {
              "x": 5.81,
              "y": 6.73
            },
            "dimensions": {
              "width": 1.48,
              "height": 0.1
            }
          },
          {
            "type": "Window",
            "id": 26,
            "location": {
              "x": 3.88,
              "y": 6.34
            },
            "dimensions": {
              "width": 1.43,
              "height": 0.58
            }
          }
        ],
        "doors": [
          {
            "type": "Door",
            "id": 29,
            "location": {
              "x": 6.12,
              "y": 6.04
            },
            "dimensions": {
              "width": 0.11,
              "height": 0.16
            }
          },
          {
            "type": "Door",
            "id": 30,
            "location": {
              "x": 4.78,
              "y": 6.04
            },
            "dimensions": {
              "width": 0.1,
              "height": 0.16
            }
          },
          {
            "type": "Door",
            "id": 31,
            "location": {
              "x": 4.19,
              "y": 6.04
            },
            "dimensions": {
              "width": 0.11,
              "height": 0.16
            }
          },
          {
            "type": "Door",
            "id": 32,
            "location": {
              "x": 4.95,
              "y": 5.56
            },
            "dimensions": {
              "width": 0.13,
              "height": 0.16
            }
          },
          {
            "type": "Door",
            "id": 33,
            "location": {
              "x": 7.11,
              "y": 5.51
            },
            "dimensions": {
              "width": 0.26,
              "height": 0.27
            }
          },
          {
            "type": "Door",
            "id": 34,
            "location": {
              "x": 6.81,
              "y": 5.51
            },
            "dimensions": {
              "width": 0.27,
              "height": 0.36
            }
          },
          {
            "type": "Door",
            "id": 35,
            "location": {
              "x": 6.53,
              "y": 5.51
            },
            "dimensions": {
              "width": 0.25,
              "height": 0.27
            }
          },
          {
            "type": "Door",
            "id": 36,
            "location": {
              "x": 6.33,
              "y": 5.51
            },
            "dimensions": {
              "width": 0.19,
              "height": 0.27
            }
          },
          {
            "type": "Door",
            "id": 37,
            "location": {
              "x": 6.04,
              "y": 5.51
            },
            "dimensions": {
              "width": 0.25,
              "height": 0.27
            }
          },
          {
            "type": "Door",
            "id": 38,
            "location": {
              "x": 5.19,
              "y": 5.51
            },
            "dimensions": {
              "width": 0.25,
              "height": 0.27
            }
          },
          {
            "type": "Door",
            "id": 39,
            "location": {
              "x": 4.6,
              "y": 5.51
            },
            "dimensions": {
              "width": 0.26,
              "height": 0.27
            }
          },
          {
            "type": "Door",
            "id": 40,
            "location": {
              "x": 4.41,
              "y": 5.51
            },
            "dimensions": {
              "width": 0.18,
              "height": 0.27
            }
          },
          {
            "type": "Door",
            "id": 41,
            "location": {
              "x": 4.11,
              "y": 5.51
            },
            "dimensions": {
              "width": 0.25,
              "height": 0.27
            }
          },
          {
            "type": "Door",
            "id": 42,
            "location": {
              "x": 5.66,
              "y": 5.42
            },
            "dimensions": {
              "width": 0.34,
              "height": 0.36
            }
          },
          {
            "type": "Door",
            "id": 43,
            "location": {
              "x": 3.73,
              "y": 5.42
            },
            "dimensions": {
              "width": 0.34,
              "height": 0.36
            }
          },
          {
            "type": "Door",
            "id": 67,
            "location": {
              "x": 5.83,
              "y": 3.74
            },
            "dimensions": {
              "width": 0.13,
              "height": 0.12
            }
          },
          {
            "type": "Door",
            "id": 68,
            "location": {
              "x": 5.34,
              "y": 3.73
            },
            "dimensions": {
              "width": 0.13,
              "height": 0.15
            }
          },
          {
            "type": "Door",
            "id": 69,
            "location": {
              "x": 5.67,
              "y": 3.51
            },
            "dimensions": {
              "width": 0.14,
              "height": 0.22
            }
          },
          {
            "type": "Door",
            "id": 70,
            "location": {
              "x": 5.19,
              "y": 3.51
            },
            "dimensions": {
              "width": 0.14,
              "height": 0.33
            }
          },
          {
            "type": "Door",
            "id": 71,
            "location": {
              "x": 6.15,
              "y": 3.34
            },
            "dimensions": {
              "width": 1.64,
              "height": 4.75
            }
          },
          {
            "type": "Door",
            "id": 75,
            "location": {
              "x": 6.02,
              "y": 2.89
            },
            "dimensions": {
              "width": 0.36,
              "height": 0.44
            }
          },
          {
            "type": "Door",
            "id": 76,
            "location": {
              "x": 4.78,
              "y": 2.89
            },
            "dimensions": {
              "width": 0.33,
              "height": 0.43
            }
          },
          {
            "type": "Door",
            "id": 90,
            "location": {
              "x": 5.17,
              "y": 2.0
            },
            "dimensions": {
              "width": 0.2,
              "height": 0.26
            }
          },
          {
            "type": "Door",
            "id": 91,
            "location": {
              "x": 7.51,
              "y": 1.94
            },
            "dimensions": {
              "width": 0.05,
              "height": 0.7
            }
          },
          {
            "type": "Door",
            "id": 102,
            "location": {
              "x": 3.96,
              "y": 1.39
            },
            "dimensions": {
              "width": 0.12,
              "height": 0.14
            }
          },
          {
            "type": "Door",
            "id": 104,
            "location": {
              "x": 7.22,
              "y": 0.5
            },
            "dimensions": {
              "width": 0.41,
              "height": 0.63
            }
          },
          {
            "type": "Door",
            "id": 105,
            "location": {
              "x": 3.63,
              "y": 0.5
            },
            "dimensions": {
              "width": 1.87,
              "height": 1.26
            }
          }
        ],
        "connected_to": [
          1,
          2
        ]
      },
      {
        "id": 6,
        "name": "UP",
        "shape": "Irregular",
        "dimensions": {
          "width": 2.04,
          "length": 0.07,
          "height": 1.63
        },
        "position": {
          "x": 2.95,
          "y": 0.42
        },
        "windows": [],
        "doors": [],
        "connected_to": []
      },
      {
        "id": 7,
        "name": "13",
        "shape": "Irregular",
        "dimensions": {
          "width": 0.66,
          "length": 6.39,
          "height": 5.11
        },
        "position": {
          "x": 1.2,
          "y": 0.42
        },
        "windows": [
          {
            "type": "Window",
            "id": 25,
            "location": {
              "x": 1.5,
              "y": 6.73
            },
            "dimensions": {
              "width": 1.12,
              "height": 0.13
            }
          }
        ],
        "doors": [
          {
            "type": "Door",
            "id": 51,
            "location": {
              "x": 1.84,
              "y": 5.3
            },
            "dimensions": {
              "width": 0.3,
              "height": 0.36
            }
          },
          {
            "type": "Door",
            "id": 63,
            "location": {
              "x": 1.82,
              "y": 4.9
            },
            "dimensions": {
              "width": 0.25,
              "height": 0.36
            }
          },
          {
            "type": "Door",
            "id": 85,
            "location": {
              "x": 1.28,
              "y": 2.13
            },
            "dimensions": {
              "width": 0.37,
              "height": 0.98
            }
          },
          {
            "type": "Door",
            "id": 88,
            "location": {
              "x": 1.81,
              "y": 2.03
            },
            "dimensions": {
              "width": 0.3,
              "height": 0.36
            }
          }
        ],
        "connected_to": []
      }
    ],
    "doorsAndWindows": [
      {
        "type": "Door",
        "id": 1,
        "location": {
          "x": 5.7,
          "y": 8.34
        },
        "dimensions": {
          "width": 0.18,
          "height": 0.25
        }
      },
      {
        "type": "Door",
        "id": 2,
        "location": {
          "x": 5.33,
          "y": 8.34
        },
        "dimensions": {
          "width": 0.18,
          "height": 0.25
        }
      },
      {
        "type": "Door",
        "id": 3,
        "location": {
          "x": 5.13,
          "y": 8.34
        },
        "dimensions": {
          "width": 0.19,
          "height": 0.25
        }
      },
      {
        "type": "Door",
        "id": 4,
        "location": {
          "x": 2.23,
          "y": 7.34
        },
        "dimensions": {
          "width": 0.12,
          "height": 0.15
        }
      },
      {
        "type": "Door",
        "id": 5,
        "location": {
          "x": 8.93,
          "y": 7.32
        },
        "dimensions": {
          "width": 0.15,
          "height": 0.19
        }
      },
      {
        "type": "Door",
        "id": 6,
        "location": {
          "x": 8.76,
          "y": 7.32
        },
        "dimensions": {
          "width": 0.15,
          "height": 0.19
        }
      },
      {
        "type": "Door",
        "id": 7,
        "location": {
          "x": 8.57,
          "y": 7.32
        },
        "dimensions": {
          "width": 0.17,
          "height": 0.19
        }
      },
      {
        "type": "Door",
        "id": 8,
        "location": {
          "x": 8.42,
          "y": 7.32
        },
        "dimensions": {
          "width": 0.13,
          "height": 0.19
        }
      },
      {
        "type": "Door",
        "id": 9,
        "location": {
          "x": 2.56,
          "y": 7.32
        },
        "dimensions": {
          "width": 0.15,
          "height": 0.19
        }
      },
      {
        "type": "Door",
        "id": 10,
        "location": {
          "x": 2.39,
          "y": 7.32
        },
        "dimensions": {
          "width": 0.16,
          "height": 0.19
        }
      },
      {
        "type": "Door",
        "id": 11,
        "location": {
          "x": 2.05,
          "y": 7.32
        },
        "dimensions": {
          "width": 0.14,
          "height": 0.19
        }
      },
      {
        "type": "Door",
        "id": 12,
        "location": {
          "x": 9.26,
          "y": 7.1
        },
        "dimensions": {
          "width": 0.15,
          "height": 0.18
        }
      },
      {
        "type": "Door",
        "id": 13,
        "location": {
          "x": 9.1,
          "y": 7.1
        },
        "dimensions": {
          "width": 0.14,
          "height": 0.18
        }
      },
      {
        "type": "Door",
        "id": 14,
        "location": {
          "x": 8.93,
          "y": 7.1
        },
        "dimensions": {
          "width": 0.15,
          "height": 0.18
        }
      },
      {
        "type": "Door",
        "id": 15,
        "location": {
          "x": 8.77,
          "y": 7.1
        },
        "dimensions": {
          "width": 0.14,
          "height": 0.18
        }
      },
      {
        "type": "Door",
        "id": 16,
        "location": {
          "x": 2.89,
          "y": 7.1
        },
        "dimensions": {
          "width": 0.15,
          "height": 0.18
        }
      },
      {
        "type": "Door",
        "id": 17,
        "location": {
          "x": 2.56,
          "y": 7.1
        },
        "dimensions": {
          "width": 0.16,
          "height": 0.18
        }
      },
      {
        "type": "Door",
        "id": 18,
        "location": {
          "x": 2.4,
          "y": 7.1
        },
        "dimensions": {
          "width": 0.14,
          "height": 0.18
        }
      },
      {
        "type": "Door",
        "id": 19,
        "location": {
          "x": 8.42,
          "y": 7.09
        },
        "dimensions": {
          "width": 0.17,
          "height": 0.19
        }
      },
      {
        "type": "Door",
        "id": 20,
        "location": {
          "x": 8.25,
          "y": 7.09
        },
        "dimensions": {
          "width": 0.15,
          "height": 0.19
        }
      },
      {
        "type": "Door",
        "id": 21,
        "location": {
          "x": 2.05,
          "y": 7.09
        },
        "dimensions": {
          "width": 0.17,
          "height": 0.19
        }
      },
      {
        "type": "Door",
        "id": 22,
        "location": {
          "x": 1.88,
          "y": 7.09
        },
        "dimensions": {
          "width": 0.15,
          "height": 0.19
        }
      },
      {
        "type": "Window",
        "id": 23,
        "location": {
          "x": 8.12,
          "y": 6.73
        },
        "dimensions": {
          "width": 1.54,
          "height": 0.13
        }
      },
      {
        "type": "Window",
        "id": 24,
        "location": {
          "x": 5.81,
          "y": 6.73
        },
        "dimensions": {
          "width": 1.48,
          "height": 0.1
        }
      },
      {
        "type": "Window",
        "id": 25,
        "location": {
          "x": 1.5,
          "y": 6.73
        },
        "dimensions": {
          "width": 1.12,
          "height": 0.13
        }
      },
      {
        "type": "Window",
        "id": 26,
        "location": {
          "x": 3.88,
          "y": 6.34
        },
        "dimensions": {
          "width": 1.43,
          "height": 0.58
        }
      },
      {
        "type": "Door",
        "id": 27,
        "location": {
          "x": 2.6,
          "y": 6.26
        },
        "dimensions": {
          "width": 0.69,
          "height": 0.55
        }
      },
      {
        "type": "Door",
        "id": 28,
        "location": {
          "x": 7.57,
          "y": 6.18
        },
        "dimensions": {
          "width": 0.57,
          "height": 0.58
        }
      },
      {
        "type": "Door",
        "id": 29,
        "location": {
          "x": 6.12,
          "y": 6.04
        },
        "dimensions": {
          "width": 0.11,
          "height": 0.16
        }
      },
      {
        "type": "Door",
        "id": 30,
        "location": {
          "x": 4.78,
          "y": 6.04
        },
        "dimensions": {
          "width": 0.1,
          "height": 0.16
        }
      },
      {
        "type": "Door",
        "id": 31,
        "location": {
          "x": 4.19,
          "y": 6.04
        },
        "dimensions": {
          "width": 0.11,
          "height": 0.16
        }
      },
      {
        "type": "Door",
        "id": 32,
        "location": {
          "x": 4.95,
          "y": 5.56
        },
        "dimensions": {
          "width": 0.13,
          "height": 0.16
        }
      },
      {
        "type": "Door",
        "id": 33,
        "location": {
          "x": 7.11,
          "y": 5.51
        },
        "dimensions": {
          "width": 0.26,
          "height": 0.27
        }
      },
      {
        "type": "Door",
        "id": 34,
        "location": {
          "x": 6.81,
          "y": 5.51
        },
        "dimensions": {
          "width": 0.27,
          "height": 0.36
        }
      },
      {
        "type": "Door",
        "id": 35,
        "location": {
          "x": 6.53,
          "y": 5.51
        },
        "dimensions": {
          "width": 0.25,
          "height": 0.27
        }
      },
      {
        "type": "Door",
        "id": 36,
        "location": {
          "x": 6.33,
          "y": 5.51
        },
        "dimensions": {
          "width": 0.19,
          "height": 0.27
        }
      },
      {
        "type": "Door",
        "id": 37,
        "location": {
          "x": 6.04,
          "y": 5.51
        },
        "dimensions": {
          "width": 0.25,
          "height": 0.27
        }
      },
      {
        "type": "Door",
        "id": 38,
        "location": {
          "x": 5.19,
          "y": 5.51
        },
        "dimensions": {
          "width": 0.25,
          "height": 0.27
        }
      },
      {
        "type": "Door",
        "id": 39,
        "location": {
          "x": 4.6,
          "y": 5.51
        },
        "dimensions": {
          "width": 0.26,
          "height": 0.27
        }
      },
      {
        "type": "Door",
        "id": 40,
        "location": {
          "x": 4.41,
          "y": 5.51
        },
        "dimensions": {
          "width": 0.18,
          "height": 0.27
        }
      },
      {
        "type": "Door",
        "id": 41,
        "location": {
          "x": 4.11,
          "y": 5.51
        },
        "dimensions": {
          "width": 0.25,
          "height": 0.27
        }
      },
      {
        "type": "Door",
        "id": 42,
        "location": {
          "x": 5.66,
          "y": 5.42
        },
        "dimensions": {
          "width": 0.34,
          "height": 0.36
        }
      },
      {
        "type": "Door",
        "id": 43,
        "location": {
          "x": 3.73,
          "y": 5.42
        },
        "dimensions": {
          "width": 0.34,
          "height": 0.36
        }
      },
      {
        "type": "Door",
        "id": 44,
        "location": {
          "x": 9.07,
          "y": 5.39
        },
        "dimensions": {
          "width": 0.37,
          "height": 0.27
        }
      },
      {
        "type": "Door",
        "id": 45,
        "location": {
          "x": 8.77,
          "y": 5.39
        },
        "dimensions": {
          "width": 0.27,
          "height": 0.27
        }
      },
      {
        "type": "Door",
        "id": 46,
        "location": {
          "x": 8.48,
          "y": 5.39
        },
        "dimensions": {
          "width": 0.27,
          "height": 0.27
        }
      },
      {
        "type": "Door",
        "id": 47,
        "location": {
          "x": 2.76,
          "y": 5.39
        },
        "dimensions": {
          "width": 0.37,
          "height": 0.27
        }
      },
      {
        "type": "Door",
        "id": 48,
        "location": {
          "x": 2.46,
          "y": 5.39
        },
        "dimensions": {
          "width": 0.26,
          "height": 0.27
        }
      },
      {
        "type": "Door",
        "id": 49,
        "location": {
          "x": 2.16,
          "y": 5.39
        },
        "dimensions": {
          "width": 0.28,
          "height": 0.27
        }
      },
      {
        "type": "Door",
        "id": 50,
        "location": {
          "x": 8.15,
          "y": 5.3
        },
        "dimensions": {
          "width": 0.3,
          "height": 0.36
        }
      },
      {
        "type": "Door",
        "id": 51,
        "location": {
          "x": 1.84,
          "y": 5.3
        },
        "dimensions": {
          "width": 0.3,
          "height": 0.36
        }
      },
      {
        "type": "Door",
        "id": 52,
        "location": {
          "x": 9.21,
          "y": 4.99
        },
        "dimensions": {
          "width": 0.26,
          "height": 0.36
        }
      },
      {
        "type": "Door",
        "id": 53,
        "location": {
          "x": 8.93,
          "y": 4.99
        },
        "dimensions": {
          "width": 0.24,
          "height": 0.27
        }
      },
      {
        "type": "Door",
        "id": 54,
        "location": {
          "x": 8.8,
          "y": 4.99
        },
        "dimensions": {
          "width": 0.08,
          "height": 0.27
        }
      },
      {
        "type": "Door",
        "id": 55,
        "location": {
          "x": 8.53,
          "y": 4.99
        },
        "dimensions": {
          "width": 0.24,
          "height": 0.27
        }
      },
      {
        "type": "Door",
        "id": 56,
        "location": {
          "x": 8.41,
          "y": 4.99
        },
        "dimensions": {
          "width": 0.08,
          "height": 0.27
        }
      },
      {
        "type": "Door",
        "id": 57,
        "location": {
          "x": 2.9,
          "y": 4.99
        },
        "dimensions": {
          "width": 0.26,
          "height": 0.36
        }
      },
      {
        "type": "Door",
        "id": 58,
        "location": {
          "x": 2.61,
          "y": 4.99
        },
        "dimensions": {
          "width": 0.25,
          "height": 0.27
        }
      },
      {
        "type": "Door",
        "id": 59,
        "location": {
          "x": 2.49,
          "y": 4.99
        },
        "dimensions": {
          "width": 0.08,
          "height": 0.28
        }
      },
      {
        "type": "Door",
        "id": 60,
        "location": {
          "x": 2.22,
          "y": 4.99
        },
        "dimensions": {
          "width": 0.24,
          "height": 0.27
        }
      },
      {
        "type": "Door",
        "id": 61,
        "location": {
          "x": 2.1,
          "y": 4.99
        },
        "dimensions": {
          "width": 0.08,
          "height": 0.27
        }
      },
      {
        "type": "Door",
        "id": 62,
        "location": {
          "x": 8.13,
          "y": 4.9
        },
        "dimensions": {
          "width": 0.25,
          "height": 0.36
        }
      },
      {
        "type": "Door",
        "id": 63,
        "location": {
          "x": 1.82,
          "y": 4.9
        },
        "dimensions": {
          "width": 0.25,
          "height": 0.36
        }
      },
      {
        "type": "Door",
        "id": 64,
        "location": {
          "x": 0.1,
          "y": 4.33
        },
        "dimensions": {
          "width": 0.24,
          "height": 0.18
        }
      },
      {
        "type": "Door",
        "id": 65,
        "location": {
          "x": 0.1,
          "y": 4.14
        },
        "dimensions": {
          "width": 0.25,
          "height": 0.17
        }
      },
      {
        "type": "Door",
        "id": 66,
        "location": {
          "x": 0.1,
          "y": 3.77
        },
        "dimensions": {
          "width": 0.25,
          "height": 0.17
        }
      },
      {
        "type": "Door",
        "id": 67,
        "location": {
          "x": 5.83,
          "y": 3.74
        },
        "dimensions": {
          "width": 0.13,
          "height": 0.12
        }
      },
      {
        "type": "Door",
        "id": 68,
        "location": {
          "x": 5.34,
          "y": 3.73
        },
        "dimensions": {
          "width": 0.13,
          "height": 0.15
        }
      },
      {
        "type": "Door",
        "id": 69,
        "location": {
          "x": 5.67,
          "y": 3.51
        },
        "dimensions": {
          "width": 0.14,
          "height": 0.22
        }
      },
      {
        "type": "Door",
        "id": 70,
        "location": {
          "x": 5.19,
          "y": 3.51
        },
        "dimensions": {
          "width": 0.14,
          "height": 0.33
        }
      },
      {
        "type": "Door",
        "id": 71,
        "location": {
          "x": 6.15,
          "y": 3.34
        },
        "dimensions": {
          "width": 1.64,
          "height": 4.75
        }
      },
      {
        "type": "Door",
        "id": 72,
        "location": {
          "x": 1.19,
          "y": 3.34
        },
        "dimensions": {
          "width": 4.13,
          "height": 4.4
        }
      },
      {
        "type": "Door",
        "id": 73,
        "location": {
          "x": 8.58,
          "y": 3.02
        },
        "dimensions": {
          "width": 0.28,
          "height": 0.23
        }
      },
      {
        "type": "Door",
        "id": 74,
        "location": {
          "x": 2.3,
          "y": 3.02
        },
        "dimensions": {
          "width": 0.28,
          "height": 0.23
        }
      },
      {
        "type": "Door",
        "id": 75,
        "location": {
          "x": 6.02,
          "y": 2.89
        },
        "dimensions": {
          "width": 0.36,
          "height": 0.44
        }
      },
      {
        "type": "Door",
        "id": 76,
        "location": {
          "x": 4.78,
          "y": 2.89
        },
        "dimensions": {
          "width": 0.33,
          "height": 0.43
        }
      },
      {
        "type": "Door",
        "id": 77,
        "location": {
          "x": 2.32,
          "y": 2.78
        },
        "dimensions": {
          "width": 0.24,
          "height": 0.19
        }
      },
      {
        "type": "Door",
        "id": 78,
        "location": {
          "x": 8.58,
          "y": 2.76
        },
        "dimensions": {
          "width": 0.28,
          "height": 0.23
        }
      },
      {
        "type": "Door",
        "id": 79,
        "location": {
          "x": 9.22,
          "y": 2.58
        },
        "dimensions": {
          "width": 0.11,
          "height": 0.16
        }
      },
      {
        "type": "Door",
        "id": 80,
        "location": {
          "x": 8.32,
          "y": 2.4
        },
        "dimensions": {
          "width": 0.59,
          "height": 1.39
        }
      },
      {
        "type": "Door",
        "id": 81,
        "location": {
          "x": 2.25,
          "y": 2.39
        },
        "dimensions": {
          "width": 0.6,
          "height": 1.43
        }
      },
      {
        "type": "Door",
        "id": 82,
        "location": {
          "x": 9.53,
          "y": 2.13
        },
        "dimensions": {
          "width": 0.34,
          "height": 1.92
        }
      },
      {
        "type": "Door",
        "id": 83,
        "location": {
          "x": 9.03,
          "y": 2.13
        },
        "dimensions": {
          "width": 0.08,
          "height": 0.26
        }
      },
      {
        "type": "Door",
        "id": 84,
        "location": {
          "x": 2.16,
          "y": 2.13
        },
        "dimensions": {
          "width": 0.08,
          "height": 0.26
        }
      },
      {
        "type": "Door",
        "id": 85,
        "location": {
          "x": 1.28,
          "y": 2.13
        },
        "dimensions": {
          "width": 0.37,
          "height": 0.98
        }
      },
      {
        "type": "Door",
        "id": 86,
        "location": {
          "x": 9.13,
          "y": 2.04
        },
        "dimensions": {
          "width": 0.18,
          "height": 0.35
        }
      },
      {
        "type": "Door",
        "id": 87,
        "location": {
          "x": 2.26,
          "y": 2.04
        },
        "dimensions": {
          "width": 0.35,
          "height": 0.36
        }
      },
      {
        "type": "Door",
        "id": 88,
        "location": {
          "x": 1.81,
          "y": 2.03
        },
        "dimensions": {
          "width": 0.3,
          "height": 0.36
        }
      },
      {
        "type": "Door",
        "id": 89,
        "location": {
          "x": 7.8,
          "y": 2.02
        },
        "dimensions": {
          "width": 0.12,
          "height": 0.13
        }
      },
      {
        "type": "Door",
        "id": 90,
        "location": {
          "x": 5.17,
          "y": 2.0
        },
        "dimensions": {
          "width": 0.2,
          "height": 0.26
        }
      },
      {
        "type": "Door",
        "id": 91,
        "location": {
          "x": 7.51,
          "y": 1.94
        },
        "dimensions": {
          "width": 0.05,
          "height": 0.7
        }
      },
      {
        "type": "Window",
        "id": 92,
        "location": {
          "x": 8.32,
          "y": 1.87
        },
        "dimensions": {
          "width": 0.3,
          "height": 0.13
        }
      },
      {
        "type": "Door",
        "id": 93,
        "location": {
          "x": 8.08,
          "y": 1.87
        },
        "dimensions": {
          "width": 0.11,
          "height": 0.13
        }
      },
      {
        "type": "Window",
        "id": 94,
        "location": {
          "x": 7.56,
          "y": 1.87
        },
        "dimensions": {
          "width": 0.32,
          "height": 0.13
        }
      },
      {
        "type": "Window",
        "id": 95,
        "location": {
          "x": 3.25,
          "y": 1.87
        },
        "dimensions": {
          "width": 0.29,
          "height": 0.13
        }
      },
      {
        "type": "Door",
        "id": 96,
        "location": {
          "x": 2.99,
          "y": 1.87
        },
        "dimensions": {
          "width": 0.12,
          "height": 0.13
        }
      },
      {
        "type": "Door",
        "id": 97,
        "location": {
          "x": 2.47,
          "y": 1.87
        },
        "dimensions": {
          "width": 0.36,
          "height": 0.28
        }
      },
      {
        "type": "Door",
        "id": 98,
        "location": {
          "x": 8.01,
          "y": 1.72
        },
        "dimensions": {
          "width": 0.21,
          "height": 0.13
        }
      },
      {
        "type": "Door",
        "id": 99,
        "location": {
          "x": 7.88,
          "y": 1.72
        },
        "dimensions": {
          "width": 0.12,
          "height": 0.13
        }
      },
      {
        "type": "Door",
        "id": 100,
        "location": {
          "x": 2.92,
          "y": 1.72
        },
        "dimensions": {
          "width": 0.22,
          "height": 0.13
        }
      },
      {
        "type": "Door",
        "id": 101,
        "location": {
          "x": 2.79,
          "y": 1.72
        },
        "dimensions": {
          "width": 0.12,
          "height": 0.13
        }
      },
      {
        "type": "Door",
        "id": 102,
        "location": {
          "x": 3.96,
          "y": 1.39
        },
        "dimensions": {
          "width": 0.12,
          "height": 0.14
        }
      },
      {
        "type": "Door",
        "id": 103,
        "location": {
          "x": 7.79,
          "y": 0.72
        },
        "dimensions": {
          "width": 0.12,
          "height": 0.15
        }
      },
      {
        "type": "Door",
        "id": 104,
        "location": {
          "x": 7.22,
          "y": 0.5
        },
        "dimensions": {
          "width": 0.41,
          "height": 0.63
        }
      },
      {
        "type": "Door",
        "id": 105,
        "location": {
          "x": 3.63,
          "y": 0.5
        },
        "dimensions": {
          "width": 1.87,
          "height": 1.26
        }
      },
      {
        "type": "Door",
        "id": 106,
        "location": {
          "x": 3.52,
          "y": 0.5
        },
        "dimensions": {
          "width": 0.42,
          "height": 0.63
        }
      },
      {
        "type": "Door",
        "id": 107,
        "location": {
          "x": 9.29,
          "y": 0.41
        },
        "dimensions": {
          "width": 0.67,
          "height": 6.4
        }
      },
      {
        "type": "Door",
        "id": 108,
        "location": {
          "x": 3.57,
          "y": 0.41
        },
        "dimensions": {
          "width": 3.96,
          "height": 7.68
        }
      },
      {
        "type": "Window",
        "id": 109,
        "location": {
          "x": 2.94,
          "y": 0.41
        },
        "dimensions": {
          "width": 2.48,
          "height": 0.08
        }
      },
      {
        "type": "Door",
        "id": 110,
        "location": {
          "x": 1.2,
          "y": 0.41
        },
        "dimensions": {
          "width": 0.67,
          "height": 6.4
        }
      },
      {
        "type": "Window",
        "id": 111,
        "location": {
          "x": 6.16,
          "y": 0.39
        },
        "dimensions": {
          "width": 3.12,
          "height": 0.1
        }
      },
      {
        "type": "Door",
        "id": 112,
        "location": {
          "x": 0.33,
          "y": 0.17
        },
        "dimensions": {
          "width": 0.76,
          "height": 7.6
        }
      }
    ]
  }
}