{
  "floorPlan": {
    "name": "Floor Plan 17_25.jpg",
    "units": "feet",
    "totalArea": 14.84,
    "totalRooms": 7,
    "rooms": [
      {
        "id": 1,
        "name": "Room_1",
        "shape": "Rectangle",
        "dimensions": {
          "width": 1.0,
          "length": 3.0,
          "height": 2.4
        },
        "position": {
          "x": 0.16,
          "y": 4.77
        },
        "windows": [],
        "doors": [],
        "connected_to": []
      },
      {
        "id": 2,
        "name": "Room_2",
        "shape": "Rectangle",
        "dimensions": {
          "width": 0.51,
          "length": 3.01,
          "height": 2.41
        },
        "position": {
          "x": 8.56,
          "y": 4.76
        },
        "windows": [],
        "doors": [],
        "connected_to": []
      },
      {
        "id": 3,
        "name": "Room_3",
        "shape": "Rectangle",
        "dimensions": {
          "width": 0.73,
          "length": 1.92,
          "height": 1.54
        },
        "position": {
          "x": 8.33,
          "y": 2.08
        },
        "windows": [],
        "doors": [],
        "connected_to": []
      },
      {
        "id": 4,
        "name": "Room_4",
        "shape": "Hexagon",
        "dimensions": {
          "width": 0.92,
          "length": 5.68,
          "height": 4.54
        },
        "position": {
          "x": 4.16,
          "y": 2.08
        },
        "windows": [
          {
            "type": "Window",
            "id": 11,
            "location": {
              "x": 4.71,
              "y": 3.38
            },
            "dimensions": {
              "width": 1.89,
              "height": 0.73
            }
          }
        ],
        "doors": [
          {
            "type": "Door",
            "id": 5,
            "location": {
              "x": 5.04,
              "y": 5.47
            },
            "dimensions": {
              "width": 0.21,
              "height": 0.19
            }
          },
          {
            "type": "Door",
            "id": 12,
            "location": {
              "x": 4.7,
              "y": 3.3
            },
            "dimensions": {
              "width": 2.27,
              "height": 4.39
            }
          },
          {
            "type": "Door",
            "id": 15,
            "location": {
              "x": 4.87,
              "y": 2.63
            },
            "dimensions": {
              "width": 0.13,
              "height": 0.18
            }
          },
          {
            "type": "Door",
            "id": 17,
            "location": {
              "x": 4.7,
              "y": 2.1
            },
            "dimensions": {
              "width": 0.82,
              "height": 1.29
            }
          }
        ],
        "connected_to": []
      },
      {
        "id": 5,
        "name": "Room_5",
        "shape": "Rectangle",
        "dimensions": {
          "width": 0.75,
          "length": 2.67,
          "height": 2.14
        },
        "position": {
          "x": 0.15,
          "y": 2.08
        },
        "windows": [
          {
            "type": "Window",
            "id": 7,
            "location": {
              "x": 0.17,
              "y": 4.46
            },
            "dimensions": {
              "width": 8.87,
              "height": 4.38
            }
          }
        ],
        "doors": [
          {
            "type": "Door",
            "id": 6,
            "location": {
              "x": 0.84,
              "y": 4.48
            },
            "dimensions": {
              "width": 0.18,
              "height": 0.14
            }
          },
          {
            "type": "Door",
            "id": 8,
            "location": {
              "x": 0.18,
              "y": 3.97
            },
            "dimensions": {
              "width": 0.08,
              "height": 0.36
            }
          }
        ],
        "connected_to": []
      },
      {
        "id": 6,
        "name": "Room_6",
        "shape": "Pentagon",
        "dimensions": {
          "width": 2.32,
          "length": 0.6,
          "height": 1.86
        },
        "position": {
          "x": 5.4,
          "y": 2.06
        },
        "windows": [],
        "doors": [],
        "connected_to": []
      },
      {
        "id": 7,
        "name": "Room_7",
        "shape": "Irregular",
        "dimensions": {
          "width": 2.32,
          "length": 0.12,
          "height": 1.86
        },
        "position": {
          "x": 1.5,
          "y": 2.06
        },
        "windows": [],
        "doors": [
          {
            "type": "Door",
            "id": 18,
            "location": {
              "x": 2.02,
              "y": 2.09
            },
            "dimensions": {
              "width": 2.51,
              "height": 5.66
            }
          }
        ],
        "connected_to": []
      }
    ],
    "doorsAndWindows": [
      {
        "type": "Door",
        "id": 1,
        "location": {
          "x": 0.99,
          "y": 8.25
        },
        "dimensions": {
          "width": 0.13,
          "height": 0.21
        }
      },
      {
        "type": "Window",
        "id": 2,
        "location": {
          "x": 6.46,
          "y": 7.83
        },
        "dimensions": {
          "width": 2.6,
          "height": 1.01
        }
      },
      {
        "type": "Door",
        "id": 3,
        "location": {
          "x": 8.14,
          "y": 6.12
        },
        "dimensions": {
          "width": 0.15,
          "height": 0.15
        }
      },
      {
        "type": "Door",
        "id": 4,
        "location": {
          "x": 5.61,
          "y": 5.72
        },
        "dimensions": {
          "width": 0.25,
          "height": 0.15
        }
      },
      {
        "type": "Door",
        "id": 5,
        "location": {
          "x": 5.04,
          "y": 5.47
        },
        "dimensions": {
          "width": 0.21,
          "height": 0.19
        }
      },
      {
        "type": "Door",
        "id": 6,
        "location": {
          "x": 0.84,
          "y": 4.48
        },
        "dimensions": {
          "width": 0.18,
          "height": 0.14
        }
      },
      {
        "type": "Window",
        "id": 7,
        "location": {
          "x": 0.17,
          "y": 4.46
        },
        "dimensions": {
          "width": 8.87,
          "height": 4.38
        }
      },
      {
        "type": "Door",
        "id": 8,
        "location": {
          "x": 0.18,
          "y": 3.97
        },
        "dimensions": {
          "width": 0.08,
          "height": 0.36
        }
      },
      {
        "type": "Door",
        "id": 9,
        "location": {
          "x": 5.9,
          "y": 3.71
        },
        "dimensions": {
          "width": 0.14,
          "height": 0.32
        }
      },
      {
        "type": "Window",
        "id": 10,
        "location": {
          "x": 7.3,
          "y": 3.41
        },
        "dimensions": {
          "width": 0.79,
          "height": 0.32
        }
      },
      {
        "type": "Window",
        "id": 11,
        "location": {
          "x": 4.71,
          "y": 3.38
        },
        "dimensions": {
          "width": 1.89,
          "height": 0.73
        }
      },
      {
        "type": "Door",
        "id": 12,
        "location": {
          "x": 4.7,
          "y": 3.3
        },
        "dimensions": {
          "width": 2.27,
          "height": 4.39
        }
      },
      {
        "type": "Door",
        "id": 13,
        "location": {
          "x": 1.12,
          "y": 3.05
        },
        "dimensions": {
          "width": 0.94,
          "height": 0.68
        }
      },
      {
        "type": "Door",
        "id": 14,
        "location": {
          "x": 7.3,
          "y": 3.04
        },
        "dimensions": {
          "width": 0.77,
          "height": 0.39
        }
      },
      {
        "type": "Door",
        "id": 15,
        "location": {
          "x": 4.87,
          "y": 2.63
        },
        "dimensions": {
          "width": 0.13,
          "height": 0.18
        }
      },
      {
        "type": "Door",
        "id": 16,
        "location": {
          "x": 10.03,
          "y": 2.11
        },
        "dimensions": {
          "width": 0.06,
          "height": 5.46
        }
      },
      {
        "type": "Door",
        "id": 17,
        "location": {
          "x": 4.7,
          "y": 2.1
        },
        "dimensions": {
          "width": 0.82,
          "height": 1.29
        }
      },
      {
        "type": "Door",
        "id": 18,
        "location": {
          "x": 2.02,
          "y": 2.09
        },
        "dimensions": {
          "width": 2.51,
          "height": 5.66
        }
      },
      {
        "type": "Window",
        "id": 19,
        "location": {
          "x": 9.08,
          "y": 2.07
        },
        "dimensions": {
          "width": 1.04,
          "height": 0.04
        }
      },
      {
        "type": "Door",
        "id": 20,
        "location": {
          "x": 7.74,
          "y": 2.06
        },
        "dimensions": {
          "width": 2.42,
          "height": 6.51
        }
      },
      {
        "type": "Door",
        "id": 21,
        "location": {
          "x": 0.15,
          "y": 0.99
        },
        "dimensions": {
          "width": 8.82,
          "height": 6.8
        }
      }
    ]
  }
}