{
  "floorPlan": {
    "name": "Floor Plan 17_20.jpg",
    "units": "feet",
    "totalArea": 16.87,
    "totalRooms": 3,
    "rooms": [
      {
        "id": 1,
        "name": "9-9 x 7-0",
        "shape": "Hexagon",
        "dimensions": {
          "width": 3.51,
          "length": 0.52,
          "height": 2.81
        },
        "position": {
          "x": 6.26,
          "y": 3.38
        },
        "windows": [],
        "doors": [],
        "connected_to": []
      },
      {
        "id": 2,
        "name": "3",
        "shape": "Irregular",
        "dimensions": {
          "width": 3.91,
          "length": 3.38,
          "height": 3.13
        },
        "position": {
          "x": 3.14,
          "y": 0.52
        },
        "windows": [],
        "doors": [
          {
            "type": "Door",
            "id": 10,
            "location": {
              "x": 4.31,
              "y": 2.9
            },
            "dimensions": {
              "width": 0.14,
              "height": 0.31
            }
          },
          {
            "type": "Door",
            "id": 14,
            "location": {
              "x": 4.55,
              "y": 2.33
            },
            "dimensions": {
              "width": 0.47,
              "height": 0.38
            }
          },
          {
            "type": "Door",
            "id": 15,
            "location": {
              "x": 4.05,
              "y": 2.3
            },
            "dimensions": {
              "width": 0.58,
              "height": 0.95
            }
          }
        ],
        "connected_to": []
      },
      {
        "id": 3,
        "name": "RMW",
        "shape": "Irregular",
        "dimensions": {
          "width": 3.52,
          "length": 0.52,
          "height": 2.82
        },
        "position": {
          "x": 0.41,
          "y": 0.52
        },
        "windows": [],
        "doors": [],
        "connected_to": []
      }
    ],
    "doorsAndWindows": [
      {
        "type": "Door",
        "id": 1,
        "location": {
          "x": 1.69,
          "y": 4.3
        },
        "dimensions": {
          "width": 0.16,
          "height": 0.22
        }
      },
      {
        "type": "Door",
        "id": 2,
        "location": {
          "x": 2.83,
          "y": 4.29
        },
        "dimensions": {
          "width": 0.38,
          "height": 0.23
        }
      },
      {
        "type": "Door",
        "id": 3,
        "location": {
          "x": 2.63,
          "y": 4.29
        },
        "dimensions": {
          "width": 0.17,
          "height": 0.23
        }
      },
      {
        "type": "Door",
        "id": 4,
        "location": {
          "x": 2.33,
          "y": 4.29
        },
        "dimensions": {
          "width": 0.2,
          "height": 0.23
        }
      },
      {
        "type": "Door",
        "id": 5,
        "location": {
          "x": 2.09,
          "y": 4.29
        },
        "dimensions": {
          "width": 0.22,
          "height": 0.24
        }
      },
      {
        "type": "Door",
        "id": 6,
        "location": {
          "x": 1.86,
          "y": 4.29
        },
        "dimensions": {
          "width": 0.22,
          "height": 0.24
        }
      },
      {
        "type": "Door",
        "id": 7,
        "location": {
          "x": 1.51,
          "y": 4.29
        },
        "dimensions": {
          "width": 0.15,
          "height": 0.23
        }
      },
      {
        "type": "Door",
        "id": 8,
        "location": {
          "x": 0.9,
          "y": 4.29
        },
        "dimensions": {
          "width": 0.21,
          "height": 0.23
        }
      },
      {
        "type": "Door",
        "id": 9,
        "location": {
          "x": 0.65,
          "y": 3.04
        },
        "dimensions": {
          "width": 0.6,
          "height": 0.66
        }
      },
      {
        "type": "Door",
        "id": 10,
        "location": {
          "x": 4.31,
          "y": 2.9
        },
        "dimensions": {
          "width": 0.14,
          "height": 0.31
        }
      },
      {
        "type": "Door",
        "id": 11,
        "location": {
          "x": 2.76,
          "y": 2.75
        },
        "dimensions": {
          "width": 0.14,
          "height": 0.15
        }
      },
      {
        "type": "Door",
        "id": 12,
        "location": {
          "x": 2.61,
          "y": 2.75
        },
        "dimensions": {
          "width": 0.14,
          "height": 0.15
        }
      },
      {
        "type": "Door",
        "id": 13,
        "location": {
          "x": 2.47,
          "y": 2.75
        },
        "dimensions": {
          "width": 0.13,
          "height": 0.15
        }
      },
      {
        "type": "Door",
        "id": 14,
        "location": {
          "x": 4.55,
          "y": 2.33
        },
        "dimensions": {
          "width": 0.47,
          "height": 0.38
        }
      },
      {
        "type": "Door",
        "id": 15,
        "location": {
          "x": 4.05,
          "y": 2.3
        },
        "dimensions": {
          "width": 0.58,
          "height": 0.95
        }
      },
      {
        "type": "Window",
        "id": 16,
        "location": {
          "x": 2.15,
          "y": 1.43
        },
        "dimensions": {
          "width": 1.68,
          "height": 0.39
        }
      },
      {
        "type": "Door",
        "id": 17,
        "location": {
          "x": 0.99,
          "y": 1.41
        },
        "dimensions": {
          "width": 0.22,
          "height": 0.17
        }
      },
      {
        "type": "Door",
        "id": 18,
        "location": {
          "x": 0.95,
          "y": 1.26
        },
        "dimensions": {
          "width": 0.13,
          "height": 0.14
        }
      },
      {
        "type": "Window",
        "id": 19,
        "location": {
          "x": 0.4,
          "y": 0.42
        },
        "dimensions": {
          "width": 9.38,
          "height": 3.59
        }
      }
    ]
  }
}