{
  "floorPlan": {
    "name": "Floor Plan 17_24.jpg",
    "units": "feet",
    "totalArea": 48.52,
    "totalRooms": 11,
    "rooms": [
      {
        "id": 1,
        "name": "Room_1",
        "shape": "Hexagon",
        "dimensions": {
          "width": 0.61,
          "length": 0.31,
          "height": 0.49
        },
        "position": {
          "x": 1.67,
          "y": 8.71
        },
        "windows": [],
        "doors": [],
        "connected_to": []
      },
      {
        "id": 2,
        "name": "Room_2",
        "shape": "Octagon",
        "dimensions": {
          "width": 1.15,
          "length": 0.43,
          "height": 0.92
        },
        "position": {
          "x": 1.08,
          "y": 7.62
        },
        "windows": [],
        "doors": [],
        "connected_to": []
      },
      {
        "id": 3,
        "name": "Room_3",
        "shape": "Irregular",
        "dimensions": {
          "width": 0.86,
          "length": 3.09,
          "height": 2.47
        },
        "position": {
          "x": 5.44,
          "y": 6.56
        },
        "windows": [
          {
            "type": "Window",
            "id": 21,
            "location": {
              "x": 6.3,
              "y": 7.61
            },
            "dimensions": {
              "width": 1.16,
              "height": 0.14
            }
          }
        ],
        "doors": [
          {
            "type": "Door",
            "id": 14,
            "location": {
              "x": 6.1,
              "y": 8.85
            },
            "dimensions": {
              "width": 0.14,
              "height": 0.14
            }
          }
        ],
        "connected_to": []
      },
      {
        "id": 4,
        "name": "Room_4",
        "shape": "Octagon",
        "dimensions": {
          "width": 1.54,
          "length": 1.69,
          "height": 1.35
        },
        "position": {
          "x": 6.6,
          "y": 6.07
        },
        "windows": [],
        "doors": [],
        "connected_to": []
      },
      {
        "id": 5,
        "name": "Room_5",
        "shape": "Irregular",
        "dimensions": {
          "width": 2.84,
          "length": 4.81,
          "height": 3.85
        },
        "position": {
          "x": 2.52,
          "y": 4.84
        },
        "windows": [
          {
            "type": "Window",
            "id": 6,
            "location": {
              "x": 4.5,
              "y": 9.6
            },
            "dimensions": {
              "width": 0.43,
              "height": 0.04
            }
          },
          {
            "type": "Window",
            "id": 7,
            "location": {
              "x": 3.98,
              "y": 9.51
            },
            "dimensions": {
              "width": 0.95,
              "height": 0.13
            }
          },
          {
            "type": "Window",
            "id": 28,
            "location": {
              "x": 3.5,
              "y": 6.64
            },
            "dimensions": {
              "width": 1.73,
              "height": 0.45
            }
          }
        ],
        "doors": [
          {
            "type": "Door",
            "id": 10,
            "location": {
              "x": 5.21,
              "y": 8.94
            },
            "dimensions": {
              "width": 0.45,
              "height": 0.46
            }
          },
          {
            "type": "Door",
            "id": 17,
            "location": {
              "x": 3.61,
              "y": 7.86
            },
            "dimensions": {
              "width": 0.2,
              "height": 0.42
            }
          },
          {
            "type": "Door",
            "id": 18,
            "location": {
              "x": 3.57,
              "y": 7.81
            },
            "dimensions": {
              "width": 0.54,
              "height": 0.88
            }
          },
          {
            "type": "Door",
            "id": 19,
            "location": {
              "x": 2.9,
              "y": 7.69
            },
            "dimensions": {
              "width": 0.45,
              "height": 1.18
            }
          },
          {
            "type": "Door",
            "id": 22,
            "location": {
              "x": 5.06,
              "y": 7.52
            },
            "dimensions": {
              "width": 0.3,
              "height": 0.18
            }
          },
          {
            "type": "Door",
            "id": 23,
            "location": {
              "x": 4.14,
              "y": 7.52
            },
            "dimensions": {
              "width": 0.15,
              "height": 0.19
            }
          },
          {
            "type": "Door",
            "id": 24,
            "location": {
              "x": 3.52,
              "y": 7.41
            },
            "dimensions": {
              "width": 1.27,
              "height": 1.81
            }
          },
          {
            "type": "Door",
            "id": 25,
            "location": {
              "x": 4.4,
              "y": 7.22
            },
            "dimensions": {
              "width": 0.16,
              "height": 0.19
            }
          },
          {
            "type": "Door",
            "id": 31,
            "location": {
              "x": 4.24,
              "y": 6.04
            },
            "dimensions": {
              "width": 0.21,
              "height": 0.25
            }
          },
          {
            "type": "Door",
            "id": 32,
            "location": {
              "x": 3.2,
              "y": 5.99
            },
            "dimensions": {
              "width": 0.15,
              "height": 0.75
            }
          },
          {
            "type": "Door",
            "id": 33,
            "location": {
              "x": 2.97,
              "y": 5.99
            },
            "dimensions": {
              "width": 0.22,
              "height": 0.75
            }
          },
          {
            "type": "Door",
            "id": 47,
            "location": {
              "x": 2.97,
              "y": 5.17
            },
            "dimensions": {
              "width": 0.38,
              "height": 0.75
            }
          }
        ],
        "connected_to": []
      },
      {
        "id": 6,
        "name": "Text_10",
        "shape": "Hexagon",
        "dimensions": {
          "width": 0.61,
          "length": 2.43,
          "height": 1.94
        },
        "position": {
          "x": 8.61,
          "y": 3.8
        },
        "windows": [],
        "doors": [
          {
            "type": "Door",
            "id": 34,
            "location": {
              "x": 8.79,
              "y": 5.81
            },
            "dimensions": {
              "width": 0.27,
              "height": 0.27
            }
          }
        ],
        "connected_to": []
      },
      {
        "id": 7,
        "name": "Room_7",
        "shape": "Octagon",
        "dimensions": {
          "width": 2.73,
          "length": 3.35,
          "height": 2.68
        },
        "position": {
          "x": 0.0,
          "y": 0.64
        },
        "windows": [
          {
            "type": "Window",
            "id": 65,
            "location": {
              "x": 0.15,
              "y": 2.58
            },
            "dimensions": {
              "width": 2.02,
              "height": 0.56
            }
          }
        ],
        "doors": [
          {
            "type": "Door",
            "id": 58,
            "location": {
              "x": 0.01,
              "y": 3.98
            },
            "dimensions": {
              "width": 0.13,
              "height": 0.49
            }
          },
          {
            "type": "Door",
            "id": 69,
            "location": {
              "x": 1.22,
              "y": 2.26
            },
            "dimensions": {
              "width": 0.12,
              "height": 0.18
            }
          },
          {
            "type": "Door",
            "id": 70,
            "location": {
              "x": 1.59,
              "y": 2.25
            },
            "dimensions": {
              "width": 0.28,
              "height": 0.19
            }
          },
          {
            "type": "Door",
            "id": 73,
            "location": {
              "x": 0.84,
              "y": 1.96
            },
            "dimensions": {
              "width": 0.23,
              "height": 0.18
            }
          },
          {
            "type": "Door",
            "id": 75,
            "location": {
              "x": 1.66,
              "y": 1.95
            },
            "dimensions": {
              "width": 0.16,
              "height": 0.19
            }
          },
          {
            "type": "Door",
            "id": 89,
            "location": {
              "x": 0.83,
              "y": 1.46
            },
            "dimensions": {
              "width": 0.73,
              "height": 0.39
            }
          }
        ],
        "connected_to": [
          11
        ]
      },
      {
        "id": 8,
        "name": "Room_8",
        "shape": "Hexagon",
        "dimensions": {
          "width": 0.63,
          "length": 2.84,
          "height": 2.27
        },
        "position": {
          "x": 8.59,
          "y": 0.0
        },
        "windows": [],
        "doors": [
          {
            "type": "Door",
            "id": 64,
            "location": {
              "x": 8.61,
              "y": 2.76
            },
            "dimensions": {
              "width": 0.16,
              "height": 0.19
            }
          }
        ],
        "connected_to": []
      },
      {
        "id": 9,
        "name": "Room_9",
        "shape": "Hexagon",
        "dimensions": {
          "width": 0.82,
          "length": 3.64,
          "height": 2.91
        },
        "position": {
          "x": 5.88,
          "y": 0.0
        },
        "windows": [
          {
            "type": "Window",
            "id": 113,
            "location": {
              "x": 6.69,
              "y": 0.01
            },
            "dimensions": {
              "width": 1.85,
              "height": 0.14
            }
          }
        ],
        "doors": [
          {
            "type": "Door",
            "id": 60,
            "location": {
              "x": 6.0,
              "y": 3.08
            },
            "dimensions": {
              "width": 0.2,
              "height": 0.49
            }
          },
          {
            "type": "Door",
            "id": 67,
            "location": {
              "x": 5.98,
              "y": 2.39
            },
            "dimensions": {
              "width": 0.16,
              "height": 0.61
            }
          },
          {
            "type": "Door",
            "id": 93,
            "location": {
              "x": 6.25,
              "y": 1.07
            },
            "dimensions": {
              "width": 0.33,
              "height": 0.76
            }
          },
          {
            "type": "Door",
            "id": 97,
            "location": {
              "x": 6.39,
              "y": 0.64
            },
            "dimensions": {
              "width": 0.32,
              "height": 0.29
            }
          },
          {
            "type": "Door",
            "id": 98,
            "location": {
              "x": 6.5,
              "y": 0.29
            },
            "dimensions": {
              "width": 0.54,
              "height": 0.55
            }
          },
          {
            "type": "Door",
            "id": 102,
            "location": {
              "x": 6.3,
              "y": 0.19
            },
            "dimensions": {
              "width": 0.84,
              "height": 0.77
            }
          },
          {
            "type": "Door",
            "id": 118,
            "location": {
              "x": 6.07,
              "y": 0.0
            },
            "dimensions": {
              "width": 3.16,
              "height": 9.01
            }
          }
        ],
        "connected_to": []
      },
      {
        "id": 10,
        "name": "Room_10",
        "shape": "Irregular",
        "dimensions": {
          "width": 2.31,
          "length": 4.18,
          "height": 3.34
        },
        "position": {
          "x": 3.2,
          "y": 0.0
        },
        "windows": [
          {
            "type": "Window",
            "id": 68,
            "location": {
              "x": 4.23,
              "y": 2.28
            },
            "dimensions": {
              "width": 1.0,
              "height": 0.45
            }
          },
          {
            "type": "Window",
            "id": 114,
            "location": {
              "x": 5.5,
              "y": 0.01
            },
            "dimensions": {
              "width": 0.46,
              "height": 0.14
            }
          }
        ],
        "doors": [
          {
            "type": "Door",
            "id": 62,
            "location": {
              "x": 4.36,
              "y": 2.81
            },
            "dimensions": {
              "width": 0.94,
              "height": 1.31
            }
          },
          {
            "type": "Door",
            "id": 63,
            "location": {
              "x": 3.5,
              "y": 2.81
            },
            "dimensions": {
              "width": 1.05,
              "height": 1.36
            }
          },
          {
            "type": "Door",
            "id": 71,
            "location": {
              "x": 3.56,
              "y": 2.15
            },
            "dimensions": {
              "width": 0.27,
              "height": 0.48
            }
          },
          {
            "type": "Door",
            "id": 76,
            "location": {
              "x": 5.22,
              "y": 1.91
            },
            "dimensions": {
              "width": 0.15,
              "height": 0.19
            }
          },
          {
            "type": "Door",
            "id": 77,
            "location": {
              "x": 5.02,
              "y": 1.91
            },
            "dimensions": {
              "width": 0.14,
              "height": 0.19
            }
          },
          {
            "type": "Door",
            "id": 78,
            "location": {
              "x": 4.85,
              "y": 1.91
            },
            "dimensions": {
              "width": 0.12,
              "height": 0.18
            }
          },
          {
            "type": "Door",
            "id": 79,
            "location": {
              "x": 4.53,
              "y": 1.91
            },
            "dimensions": {
              "width": 0.26,
              "height": 0.19
            }
          },
          {
            "type": "Door",
            "id": 80,
            "location": {
              "x": 4.35,
              "y": 1.91
            },
            "dimensions": {
              "width": 0.17,
              "height": 0.2
            }
          },
          {
            "type": "Door",
            "id": 81,
            "location": {
              "x": 3.56,
              "y": 1.64
            },
            "dimensions": {
              "width": 0.27,
              "height": 0.47
            }
          },
          {
            "type": "Door",
            "id": 82,
            "location": {
              "x": 5.08,
              "y": 1.61
            },
            "dimensions": {
              "width": 0.15,
              "height": 0.19
            }
          },
          {
            "type": "Door",
            "id": 83,
            "location": {
              "x": 4.56,
              "y": 1.61
            },
            "dimensions": {
              "width": 0.13,
              "height": 0.19
            }
          },
          {
            "type": "Door",
            "id": 84,
            "location": {
              "x": 4.03,
              "y": 1.61
            },
            "dimensions": {
              "width": 0.05,
              "height": 1.05
            }
          },
          {
            "type": "Door",
            "id": 85,
            "location": {
              "x": 4.28,
              "y": 1.58
            },
            "dimensions": {
              "width": 0.18,
              "height": 0.22
            }
          },
          {
            "type": "Door",
            "id": 100,
            "location": {
              "x": 3.52,
              "y": 0.28
            },
            "dimensions": {
              "width": 0.49,
              "height": 1.08
            }
          },
          {
            "type": "Door",
            "id": 105,
            "location": {
              "x": 4.99,
              "y": 0.17
            },
            "dimensions": {
              "width": 0.37,
              "height": 0.35
            }
          },
          {
            "type": "Door",
            "id": 106,
            "location": {
              "x": 4.25,
              "y": 0.17
            },
            "dimensions": {
              "width": 0.72,
              "height": 1.33
            }
          },
          {
            "type": "Door",
            "id": 109,
            "location": {
              "x": 3.5,
              "y": 0.15
            },
            "dimensions": {
              "width": 2.64,
              "height": 4.14
            }
          }
        ],
        "connected_to": []
      },
      {
        "id": 11,
        "name": "Room_11",
        "shape": "Irregular",
        "dimensions": {
          "width": 2.18,
          "length": 1.77,
          "height": 1.74
        },
        "position": {
          "x": 0.65,
          "y": 0.0
        },
        "windows": [
          {
            "type": "Window",
            "id": 116,
            "location": {
              "x": 2.83,
              "y": 0.01
            },
            "dimensions": {
              "width": 0.47,
              "height": 0.13
            }
          }
        ],
        "doors": [
          {
            "type": "Door",
            "id": 89,
            "location": {
              "x": 0.83,
              "y": 1.46
            },
            "dimensions": {
              "width": 0.73,
              "height": 0.39
            }
          },
          {
            "type": "Door",
            "id": 99,
            "location": {
              "x": 2.59,
              "y": 0.29
            },
            "dimensions": {
              "width": 0.25,
              "height": 0.21
            }
          },
          {
            "type": "Door",
            "id": 101,
            "location": {
              "x": 2.55,
              "y": 0.23
            },
            "dimensions": {
              "width": 0.8,
              "height": 0.43
            }
          },
          {
            "type": "Door",
            "id": 107,
            "location": {
              "x": 0.72,
              "y": 0.17
            },
            "dimensions": {
              "width": 1.32,
              "height": 1.27
            }
          },
          {
            "type": "Door",
            "id": 110,
            "location": {
              "x": 2.34,
              "y": 0.15
            },
            "dimensions": {
              "width": 1.74,
              "height": 1.39
            }
          }
        ],
        "connected_to": [
          7
        ]
      }
    ],
    "doorsAndWindows": [
      {
        "type": "Door",
        "id": 1,
        "location": {
          "x": 4.78,
          "y": 10.41
        },
        "dimensions": {
          "width": 0.19,
          "height": 0.14
        }
      },
      {
        "type": "Door",
        "id": 2,
        "location": {
          "x": 4.55,
          "y": 10.34
        },
        "dimensions": {
          "width": 0.14,
          "height": 0.21
        }
      },
      {
        "type": "Door",
        "id": 3,
        "location": {
          "x": 3.66,
          "y": 10.12
        },
        "dimensions": {
          "width": 0.44,
          "height": 0.28
        }
      },
      {
        "type": "Door",
        "id": 4,
        "location": {
          "x": 5.1,
          "y": 10.11
        },
        "dimensions": {
          "width": 0.43,
          "height": 0.3
        }
      },
      {
        "type": "Door",
        "id": 5,
        "location": {
          "x": 4.7,
          "y": 9.98
        },
        "dimensions": {
          "width": 0.22,
          "height": 0.21
        }
      },
      {
        "type": "Window",
        "id": 6,
        "location": {
          "x": 4.5,
          "y": 9.6
        },
        "dimensions": {
          "width": 0.43,
          "height": 0.04
        }
      },
      {
        "type": "Window",
        "id": 7,
        "location": {
          "x": 3.98,
          "y": 9.51
        },
        "dimensions": {
          "width": 0.95,
          "height": 0.13
        }
      },
      {
        "type": "Door",
        "id": 8,
        "location": {
          "x": 0.39,
          "y": 8.98
        },
        "dimensions": {
          "width": 0.89,
          "height": 0.55
        }
      },
      {
        "type": "Door",
        "id": 9,
        "location": {
          "x": 0.32,
          "y": 8.98
        },
        "dimensions": {
          "width": 1.03,
          "height": 1.07
        }
      },
      {
        "type": "Door",
        "id": 10,
        "location": {
          "x": 5.21,
          "y": 8.94
        },
        "dimensions": {
          "width": 0.45,
          "height": 0.46
        }
      },
      {
        "type": "Window",
        "id": 11,
        "location": {
          "x": 7.74,
          "y": 8.91
        },
        "dimensions": {
          "width": 1.31,
          "height": 0.09
        }
      },
      {
        "type": "Door",
        "id": 12,
        "location": {
          "x": 0.17,
          "y": 8.88
        },
        "dimensions": {
          "width": 0.24,
          "height": 0.3
        }
      },
      {
        "type": "Door",
        "id": 13,
        "location": {
          "x": 0.03,
          "y": 8.86
        },
        "dimensions": {
          "width": 0.13,
          "height": 0.14
        }
      },
      {
        "type": "Door",
        "id": 14,
        "location": {
          "x": 6.1,
          "y": 8.85
        },
        "dimensions": {
          "width": 0.14,
          "height": 0.14
        }
      },
      {
        "type": "Door",
        "id": 15,
        "location": {
          "x": 1.5,
          "y": 8.85
        },
        "dimensions": {
          "width": 0.15,
          "height": 0.15
        }
      },
      {
        "type": "Door",
        "id": 16,
        "location": {
          "x": 9.05,
          "y": 8.84
        },
        "dimensions": {
          "width": 0.15,
          "height": 0.15
        }
      },
      {
        "type": "Door",
        "id": 17,
        "location": {
          "x": 3.61,
          "y": 7.86
        },
        "dimensions": {
          "width": 0.2,
          "height": 0.42
        }
      },
      {
        "type": "Door",
        "id": 18,
        "location": {
          "x": 3.57,
          "y": 7.81
        },
        "dimensions": {
          "width": 0.54,
          "height": 0.88
        }
      },
      {
        "type": "Door",
        "id": 19,
        "location": {
          "x": 2.9,
          "y": 7.69
        },
        "dimensions": {
          "width": 0.45,
          "height": 1.18
        }
      },
      {
        "type": "Window",
        "id": 20,
        "location": {
          "x": 0.64,
          "y": 7.63
        },
        "dimensions": {
          "width": 0.45,
          "height": 0.13
        }
      },
      {
        "type": "Window",
        "id": 21,
        "location": {
          "x": 6.3,
          "y": 7.61
        },
        "dimensions": {
          "width": 1.16,
          "height": 0.14
        }
      },
      {
        "type": "Door",
        "id": 22,
        "location": {
          "x": 5.06,
          "y": 7.52
        },
        "dimensions": {
          "width": 0.3,
          "height": 0.18
        }
      },
      {
        "type": "Door",
        "id": 23,
        "location": {
          "x": 4.14,
          "y": 7.52
        },
        "dimensions": {
          "width": 0.15,
          "height": 0.19
        }
      },
      {
        "type": "Door",
        "id": 24,
        "location": {
          "x": 3.52,
          "y": 7.41
        },
        "dimensions": {
          "width": 1.27,
          "height": 1.81
        }
      },
      {
        "type": "Door",
        "id": 25,
        "location": {
          "x": 4.4,
          "y": 7.22
        },
        "dimensions": {
          "width": 0.16,
          "height": 0.19
        }
      },
      {
        "type": "Door",
        "id": 26,
        "location": {
          "x": 0.18,
          "y": 7.04
        },
        "dimensions": {
          "width": 0.59,
          "height": 0.44
        }
      },
      {
        "type": "Window",
        "id": 27,
        "location": {
          "x": 0.18,
          "y": 6.92
        },
        "dimensions": {
          "width": 2.33,
          "height": 0.6
        }
      },
      {
        "type": "Window",
        "id": 28,
        "location": {
          "x": 3.5,
          "y": 6.64
        },
        "dimensions": {
          "width": 1.73,
          "height": 0.45
        }
      },
      {
        "type": "Door",
        "id": 29,
        "location": {
          "x": 0.01,
          "y": 6.57
        },
        "dimensions": {
          "width": 0.14,
          "height": 0.52
        }
      },
      {
        "type": "Window",
        "id": 30,
        "location": {
          "x": 0.0,
          "y": 6.24
        },
        "dimensions": {
          "width": 9.24,
          "height": 3.83
        }
      },
      {
        "type": "Door",
        "id": 31,
        "location": {
          "x": 4.24,
          "y": 6.04
        },
        "dimensions": {
          "width": 0.21,
          "height": 0.25
        }
      },
      {
        "type": "Door",
        "id": 32,
        "location": {
          "x": 3.2,
          "y": 5.99
        },
        "dimensions": {
          "width": 0.15,
          "height": 0.75
        }
      },
      {
        "type": "Door",
        "id": 33,
        "location": {
          "x": 2.97,
          "y": 5.99
        },
        "dimensions": {
          "width": 0.22,
          "height": 0.75
        }
      },
      {
        "type": "Door",
        "id": 34,
        "location": {
          "x": 8.79,
          "y": 5.81
        },
        "dimensions": {
          "width": 0.27,
          "height": 0.27
        }
      },
      {
        "type": "Door",
        "id": 35,
        "location": {
          "x": 0.22,
          "y": 5.79
        },
        "dimensions": {
          "width": 1.98,
          "height": 1.15
        }
      },
      {
        "type": "Door",
        "id": 36,
        "location": {
          "x": 2.03,
          "y": 5.73
        },
        "dimensions": {
          "width": 0.3,
          "height": 0.19
        }
      },
      {
        "type": "Door",
        "id": 37,
        "location": {
          "x": 1.43,
          "y": 5.73
        },
        "dimensions": {
          "width": 0.15,
          "height": 0.19
        }
      },
      {
        "type": "Window",
        "id": 38,
        "location": {
          "x": 6.64,
          "y": 5.67
        },
        "dimensions": {
          "width": 0.73,
          "height": 0.2
        }
      },
      {
        "type": "Door",
        "id": 39,
        "location": {
          "x": 0.01,
          "y": 5.63
        },
        "dimensions": {
          "width": 0.13,
          "height": 0.94
        }
      },
      {
        "type": "Door",
        "id": 40,
        "location": {
          "x": 8.36,
          "y": 5.59
        },
        "dimensions": {
          "width": 0.32,
          "height": 0.3
        }
      },
      {
        "type": "Door",
        "id": 41,
        "location": {
          "x": 1.82,
          "y": 5.43
        },
        "dimensions": {
          "width": 0.13,
          "height": 0.19
        }
      },
      {
        "type": "Door",
        "id": 42,
        "location": {
          "x": 1.1,
          "y": 5.43
        },
        "dimensions": {
          "width": 0.15,
          "height": 0.19
        }
      },
      {
        "type": "Door",
        "id": 43,
        "location": {
          "x": 8.58,
          "y": 5.4
        },
        "dimensions": {
          "width": 0.29,
          "height": 0.32
        }
      },
      {
        "type": "Door",
        "id": 44,
        "location": {
          "x": 7.65,
          "y": 5.25
        },
        "dimensions": {
          "width": 0.13,
          "height": 0.18
        }
      },
      {
        "type": "Door",
        "id": 45,
        "location": {
          "x": 6.92,
          "y": 5.25
        },
        "dimensions": {
          "width": 0.15,
          "height": 0.18
        }
      },
      {
        "type": "Door",
        "id": 46,
        "location": {
          "x": 7.82,
          "y": 5.24
        },
        "dimensions": {
          "width": 0.32,
          "height": 0.2
        }
      },
      {
        "type": "Door",
        "id": 47,
        "location": {
          "x": 2.97,
          "y": 5.17
        },
        "dimensions": {
          "width": 0.38,
          "height": 0.75
        }
      },
      {
        "type": "Door",
        "id": 48,
        "location": {
          "x": 10.04,
          "y": 4.97
        },
        "dimensions": {
          "width": 0.19,
          "height": 0.14
        }
      },
      {
        "type": "Door",
        "id": 49,
        "location": {
          "x": 7.65,
          "y": 4.95
        },
        "dimensions": {
          "width": 0.15,
          "height": 0.18
        }
      },
      {
        "type": "Door",
        "id": 50,
        "location": {
          "x": 7.18,
          "y": 4.95
        },
        "dimensions": {
          "width": 0.16,
          "height": 0.18
        }
      },
      {
        "type": "Door",
        "id": 51,
        "location": {
          "x": 9.79,
          "y": 4.9
        },
        "dimensions": {
          "width": 0.17,
          "height": 0.21
        }
      },
      {
        "type": "Door",
        "id": 52,
        "location": {
          "x": 9.56,
          "y": 4.9
        },
        "dimensions": {
          "width": 0.16,
          "height": 0.21
        }
      },
      {
        "type": "Door",
        "id": 53,
        "location": {
          "x": 9.97,
          "y": 4.54
        },
        "dimensions": {
          "width": 0.17,
          "height": 0.22
        }
      },
      {
        "type": "Door",
        "id": 54,
        "location": {
          "x": 9.47,
          "y": 4.54
        },
        "dimensions": {
          "width": 0.35,
          "height": 0.22
        }
      },
      {
        "type": "Door",
        "id": 55,
        "location": {
          "x": 1.32,
          "y": 4.47
        },
        "dimensions": {
          "width": 0.85,
          "height": 0.84
        }
      },
      {
        "type": "Window",
        "id": 56,
        "location": {
          "x": 6.62,
          "y": 4.24
        },
        "dimensions": {
          "width": 1.33,
          "height": 0.6
        }
      },
      {
        "type": "Door",
        "id": 57,
        "location": {
          "x": 0.24,
          "y": 4.07
        },
        "dimensions": {
          "width": 0.27,
          "height": 0.33
        }
      },
      {
        "type": "Door",
        "id": 58,
        "location": {
          "x": 0.01,
          "y": 3.98
        },
        "dimensions": {
          "width": 0.13,
          "height": 0.49
        }
      },
      {
        "type": "Door",
        "id": 59,
        "location": {
          "x": 9.73,
          "y": 3.89
        },
        "dimensions": {
          "width": 0.29,
          "height": 0.44
        }
      },
      {
        "type": "Door",
        "id": 60,
        "location": {
          "x": 6.0,
          "y": 3.08
        },
        "dimensions": {
          "width": 0.2,
          "height": 0.49
        }
      },
      {
        "type": "Door",
        "id": 61,
        "location": {
          "x": 7.06,
          "y": 2.86
        },
        "dimensions": {
          "width": 1.31,
          "height": 0.92
        }
      },
      {
        "type": "Door",
        "id": 62,
        "location": {
          "x": 4.36,
          "y": 2.81
        },
        "dimensions": {
          "width": 0.94,
          "height": 1.31
        }
      },
      {
        "type": "Door",
        "id": 63,
        "location": {
          "x": 3.5,
          "y": 2.81
        },
        "dimensions": {
          "width": 1.05,
          "height": 1.36
        }
      },
      {
        "type": "Door",
        "id": 64,
        "location": {
          "x": 8.61,
          "y": 2.76
        },
        "dimensions": {
          "width": 0.16,
          "height": 0.19
        }
      },
      {
        "type": "Window",
        "id": 65,
        "location": {
          "x": 0.15,
          "y": 2.58
        },
        "dimensions": {
          "width": 2.02,
          "height": 0.56
        }
      },
      {
        "type": "Door",
        "id": 66,
        "location": {
          "x": 8.36,
          "y": 2.56
        },
        "dimensions": {
          "width": 0.62,
          "height": 0.41
        }
      },
      {
        "type": "Door",
        "id": 67,
        "location": {
          "x": 5.98,
          "y": 2.39
        },
        "dimensions": {
          "width": 0.16,
          "height": 0.61
        }
      },
      {
        "type": "Window",
        "id": 68,
        "location": {
          "x": 4.23,
          "y": 2.28
        },
        "dimensions": {
          "width": 1.0,
          "height": 0.45
        }
      },
      {
        "type": "Door",
        "id": 69,
        "location": {
          "x": 1.22,
          "y": 2.26
        },
        "dimensions": {
          "width": 0.12,
          "height": 0.18
        }
      },
      {
        "type": "Door",
        "id": 70,
        "location": {
          "x": 1.59,
          "y": 2.25
        },
        "dimensions": {
          "width": 0.28,
          "height": 0.19
        }
      },
      {
        "type": "Door",
        "id": 71,
        "location": {
          "x": 3.56,
          "y": 2.15
        },
        "dimensions": {
          "width": 0.27,
          "height": 0.48
        }
      },
      {
        "type": "Door",
        "id": 72,
        "location": {
          "x": 8.46,
          "y": 2.1
        },
        "dimensions": {
          "width": 0.21,
          "height": 0.21
        }
      },
      {
        "type": "Door",
        "id": 73,
        "location": {
          "x": 0.84,
          "y": 1.96
        },
        "dimensions": {
          "width": 0.23,
          "height": 0.18
        }
      },
      {
        "type": "Window",
        "id": 74,
        "location": {
          "x": 7.13,
          "y": 1.95
        },
        "dimensions": {
          "width": 1.91,
          "height": 0.58
        }
      },
      {
        "type": "Door",
        "id": 75,
        "location": {
          "x": 1.66,
          "y": 1.95
        },
        "dimensions": {
          "width": 0.16,
          "height": 0.19
        }
      },
      {
        "type": "Door",
        "id": 76,
        "location": {
          "x": 5.22,
          "y": 1.91
        },
        "dimensions": {
          "width": 0.15,
          "height": 0.19
        }
      },
      {
        "type": "Door",
        "id": 77,
        "location": {
          "x": 5.02,
          "y": 1.91
        },
        "dimensions": {
          "width": 0.14,
          "height": 0.19
        }
      },
      {
        "type": "Door",
        "id": 78,
        "location": {
          "x": 4.85,
          "y": 1.91
        },
        "dimensions": {
          "width": 0.12,
          "height": 0.18
        }
      },
      {
        "type": "Door",
        "id": 79,
        "location": {
          "x": 4.53,
          "y": 1.91
        },
        "dimensions": {
          "width": 0.26,
          "height": 0.19
        }
      },
      {
        "type": "Door",
        "id": 80,
        "location": {
          "x": 4.35,
          "y": 1.91
        },
        "dimensions": {
          "width": 0.17,
          "height": 0.2
        }
      },
      {
        "type": "Door",
        "id": 81,
        "location": {
          "x": 3.56,
          "y": 1.64
        },
        "dimensions": {
          "width": 0.27,
          "height": 0.47
        }
      },
      {
        "type": "Door",
        "id": 82,
        "location": {
          "x": 5.08,
          "y": 1.61
        },
        "dimensions": {
          "width": 0.15,
          "height": 0.19
        }
      },
      {
        "type": "Door",
        "id": 83,
        "location": {
          "x": 4.56,
          "y": 1.61
        },
        "dimensions": {
          "width": 0.13,
          "height": 0.19
        }
      },
      {
        "type": "Door",
        "id": 84,
        "location": {
          "x": 4.03,
          "y": 1.61
        },
        "dimensions": {
          "width": 0.05,
          "height": 1.05
        }
      },
      {
        "type": "Door",
        "id": 85,
        "location": {
          "x": 4.28,
          "y": 1.58
        },
        "dimensions": {
          "width": 0.18,
          "height": 0.22
        }
      },
      {
        "type": "Window",
        "id": 86,
        "location": {
          "x": 7.76,
          "y": 1.48
        },
        "dimensions": {
          "width": 0.61,
          "height": 0.2
        }
      },
      {
        "type": "Door",
        "id": 87,
        "location": {
          "x": 7.54,
          "y": 1.48
        },
        "dimensions": {
          "width": 0.25,
          "height": 0.2
        }
      },
      {
        "type": "Door",
        "id": 88,
        "location": {
          "x": 7.22,
          "y": 1.48
        },
        "dimensions": {
          "width": 0.16,
          "height": 0.19
        }
      },
      {
        "type": "Door",
        "id": 89,
        "location": {
          "x": 0.83,
          "y": 1.46
        },
        "dimensions": {
          "width": 0.73,
          "height": 0.39
        }
      },
      {
        "type": "Window",
        "id": 90,
        "location": {
          "x": 7.15,
          "y": 1.18
        },
        "dimensions": {
          "width": 1.21,
          "height": 0.28
        }
      },
      {
        "type": "Door",
        "id": 91,
        "location": {
          "x": 7.65,
          "y": 1.18
        },
        "dimensions": {
          "width": 0.26,
          "height": 0.19
        }
      },
      {
        "type": "Door",
        "id": 92,
        "location": {
          "x": 7.14,
          "y": 1.18
        },
        "dimensions": {
          "width": 0.33,
          "height": 0.19
        }
      },
      {
        "type": "Door",
        "id": 93,
        "location": {
          "x": 6.25,
          "y": 1.07
        },
        "dimensions": {
          "width": 0.33,
          "height": 0.76
        }
      },
      {
        "type": "Door",
        "id": 94,
        "location": {
          "x": 8.37,
          "y": 0.76
        },
        "dimensions": {
          "width": 0.41,
          "height": 0.55
        }
      },
      {
        "type": "Door",
        "id": 95,
        "location": {
          "x": 8.37,
          "y": 0.75
        },
        "dimensions": {
          "width": 0.58,
          "height": 1.15
        }
      },
      {
        "type": "Door",
        "id": 96,
        "location": {
          "x": 5.82,
          "y": 0.74
        },
        "dimensions": {
          "width": 0.3,
          "height": 0.74
        }
      },
      {
        "type": "Door",
        "id": 97,
        "location": {
          "x": 6.39,
          "y": 0.64
        },
        "dimensions": {
          "width": 0.32,
          "height": 0.29
        }
      },
      {
        "type": "Door",
        "id": 98,
        "location": {
          "x": 6.5,
          "y": 0.29
        },
        "dimensions": {
          "width": 0.54,
          "height": 0.55
        }
      },
      {
        "type": "Door",
        "id": 99,
        "location": {
          "x": 2.59,
          "y": 0.29
        },
        "dimensions": {
          "width": 0.25,
          "height": 0.21
        }
      },
      {
        "type": "Door",
        "id": 100,
        "location": {
          "x": 3.52,
          "y": 0.28
        },
        "dimensions": {
          "width": 0.49,
          "height": 1.08
        }
      },
      {
        "type": "Door",
        "id": 101,
        "location": {
          "x": 2.55,
          "y": 0.23
        },
        "dimensions": {
          "width": 0.8,
          "height": 0.43
        }
      },
      {
        "type": "Door",
        "id": 102,
        "location": {
          "x": 6.3,
          "y": 0.19
        },
        "dimensions": {
          "width": 0.84,
          "height": 0.77
        }
      },
      {
        "type": "Door",
        "id": 103,
        "location": {
          "x": 0.38,
          "y": 0.19
        },
        "dimensions": {
          "width": 0.31,
          "height": 0.31
        }
      },
      {
        "type": "Window",
        "id": 104,
        "location": {
          "x": 6.96,
          "y": 0.18
        },
        "dimensions": {
          "width": 2.08,
          "height": 0.45
        }
      },
      {
        "type": "Door",
        "id": 105,
        "location": {
          "x": 4.99,
          "y": 0.17
        },
        "dimensions": {
          "width": 0.37,
          "height": 0.35
        }
      },
      {
        "type": "Door",
        "id": 106,
        "location": {
          "x": 4.25,
          "y": 0.17
        },
        "dimensions": {
          "width": 0.72,
          "height": 1.33
        }
      },
      {
        "type": "Door",
        "id": 107,
        "location": {
          "x": 0.72,
          "y": 0.17
        },
        "dimensions": {
          "width": 1.32,
          "height": 1.27
        }
      },
      {
        "type": "Door",
        "id": 108,
        "location": {
          "x": 2.91,
          "y": 0.15
        },
        "dimensions": {
          "width": 6.15,
          "height": 9.49
        }
      },
      {
        "type": "Door",
        "id": 109,
        "location": {
          "x": 3.5,
          "y": 0.15
        },
        "dimensions": {
          "width": 2.64,
          "height": 4.14
        }
      },
      {
        "type": "Door",
        "id": 110,
        "location": {
          "x": 2.34,
          "y": 0.15
        },
        "dimensions": {
          "width": 1.74,
          "height": 1.39
        }
      },
      {
        "type": "Door",
        "id": 111,
        "location": {
          "x": 0.15,
          "y": 0.15
        },
        "dimensions": {
          "width": 3.13,
          "height": 8.72
        }
      },
      {
        "type": "Door",
        "id": 112,
        "location": {
          "x": 0.01,
          "y": 0.15
        },
        "dimensions": {
          "width": 0.14,
          "height": 0.5
        }
      },
      {
        "type": "Window",
        "id": 113,
        "location": {
          "x": 6.69,
          "y": 0.01
        },
        "dimensions": {
          "width": 1.85,
          "height": 0.14
        }
      },
      {
        "type": "Window",
        "id": 114,
        "location": {
          "x": 5.5,
          "y": 0.01
        },
        "dimensions": {
          "width": 0.46,
          "height": 0.14
        }
      },
      {
        "type": "Window",
        "id": 115,
        "location": {
          "x": 2.87,
          "y": 0.01
        },
        "dimensions": {
          "width": 0.45,
          "height": 0.14
        }
      },
      {
        "type": "Window",
        "id": 116,
        "location": {
          "x": 2.83,
          "y": 0.01
        },
        "dimensions": {
          "width": 0.47,
          "height": 0.13
        }
      },
      {
        "type": "Window",
        "id": 117,
        "location": {
          "x": 0.16,
          "y": 0.01
        },
        "dimensions": {
          "width": 0.49,
          "height": 0.14
        }
      },
      {
        "type": "Door",
        "id": 118,
        "location": {
          "x": 6.07,
          "y": 0.0
        },
        "dimensions": {
          "width": 3.16,
          "height": 9.01
        }
      }
    ]
  }
}