{
  "floorPlan": {
    "name": "Floor Plan 17_27.jpg",
    "units": "feet",
    "totalArea": 43.77,
    "totalRooms": 9,
    "rooms": [
      {
        "id": 1,
        "name": "Text_40",
        "shape": "Irregular",
        "dimensions": {
          "width": 0.82,
          "length": 2.01,
          "height": 1.61
        },
        "position": {
          "x": 7.53,
          "y": 5.19
        },
        "windows": [],
        "doors": [],
        "connected_to": []
      },
      {
        "id": 2,
        "name": "Text_23",
        "shape": "Irregular",
        "dimensions": {
          "width": 0.83,
          "length": 2.02,
          "height": 1.62
        },
        "position": {
          "x": 2.33,
          "y": 5.19
        },
        "windows": [],
        "doors": [],
        "connected_to": []
      },
      {
        "id": 3,
        "name": "Text_38",
        "shape": "Irregular",
        "dimensions": {
          "width": 1.88,
          "length": 2.29,
          "height": 1.83
        },
        "position": {
          "x": 8.02,
          "y": 4.81
        },
        "windows": [],
        "doors": [
          {
            "type": "Door",
            "id": 11,
            "location": {
              "x": 9.07,
              "y": 6.13
            },
            "dimensions": {
              "width": 0.25,
              "height": 0.16
            }
          },
          {
            "type": "Door",
            "id": 15,
            "location": {
              "x": 8.76,
              "y": 5.91
            },
            "dimensions": {
              "width": 0.27,
              "height": 0.16
            }
          },
          {
            "type": "Door",
            "id": 16,
            "location": {
              "x": 8.36,
              "y": 5.91
            },
            "dimensions": {
              "width": 0.12,
              "height": 0.16
            }
          }
        ],
        "connected_to": []
      },
      {
        "id": 4,
        "name": "Text_42",
        "shape": "Irregular",
        "dimensions": {
          "width": 1.87,
          "length": 2.3,
          "height": 1.84
        },
        "position": {
          "x": 0.78,
          "y": 4.8
        },
        "windows": [
          {
            "type": "Window",
            "id": 10,
            "location": {
              "x": 1.53,
              "y": 7.0
            },
            "dimensions": {
              "width": 0.78,
              "height": 0.11
            }
          },
          {
            "type": "Window",
            "id": 17,
            "location": {
              "x": 1.5,
              "y": 5.88
            },
            "dimensions": {
              "width": 0.39,
              "height": 0.15
            }
          }
        ],
        "doors": [
          {
            "type": "Door",
            "id": 9,
            "location": {
              "x": 1.9,
              "y": 7.08
            },
            "dimensions": {
              "width": 1.16,
              "height": 0.72
            }
          },
          {
            "type": "Door",
            "id": 12,
            "location": {
              "x": 1.56,
              "y": 6.09
            },
            "dimensions": {
              "width": 0.22,
              "height": 0.16
            }
          },
          {
            "type": "Door",
            "id": 18,
            "location": {
              "x": 1.37,
              "y": 5.88
            },
            "dimensions": {
              "width": 0.12,
              "height": 0.15
            }
          },
          {
            "type": "Door",
            "id": 19,
            "location": {
              "x": 1.89,
              "y": 5.87
            },
            "dimensions": {
              "width": 0.29,
              "height": 0.17
            }
          },
          {
            "type": "Door",
            "id": 26,
            "location": {
              "x": 1.53,
              "y": 5.75
            },
            "dimensions": {
              "width": 1.56,
              "height": 1.33
            }
          },
          {
            "type": "Door",
            "id": 28,
            "location": {
              "x": 1.88,
              "y": 4.96
            },
            "dimensions": {
              "width": 0.2,
              "height": 0.22
            }
          }
        ],
        "connected_to": []
      },
      {
        "id": 5,
        "name": "Text_80",
        "shape": "Irregular",
        "dimensions": {
          "width": 1.88,
          "length": 2.26,
          "height": 1.81
        },
        "position": {
          "x": 8.02,
          "y": 2.52
        },
        "windows": [
          {
            "type": "Window",
            "id": 43,
            "location": {
              "x": 8.56,
              "y": 3.32
            },
            "dimensions": {
              "width": 0.39,
              "height": 0.17
            }
          }
        ],
        "doors": [
          {
            "type": "Door",
            "id": 39,
            "location": {
              "x": 8.62,
              "y": 3.53
            },
            "dimensions": {
              "width": 0.15,
              "height": 0.17
            }
          },
          {
            "type": "Door",
            "id": 42,
            "location": {
              "x": 8.43,
              "y": 3.33
            },
            "dimensions": {
              "width": 0.12,
              "height": 0.15
            }
          }
        ],
        "connected_to": []
      },
      {
        "id": 6,
        "name": "Text_86",
        "shape": "Hexagon",
        "dimensions": {
          "width": 1.88,
          "length": 1.97,
          "height": 1.58
        },
        "position": {
          "x": 0.78,
          "y": 2.52
        },
        "windows": [],
        "doors": [
          {
            "type": "Door",
            "id": 40,
            "location": {
              "x": 2.3,
              "y": 3.43
            },
            "dimensions": {
              "width": 0.17,
              "height": 0.16
            }
          },
          {
            "type": "Door",
            "id": 41,
            "location": {
              "x": 1.68,
              "y": 3.43
            },
            "dimensions": {
              "width": 0.11,
              "height": 0.16
            }
          },
          {
            "type": "Door",
            "id": 44,
            "location": {
              "x": 1.72,
              "y": 3.22
            },
            "dimensions": {
              "width": 0.13,
              "height": 0.15
            }
          },
          {
            "type": "Door",
            "id": 45,
            "location": {
              "x": 1.46,
              "y": 3.22
            },
            "dimensions": {
              "width": 0.13,
              "height": 0.15
            }
          },
          {
            "type": "Door",
            "id": 49,
            "location": {
              "x": 1.54,
              "y": 2.54
            },
            "dimensions": {
              "width": 2.4,
              "height": 2.19
            }
          }
        ],
        "connected_to": []
      },
      {
        "id": 7,
        "name": "Text_64",
        "shape": "Hexagon",
        "dimensions": {
          "width": 1.48,
          "length": 7.32,
          "height": 5.86
        },
        "position": {
          "x": 4.6,
          "y": 0.9
        },
        "windows": [
          {
            "type": "Window",
            "id": 5,
            "location": {
              "x": 4.74,
              "y": 7.89
            },
            "dimensions": {
              "width": 1.19,
              "height": 0.27
            }
          },
          {
            "type": "Window",
            "id": 38,
            "location": {
              "x": 5.66,
              "y": 3.6
            },
            "dimensions": {
              "width": 0.42,
              "height": 0.16
            }
          }
        ],
        "doors": [
          {
            "type": "Door",
            "id": 23,
            "location": {
              "x": 5.92,
              "y": 5.82
            },
            "dimensions": {
              "width": 0.22,
              "height": 0.15
            }
          },
          {
            "type": "Door",
            "id": 32,
            "location": {
              "x": 5.94,
              "y": 4.37
            },
            "dimensions": {
              "width": 0.29,
              "height": 0.16
            }
          },
          {
            "type": "Door",
            "id": 37,
            "location": {
              "x": 4.77,
              "y": 3.81
            },
            "dimensions": {
              "width": 0.16,
              "height": 0.16
            }
          },
          {
            "type": "Door",
            "id": 57,
            "location": {
              "x": 5.39,
              "y": 0.96
            },
            "dimensions": {
              "width": 2.66,
              "height": 3.25
            }
          }
        ],
        "connected_to": []
      },
      {
        "id": 8,
        "name": "Room_8",
        "shape": "Irregular",
        "dimensions": {
          "width": 1.7,
          "length": 3.84,
          "height": 3.07
        },
        "position": {
          "x": 6.65,
          "y": 0.89
        },
        "windows": [
          {
            "type": "Window",
            "id": 34,
            "location": {
              "x": 6.74,
              "y": 4.29
            },
            "dimensions": {
              "width": 0.76,
              "height": 0.35
            }
          }
        ],
        "doors": [
          {
            "type": "Door",
            "id": 30,
            "location": {
              "x": 6.72,
              "y": 4.69
            },
            "dimensions": {
              "width": 0.32,
              "height": 0.17
            }
          },
          {
            "type": "Door",
            "id": 50,
            "location": {
              "x": 7.98,
              "y": 2.51
            },
            "dimensions": {
              "width": 1.92,
              "height": 4.6
            }
          },
          {
            "type": "Door",
            "id": 56,
            "location": {
              "x": 7.56,
              "y": 1.3
            },
            "dimensions": {
              "width": 0.13,
              "height": 0.16
            }
          }
        ],
        "connected_to": []
      },
      {
        "id": 9,
        "name": "Room_9",
        "shape": "Irregular",
        "dimensions": {
          "width": 1.7,
          "length": 3.84,
          "height": 3.07
        },
        "position": {
          "x": 2.33,
          "y": 0.89
        },
        "windows": [],
        "doors": [
          {
            "type": "Door",
            "id": 35,
            "location": {
              "x": 3.16,
              "y": 4.26
            },
            "dimensions": {
              "width": 0.85,
              "height": 0.6
            }
          },
          {
            "type": "Door",
            "id": 46,
            "location": {
              "x": 3.57,
              "y": 3.2
            },
            "dimensions": {
              "width": 0.12,
              "height": 0.28
            }
          },
          {
            "type": "Door",
            "id": 47,
            "location": {
              "x": 3.53,
              "y": 2.77
            },
            "dimensions": {
              "width": 0.5,
              "height": 1.96
            }
          },
          {
            "type": "Door",
            "id": 48,
            "location": {
              "x": 3.54,
              "y": 2.6
            },
            "dimensions": {
              "width": 1.25,
              "height": 1.18
            }
          },
          {
            "type": "Door",
            "id": 55,
            "location": {
              "x": 2.94,
              "y": 1.31
            },
            "dimensions": {
              "width": 0.12,
              "height": 0.17
            }
          }
        ],
        "connected_to": []
      }
    ],
    "doorsAndWindows": [
      {
        "type": "Window",
        "id": 1,
        "location": {
          "x": 6.07,
          "y": 8.5
        },
        "dimensions": {
          "width": 0.39,
          "height": 0.16
        }
      },
      {
        "type": "Door",
        "id": 2,
        "location": {
          "x": 5.88,
          "y": 8.5
        },
        "dimensions": {
          "width": 0.14,
          "height": 0.15
        }
      },
      {
        "type": "Door",
        "id": 3,
        "location": {
          "x": 5.48,
          "y": 8.5
        },
        "dimensions": {
          "width": 0.25,
          "height": 0.16
        }
      },
      {
        "type": "Window",
        "id": 4,
        "location": {
          "x": 4.72,
          "y": 8.5
        },
        "dimensions": {
          "width": 0.59,
          "height": 0.16
        }
      },
      {
        "type": "Window",
        "id": 5,
        "location": {
          "x": 4.74,
          "y": 7.89
        },
        "dimensions": {
          "width": 1.19,
          "height": 0.27
        }
      },
      {
        "type": "Door",
        "id": 6,
        "location": {
          "x": 9.14,
          "y": 7.3
        },
        "dimensions": {
          "width": 0.12,
          "height": 0.16
        }
      },
      {
        "type": "Door",
        "id": 7,
        "location": {
          "x": 1.87,
          "y": 7.3
        },
        "dimensions": {
          "width": 0.14,
          "height": 0.16
        }
      },
      {
        "type": "Door",
        "id": 8,
        "location": {
          "x": 1.67,
          "y": 7.29
        },
        "dimensions": {
          "width": 0.16,
          "height": 0.17
        }
      },
      {
        "type": "Door",
        "id": 9,
        "location": {
          "x": 1.9,
          "y": 7.08
        },
        "dimensions": {
          "width": 1.16,
          "height": 0.72
        }
      },
      {
        "type": "Window",
        "id": 10,
        "location": {
          "x": 1.53,
          "y": 7.0
        },
        "dimensions": {
          "width": 0.78,
          "height": 0.11
        }
      },
      {
        "type": "Door",
        "id": 11,
        "location": {
          "x": 9.07,
          "y": 6.13
        },
        "dimensions": {
          "width": 0.25,
          "height": 0.16
        }
      },
      {
        "type": "Door",
        "id": 12,
        "location": {
          "x": 1.56,
          "y": 6.09
        },
        "dimensions": {
          "width": 0.22,
          "height": 0.16
        }
      },
      {
        "type": "Door",
        "id": 13,
        "location": {
          "x": 6.66,
          "y": 6.03
        },
        "dimensions": {
          "width": 0.15,
          "height": 0.16
        }
      },
      {
        "type": "Window",
        "id": 14,
        "location": {
          "x": 3.63,
          "y": 5.98
        },
        "dimensions": {
          "width": 0.49,
          "height": 0.21
        }
      },
      {
        "type": "Door",
        "id": 15,
        "location": {
          "x": 8.76,
          "y": 5.91
        },
        "dimensions": {
          "width": 0.27,
          "height": 0.16
        }
      },
      {
        "type": "Door",
        "id": 16,
        "location": {
          "x": 8.36,
          "y": 5.91
        },
        "dimensions": {
          "width": 0.12,
          "height": 0.16
        }
      },
      {
        "type": "Window",
        "id": 17,
        "location": {
          "x": 1.5,
          "y": 5.88
        },
        "dimensions": {
          "width": 0.39,
          "height": 0.15
        }
      },
      {
        "type": "Door",
        "id": 18,
        "location": {
          "x": 1.37,
          "y": 5.88
        },
        "dimensions": {
          "width": 0.12,
          "height": 0.15
        }
      },
      {
        "type": "Door",
        "id": 19,
        "location": {
          "x": 1.89,
          "y": 5.87
        },
        "dimensions": {
          "width": 0.29,
          "height": 0.17
        }
      },
      {
        "type": "Door",
        "id": 20,
        "location": {
          "x": 6.77,
          "y": 5.82
        },
        "dimensions": {
          "width": 0.31,
          "height": 0.16
        }
      },
      {
        "type": "Door",
        "id": 21,
        "location": {
          "x": 6.62,
          "y": 5.82
        },
        "dimensions": {
          "width": 0.15,
          "height": 0.16
        }
      },
      {
        "type": "Door",
        "id": 22,
        "location": {
          "x": 6.49,
          "y": 5.82
        },
        "dimensions": {
          "width": 0.13,
          "height": 0.16
        }
      },
      {
        "type": "Door",
        "id": 23,
        "location": {
          "x": 5.92,
          "y": 5.82
        },
        "dimensions": {
          "width": 0.22,
          "height": 0.15
        }
      },
      {
        "type": "Window",
        "id": 24,
        "location": {
          "x": 4.24,
          "y": 5.81
        },
        "dimensions": {
          "width": 0.42,
          "height": 0.15
        }
      },
      {
        "type": "Door",
        "id": 25,
        "location": {
          "x": 3.91,
          "y": 5.81
        },
        "dimensions": {
          "width": 0.28,
          "height": 0.15
        }
      },
      {
        "type": "Door",
        "id": 26,
        "location": {
          "x": 1.53,
          "y": 5.75
        },
        "dimensions": {
          "width": 1.56,
          "height": 1.33
        }
      },
      {
        "type": "Window",
        "id": 27,
        "location": {
          "x": 0.41,
          "y": 5.19
        },
        "dimensions": {
          "width": 7.94,
          "height": 3.04
        }
      },
      {
        "type": "Door",
        "id": 28,
        "location": {
          "x": 1.88,
          "y": 4.96
        },
        "dimensions": {
          "width": 0.2,
          "height": 0.22
        }
      },
      {
        "type": "Door",
        "id": 29,
        "location": {
          "x": 0.27,
          "y": 4.73
        },
        "dimensions": {
          "width": 0.18,
          "height": 0.12
        }
      },
      {
        "type": "Door",
        "id": 30,
        "location": {
          "x": 6.72,
          "y": 4.69
        },
        "dimensions": {
          "width": 0.32,
          "height": 0.17
        }
      },
      {
        "type": "Door",
        "id": 31,
        "location": {
          "x": 0.28,
          "y": 4.59
        },
        "dimensions": {
          "width": 0.18,
          "height": 0.13
        }
      },
      {
        "type": "Door",
        "id": 32,
        "location": {
          "x": 5.94,
          "y": 4.37
        },
        "dimensions": {
          "width": 0.29,
          "height": 0.16
        }
      },
      {
        "type": "Door",
        "id": 33,
        "location": {
          "x": 0.77,
          "y": 4.3
        },
        "dimensions": {
          "width": 1.89,
          "height": 2.8
        }
      },
      {
        "type": "Window",
        "id": 34,
        "location": {
          "x": 6.74,
          "y": 4.29
        },
        "dimensions": {
          "width": 0.76,
          "height": 0.35
        }
      },
      {
        "type": "Door",
        "id": 35,
        "location": {
          "x": 3.16,
          "y": 4.26
        },
        "dimensions": {
          "width": 0.85,
          "height": 0.6
        }
      },
      {
        "type": "Door",
        "id": 36,
        "location": {
          "x": 6.26,
          "y": 3.81
        },
        "dimensions": {
          "width": 0.15,
          "height": 0.17
        }
      },
      {
        "type": "Door",
        "id": 37,
        "location": {
          "x": 4.77,
          "y": 3.81
        },
        "dimensions": {
          "width": 0.16,
          "height": 0.16
        }
      },
      {
        "type": "Window",
        "id": 38,
        "location": {
          "x": 5.66,
          "y": 3.6
        },
        "dimensions": {
          "width": 0.42,
          "height": 0.16
        }
      },
      {
        "type": "Door",
        "id": 39,
        "location": {
          "x": 8.62,
          "y": 3.53
        },
        "dimensions": {
          "width": 0.15,
          "height": 0.17
        }
      },
      {
        "type": "Door",
        "id": 40,
        "location": {
          "x": 2.3,
          "y": 3.43
        },
        "dimensions": {
          "width": 0.17,
          "height": 0.16
        }
      },
      {
        "type": "Door",
        "id": 41,
        "location": {
          "x": 1.68,
          "y": 3.43
        },
        "dimensions": {
          "width": 0.11,
          "height": 0.16
        }
      },
      {
        "type": "Door",
        "id": 42,
        "location": {
          "x": 8.43,
          "y": 3.33
        },
        "dimensions": {
          "width": 0.12,
          "height": 0.15
        }
      },
      {
        "type": "Window",
        "id": 43,
        "location": {
          "x": 8.56,
          "y": 3.32
        },
        "dimensions": {
          "width": 0.39,
          "height": 0.17
        }
      },
      {
        "type": "Door",
        "id": 44,
        "location": {
          "x": 1.72,
          "y": 3.22
        },
        "dimensions": {
          "width": 0.13,
          "height": 0.15
        }
      },
      {
        "type": "Door",
        "id": 45,
        "location": {
          "x": 1.46,
          "y": 3.22
        },
        "dimensions": {
          "width": 0.13,
          "height": 0.15
        }
      },
      {
        "type": "Door",
        "id": 46,
        "location": {
          "x": 3.57,
          "y": 3.2
        },
        "dimensions": {
          "width": 0.12,
          "height": 0.28
        }
      },
      {
        "type": "Door",
        "id": 47,
        "location": {
          "x": 3.53,
          "y": 2.77
        },
        "dimensions": {
          "width": 0.5,
          "height": 1.96
        }
      },
      {
        "type": "Door",
        "id": 48,
        "location": {
          "x": 3.54,
          "y": 2.6
        },
        "dimensions": {
          "width": 1.25,
          "height": 1.18
        }
      },
      {
        "type": "Door",
        "id": 49,
        "location": {
          "x": 1.54,
          "y": 2.54
        },
        "dimensions": {
          "width": 2.4,
          "height": 2.19
        }
      },
      {
        "type": "Door",
        "id": 50,
        "location": {
          "x": 7.98,
          "y": 2.51
        },
        "dimensions": {
          "width": 1.92,
          "height": 4.6
        }
      },
      {
        "type": "Door",
        "id": 51,
        "location": {
          "x": 6.28,
          "y": 1.69
        },
        "dimensions": {
          "width": 0.14,
          "height": 0.15
        }
      },
      {
        "type": "Door",
        "id": 52,
        "location": {
          "x": 6.42,
          "y": 1.68
        },
        "dimensions": {
          "width": 0.31,
          "height": 0.16
        }
      },
      {
        "type": "Door",
        "id": 53,
        "location": {
          "x": 6.16,
          "y": 1.68
        },
        "dimensions": {
          "width": 0.13,
          "height": 0.16
        }
      },
      {
        "type": "Door",
        "id": 54,
        "location": {
          "x": 4.4,
          "y": 1.68
        },
        "dimensions": {
          "width": 0.15,
          "height": 0.16
        }
      },
      {
        "type": "Door",
        "id": 55,
        "location": {
          "x": 2.94,
          "y": 1.31
        },
        "dimensions": {
          "width": 0.12,
          "height": 0.17
        }
      },
      {
        "type": "Door",
        "id": 56,
        "location": {
          "x": 7.56,
          "y": 1.3
        },
        "dimensions": {
          "width": 0.13,
          "height": 0.16
        }
      },
      {
        "type": "Door",
        "id": 57,
        "location": {
          "x": 5.39,
          "y": 0.96
        },
        "dimensions": {
          "width": 2.66,
          "height": 3.25
        }
      },
      {
        "type": "Door",
        "id": 58,
        "location": {
          "x": 5.39,
          "y": 0.89
        },
        "dimensions": {
          "width": 3.44,
          "height": 3.52
        }
      },
      {
        "type": "Door",
        "id": 59,
        "location": {
          "x": 2.3,
          "y": 0.89
        },
        "dimensions": {
          "width": 5.27,
          "height": 6.93
        }
      },
      {
        "type": "Window",
        "id": 60,
        "location": {
          "x": 0.77,
          "y": 0.65
        },
        "dimensions": {
          "width": 8.94,
          "height": 0.07
        }
      },
      {
        "type": "Door",
        "id": 61,
        "location": {
          "x": 5.18,
          "y": 0.47
        },
        "dimensions": {
          "width": 0.12,
          "height": 0.18
        }
      },
      {
        "type": "Door",
        "id": 62,
        "location": {
          "x": 5.05,
          "y": 0.47
        },
        "dimensions": {
          "width": 0.12,
          "height": 0.18
        }
      }
    ]
  }
}