{
  "floorPlan": {
    "name": "Floor Plan 17_30.jpg",
    "units": "feet",
    "totalArea": 112.6,
    "totalRooms": 12,
    "rooms": [
      {
        "id": 1,
        "name": "9' clg",
        "shape": "Irregular",
        "dimensions": {
          "width": 1.11,
          "length": 1.54,
          "height": 1.23
        },
        "position": {
          "x": 3.81,
          "y": 16.66
        },
        "windows": [],
        "doors": [
          {
            "type": "Door",
            "id": 2,
            "location": {
              "x": 4.9,
              "y": 17.39
            },
            "dimensions": {
              "width": 0.15,
              "height": 0.19
            }
          },
          {
            "type": "Door",
            "id": 5,
            "location": {
              "x": 4.69,
              "y": 17.11
            },
            "dimensions": {
              "width": 0.17,
              "height": 0.25
            }
          }
        ],
        "connected_to": []
      },
      {
        "id": 2,
        "name": "pani",
        "shape": "Irregular",
        "dimensions": {
          "width": 0.9,
          "length": 2.79,
          "height": 2.23
        },
        "position": {
          "x": 5.42,
          "y": 15.39
        },
        "windows": [],
        "doors": [
          {
            "type": "Door",
            "id": 3,
            "location": {
              "x": 5.44,
              "y": 17.11
            },
            "dimensions": {
              "width": 0.18,
              "height": 0.25
            }
          },
          {
            "type": "Door",
            "id": 9,
            "location": {
              "x": 5.45,
              "y": 16.68
            },
            "dimensions": {
              "width": 0.2,
              "height": 0.38
            }
          },
          {
            "type": "Door",
            "id": 13,
            "location": {
              "x": 5.51,
              "y": 15.6
            },
            "dimensions": {
              "width": 0.13,
              "height": 0.19
            }
          }
        ],
        "connected_to": []
      },
      {
        "id": 3,
        "name": "fp",
        "shape": "Irregular",
        "dimensions": {
          "width": 1.27,
          "length": 1.84,
          "height": 1.47
        },
        "position": {
          "x": 1.16,
          "y": 15.21
        },
        "windows": [],
        "doors": [
          {
            "type": "Door",
            "id": 12,
            "location": {
              "x": 1.26,
              "y": 15.62
            },
            "dimensions": {
              "width": 1.26,
              "height": 1.09
            }
          },
          {
            "type": "Door",
            "id": 22,
            "location": {
              "x": 2.18,
              "y": 15.22
            },
            "dimensions": {
              "width": 0.17,
              "height": 0.24
            }
          }
        ],
        "connected_to": []
      },
      {
        "id": 4,
        "name": "9' clg",
        "shape": "Hexagon",
        "dimensions": {
          "width": 3.0,
          "length": 2.07,
          "height": 2.4
        },
        "position": {
          "x": 0.76,
          "y": 11.85
        },
        "windows": [],
        "doors": [
          {
            "type": "Door",
            "id": 38,
            "location": {
              "x": 1.2,
              "y": 13.76
            },
            "dimensions": {
              "width": 3.18,
              "height": 1.89
            }
          },
          {
            "type": "Door",
            "id": 40,
            "location": {
              "x": 2.4,
              "y": 12.88
            },
            "dimensions": {
              "width": 0.13,
              "height": 0.18
            }
          },
          {
            "type": "Door",
            "id": 42,
            "location": {
              "x": 1.95,
              "y": 12.81
            },
            "dimensions": {
              "width": 0.15,
              "height": 0.19
            }
          },
          {
            "type": "Door",
            "id": 47,
            "location": {
              "x": 2.76,
              "y": 12.48
            },
            "dimensions": {
              "width": 0.18,
              "height": 0.25
            }
          },
          {
            "type": "Door",
            "id": 48,
            "location": {
              "x": 2.45,
              "y": 12.48
            },
            "dimensions": {
              "width": 0.15,
              "height": 0.24
            }
          },
          {
            "type": "Door",
            "id": 49,
            "location": {
              "x": 2.02,
              "y": 12.48
            },
            "dimensions": {
              "width": 0.17,
              "height": 0.25
            }
          },
          {
            "type": "Door",
            "id": 51,
            "location": {
              "x": 2.94,
              "y": 12.17
            },
            "dimensions": {
              "width": 0.13,
              "height": 0.24
            }
          },
          {
            "type": "Door",
            "id": 52,
            "location": {
              "x": 2.37,
              "y": 12.17
            },
            "dimensions": {
              "width": 0.13,
              "height": 0.24
            }
          },
          {
            "type": "Door",
            "id": 53,
            "location": {
              "x": 2.01,
              "y": 12.17
            },
            "dimensions": {
              "width": 0.18,
              "height": 0.25
            }
          },
          {
            "type": "Door",
            "id": 54,
            "location": {
              "x": 1.67,
              "y": 12.16
            },
            "dimensions": {
              "width": 0.31,
              "height": 0.25
            }
          },
          {
            "type": "Door",
            "id": 60,
            "location": {
              "x": 2.21,
              "y": 12.1
            },
            "dimensions": {
              "width": 0.13,
              "height": 0.31
            }
          },
          {
            "type": "Door",
            "id": 61,
            "location": {
              "x": 2.66,
              "y": 12.04
            },
            "dimensions": {
              "width": 0.24,
              "height": 0.38
            }
          },
          {
            "type": "Door",
            "id": 63,
            "location": {
              "x": 0.79,
              "y": 11.95
            },
            "dimensions": {
              "width": 0.15,
              "height": 1.13
            }
          },
          {
            "type": "Door",
            "id": 64,
            "location": {
              "x": 0.79,
              "y": 11.87
            },
            "dimensions": {
              "width": 0.12,
              "height": 0.63
            }
          }
        ],
        "connected_to": [
          5
        ]
      },
      {
        "id": 5,
        "name": "814x8+",
        "shape": "Irregular",
        "dimensions": {
          "width": 0.92,
          "length": 0.93,
          "height": 0.74
        },
        "position": {
          "x": 0.71,
          "y": 11.04
        },
        "windows": [],
        "doors": [
          {
            "type": "Door",
            "id": 63,
            "location": {
              "x": 0.79,
              "y": 11.95
            },
            "dimensions": {
              "width": 0.15,
              "height": 1.13
            }
          },
          {
            "type": "Door",
            "id": 64,
            "location": {
              "x": 0.79,
              "y": 11.87
            },
            "dimensions": {
              "width": 0.12,
              "height": 0.63
            }
          }
        ],
        "connected_to": [
          4
        ]
      },
      {
        "id": 6,
        "name": "Room_6",
        "shape": "Octagon",
        "dimensions": {
          "width": 1.47,
          "length": 1.11,
          "height": 1.18
        },
        "position": {
          "x": 7.74,
          "y": 10.26
        },
        "windows": [],
        "doors": [],
        "connected_to": []
      },
      {
        "id": 7,
        "name": "Room_7",
        "shape": "Irregular",
        "dimensions": {
          "width": 1.94,
          "length": 5.04,
          "height": 4.03
        },
        "position": {
          "x": 4.38,
          "y": 9.89
        },
        "windows": [
          {
            "type": "Window",
            "id": 34,
            "location": {
              "x": 6.26,
              "y": 14.17
            },
            "dimensions": {
              "width": 1.09,
              "height": 0.49
            }
          }
        ],
        "doors": [
          {
            "type": "Door",
            "id": 23,
            "location": {
              "x": 5.51,
              "y": 14.89
            },
            "dimensions": {
              "width": 0.24,
              "height": 0.25
            }
          },
          {
            "type": "Door",
            "id": 24,
            "location": {
              "x": 5.28,
              "y": 14.89
            },
            "dimensions": {
              "width": 0.2,
              "height": 0.25
            }
          },
          {
            "type": "Door",
            "id": 25,
            "location": {
              "x": 5.17,
              "y": 14.89
            },
            "dimensions": {
              "width": 0.06,
              "height": 0.25
            }
          },
          {
            "type": "Door",
            "id": 31,
            "location": {
              "x": 4.87,
              "y": 14.76
            },
            "dimensions": {
              "width": 0.24,
              "height": 0.38
            }
          },
          {
            "type": "Door",
            "id": 37,
            "location": {
              "x": 5.02,
              "y": 13.76
            },
            "dimensions": {
              "width": 1.22,
              "height": 1.68
            }
          },
          {
            "type": "Door",
            "id": 45,
            "location": {
              "x": 6.13,
              "y": 12.49
            },
            "dimensions": {
              "width": 0.16,
              "height": 0.24
            }
          },
          {
            "type": "Door",
            "id": 57,
            "location": {
              "x": 6.31,
              "y": 12.11
            },
            "dimensions": {
              "width": 0.06,
              "height": 0.24
            }
          },
          {
            "type": "Door",
            "id": 62,
            "location": {
              "x": 6.19,
              "y": 11.97
            },
            "dimensions": {
              "width": 0.07,
              "height": 0.38
            }
          },
          {
            "type": "Door",
            "id": 65,
            "location": {
              "x": 4.67,
              "y": 11.37
            },
            "dimensions": {
              "width": 0.31,
              "height": 0.42
            }
          },
          {
            "type": "Door",
            "id": 66,
            "location": {
              "x": 4.62,
              "y": 11.13
            },
            "dimensions": {
              "width": 0.13,
              "height": 0.2
            }
          },
          {
            "type": "Door",
            "id": 71,
            "location": {
              "x": 6.3,
              "y": 10.6
            },
            "dimensions": {
              "width": 0.13,
              "height": 0.19
            }
          },
          {
            "type": "Door",
            "id": 78,
            "location": {
              "x": 5.84,
              "y": 10.22
            },
            "dimensions": {
              "width": 0.17,
              "height": 0.24
            }
          },
          {
            "type": "Door",
            "id": 79,
            "location": {
              "x": 5.52,
              "y": 10.22
            },
            "dimensions": {
              "width": 0.17,
              "height": 0.23
            }
          },
          {
            "type": "Door",
            "id": 87,
            "location": {
              "x": 6.1,
              "y": 9.91
            },
            "dimensions": {
              "width": 0.2,
              "height": 0.25
            }
          },
          {
            "type": "Door",
            "id": 88,
            "location": {
              "x": 5.98,
              "y": 9.91
            },
            "dimensions": {
              "width": 0.07,
              "height": 0.25
            }
          }
        ],
        "connected_to": [
          11
        ]
      },
      {
        "id": 8,
        "name": "9' clg",
        "shape": "Irregular",
        "dimensions": {
          "width": 3.13,
          "length": 2.72,
          "height": 2.5
        },
        "position": {
          "x": 6.5,
          "y": 7.11
        },
        "windows": [],
        "doors": [
          {
            "type": "Door",
            "id": 90,
            "location": {
              "x": 8.06,
              "y": 9.83
            },
            "dimensions": {
              "width": 0.21,
              "height": 0.26
            }
          },
          {
            "type": "Door",
            "id": 92,
            "location": {
              "x": 7.93,
              "y": 9.76
            },
            "dimensions": {
              "width": 0.12,
              "height": 0.32
            }
          },
          {
            "type": "Door",
            "id": 93,
            "location": {
              "x": 8.31,
              "y": 9.7
            },
            "dimensions": {
              "width": 0.2,
              "height": 0.38
            }
          },
          {
            "type": "Door",
            "id": 94,
            "location": {
              "x": 7.6,
              "y": 9.7
            },
            "dimensions": {
              "width": 0.2,
              "height": 0.38
            }
          },
          {
            "type": "Door",
            "id": 100,
            "location": {
              "x": 7.73,
              "y": 9.03
            },
            "dimensions": {
              "width": 1.47,
              "height": 2.03
            }
          },
          {
            "type": "Door",
            "id": 105,
            "location": {
              "x": 8.25,
              "y": 8.05
            },
            "dimensions": {
              "width": 0.12,
              "height": 0.18
            }
          },
          {
            "type": "Door",
            "id": 107,
            "location": {
              "x": 7.8,
              "y": 7.98
            },
            "dimensions": {
              "width": 0.14,
              "height": 0.19
            }
          },
          {
            "type": "Door",
            "id": 109,
            "location": {
              "x": 7.48,
              "y": 7.67
            },
            "dimensions": {
              "width": 0.16,
              "height": 0.23
            }
          },
          {
            "type": "Door",
            "id": 110,
            "location": {
              "x": 8.54,
              "y": 7.66
            },
            "dimensions": {
              "width": 0.17,
              "height": 0.25
            }
          },
          {
            "type": "Door",
            "id": 111,
            "location": {
              "x": 8.23,
              "y": 7.66
            },
            "dimensions": {
              "width": 0.15,
              "height": 0.24
            }
          },
          {
            "type": "Door",
            "id": 112,
            "location": {
              "x": 7.79,
              "y": 7.66
            },
            "dimensions": {
              "width": 0.18,
              "height": 0.25
            }
          },
          {
            "type": "Door",
            "id": 117,
            "location": {
              "x": 8.69,
              "y": 7.35
            },
            "dimensions": {
              "width": 0.13,
              "height": 0.25
            }
          },
          {
            "type": "Door",
            "id": 118,
            "location": {
              "x": 8.11,
              "y": 7.35
            },
            "dimensions": {
              "width": 0.14,
              "height": 0.25
            }
          },
          {
            "type": "Door",
            "id": 119,
            "location": {
              "x": 7.75,
              "y": 7.35
            },
            "dimensions": {
              "width": 0.19,
              "height": 0.25
            }
          },
          {
            "type": "Door",
            "id": 120,
            "location": {
              "x": 7.42,
              "y": 7.35
            },
            "dimensions": {
              "width": 0.31,
              "height": 0.25
            }
          },
          {
            "type": "Door",
            "id": 122,
            "location": {
              "x": 7.95,
              "y": 7.28
            },
            "dimensions": {
              "width": 0.14,
              "height": 0.32
            }
          },
          {
            "type": "Door",
            "id": 130,
            "location": {
              "x": 8.41,
              "y": 7.22
            },
            "dimensions": {
              "width": 0.24,
              "height": 0.38
            }
          }
        ],
        "connected_to": [
          11,
          12
        ]
      },
      {
        "id": 9,
        "name": "Room_9",
        "shape": "Irregular",
        "dimensions": {
          "width": 0.85,
          "length": 4.54,
          "height": 3.63
        },
        "position": {
          "x": 4.33,
          "y": 5.34
        },
        "windows": [],
        "doors": [
          {
            "type": "Door",
            "id": 131,
            "location": {
              "x": 5.17,
              "y": 7.01
            },
            "dimensions": {
              "width": 0.03,
              "height": 2.89
            }
          }
        ],
        "connected_to": []
      },
      {
        "id": 10,
        "name": "Room_10",
        "shape": "Irregular",
        "dimensions": {
          "width": 3.08,
          "length": 6.01,
          "height": 4.81
        },
        "position": {
          "x": 0.76,
          "y": 5.34
        },
        "windows": [
          {
            "type": "Window",
            "id": 103,
            "location": {
              "x": 1.26,
              "y": 8.43
            },
            "dimensions": {
              "width": 3.8,
              "height": 0.96
            }
          },
          {
            "type": "Window",
            "id": 132,
            "location": {
              "x": 2.72,
              "y": 6.81
            },
            "dimensions": {
              "width": 1.81,
              "height": 0.06
            }
          }
        ],
        "doors": [
          {
            "type": "Door",
            "id": 67,
            "location": {
              "x": 2.19,
              "y": 10.64
            },
            "dimensions": {
              "width": 0.3,
              "height": 0.49
            }
          },
          {
            "type": "Door",
            "id": 68,
            "location": {
              "x": 1.89,
              "y": 10.63
            },
            "dimensions": {
              "width": 0.15,
              "height": 0.24
            }
          },
          {
            "type": "Door",
            "id": 69,
            "location": {
              "x": 1.27,
              "y": 10.63
            },
            "dimensions": {
              "width": 0.15,
              "height": 0.24
            }
          },
          {
            "type": "Door",
            "id": 73,
            "location": {
              "x": 3.23,
              "y": 10.47
            },
            "dimensions": {
              "width": 0.15,
              "height": 0.25
            }
          },
          {
            "type": "Door",
            "id": 74,
            "location": {
              "x": 2.91,
              "y": 10.47
            },
            "dimensions": {
              "width": 0.17,
              "height": 0.24
            }
          },
          {
            "type": "Door",
            "id": 75,
            "location": {
              "x": 1.71,
              "y": 10.38
            },
            "dimensions": {
              "width": 0.14,
              "height": 0.16
            }
          },
          {
            "type": "Door",
            "id": 76,
            "location": {
              "x": 1.94,
              "y": 10.26
            },
            "dimensions": {
              "width": 0.12,
              "height": 0.32
            }
          },
          {
            "type": "Door",
            "id": 80,
            "location": {
              "x": 3.19,
              "y": 10.19
            },
            "dimensions": {
              "width": 0.07,
              "height": 0.24
            }
          },
          {
            "type": "Door",
            "id": 97,
            "location": {
              "x": 0.87,
              "y": 9.52
            },
            "dimensions": {
              "width": 0.63,
              "height": 0.65
            }
          },
          {
            "type": "Door",
            "id": 98,
            "location": {
              "x": 2.94,
              "y": 9.46
            },
            "dimensions": {
              "width": 2.17,
              "height": 2.22
            }
          },
          {
            "type": "Door",
            "id": 99,
            "location": {
              "x": 0.79,
              "y": 9.46
            },
            "dimensions": {
              "width": 4.32,
              "height": 4.3
            }
          },
          {
            "type": "Door",
            "id": 106,
            "location": {
              "x": 3.47,
              "y": 8.03
            },
            "dimensions": {
              "width": 0.13,
              "height": 0.19
            }
          },
          {
            "type": "Door",
            "id": 108,
            "location": {
              "x": 3.02,
              "y": 7.97
            },
            "dimensions": {
              "width": 0.15,
              "height": 0.19
            }
          },
          {
            "type": "Door",
            "id": 113,
            "location": {
              "x": 3.82,
              "y": 7.64
            },
            "dimensions": {
              "width": 0.17,
              "height": 0.25
            }
          },
          {
            "type": "Door",
            "id": 114,
            "location": {
              "x": 3.5,
              "y": 7.64
            },
            "dimensions": {
              "width": 0.17,
              "height": 0.24
            }
          },
          {
            "type": "Door",
            "id": 115,
            "location": {
              "x": 3.07,
              "y": 7.64
            },
            "dimensions": {
              "width": 0.18,
              "height": 0.25
            }
          },
          {
            "type": "Door",
            "id": 116,
            "location": {
              "x": 2.75,
              "y": 7.64
            },
            "dimensions": {
              "width": 0.18,
              "height": 0.24
            }
          },
          {
            "type": "Door",
            "id": 121,
            "location": {
              "x": 3.08,
              "y": 7.3
            },
            "dimensions": {
              "width": 0.15,
              "height": 0.16
            }
          },
          {
            "type": "Door",
            "id": 125,
            "location": {
              "x": 3.74,
              "y": 7.26
            },
            "dimensions": {
              "width": 0.25,
              "height": 0.25
            }
          },
          {
            "type": "Door",
            "id": 126,
            "location": {
              "x": 3.61,
              "y": 7.26
            },
            "dimensions": {
              "width": 0.13,
              "height": 0.24
            }
          },
          {
            "type": "Door",
            "id": 127,
            "location": {
              "x": 3.31,
              "y": 7.26
            },
            "dimensions": {
              "width": 0.25,
              "height": 0.25
            }
          },
          {
            "type": "Door",
            "id": 128,
            "location": {
              "x": 2.75,
              "y": 7.26
            },
            "dimensions": {
              "width": 0.14,
              "height": 0.24
            }
          },
          {
            "type": "Door",
            "id": 129,
            "location": {
              "x": 2.46,
              "y": 7.26
            },
            "dimensions": {
              "width": 0.25,
              "height": 0.25
            }
          },
          {
            "type": "Door",
            "id": 133,
            "location": {
              "x": 1.53,
              "y": 5.98
            },
            "dimensions": {
              "width": 0.6,
              "height": 0.86
            }
          }
        ],
        "connected_to": []
      },
      {
        "id": 11,
        "name": "dine",
        "shape": "Irregular",
        "dimensions": {
          "width": 2.3,
          "length": 10.4,
          "height": 8.32
        },
        "position": {
          "x": 5.18,
          "y": 4.18
        },
        "windows": [
          {
            "type": "Window",
            "id": 34,
            "location": {
              "x": 6.26,
              "y": 14.17
            },
            "dimensions": {
              "width": 1.09,
              "height": 0.49
            }
          },
          {
            "type": "Window",
            "id": 35,
            "location": {
              "x": 7.39,
              "y": 14.03
            },
            "dimensions": {
              "width": 0.59,
              "height": 0.13
            }
          },
          {
            "type": "Window",
            "id": 70,
            "location": {
              "x": 7.06,
              "y": 10.61
            },
            "dimensions": {
              "width": 1.38,
              "height": 0.67
            }
          }
        ],
        "doors": [
          {
            "type": "Door",
            "id": 36,
            "location": {
              "x": 7.36,
              "y": 13.88
            },
            "dimensions": {
              "width": 0.9,
              "height": 0.79
            }
          },
          {
            "type": "Door",
            "id": 39,
            "location": {
              "x": 6.85,
              "y": 12.89
            },
            "dimensions": {
              "width": 0.13,
              "height": 0.19
            }
          },
          {
            "type": "Door",
            "id": 41,
            "location": {
              "x": 6.41,
              "y": 12.83
            },
            "dimensions": {
              "width": 0.14,
              "height": 0.19
            }
          },
          {
            "type": "Door",
            "id": 43,
            "location": {
              "x": 7.18,
              "y": 12.49
            },
            "dimensions": {
              "width": 0.15,
              "height": 0.24
            }
          },
          {
            "type": "Door",
            "id": 44,
            "location": {
              "x": 6.44,
              "y": 12.49
            },
            "dimensions": {
              "width": 0.18,
              "height": 0.25
            }
          },
          {
            "type": "Door",
            "id": 45,
            "location": {
              "x": 6.13,
              "y": 12.49
            },
            "dimensions": {
              "width": 0.16,
              "height": 0.24
            }
          },
          {
            "type": "Door",
            "id": 46,
            "location": {
              "x": 6.87,
              "y": 12.48
            },
            "dimensions": {
              "width": 0.16,
              "height": 0.25
            }
          },
          {
            "type": "Door",
            "id": 55,
            "location": {
              "x": 6.66,
              "y": 12.11
            },
            "dimensions": {
              "width": 0.06,
              "height": 0.24
            }
          },
          {
            "type": "Door",
            "id": 56,
            "location": {
              "x": 6.4,
              "y": 12.11
            },
            "dimensions": {
              "width": 0.23,
              "height": 0.25
            }
          },
          {
            "type": "Door",
            "id": 57,
            "location": {
              "x": 6.31,
              "y": 12.11
            },
            "dimensions": {
              "width": 0.06,
              "height": 0.24
            }
          },
          {
            "type": "Door",
            "id": 58,
            "location": {
              "x": 7.01,
              "y": 12.1
            },
            "dimensions": {
              "width": 0.24,
              "height": 0.36
            }
          },
          {
            "type": "Door",
            "id": 59,
            "location": {
              "x": 6.77,
              "y": 12.1
            },
            "dimensions": {
              "width": 0.2,
              "height": 0.25
            }
          },
          {
            "type": "Door",
            "id": 62,
            "location": {
              "x": 6.19,
              "y": 11.97
            },
            "dimensions": {
              "width": 0.07,
              "height": 0.38
            }
          },
          {
            "type": "Door",
            "id": 71,
            "location": {
              "x": 6.3,
              "y": 10.6
            },
            "dimensions": {
              "width": 0.13,
              "height": 0.19
            }
          },
          {
            "type": "Door",
            "id": 77,
            "location": {
              "x": 6.51,
              "y": 10.22
            },
            "dimensions": {
              "width": 0.17,
              "height": 0.24
            }
          },
          {
            "type": "Door",
            "id": 78,
            "location": {
              "x": 5.84,
              "y": 10.22
            },
            "dimensions": {
              "width": 0.17,
              "height": 0.24
            }
          },
          {
            "type": "Door",
            "id": 79,
            "location": {
              "x": 5.52,
              "y": 10.22
            },
            "dimensions": {
              "width": 0.17,
              "height": 0.23
            }
          },
          {
            "type": "Door",
            "id": 84,
            "location": {
              "x": 7.44,
              "y": 10.16
            },
            "dimensions": {
              "width": 0.17,
              "height": 0.24
            }
          },
          {
            "type": "Door",
            "id": 86,
            "location": {
              "x": 6.33,
              "y": 9.91
            },
            "dimensions": {
              "width": 0.24,
              "height": 0.25
            }
          },
          {
            "type": "Door",
            "id": 87,
            "location": {
              "x": 6.1,
              "y": 9.91
            },
            "dimensions": {
              "width": 0.2,
              "height": 0.25
            }
          },
          {
            "type": "Door",
            "id": 88,
            "location": {
              "x": 5.98,
              "y": 9.91
            },
            "dimensions": {
              "width": 0.07,
              "height": 0.25
            }
          },
          {
            "type": "Door",
            "id": 91,
            "location": {
              "x": 5.69,
              "y": 9.78
            },
            "dimensions": {
              "width": 0.24,
              "height": 0.38
            }
          },
          {
            "type": "Door",
            "id": 101,
            "location": {
              "x": 5.27,
              "y": 8.97
            },
            "dimensions": {
              "width": 2.45,
              "height": 5.42
            }
          },
          {
            "type": "Door",
            "id": 102,
            "location": {
              "x": 5.33,
              "y": 8.55
            },
            "dimensions": {
              "width": 0.5,
              "height": 0.41
            }
          },
          {
            "type": "Door",
            "id": 104,
            "location": {
              "x": 5.4,
              "y": 8.35
            },
            "dimensions": {
              "width": 0.16,
              "height": 0.2
            }
          },
          {
            "type": "Door",
            "id": 120,
            "location": {
              "x": 7.42,
              "y": 7.35
            },
            "dimensions": {
              "width": 0.31,
              "height": 0.25
            }
          },
          {
            "type": "Door",
            "id": 134,
            "location": {
              "x": 7.27,
              "y": 5.96
            },
            "dimensions": {
              "width": 2.42,
              "height": 8.32
            }
          },
          {
            "type": "Door",
            "id": 138,
            "location": {
              "x": 6.7,
              "y": 5.84
            },
            "dimensions": {
              "width": 0.12,
              "height": 0.13
            }
          },
          {
            "type": "Door",
            "id": 139,
            "location": {
              "x": 7.32,
              "y": 5.75
            },
            "dimensions": {
              "width": 0.14,
              "height": 0.24
            }
          },
          {
            "type": "Door",
            "id": 140,
            "location": {
              "x": 7.0,
              "y": 5.75
            },
            "dimensions": {
              "width": 0.16,
              "height": 0.23
            }
          },
          {
            "type": "Door",
            "id": 141,
            "location": {
              "x": 7.28,
              "y": 5.47
            },
            "dimensions": {
              "width": 0.07,
              "height": 0.24
            }
          },
          {
            "type": "Door",
            "id": 143,
            "location": {
              "x": 5.95,
              "y": 5.29
            },
            "dimensions": {
              "width": 0.12,
              "height": 0.21
            }
          },
          {
            "type": "Door",
            "id": 146,
            "location": {
              "x": 6.7,
              "y": 4.73
            },
            "dimensions": {
              "width": 0.83,
              "height": 1.11
            }
          }
        ],
        "connected_to": [
          8,
          12,
          7
        ]
      },
      {
        "id": 12,
        "name": "9' clg",
        "shape": "Irregular",
        "dimensions": {
          "width": 4.5,
          "length": 7.28,
          "height": 5.82
        },
        "position": {
          "x": 5.19,
          "y": 0.56
        },
        "windows": [],
        "doors": [
          {
            "type": "Door",
            "id": 109,
            "location": {
              "x": 7.48,
              "y": 7.67
            },
            "dimensions": {
              "width": 0.16,
              "height": 0.23
            }
          },
          {
            "type": "Door",
            "id": 110,
            "location": {
              "x": 8.54,
              "y": 7.66
            },
            "dimensions": {
              "width": 0.17,
              "height": 0.25
            }
          },
          {
            "type": "Door",
            "id": 111,
            "location": {
              "x": 8.23,
              "y": 7.66
            },
            "dimensions": {
              "width": 0.15,
              "height": 0.24
            }
          },
          {
            "type": "Door",
            "id": 112,
            "location": {
              "x": 7.79,
              "y": 7.66
            },
            "dimensions": {
              "width": 0.18,
              "height": 0.25
            }
          },
          {
            "type": "Door",
            "id": 117,
            "location": {
              "x": 8.69,
              "y": 7.35
            },
            "dimensions": {
              "width": 0.13,
              "height": 0.25
            }
          },
          {
            "type": "Door",
            "id": 118,
            "location": {
              "x": 8.11,
              "y": 7.35
            },
            "dimensions": {
              "width": 0.14,
              "height": 0.25
            }
          },
          {
            "type": "Door",
            "id": 119,
            "location": {
              "x": 7.75,
              "y": 7.35
            },
            "dimensions": {
              "width": 0.19,
              "height": 0.25
            }
          },
          {
            "type": "Door",
            "id": 120,
            "location": {
              "x": 7.42,
              "y": 7.35
            },
            "dimensions": {
              "width": 0.31,
              "height": 0.25
            }
          },
          {
            "type": "Door",
            "id": 122,
            "location": {
              "x": 7.95,
              "y": 7.28
            },
            "dimensions": {
              "width": 0.14,
              "height": 0.32
            }
          },
          {
            "type": "Door",
            "id": 130,
            "location": {
              "x": 8.41,
              "y": 7.22
            },
            "dimensions": {
              "width": 0.24,
              "height": 0.38
            }
          },
          {
            "type": "Door",
            "id": 134,
            "location": {
              "x": 7.27,
              "y": 5.96
            },
            "dimensions": {
              "width": 2.42,
              "height": 8.32
            }
          },
          {
            "type": "Door",
            "id": 135,
            "location": {
              "x": 9.53,
              "y": 5.96
            },
            "dimensions": {
              "width": 0.05,
              "height": 0.38
            }
          },
          {
            "type": "Door",
            "id": 136,
            "location": {
              "x": 9.0,
              "y": 5.89
            },
            "dimensions": {
              "width": 0.17,
              "height": 0.24
            }
          },
          {
            "type": "Door",
            "id": 137,
            "location": {
              "x": 7.64,
              "y": 5.84
            },
            "dimensions": {
              "width": 0.12,
              "height": 0.13
            }
          },
          {
            "type": "Door",
            "id": 138,
            "location": {
              "x": 6.7,
              "y": 5.84
            },
            "dimensions": {
              "width": 0.12,
              "height": 0.13
            }
          },
          {
            "type": "Door",
            "id": 139,
            "location": {
              "x": 7.32,
              "y": 5.75
            },
            "dimensions": {
              "width": 0.14,
              "height": 0.24
            }
          },
          {
            "type": "Door",
            "id": 140,
            "location": {
              "x": 7.0,
              "y": 5.75
            },
            "dimensions": {
              "width": 0.16,
              "height": 0.23
            }
          },
          {
            "type": "Door",
            "id": 141,
            "location": {
              "x": 7.28,
              "y": 5.47
            },
            "dimensions": {
              "width": 0.07,
              "height": 0.24
            }
          },
          {
            "type": "Door",
            "id": 142,
            "location": {
              "x": 8.86,
              "y": 5.46
            },
            "dimensions": {
              "width": 0.66,
              "height": 0.97
            }
          },
          {
            "type": "Door",
            "id": 143,
            "location": {
              "x": 5.95,
              "y": 5.29
            },
            "dimensions": {
              "width": 0.12,
              "height": 0.21
            }
          },
          {
            "type": "Door",
            "id": 145,
            "location": {
              "x": 9.0,
              "y": 4.75
            },
            "dimensions": {
              "width": 0.58,
              "height": 1.2
            }
          },
          {
            "type": "Door",
            "id": 146,
            "location": {
              "x": 6.7,
              "y": 4.73
            },
            "dimensions": {
              "width": 0.83,
              "height": 1.11
            }
          },
          {
            "type": "Door",
            "id": 147,
            "location": {
              "x": 8.71,
              "y": 4.22
            },
            "dimensions": {
              "width": 0.34,
              "height": 0.34
            }
          },
          {
            "type": "Door",
            "id": 148,
            "location": {
              "x": 6.67,
              "y": 3.21
            },
            "dimensions": {
              "width": 0.03,
              "height": 0.78
            }
          },
          {
            "type": "Door",
            "id": 149,
            "location": {
              "x": 7.01,
              "y": 3.09
            },
            "dimensions": {
              "width": 0.15,
              "height": 0.19
            }
          },
          {
            "type": "Door",
            "id": 150,
            "location": {
              "x": 6.7,
              "y": 2.76
            },
            "dimensions": {
              "width": 0.13,
              "height": 0.12
            }
          },
          {
            "type": "Door",
            "id": 151,
            "location": {
              "x": 7.75,
              "y": 2.74
            },
            "dimensions": {
              "width": 0.15,
              "height": 0.24
            }
          },
          {
            "type": "Door",
            "id": 152,
            "location": {
              "x": 7.43,
              "y": 2.74
            },
            "dimensions": {
              "width": 0.17,
              "height": 0.24
            }
          },
          {
            "type": "Door",
            "id": 153,
            "location": {
              "x": 7.0,
              "y": 2.74
            },
            "dimensions": {
              "width": 0.18,
              "height": 0.24
            }
          },
          {
            "type": "Door",
            "id": 154,
            "location": {
              "x": 7.57,
              "y": 2.37
            },
            "dimensions": {
              "width": 0.15,
              "height": 0.16
            }
          },
          {
            "type": "Door",
            "id": 155,
            "location": {
              "x": 6.72,
              "y": 2.37
            },
            "dimensions": {
              "width": 0.15,
              "height": 0.16
            }
          },
          {
            "type": "Door",
            "id": 156,
            "location": {
              "x": 8.23,
              "y": 2.32
            },
            "dimensions": {
              "width": 0.25,
              "height": 0.36
            }
          },
          {
            "type": "Door",
            "id": 157,
            "location": {
              "x": 7.95,
              "y": 2.32
            },
            "dimensions": {
              "width": 0.25,
              "height": 0.25
            }
          },
          {
            "type": "Door",
            "id": 158,
            "location": {
              "x": 7.82,
              "y": 2.32
            },
            "dimensions": {
              "width": 0.13,
              "height": 0.25
            }
          },
          {
            "type": "Door",
            "id": 159,
            "location": {
              "x": 7.24,
              "y": 2.32
            },
            "dimensions": {
              "width": 0.25,
              "height": 0.36
            }
          },
          {
            "type": "Door",
            "id": 160,
            "location": {
              "x": 6.97,
              "y": 2.32
            },
            "dimensions": {
              "width": 0.13,
              "height": 0.25
            }
          },
          {
            "type": "Door",
            "id": 161,
            "location": {
              "x": 6.02,
              "y": 2.22
            },
            "dimensions": {
              "width": 0.25,
              "height": 0.35
            }
          },
          {
            "type": "Door",
            "id": 163,
            "location": {
              "x": 5.26,
              "y": 0.66
            },
            "dimensions": {
              "width": 4.34,
              "height": 8.3
            }
          }
        ],
        "connected_to": [
          8,
          11
        ]
      }
    ],
    "doorsAndWindows": [
      {
        "type": "Door",
        "id": 1,
        "location": {
          "x": 5.35,
          "y": 17.46
        },
        "dimensions": {
          "width": 0.13,
          "height": 0.18
        }
      },
      {
        "type": "Door",
        "id": 2,
        "location": {
          "x": 4.9,
          "y": 17.39
        },
        "dimensions": {
          "width": 0.15,
          "height": 0.19
        }
      },
      {
        "type": "Door",
        "id": 3,
        "location": {
          "x": 5.44,
          "y": 17.11
        },
        "dimensions": {
          "width": 0.18,
          "height": 0.25
        }
      },
      {
        "type": "Door",
        "id": 4,
        "location": {
          "x": 5.01,
          "y": 17.11
        },
        "dimensions": {
          "width": 0.18,
          "height": 0.25
        }
      },
      {
        "type": "Door",
        "id": 5,
        "location": {
          "x": 4.69,
          "y": 17.11
        },
        "dimensions": {
          "width": 0.17,
          "height": 0.25
        }
      },
      {
        "type": "Door",
        "id": 6,
        "location": {
          "x": 4.96,
          "y": 16.81
        },
        "dimensions": {
          "width": 0.07,
          "height": 0.25
        }
      },
      {
        "type": "Door",
        "id": 7,
        "location": {
          "x": 5.07,
          "y": 16.74
        },
        "dimensions": {
          "width": 0.12,
          "height": 0.32
        }
      },
      {
        "type": "Door",
        "id": 8,
        "location": {
          "x": 1.07,
          "y": 16.7
        },
        "dimensions": {
          "width": 1.12,
          "height": 1.04
        }
      },
      {
        "type": "Door",
        "id": 9,
        "location": {
          "x": 5.45,
          "y": 16.68
        },
        "dimensions": {
          "width": 0.2,
          "height": 0.38
        }
      },
      {
        "type": "Door",
        "id": 10,
        "location": {
          "x": 3.05,
          "y": 15.64
        },
        "dimensions": {
          "width": 0.13,
          "height": 0.19
        }
      },
      {
        "type": "Door",
        "id": 11,
        "location": {
          "x": 2.44,
          "y": 15.64
        },
        "dimensions": {
          "width": 0.13,
          "height": 0.13
        }
      },
      {
        "type": "Door",
        "id": 12,
        "location": {
          "x": 1.26,
          "y": 15.62
        },
        "dimensions": {
          "width": 1.26,
          "height": 1.09
        }
      },
      {
        "type": "Door",
        "id": 13,
        "location": {
          "x": 5.51,
          "y": 15.6
        },
        "dimensions": {
          "width": 0.13,
          "height": 0.19
        }
      },
      {
        "type": "Door",
        "id": 14,
        "location": {
          "x": 2.98,
          "y": 15.54
        },
        "dimensions": {
          "width": 2.75,
          "height": 2.6
        }
      },
      {
        "type": "Door",
        "id": 15,
        "location": {
          "x": 5.06,
          "y": 15.53
        },
        "dimensions": {
          "width": 0.15,
          "height": 0.19
        }
      },
      {
        "type": "Door",
        "id": 16,
        "location": {
          "x": 5.27,
          "y": 15.44
        },
        "dimensions": {
          "width": 0.92,
          "height": 2.65
        }
      },
      {
        "type": "Door",
        "id": 17,
        "location": {
          "x": 5.77,
          "y": 15.24
        },
        "dimensions": {
          "width": 0.13,
          "height": 0.12
        }
      },
      {
        "type": "Door",
        "id": 18,
        "location": {
          "x": 5.46,
          "y": 15.22
        },
        "dimensions": {
          "width": 0.14,
          "height": 0.24
        }
      },
      {
        "type": "Door",
        "id": 19,
        "location": {
          "x": 5.14,
          "y": 15.22
        },
        "dimensions": {
          "width": 0.16,
          "height": 0.24
        }
      },
      {
        "type": "Door",
        "id": 20,
        "location": {
          "x": 4.81,
          "y": 15.22
        },
        "dimensions": {
          "width": 0.18,
          "height": 0.24
        }
      },
      {
        "type": "Door",
        "id": 21,
        "location": {
          "x": 3.24,
          "y": 15.22
        },
        "dimensions": {
          "width": 0.16,
          "height": 0.24
        }
      },
      {
        "type": "Door",
        "id": 22,
        "location": {
          "x": 2.18,
          "y": 15.22
        },
        "dimensions": {
          "width": 0.17,
          "height": 0.24
        }
      },
      {
        "type": "Door",
        "id": 23,
        "location": {
          "x": 5.51,
          "y": 14.89
        },
        "dimensions": {
          "width": 0.24,
          "height": 0.25
        }
      },
      {
        "type": "Door",
        "id": 24,
        "location": {
          "x": 5.28,
          "y": 14.89
        },
        "dimensions": {
          "width": 0.2,
          "height": 0.25
        }
      },
      {
        "type": "Door",
        "id": 25,
        "location": {
          "x": 5.17,
          "y": 14.89
        },
        "dimensions": {
          "width": 0.06,
          "height": 0.25
        }
      },
      {
        "type": "Door",
        "id": 26,
        "location": {
          "x": 3.08,
          "y": 14.85
        },
        "dimensions": {
          "width": 0.25,
          "height": 0.36
        }
      },
      {
        "type": "Door",
        "id": 27,
        "location": {
          "x": 2.84,
          "y": 14.85
        },
        "dimensions": {
          "width": 0.21,
          "height": 0.25
        }
      },
      {
        "type": "Door",
        "id": 28,
        "location": {
          "x": 2.73,
          "y": 14.85
        },
        "dimensions": {
          "width": 0.06,
          "height": 0.25
        }
      },
      {
        "type": "Door",
        "id": 29,
        "location": {
          "x": 2.47,
          "y": 14.85
        },
        "dimensions": {
          "width": 0.23,
          "height": 0.62
        }
      },
      {
        "type": "Door",
        "id": 30,
        "location": {
          "x": 2.38,
          "y": 14.85
        },
        "dimensions": {
          "width": 0.06,
          "height": 0.25
        }
      },
      {
        "type": "Door",
        "id": 31,
        "location": {
          "x": 4.87,
          "y": 14.76
        },
        "dimensions": {
          "width": 0.24,
          "height": 0.38
        }
      },
      {
        "type": "Door",
        "id": 32,
        "location": {
          "x": 2.26,
          "y": 14.72
        },
        "dimensions": {
          "width": 0.07,
          "height": 0.38
        }
      },
      {
        "type": "Door",
        "id": 33,
        "location": {
          "x": 2.04,
          "y": 14.67
        },
        "dimensions": {
          "width": 5.35,
          "height": 3.61
        }
      },
      {
        "type": "Window",
        "id": 34,
        "location": {
          "x": 6.26,
          "y": 14.17
        },
        "dimensions": {
          "width": 1.09,
          "height": 0.49
        }
      },
      {
        "type": "Window",
        "id": 35,
        "location": {
          "x": 7.39,
          "y": 14.03
        },
        "dimensions": {
          "width": 0.59,
          "height": 0.13
        }
      },
      {
        "type": "Door",
        "id": 36,
        "location": {
          "x": 7.36,
          "y": 13.88
        },
        "dimensions": {
          "width": 0.9,
          "height": 0.79
        }
      },
      {
        "type": "Door",
        "id": 37,
        "location": {
          "x": 5.02,
          "y": 13.76
        },
        "dimensions": {
          "width": 1.22,
          "height": 1.68
        }
      },
      {
        "type": "Door",
        "id": 38,
        "location": {
          "x": 1.2,
          "y": 13.76
        },
        "dimensions": {
          "width": 3.18,
          "height": 1.89
        }
      },
      {
        "type": "Door",
        "id": 39,
        "location": {
          "x": 6.85,
          "y": 12.89
        },
        "dimensions": {
          "width": 0.13,
          "height": 0.19
        }
      },
      {
        "type": "Door",
        "id": 40,
        "location": {
          "x": 2.4,
          "y": 12.88
        },
        "dimensions": {
          "width": 0.13,
          "height": 0.18
        }
      },
      {
        "type": "Door",
        "id": 41,
        "location": {
          "x": 6.41,
          "y": 12.83
        },
        "dimensions": {
          "width": 0.14,
          "height": 0.19
        }
      },
      {
        "type": "Door",
        "id": 42,
        "location": {
          "x": 1.95,
          "y": 12.81
        },
        "dimensions": {
          "width": 0.15,
          "height": 0.19
        }
      },
      {
        "type": "Door",
        "id": 43,
        "location": {
          "x": 7.18,
          "y": 12.49
        },
        "dimensions": {
          "width": 0.15,
          "height": 0.24
        }
      },
      {
        "type": "Door",
        "id": 44,
        "location": {
          "x": 6.44,
          "y": 12.49
        },
        "dimensions": {
          "width": 0.18,
          "height": 0.25
        }
      },
      {
        "type": "Door",
        "id": 45,
        "location": {
          "x": 6.13,
          "y": 12.49
        },
        "dimensions": {
          "width": 0.16,
          "height": 0.24
        }
      },
      {
        "type": "Door",
        "id": 46,
        "location": {
          "x": 6.87,
          "y": 12.48
        },
        "dimensions": {
          "width": 0.16,
          "height": 0.25
        }
      },
      {
        "type": "Door",
        "id": 47,
        "location": {
          "x": 2.76,
          "y": 12.48
        },
        "dimensions": {
          "width": 0.18,
          "height": 0.25
        }
      },
      {
        "type": "Door",
        "id": 48,
        "location": {
          "x": 2.45,
          "y": 12.48
        },
        "dimensions": {
          "width": 0.15,
          "height": 0.24
        }
      },
      {
        "type": "Door",
        "id": 49,
        "location": {
          "x": 2.02,
          "y": 12.48
        },
        "dimensions": {
          "width": 0.17,
          "height": 0.25
        }
      },
      {
        "type": "Door",
        "id": 50,
        "location": {
          "x": 3.94,
          "y": 12.32
        },
        "dimensions": {
          "width": 0.13,
          "height": 0.13
        }
      },
      {
        "type": "Door",
        "id": 51,
        "location": {
          "x": 2.94,
          "y": 12.17
        },
        "dimensions": {
          "width": 0.13,
          "height": 0.24
        }
      },
      {
        "type": "Door",
        "id": 52,
        "location": {
          "x": 2.37,
          "y": 12.17
        },
        "dimensions": {
          "width": 0.13,
          "height": 0.24
        }
      },
      {
        "type": "Door",
        "id": 53,
        "location": {
          "x": 2.01,
          "y": 12.17
        },
        "dimensions": {
          "width": 0.18,
          "height": 0.25
        }
      },
      {
        "type": "Door",
        "id": 54,
        "location": {
          "x": 1.67,
          "y": 12.16
        },
        "dimensions": {
          "width": 0.31,
          "height": 0.25
        }
      },
      {
        "type": "Door",
        "id": 55,
        "location": {
          "x": 6.66,
          "y": 12.11
        },
        "dimensions": {
          "width": 0.06,
          "height": 0.24
        }
      },
      {
        "type": "Door",
        "id": 56,
        "location": {
          "x": 6.4,
          "y": 12.11
        },
        "dimensions": {
          "width": 0.23,
          "height": 0.25
        }
      },
      {
        "type": "Door",
        "id": 57,
        "location": {
          "x": 6.31,
          "y": 12.11
        },
        "dimensions": {
          "width": 0.06,
          "height": 0.24
        }
      },
      {
        "type": "Door",
        "id": 58,
        "location": {
          "x": 7.01,
          "y": 12.1
        },
        "dimensions": {
          "width": 0.24,
          "height": 0.36
        }
      },
      {
        "type": "Door",
        "id": 59,
        "location": {
          "x": 6.77,
          "y": 12.1
        },
        "dimensions": {
          "width": 0.2,
          "height": 0.25
        }
      },
      {
        "type": "Door",
        "id": 60,
        "location": {
          "x": 2.21,
          "y": 12.1
        },
        "dimensions": {
          "width": 0.13,
          "height": 0.31
        }
      },
      {
        "type": "Door",
        "id": 61,
        "location": {
          "x": 2.66,
          "y": 12.04
        },
        "dimensions": {
          "width": 0.24,
          "height": 0.38
        }
      },
      {
        "type": "Door",
        "id": 62,
        "location": {
          "x": 6.19,
          "y": 11.97
        },
        "dimensions": {
          "width": 0.07,
          "height": 0.38
        }
      },
      {
        "type": "Door",
        "id": 63,
        "location": {
          "x": 0.79,
          "y": 11.95
        },
        "dimensions": {
          "width": 0.15,
          "height": 1.13
        }
      },
      {
        "type": "Door",
        "id": 64,
        "location": {
          "x": 0.79,
          "y": 11.87
        },
        "dimensions": {
          "width": 0.12,
          "height": 0.63
        }
      },
      {
        "type": "Door",
        "id": 65,
        "location": {
          "x": 4.67,
          "y": 11.37
        },
        "dimensions": {
          "width": 0.31,
          "height": 0.42
        }
      },
      {
        "type": "Door",
        "id": 66,
        "location": {
          "x": 4.62,
          "y": 11.13
        },
        "dimensions": {
          "width": 0.13,
          "height": 0.2
        }
      },
      {
        "type": "Door",
        "id": 67,
        "location": {
          "x": 2.19,
          "y": 10.64
        },
        "dimensions": {
          "width": 0.3,
          "height": 0.49
        }
      },
      {
        "type": "Door",
        "id": 68,
        "location": {
          "x": 1.89,
          "y": 10.63
        },
        "dimensions": {
          "width": 0.15,
          "height": 0.24
        }
      },
      {
        "type": "Door",
        "id": 69,
        "location": {
          "x": 1.27,
          "y": 10.63
        },
        "dimensions": {
          "width": 0.15,
          "height": 0.24
        }
      },
      {
        "type": "Window",
        "id": 70,
        "location": {
          "x": 7.06,
          "y": 10.61
        },
        "dimensions": {
          "width": 1.38,
          "height": 0.67
        }
      },
      {
        "type": "Door",
        "id": 71,
        "location": {
          "x": 6.3,
          "y": 10.6
        },
        "dimensions": {
          "width": 0.13,
          "height": 0.19
        }
      },
      {
        "type": "Door",
        "id": 72,
        "location": {
          "x": 0.03,
          "y": 10.49
        },
        "dimensions": {
          "width": 0.13,
          "height": 0.19
        }
      },
      {
        "type": "Door",
        "id": 73,
        "location": {
          "x": 3.23,
          "y": 10.47
        },
        "dimensions": {
          "width": 0.15,
          "height": 0.25
        }
      },
      {
        "type": "Door",
        "id": 74,
        "location": {
          "x": 2.91,
          "y": 10.47
        },
        "dimensions": {
          "width": 0.17,
          "height": 0.24
        }
      },
      {
        "type": "Door",
        "id": 75,
        "location": {
          "x": 1.71,
          "y": 10.38
        },
        "dimensions": {
          "width": 0.14,
          "height": 0.16
        }
      },
      {
        "type": "Door",
        "id": 76,
        "location": {
          "x": 1.94,
          "y": 10.26
        },
        "dimensions": {
          "width": 0.12,
          "height": 0.32
        }
      },
      {
        "type": "Door",
        "id": 77,
        "location": {
          "x": 6.51,
          "y": 10.22
        },
        "dimensions": {
          "width": 0.17,
          "height": 0.24
        }
      },
      {
        "type": "Door",
        "id": 78,
        "location": {
          "x": 5.84,
          "y": 10.22
        },
        "dimensions": {
          "width": 0.17,
          "height": 0.24
        }
      },
      {
        "type": "Door",
        "id": 79,
        "location": {
          "x": 5.52,
          "y": 10.22
        },
        "dimensions": {
          "width": 0.17,
          "height": 0.23
        }
      },
      {
        "type": "Door",
        "id": 80,
        "location": {
          "x": 3.19,
          "y": 10.19
        },
        "dimensions": {
          "width": 0.07,
          "height": 0.24
        }
      },
      {
        "type": "Door",
        "id": 81,
        "location": {
          "x": 8.52,
          "y": 10.16
        },
        "dimensions": {
          "width": 0.18,
          "height": 0.25
        }
      },
      {
        "type": "Door",
        "id": 82,
        "location": {
          "x": 8.19,
          "y": 10.16
        },
        "dimensions": {
          "width": 0.18,
          "height": 0.24
        }
      },
      {
        "type": "Door",
        "id": 83,
        "location": {
          "x": 7.76,
          "y": 10.16
        },
        "dimensions": {
          "width": 0.19,
          "height": 0.24
        }
      },
      {
        "type": "Door",
        "id": 84,
        "location": {
          "x": 7.44,
          "y": 10.16
        },
        "dimensions": {
          "width": 0.17,
          "height": 0.24
        }
      },
      {
        "type": "Door",
        "id": 85,
        "location": {
          "x": 3.96,
          "y": 10.12
        },
        "dimensions": {
          "width": 1.15,
          "height": 1.78
        }
      },
      {
        "type": "Door",
        "id": 86,
        "location": {
          "x": 6.33,
          "y": 9.91
        },
        "dimensions": {
          "width": 0.24,
          "height": 0.25
        }
      },
      {
        "type": "Door",
        "id": 87,
        "location": {
          "x": 6.1,
          "y": 9.91
        },
        "dimensions": {
          "width": 0.2,
          "height": 0.25
        }
      },
      {
        "type": "Door",
        "id": 88,
        "location": {
          "x": 5.98,
          "y": 9.91
        },
        "dimensions": {
          "width": 0.07,
          "height": 0.25
        }
      },
      {
        "type": "Door",
        "id": 89,
        "location": {
          "x": 7.83,
          "y": 9.84
        },
        "dimensions": {
          "width": 0.06,
          "height": 0.24
        }
      },
      {
        "type": "Door",
        "id": 90,
        "location": {
          "x": 8.06,
          "y": 9.83
        },
        "dimensions": {
          "width": 0.21,
          "height": 0.26
        }
      },
      {
        "type": "Door",
        "id": 91,
        "location": {
          "x": 5.69,
          "y": 9.78
        },
        "dimensions": {
          "width": 0.24,
          "height": 0.38
        }
      },
      {
        "type": "Door",
        "id": 92,
        "location": {
          "x": 7.93,
          "y": 9.76
        },
        "dimensions": {
          "width": 0.12,
          "height": 0.32
        }
      },
      {
        "type": "Door",
        "id": 93,
        "location": {
          "x": 8.31,
          "y": 9.7
        },
        "dimensions": {
          "width": 0.2,
          "height": 0.38
        }
      },
      {
        "type": "Door",
        "id": 94,
        "location": {
          "x": 7.6,
          "y": 9.7
        },
        "dimensions": {
          "width": 0.2,
          "height": 0.38
        }
      },
      {
        "type": "Door",
        "id": 95,
        "location": {
          "x": 0.43,
          "y": 9.6
        },
        "dimensions": {
          "width": 0.14,
          "height": 0.19
        }
      },
      {
        "type": "Door",
        "id": 96,
        "location": {
          "x": 0.04,
          "y": 9.6
        },
        "dimensions": {
          "width": 0.13,
          "height": 0.19
        }
      },
      {
        "type": "Door",
        "id": 97,
        "location": {
          "x": 0.87,
          "y": 9.52
        },
        "dimensions": {
          "width": 0.63,
          "height": 0.65
        }
      },
      {
        "type": "Door",
        "id": 98,
        "location": {
          "x": 2.94,
          "y": 9.46
        },
        "dimensions": {
          "width": 2.17,
          "height": 2.22
        }
      },
      {
        "type": "Door",
        "id": 99,
        "location": {
          "x": 0.79,
          "y": 9.46
        },
        "dimensions": {
          "width": 4.32,
          "height": 4.3
        }
      },
      {
        "type": "Door",
        "id": 100,
        "location": {
          "x": 7.73,
          "y": 9.03
        },
        "dimensions": {
          "width": 1.47,
          "height": 2.03
        }
      },
      {
        "type": "Door",
        "id": 101,
        "location": {
          "x": 5.27,
          "y": 8.97
        },
        "dimensions": {
          "width": 2.45,
          "height": 5.42
        }
      },
      {
        "type": "Door",
        "id": 102,
        "location": {
          "x": 5.33,
          "y": 8.55
        },
        "dimensions": {
          "width": 0.5,
          "height": 0.41
        }
      },
      {
        "type": "Window",
        "id": 103,
        "location": {
          "x": 1.26,
          "y": 8.43
        },
        "dimensions": {
          "width": 3.8,
          "height": 0.96
        }
      },
      {
        "type": "Door",
        "id": 104,
        "location": {
          "x": 5.4,
          "y": 8.35
        },
        "dimensions": {
          "width": 0.16,
          "height": 0.2
        }
      },
      {
        "type": "Door",
        "id": 105,
        "location": {
          "x": 8.25,
          "y": 8.05
        },
        "dimensions": {
          "width": 0.12,
          "height": 0.18
        }
      },
      {
        "type": "Door",
        "id": 106,
        "location": {
          "x": 3.47,
          "y": 8.03
        },
        "dimensions": {
          "width": 0.13,
          "height": 0.19
        }
      },
      {
        "type": "Door",
        "id": 107,
        "location": {
          "x": 7.8,
          "y": 7.98
        },
        "dimensions": {
          "width": 0.14,
          "height": 0.19
        }
      },
      {
        "type": "Door",
        "id": 108,
        "location": {
          "x": 3.02,
          "y": 7.97
        },
        "dimensions": {
          "width": 0.15,
          "height": 0.19
        }
      },
      {
        "type": "Door",
        "id": 109,
        "location": {
          "x": 7.48,
          "y": 7.67
        },
        "dimensions": {
          "width": 0.16,
          "height": 0.23
        }
      },
      {
        "type": "Door",
        "id": 110,
        "location": {
          "x": 8.54,
          "y": 7.66
        },
        "dimensions": {
          "width": 0.17,
          "height": 0.25
        }
      },
      {
        "type": "Door",
        "id": 111,
        "location": {
          "x": 8.23,
          "y": 7.66
        },
        "dimensions": {
          "width": 0.15,
          "height": 0.24
        }
      },
      {
        "type": "Door",
        "id": 112,
        "location": {
          "x": 7.79,
          "y": 7.66
        },
        "dimensions": {
          "width": 0.18,
          "height": 0.25
        }
      },
      {
        "type": "Door",
        "id": 113,
        "location": {
          "x": 3.82,
          "y": 7.64
        },
        "dimensions": {
          "width": 0.17,
          "height": 0.25
        }
      },
      {
        "type": "Door",
        "id": 114,
        "location": {
          "x": 3.5,
          "y": 7.64
        },
        "dimensions": {
          "width": 0.17,
          "height": 0.24
        }
      },
      {
        "type": "Door",
        "id": 115,
        "location": {
          "x": 3.07,
          "y": 7.64
        },
        "dimensions": {
          "width": 0.18,
          "height": 0.25
        }
      },
      {
        "type": "Door",
        "id": 116,
        "location": {
          "x": 2.75,
          "y": 7.64
        },
        "dimensions": {
          "width": 0.18,
          "height": 0.24
        }
      },
      {
        "type": "Door",
        "id": 117,
        "location": {
          "x": 8.69,
          "y": 7.35
        },
        "dimensions": {
          "width": 0.13,
          "height": 0.25
        }
      },
      {
        "type": "Door",
        "id": 118,
        "location": {
          "x": 8.11,
          "y": 7.35
        },
        "dimensions": {
          "width": 0.14,
          "height": 0.25
        }
      },
      {
        "type": "Door",
        "id": 119,
        "location": {
          "x": 7.75,
          "y": 7.35
        },
        "dimensions": {
          "width": 0.19,
          "height": 0.25
        }
      },
      {
        "type": "Door",
        "id": 120,
        "location": {
          "x": 7.42,
          "y": 7.35
        },
        "dimensions": {
          "width": 0.31,
          "height": 0.25
        }
      },
      {
        "type": "Door",
        "id": 121,
        "location": {
          "x": 3.08,
          "y": 7.3
        },
        "dimensions": {
          "width": 0.15,
          "height": 0.16
        }
      },
      {
        "type": "Door",
        "id": 122,
        "location": {
          "x": 7.95,
          "y": 7.28
        },
        "dimensions": {
          "width": 0.14,
          "height": 0.32
        }
      },
      {
        "type": "Door",
        "id": 123,
        "location": {
          "x": 4.3,
          "y": 7.26
        },
        "dimensions": {
          "width": 0.24,
          "height": 0.25
        }
      },
      {
        "type": "Door",
        "id": 124,
        "location": {
          "x": 4.02,
          "y": 7.26
        },
        "dimensions": {
          "width": 0.25,
          "height": 0.36
        }
      },
      {
        "type": "Door",
        "id": 125,
        "location": {
          "x": 3.74,
          "y": 7.26
        },
        "dimensions": {
          "width": 0.25,
          "height": 0.25
        }
      },
      {
        "type": "Door",
        "id": 126,
        "location": {
          "x": 3.61,
          "y": 7.26
        },
        "dimensions": {
          "width": 0.13,
          "height": 0.24
        }
      },
      {
        "type": "Door",
        "id": 127,
        "location": {
          "x": 3.31,
          "y": 7.26
        },
        "dimensions": {
          "width": 0.25,
          "height": 0.25
        }
      },
      {
        "type": "Door",
        "id": 128,
        "location": {
          "x": 2.75,
          "y": 7.26
        },
        "dimensions": {
          "width": 0.14,
          "height": 0.24
        }
      },
      {
        "type": "Door",
        "id": 129,
        "location": {
          "x": 2.46,
          "y": 7.26
        },
        "dimensions": {
          "width": 0.25,
          "height": 0.25
        }
      },
      {
        "type": "Door",
        "id": 130,
        "location": {
          "x": 8.41,
          "y": 7.22
        },
        "dimensions": {
          "width": 0.24,
          "height": 0.38
        }
      },
      {
        "type": "Door",
        "id": 131,
        "location": {
          "x": 5.17,
          "y": 7.01
        },
        "dimensions": {
          "width": 0.03,
          "height": 2.89
        }
      },
      {
        "type": "Window",
        "id": 132,
        "location": {
          "x": 2.72,
          "y": 6.81
        },
        "dimensions": {
          "width": 1.81,
          "height": 0.06
        }
      },
      {
        "type": "Door",
        "id": 133,
        "location": {
          "x": 1.53,
          "y": 5.98
        },
        "dimensions": {
          "width": 0.6,
          "height": 0.86
        }
      },
      {
        "type": "Door",
        "id": 134,
        "location": {
          "x": 7.27,
          "y": 5.96
        },
        "dimensions": {
          "width": 2.42,
          "height": 8.32
        }
      },
      {
        "type": "Door",
        "id": 135,
        "location": {
          "x": 9.53,
          "y": 5.96
        },
        "dimensions": {
          "width": 0.05,
          "height": 0.38
        }
      },
      {
        "type": "Door",
        "id": 136,
        "location": {
          "x": 9.0,
          "y": 5.89
        },
        "dimensions": {
          "width": 0.17,
          "height": 0.24
        }
      },
      {
        "type": "Door",
        "id": 137,
        "location": {
          "x": 7.64,
          "y": 5.84
        },
        "dimensions": {
          "width": 0.12,
          "height": 0.13
        }
      },
      {
        "type": "Door",
        "id": 138,
        "location": {
          "x": 6.7,
          "y": 5.84
        },
        "dimensions": {
          "width": 0.12,
          "height": 0.13
        }
      },
      {
        "type": "Door",
        "id": 139,
        "location": {
          "x": 7.32,
          "y": 5.75
        },
        "dimensions": {
          "width": 0.14,
          "height": 0.24
        }
      },
      {
        "type": "Door",
        "id": 140,
        "location": {
          "x": 7.0,
          "y": 5.75
        },
        "dimensions": {
          "width": 0.16,
          "height": 0.23
        }
      },
      {
        "type": "Door",
        "id": 141,
        "location": {
          "x": 7.28,
          "y": 5.47
        },
        "dimensions": {
          "width": 0.07,
          "height": 0.24
        }
      },
      {
        "type": "Door",
        "id": 142,
        "location": {
          "x": 8.86,
          "y": 5.46
        },
        "dimensions": {
          "width": 0.66,
          "height": 0.97
        }
      },
      {
        "type": "Door",
        "id": 143,
        "location": {
          "x": 5.95,
          "y": 5.29
        },
        "dimensions": {
          "width": 0.12,
          "height": 0.21
        }
      },
      {
        "type": "Door",
        "id": 144,
        "location": {
          "x": 0.57,
          "y": 5.25
        },
        "dimensions": {
          "width": 4.61,
          "height": 11.88
        }
      },
      {
        "type": "Door",
        "id": 145,
        "location": {
          "x": 9.0,
          "y": 4.75
        },
        "dimensions": {
          "width": 0.58,
          "height": 1.2
        }
      },
      {
        "type": "Door",
        "id": 146,
        "location": {
          "x": 6.7,
          "y": 4.73
        },
        "dimensions": {
          "width": 0.83,
          "height": 1.11
        }
      },
      {
        "type": "Door",
        "id": 147,
        "location": {
          "x": 8.71,
          "y": 4.22
        },
        "dimensions": {
          "width": 0.34,
          "height": 0.34
        }
      },
      {
        "type": "Door",
        "id": 148,
        "location": {
          "x": 6.67,
          "y": 3.21
        },
        "dimensions": {
          "width": 0.03,
          "height": 0.78
        }
      },
      {
        "type": "Door",
        "id": 149,
        "location": {
          "x": 7.01,
          "y": 3.09
        },
        "dimensions": {
          "width": 0.15,
          "height": 0.19
        }
      },
      {
        "type": "Door",
        "id": 150,
        "location": {
          "x": 6.7,
          "y": 2.76
        },
        "dimensions": {
          "width": 0.13,
          "height": 0.12
        }
      },
      {
        "type": "Door",
        "id": 151,
        "location": {
          "x": 7.75,
          "y": 2.74
        },
        "dimensions": {
          "width": 0.15,
          "height": 0.24
        }
      },
      {
        "type": "Door",
        "id": 152,
        "location": {
          "x": 7.43,
          "y": 2.74
        },
        "dimensions": {
          "width": 0.17,
          "height": 0.24
        }
      },
      {
        "type": "Door",
        "id": 153,
        "location": {
          "x": 7.0,
          "y": 2.74
        },
        "dimensions": {
          "width": 0.18,
          "height": 0.24
        }
      },
      {
        "type": "Door",
        "id": 154,
        "location": {
          "x": 7.57,
          "y": 2.37
        },
        "dimensions": {
          "width": 0.15,
          "height": 0.16
        }
      },
      {
        "type": "Door",
        "id": 155,
        "location": {
          "x": 6.72,
          "y": 2.37
        },
        "dimensions": {
          "width": 0.15,
          "height": 0.16
        }
      },
      {
        "type": "Door",
        "id": 156,
        "location": {
          "x": 8.23,
          "y": 2.32
        },
        "dimensions": {
          "width": 0.25,
          "height": 0.36
        }
      },
      {
        "type": "Door",
        "id": 157,
        "location": {
          "x": 7.95,
          "y": 2.32
        },
        "dimensions": {
          "width": 0.25,
          "height": 0.25
        }
      },
      {
        "type": "Door",
        "id": 158,
        "location": {
          "x": 7.82,
          "y": 2.32
        },
        "dimensions": {
          "width": 0.13,
          "height": 0.25
        }
      },
      {
        "type": "Door",
        "id": 159,
        "location": {
          "x": 7.24,
          "y": 2.32
        },
        "dimensions": {
          "width": 0.25,
          "height": 0.36
        }
      },
      {
        "type": "Door",
        "id": 160,
        "location": {
          "x": 6.97,
          "y": 2.32
        },
        "dimensions": {
          "width": 0.13,
          "height": 0.25
        }
      },
      {
        "type": "Door",
        "id": 161,
        "location": {
          "x": 6.02,
          "y": 2.22
        },
        "dimensions": {
          "width": 0.25,
          "height": 0.35
        }
      },
      {
        "type": "Door",
        "id": 162,
        "location": {
          "x": 5.14,
          "y": 1.02
        },
        "dimensions": {
          "width": 0.45,
          "height": 4.32
        }
      },
      {
        "type": "Door",
        "id": 163,
        "location": {
          "x": 5.26,
          "y": 0.66
        },
        "dimensions": {
          "width": 4.34,
          "height": 8.3
        }
      }
    ]
  }
}