{
  "floorPlan": {
    "name": "Floor Plan 17_5.jpg",
    "units": "feet",
    "totalArea": 32.85,
    "totalRooms": 10,
    "rooms": [
      {
        "id": 1,
        "name": "Room_1",
        "shape": "Irregular",
        "dimensions": {
          "width": 0.26,
          "length": 2.38,
          "height": 1.9
        },
        "position": {
          "x": 8.32,
          "y": 3.3
        },
        "windows": [],
        "doors": [],
        "connected_to": []
      },
      {
        "id": 2,
        "name": "Room_2",
        "shape": "Pentagon",
        "dimensions": {
          "width": 0.82,
          "length": 3.18,
          "height": 2.54
        },
        "position": {
          "x": 6.26,
          "y": 3.21
        },
        "windows": [
          {
            "type": "Window",
            "id": 2,
            "location": {
              "x": 6.98,
              "y": 5.91
            },
            "dimensions": {
              "width": 0.44,
              "height": 0.11
            }
          }
        ],
        "doors": [
          {
            "type": "Door",
            "id": 10,
            "location": {
              "x": 6.64,
              "y": 4.5
            },
            "dimensions": {
              "width": 0.2,
              "height": 0.22
            }
          },
          {
            "type": "Door",
            "id": 11,
            "location": {
              "x": 6.4,
              "y": 4.5
            },
            "dimensions": {
              "width": 0.21,
              "height": 0.29
            }
          }
        ],
        "connected_to": [
          7
        ]
      },
      {
        "id": 3,
        "name": "Room_3",
        "shape": "Hexagon",
        "dimensions": {
          "width": 0.82,
          "length": 3.18,
          "height": 2.54
        },
        "position": {
          "x": 3.09,
          "y": 3.21
        },
        "windows": [
          {
            "type": "Window",
            "id": 1,
            "location": {
              "x": 3.13,
              "y": 6.15
            },
            "dimensions": {
              "width": 0.28,
              "height": 0.12
            }
          }
        ],
        "doors": [
          {
            "type": "Door",
            "id": 15,
            "location": {
              "x": 3.47,
              "y": 4.5
            },
            "dimensions": {
              "width": 0.2,
              "height": 0.22
            }
          }
        ],
        "connected_to": []
      },
      {
        "id": 4,
        "name": "Room_4",
        "shape": "Octagon",
        "dimensions": {
          "width": 0.51,
          "length": 3.72,
          "height": 2.98
        },
        "position": {
          "x": 2.22,
          "y": 2.67
        },
        "windows": [],
        "doors": [
          {
            "type": "Door",
            "id": 18,
            "location": {
              "x": 2.62,
              "y": 4.5
            },
            "dimensions": {
              "width": 0.2,
              "height": 0.22
            }
          },
          {
            "type": "Door",
            "id": 20,
            "location": {
              "x": 2.33,
              "y": 4.43
            },
            "dimensions": {
              "width": 0.27,
              "height": 0.29
            }
          }
        ],
        "connected_to": []
      },
      {
        "id": 5,
        "name": "Room_5",
        "shape": "Irregular",
        "dimensions": {
          "width": 1.56,
          "length": 1.04,
          "height": 1.25
        },
        "position": {
          "x": 2.22,
          "y": 1.81
        },
        "windows": [],
        "doors": [
          {
            "type": "Door",
            "id": 51,
            "location": {
              "x": 2.91,
              "y": 1.81
            },
            "dimensions": {
              "width": 0.11,
              "height": 0.17
            }
          }
        ],
        "connected_to": []
      },
      {
        "id": 6,
        "name": "Room_6",
        "shape": "Rectangle",
        "dimensions": {
          "width": 1.18,
          "length": 1.75,
          "height": 1.4
        },
        "position": {
          "x": 7.4,
          "y": 0.9
        },
        "windows": [],
        "doors": [
          {
            "type": "Door",
            "id": 46,
            "location": {
              "x": 7.8,
              "y": 1.87
            },
            "dimensions": {
              "width": 0.19,
              "height": 0.23
            }
          },
          {
            "type": "Door",
            "id": 48,
            "location": {
              "x": 7.48,
              "y": 1.86
            },
            "dimensions": {
              "width": 1.12,
              "height": 1.85
            }
          },
          {
            "type": "Door",
            "id": 50,
            "location": {
              "x": 8.0,
              "y": 1.83
            },
            "dimensions": {
              "width": 0.39,
              "height": 0.27
            }
          },
          {
            "type": "Door",
            "id": 56,
            "location": {
              "x": 7.99,
              "y": 1.28
            },
            "dimensions": {
              "width": 0.4,
              "height": 0.29
            }
          },
          {
            "type": "Door",
            "id": 61,
            "location": {
              "x": 7.44,
              "y": 1.01
            },
            "dimensions": {
              "width": 0.44,
              "height": 0.56
            }
          }
        ],
        "connected_to": []
      },
      {
        "id": 7,
        "name": "Room_7",
        "shape": "Irregular",
        "dimensions": {
          "width": 2.75,
          "length": 5.49,
          "height": 4.39
        },
        "position": {
          "x": 4.24,
          "y": 0.9
        },
        "windows": [
          {
            "type": "Window",
            "id": 2,
            "location": {
              "x": 6.98,
              "y": 5.91
            },
            "dimensions": {
              "width": 0.44,
              "height": 0.11
            }
          },
          {
            "type": "Window",
            "id": 7,
            "location": {
              "x": 4.31,
              "y": 4.62
            },
            "dimensions": {
              "width": 0.45,
              "height": 0.22
            }
          }
        ],
        "doors": [
          {
            "type": "Door",
            "id": 6,
            "location": {
              "x": 4.78,
              "y": 4.62
            },
            "dimensions": {
              "width": 0.3,
              "height": 0.22
            }
          },
          {
            "type": "Door",
            "id": 10,
            "location": {
              "x": 6.64,
              "y": 4.5
            },
            "dimensions": {
              "width": 0.2,
              "height": 0.22
            }
          },
          {
            "type": "Door",
            "id": 11,
            "location": {
              "x": 6.4,
              "y": 4.5
            },
            "dimensions": {
              "width": 0.21,
              "height": 0.29
            }
          },
          {
            "type": "Door",
            "id": 12,
            "location": {
              "x": 6.18,
              "y": 4.5
            },
            "dimensions": {
              "width": 0.2,
              "height": 0.22
            }
          },
          {
            "type": "Door",
            "id": 13,
            "location": {
              "x": 6.02,
              "y": 4.5
            },
            "dimensions": {
              "width": 0.15,
              "height": 0.22
            }
          },
          {
            "type": "Door",
            "id": 14,
            "location": {
              "x": 5.79,
              "y": 4.5
            },
            "dimensions": {
              "width": 0.2,
              "height": 0.22
            }
          },
          {
            "type": "Door",
            "id": 19,
            "location": {
              "x": 5.49,
              "y": 4.43
            },
            "dimensions": {
              "width": 0.27,
              "height": 0.29
            }
          },
          {
            "type": "Door",
            "id": 24,
            "location": {
              "x": 4.77,
              "y": 4.31
            },
            "dimensions": {
              "width": 0.07,
              "height": 0.21
            }
          },
          {
            "type": "Door",
            "id": 25,
            "location": {
              "x": 4.43,
              "y": 4.31
            },
            "dimensions": {
              "width": 0.3,
              "height": 0.21
            }
          },
          {
            "type": "Door",
            "id": 29,
            "location": {
              "x": 4.87,
              "y": 4.24
            },
            "dimensions": {
              "width": 0.07,
              "height": 0.28
            }
          },
          {
            "type": "Door",
            "id": 39,
            "location": {
              "x": 4.95,
              "y": 2.78
            },
            "dimensions": {
              "width": 0.21,
              "height": 0.29
            }
          },
          {
            "type": "Door",
            "id": 40,
            "location": {
              "x": 4.72,
              "y": 2.78
            },
            "dimensions": {
              "width": 0.2,
              "height": 0.22
            }
          },
          {
            "type": "Door",
            "id": 41,
            "location": {
              "x": 4.62,
              "y": 2.78
            },
            "dimensions": {
              "width": 0.07,
              "height": 0.22
            }
          },
          {
            "type": "Door",
            "id": 42,
            "location": {
              "x": 4.39,
              "y": 2.78
            },
            "dimensions": {
              "width": 0.2,
              "height": 0.22
            }
          },
          {
            "type": "Door",
            "id": 45,
            "location": {
              "x": 5.48,
              "y": 2.03
            },
            "dimensions": {
              "width": 3.01,
              "height": 4.37
            }
          },
          {
            "type": "Door",
            "id": 47,
            "location": {
              "x": 4.83,
              "y": 1.87
            },
            "dimensions": {
              "width": 0.22,
              "height": 0.23
            }
          },
          {
            "type": "Door",
            "id": 49,
            "location": {
              "x": 4.63,
              "y": 1.85
            },
            "dimensions": {
              "width": 0.21,
              "height": 0.26
            }
          },
          {
            "type": "Door",
            "id": 62,
            "location": {
              "x": 5.48,
              "y": 0.99
            },
            "dimensions": {
              "width": 1.74,
              "height": 1.92
            }
          }
        ],
        "connected_to": [
          2
        ]
      },
      {
        "id": 8,
        "name": "Room_8",
        "shape": "Hexagon",
        "dimensions": {
          "width": 1.6,
          "length": 0.26,
          "height": 1.28
        },
        "position": {
          "x": 2.22,
          "y": 0.9
        },
        "windows": [],
        "doors": [
          {
            "type": "Door",
            "id": 63,
            "location": {
              "x": 3.15,
              "y": 0.99
            },
            "dimensions": {
              "width": 0.11,
              "height": 0.22
            }
          },
          {
            "type": "Door",
            "id": 64,
            "location": {
              "x": 3.03,
              "y": 0.99
            },
            "dimensions": {
              "width": 0.11,
              "height": 0.22
            }
          },
          {
            "type": "Door",
            "id": 65,
            "location": {
              "x": 2.91,
              "y": 0.99
            },
            "dimensions": {
              "width": 0.11,
              "height": 0.22
            }
          },
          {
            "type": "Door",
            "id": 66,
            "location": {
              "x": 2.79,
              "y": 0.99
            },
            "dimensions": {
              "width": 0.11,
              "height": 0.22
            }
          }
        ],
        "connected_to": []
      },
      {
        "id": 9,
        "name": "Text_2",
        "shape": "Hexagon",
        "dimensions": {
          "width": 0.41,
          "length": 5.88,
          "height": 4.7
        },
        "position": {
          "x": 1.74,
          "y": 0.71
        },
        "windows": [],
        "doors": [],
        "connected_to": []
      },
      {
        "id": 10,
        "name": "Text_4",
        "shape": "Rectangle",
        "dimensions": {
          "width": 6.74,
          "length": 0.52,
          "height": 5.39
        },
        "position": {
          "x": 2.03,
          "y": 0.31
        },
        "windows": [
          {
            "type": "Window",
            "id": 70,
            "location": {
              "x": 2.03,
              "y": 0.31
            },
            "dimensions": {
              "width": 6.75,
              "height": 0.53
            }
          }
        ],
        "doors": [],
        "connected_to": []
      }
    ],
    "doorsAndWindows": [
      {
        "type": "Window",
        "id": 1,
        "location": {
          "x": 3.13,
          "y": 6.15
        },
        "dimensions": {
          "width": 0.28,
          "height": 0.12
        }
      },
      {
        "type": "Window",
        "id": 2,
        "location": {
          "x": 6.98,
          "y": 5.91
        },
        "dimensions": {
          "width": 0.44,
          "height": 0.11
        }
      },
      {
        "type": "Door",
        "id": 3,
        "location": {
          "x": 7.95,
          "y": 4.62
        },
        "dimensions": {
          "width": 0.3,
          "height": 0.22
        }
      },
      {
        "type": "Door",
        "id": 4,
        "location": {
          "x": 7.71,
          "y": 4.62
        },
        "dimensions": {
          "width": 0.21,
          "height": 0.22
        }
      },
      {
        "type": "Door",
        "id": 5,
        "location": {
          "x": 7.48,
          "y": 4.62
        },
        "dimensions": {
          "width": 0.22,
          "height": 0.22
        }
      },
      {
        "type": "Door",
        "id": 6,
        "location": {
          "x": 4.78,
          "y": 4.62
        },
        "dimensions": {
          "width": 0.3,
          "height": 0.22
        }
      },
      {
        "type": "Window",
        "id": 7,
        "location": {
          "x": 4.31,
          "y": 4.62
        },
        "dimensions": {
          "width": 0.45,
          "height": 0.22
        }
      },
      {
        "type": "Door",
        "id": 8,
        "location": {
          "x": 7.22,
          "y": 4.55
        },
        "dimensions": {
          "width": 0.25,
          "height": 0.29
        }
      },
      {
        "type": "Door",
        "id": 9,
        "location": {
          "x": 4.06,
          "y": 4.55
        },
        "dimensions": {
          "width": 0.24,
          "height": 0.29
        }
      },
      {
        "type": "Door",
        "id": 10,
        "location": {
          "x": 6.64,
          "y": 4.5
        },
        "dimensions": {
          "width": 0.2,
          "height": 0.22
        }
      },
      {
        "type": "Door",
        "id": 11,
        "location": {
          "x": 6.4,
          "y": 4.5
        },
        "dimensions": {
          "width": 0.21,
          "height": 0.29
        }
      },
      {
        "type": "Door",
        "id": 12,
        "location": {
          "x": 6.18,
          "y": 4.5
        },
        "dimensions": {
          "width": 0.2,
          "height": 0.22
        }
      },
      {
        "type": "Door",
        "id": 13,
        "location": {
          "x": 6.02,
          "y": 4.5
        },
        "dimensions": {
          "width": 0.15,
          "height": 0.22
        }
      },
      {
        "type": "Door",
        "id": 14,
        "location": {
          "x": 5.79,
          "y": 4.5
        },
        "dimensions": {
          "width": 0.2,
          "height": 0.22
        }
      },
      {
        "type": "Door",
        "id": 15,
        "location": {
          "x": 3.47,
          "y": 4.5
        },
        "dimensions": {
          "width": 0.2,
          "height": 0.22
        }
      },
      {
        "type": "Door",
        "id": 16,
        "location": {
          "x": 3.01,
          "y": 4.5
        },
        "dimensions": {
          "width": 0.2,
          "height": 0.22
        }
      },
      {
        "type": "Door",
        "id": 17,
        "location": {
          "x": 2.85,
          "y": 4.5
        },
        "dimensions": {
          "width": 0.16,
          "height": 0.22
        }
      },
      {
        "type": "Door",
        "id": 18,
        "location": {
          "x": 2.62,
          "y": 4.5
        },
        "dimensions": {
          "width": 0.2,
          "height": 0.22
        }
      },
      {
        "type": "Door",
        "id": 19,
        "location": {
          "x": 5.49,
          "y": 4.43
        },
        "dimensions": {
          "width": 0.27,
          "height": 0.29
        }
      },
      {
        "type": "Door",
        "id": 20,
        "location": {
          "x": 2.33,
          "y": 4.43
        },
        "dimensions": {
          "width": 0.27,
          "height": 0.29
        }
      },
      {
        "type": "Door",
        "id": 21,
        "location": {
          "x": 8.12,
          "y": 4.31
        },
        "dimensions": {
          "width": 0.2,
          "height": 0.29
        }
      },
      {
        "type": "Door",
        "id": 22,
        "location": {
          "x": 7.6,
          "y": 4.31
        },
        "dimensions": {
          "width": 0.3,
          "height": 0.21
        }
      },
      {
        "type": "Door",
        "id": 23,
        "location": {
          "x": 7.37,
          "y": 4.31
        },
        "dimensions": {
          "width": 0.2,
          "height": 0.22
        }
      },
      {
        "type": "Door",
        "id": 24,
        "location": {
          "x": 4.77,
          "y": 4.31
        },
        "dimensions": {
          "width": 0.07,
          "height": 0.21
        }
      },
      {
        "type": "Door",
        "id": 25,
        "location": {
          "x": 4.43,
          "y": 4.31
        },
        "dimensions": {
          "width": 0.3,
          "height": 0.21
        }
      },
      {
        "type": "Door",
        "id": 26,
        "location": {
          "x": 4.2,
          "y": 4.31
        },
        "dimensions": {
          "width": 0.2,
          "height": 0.22
        }
      },
      {
        "type": "Door",
        "id": 27,
        "location": {
          "x": 8.04,
          "y": 4.24
        },
        "dimensions": {
          "width": 0.06,
          "height": 0.28
        }
      },
      {
        "type": "Door",
        "id": 28,
        "location": {
          "x": 7.15,
          "y": 4.24
        },
        "dimensions": {
          "width": 0.2,
          "height": 0.28
        }
      },
      {
        "type": "Door",
        "id": 29,
        "location": {
          "x": 4.87,
          "y": 4.24
        },
        "dimensions": {
          "width": 0.07,
          "height": 0.28
        }
      },
      {
        "type": "Door",
        "id": 30,
        "location": {
          "x": 3.98,
          "y": 4.24
        },
        "dimensions": {
          "width": 0.21,
          "height": 0.28
        }
      },
      {
        "type": "Door",
        "id": 31,
        "location": {
          "x": 1.56,
          "y": 3.85
        },
        "dimensions": {
          "width": 0.2,
          "height": 0.14
        }
      },
      {
        "type": "Door",
        "id": 32,
        "location": {
          "x": 1.57,
          "y": 3.7
        },
        "dimensions": {
          "width": 0.19,
          "height": 0.14
        }
      },
      {
        "type": "Door",
        "id": 33,
        "location": {
          "x": 1.57,
          "y": 3.41
        },
        "dimensions": {
          "width": 0.19,
          "height": 0.14
        }
      },
      {
        "type": "Door",
        "id": 34,
        "location": {
          "x": 7.79,
          "y": 2.79
        },
        "dimensions": {
          "width": 0.07,
          "height": 0.21
        }
      },
      {
        "type": "Door",
        "id": 35,
        "location": {
          "x": 7.46,
          "y": 2.79
        },
        "dimensions": {
          "width": 0.07,
          "height": 0.21
        }
      },
      {
        "type": "Door",
        "id": 36,
        "location": {
          "x": 8.11,
          "y": 2.78
        },
        "dimensions": {
          "width": 0.22,
          "height": 0.29
        }
      },
      {
        "type": "Door",
        "id": 37,
        "location": {
          "x": 7.89,
          "y": 2.78
        },
        "dimensions": {
          "width": 0.2,
          "height": 0.22
        }
      },
      {
        "type": "Door",
        "id": 38,
        "location": {
          "x": 7.56,
          "y": 2.78
        },
        "dimensions": {
          "width": 0.2,
          "height": 0.22
        }
      },
      {
        "type": "Door",
        "id": 39,
        "location": {
          "x": 4.95,
          "y": 2.78
        },
        "dimensions": {
          "width": 0.21,
          "height": 0.29
        }
      },
      {
        "type": "Door",
        "id": 40,
        "location": {
          "x": 4.72,
          "y": 2.78
        },
        "dimensions": {
          "width": 0.2,
          "height": 0.22
        }
      },
      {
        "type": "Door",
        "id": 41,
        "location": {
          "x": 4.62,
          "y": 2.78
        },
        "dimensions": {
          "width": 0.07,
          "height": 0.22
        }
      },
      {
        "type": "Door",
        "id": 42,
        "location": {
          "x": 4.39,
          "y": 2.78
        },
        "dimensions": {
          "width": 0.2,
          "height": 0.22
        }
      },
      {
        "type": "Door",
        "id": 43,
        "location": {
          "x": 7.18,
          "y": 2.71
        },
        "dimensions": {
          "width": 0.25,
          "height": 0.29
        }
      },
      {
        "type": "Door",
        "id": 44,
        "location": {
          "x": 4.02,
          "y": 2.71
        },
        "dimensions": {
          "width": 0.25,
          "height": 0.29
        }
      },
      {
        "type": "Door",
        "id": 45,
        "location": {
          "x": 5.48,
          "y": 2.03
        },
        "dimensions": {
          "width": 3.01,
          "height": 4.37
        }
      },
      {
        "type": "Door",
        "id": 46,
        "location": {
          "x": 7.8,
          "y": 1.87
        },
        "dimensions": {
          "width": 0.19,
          "height": 0.23
        }
      },
      {
        "type": "Door",
        "id": 47,
        "location": {
          "x": 4.83,
          "y": 1.87
        },
        "dimensions": {
          "width": 0.22,
          "height": 0.23
        }
      },
      {
        "type": "Door",
        "id": 48,
        "location": {
          "x": 7.48,
          "y": 1.86
        },
        "dimensions": {
          "width": 1.12,
          "height": 1.85
        }
      },
      {
        "type": "Door",
        "id": 49,
        "location": {
          "x": 4.63,
          "y": 1.85
        },
        "dimensions": {
          "width": 0.21,
          "height": 0.26
        }
      },
      {
        "type": "Door",
        "id": 50,
        "location": {
          "x": 8.0,
          "y": 1.83
        },
        "dimensions": {
          "width": 0.39,
          "height": 0.27
        }
      },
      {
        "type": "Door",
        "id": 51,
        "location": {
          "x": 2.91,
          "y": 1.81
        },
        "dimensions": {
          "width": 0.11,
          "height": 0.17
        }
      },
      {
        "type": "Door",
        "id": 52,
        "location": {
          "x": 2.19,
          "y": 1.72
        },
        "dimensions": {
          "width": 3.48,
          "height": 4.68
        }
      },
      {
        "type": "Door",
        "id": 53,
        "location": {
          "x": 3.02,
          "y": 1.52
        },
        "dimensions": {
          "width": 0.12,
          "height": 0.35
        }
      },
      {
        "type": "Door",
        "id": 54,
        "location": {
          "x": 2.91,
          "y": 1.52
        },
        "dimensions": {
          "width": 0.11,
          "height": 0.18
        }
      },
      {
        "type": "Door",
        "id": 55,
        "location": {
          "x": 2.79,
          "y": 1.52
        },
        "dimensions": {
          "width": 0.11,
          "height": 0.22
        }
      },
      {
        "type": "Door",
        "id": 56,
        "location": {
          "x": 7.99,
          "y": 1.28
        },
        "dimensions": {
          "width": 0.4,
          "height": 0.29
        }
      },
      {
        "type": "Door",
        "id": 57,
        "location": {
          "x": 3.03,
          "y": 1.23
        },
        "dimensions": {
          "width": 0.23,
          "height": 0.22
        }
      },
      {
        "type": "Door",
        "id": 58,
        "location": {
          "x": 2.91,
          "y": 1.23
        },
        "dimensions": {
          "width": 0.11,
          "height": 0.22
        }
      },
      {
        "type": "Door",
        "id": 59,
        "location": {
          "x": 2.78,
          "y": 1.23
        },
        "dimensions": {
          "width": 0.5,
          "height": 0.43
        }
      },
      {
        "type": "Door",
        "id": 60,
        "location": {
          "x": 2.55,
          "y": 1.23
        },
        "dimensions": {
          "width": 0.23,
          "height": 0.51
        }
      },
      {
        "type": "Door",
        "id": 61,
        "location": {
          "x": 7.44,
          "y": 1.01
        },
        "dimensions": {
          "width": 0.44,
          "height": 0.56
        }
      },
      {
        "type": "Door",
        "id": 62,
        "location": {
          "x": 5.48,
          "y": 0.99
        },
        "dimensions": {
          "width": 1.74,
          "height": 1.92
        }
      },
      {
        "type": "Door",
        "id": 63,
        "location": {
          "x": 3.15,
          "y": 0.99
        },
        "dimensions": {
          "width": 0.11,
          "height": 0.22
        }
      },
      {
        "type": "Door",
        "id": 64,
        "location": {
          "x": 3.03,
          "y": 0.99
        },
        "dimensions": {
          "width": 0.11,
          "height": 0.22
        }
      },
      {
        "type": "Door",
        "id": 65,
        "location": {
          "x": 2.91,
          "y": 0.99
        },
        "dimensions": {
          "width": 0.11,
          "height": 0.22
        }
      },
      {
        "type": "Door",
        "id": 66,
        "location": {
          "x": 2.79,
          "y": 0.99
        },
        "dimensions": {
          "width": 0.11,
          "height": 0.22
        }
      },
      {
        "type": "Door",
        "id": 67,
        "location": {
          "x": 2.19,
          "y": 0.99
        },
        "dimensions": {
          "width": 1.58,
          "height": 2.4
        }
      },
      {
        "type": "Window",
        "id": 68,
        "location": {
          "x": 2.19,
          "y": 0.86
        },
        "dimensions": {
          "width": 6.3,
          "height": 1.99
        }
      },
      {
        "type": "Door",
        "id": 69,
        "location": {
          "x": 1.73,
          "y": 0.7
        },
        "dimensions": {
          "width": 0.43,
          "height": 5.89
        }
      },
      {
        "type": "Window",
        "id": 70,
        "location": {
          "x": 2.03,
          "y": 0.31
        },
        "dimensions": {
          "width": 6.75,
          "height": 0.53
        }
      },
      {
        "type": "Door",
        "id": 71,
        "location": {
          "x": 5.5,
          "y": 0.14
        },
        "dimensions": {
          "width": 0.14,
          "height": 0.2
        }
      },
      {
        "type": "Door",
        "id": 72,
        "location": {
          "x": 5.05,
          "y": 0.14
        },
        "dimensions": {
          "width": 0.3,
          "height": 0.2
        }
      }
    ]
  }
}