{
  "floorPlan": {
    "name": "Floor Plan 17_6.jpg",
    "units": "feet",
    "totalArea": 67.37,
    "totalRooms": 11,
    "rooms": [
      {
        "id": 1,
        "name": "Room_1",
        "shape": "Irregular",
        "dimensions": {
          "width": 0.55,
          "length": 4.29,
          "height": 3.43
        },
        "position": {
          "x": 7.18,
          "y": 5.6
        },
        "windows": [],
        "doors": [],
        "connected_to": []
      },
      {
        "id": 2,
        "name": "Room_2",
        "shape": "Irregular",
        "dimensions": {
          "width": 0.55,
          "length": 3.95,
          "height": 3.16
        },
        "position": {
          "x": 2.52,
          "y": 5.6
        },
        "windows": [],
        "doors": [],
        "connected_to": []
      },
      {
        "id": 3,
        "name": "Text_11",
        "shape": "Rectangle",
        "dimensions": {
          "width": 0.32,
          "length": 3.49,
          "height": 2.79
        },
        "position": {
          "x": 9.81,
          "y": 4.93
        },
        "windows": [],
        "doors": [],
        "connected_to": []
      },
      {
        "id": 4,
        "name": "Text_12",
        "shape": "Rectangle",
        "dimensions": {
          "width": 0.32,
          "length": 3.49,
          "height": 2.79
        },
        "position": {
          "x": 0.12,
          "y": 4.93
        },
        "windows": [],
        "doors": [
          {
            "type": "Door",
            "id": 20,
            "location": {
              "x": 0.2,
              "y": 4.93
            },
            "dimensions": {
              "width": 0.35,
              "height": 0.81
            }
          }
        ],
        "connected_to": []
      },
      {
        "id": 5,
        "name": "Text_56",
        "shape": "Octagon",
        "dimensions": {
          "width": 1.99,
          "length": 1.93,
          "height": 1.59
        },
        "position": {
          "x": 8.14,
          "y": 2.56
        },
        "windows": [],
        "doors": [
          {
            "type": "Door",
            "id": 27,
            "location": {
              "x": 9.24,
              "y": 3.98
            },
            "dimensions": {
              "width": 0.21,
              "height": 0.28
            }
          },
          {
            "type": "Door",
            "id": 29,
            "location": {
              "x": 9.44,
              "y": 2.94
            },
            "dimensions": {
              "width": 0.16,
              "height": 0.15
            }
          },
          {
            "type": "Door",
            "id": 30,
            "location": {
              "x": 8.94,
              "y": 2.94
            },
            "dimensions": {
              "width": 0.1,
              "height": 0.15
            }
          }
        ],
        "connected_to": []
      },
      {
        "id": 6,
        "name": "Text_54",
        "shape": "Octagon",
        "dimensions": {
          "width": 1.99,
          "length": 1.93,
          "height": 1.59
        },
        "position": {
          "x": 0.12,
          "y": 2.56
        },
        "windows": [],
        "doors": [
          {
            "type": "Door",
            "id": 31,
            "location": {
              "x": 1.42,
              "y": 2.94
            },
            "dimensions": {
              "width": 0.16,
              "height": 0.15
            }
          },
          {
            "type": "Door",
            "id": 32,
            "location": {
              "x": 0.42,
              "y": 2.69
            },
            "dimensions": {
              "width": 1.38,
              "height": 0.2
            }
          }
        ],
        "connected_to": []
      },
      {
        "id": 7,
        "name": "Text_76",
        "shape": "Irregular",
        "dimensions": {
          "width": 2.06,
          "length": 1.12,
          "height": 1.65
        },
        "position": {
          "x": 8.07,
          "y": 1.0
        },
        "windows": [],
        "doors": [
          {
            "type": "Door",
            "id": 38,
            "location": {
              "x": 9.43,
              "y": 1.42
            },
            "dimensions": {
              "width": 0.6,
              "height": 0.19
            }
          },
          {
            "type": "Door",
            "id": 39,
            "location": {
              "x": 8.8,
              "y": 1.09
            },
            "dimensions": {
              "width": 0.4,
              "height": 0.86
            }
          }
        ],
        "connected_to": []
      },
      {
        "id": 8,
        "name": "Text_72",
        "shape": "Irregular",
        "dimensions": {
          "width": 2.06,
          "length": 1.12,
          "height": 1.65
        },
        "position": {
          "x": 0.12,
          "y": 1.0
        },
        "windows": [],
        "doors": [
          {
            "type": "Door",
            "id": 42,
            "location": {
              "x": 0.18,
              "y": 1.0
            },
            "dimensions": {
              "width": 2.45,
              "height": 1.23
            }
          }
        ],
        "connected_to": []
      },
      {
        "id": 9,
        "name": "Text_83",
        "shape": "Rectangle",
        "dimensions": {
          "width": 0.28,
          "length": 1.65,
          "height": 1.32
        },
        "position": {
          "x": 7.35,
          "y": 0.16
        },
        "windows": [],
        "doors": [],
        "connected_to": []
      },
      {
        "id": 10,
        "name": "Text_31",
        "shape": "Irregular",
        "dimensions": {
          "width": 4.87,
          "length": 9.73,
          "height": 7.78
        },
        "position": {
          "x": 2.69,
          "y": 0.16
        },
        "windows": [
          {
            "type": "Window",
            "id": 7,
            "location": {
              "x": 5.98,
              "y": 7.35
            },
            "dimensions": {
              "width": 0.77,
              "height": 0.15
            }
          },
          {
            "type": "Window",
            "id": 8,
            "location": {
              "x": 3.55,
              "y": 7.35
            },
            "dimensions": {
              "width": 0.77,
              "height": 0.15
            }
          },
          {
            "type": "Window",
            "id": 17,
            "location": {
              "x": 5.4,
              "y": 5.15
            },
            "dimensions": {
              "width": 0.41,
              "height": 0.18
            }
          },
          {
            "type": "Window",
            "id": 45,
            "location": {
              "x": 4.5,
              "y": 0.18
            },
            "dimensions": {
              "width": 0.41,
              "height": 0.06
            }
          },
          {
            "type": "Window",
            "id": 46,
            "location": {
              "x": 5.35,
              "y": 0.16
            },
            "dimensions": {
              "width": 0.41,
              "height": 0.08
            }
          }
        ],
        "doors": [
          {
            "type": "Door",
            "id": 3,
            "location": {
              "x": 6.24,
              "y": 8.46
            },
            "dimensions": {
              "width": 0.23,
              "height": 1.38
            }
          },
          {
            "type": "Door",
            "id": 6,
            "location": {
              "x": 3.75,
              "y": 8.12
            },
            "dimensions": {
              "width": 0.31,
              "height": 1.38
            }
          },
          {
            "type": "Door",
            "id": 12,
            "location": {
              "x": 5.64,
              "y": 5.73
            },
            "dimensions": {
              "width": 0.51,
              "height": 0.29
            }
          },
          {
            "type": "Door",
            "id": 16,
            "location": {
              "x": 4.53,
              "y": 5.16
            },
            "dimensions": {
              "width": 0.32,
              "height": 0.17
            }
          },
          {
            "type": "Door",
            "id": 18,
            "location": {
              "x": 6.75,
              "y": 5.13
            },
            "dimensions": {
              "width": 0.37,
              "height": 0.14
            }
          },
          {
            "type": "Door",
            "id": 19,
            "location": {
              "x": 2.87,
              "y": 5.13
            },
            "dimensions": {
              "width": 0.64,
              "height": 0.18
            }
          },
          {
            "type": "Door",
            "id": 23,
            "location": {
              "x": 4.75,
              "y": 4.71
            },
            "dimensions": {
              "width": 5.39,
              "height": 5.18
            }
          },
          {
            "type": "Door",
            "id": 26,
            "location": {
              "x": 6.84,
              "y": 4.2
            },
            "dimensions": {
              "width": 0.35,
              "height": 0.16
            }
          },
          {
            "type": "Door",
            "id": 37,
            "location": {
              "x": 3.82,
              "y": 1.45
            },
            "dimensions": {
              "width": 0.3,
              "height": 0.12
            }
          },
          {
            "type": "Door",
            "id": 40,
            "location": {
              "x": 5.59,
              "y": 1.02
            },
            "dimensions": {
              "width": 1.51,
              "height": 0.19
            }
          },
          {
            "type": "Door",
            "id": 41,
            "location": {
              "x": 3.15,
              "y": 1.02
            },
            "dimensions": {
              "width": 1.51,
              "height": 0.19
            }
          }
        ],
        "connected_to": []
      },
      {
        "id": 11,
        "name": "Text_91",
        "shape": "Rectangle",
        "dimensions": {
          "width": 0.28,
          "length": 1.65,
          "height": 1.32
        },
        "position": {
          "x": 2.62,
          "y": 0.16
        },
        "windows": [],
        "doors": [],
        "connected_to": []
      }
    ],
    "doorsAndWindows": [
      {
        "type": "Window",
        "id": 1,
        "location": {
          "x": 8.08,
          "y": 8.58
        },
        "dimensions": {
          "width": 1.47,
          "height": 0.17
        }
      },
      {
        "type": "Window",
        "id": 2,
        "location": {
          "x": 0.7,
          "y": 8.58
        },
        "dimensions": {
          "width": 1.47,
          "height": 0.17
        }
      },
      {
        "type": "Door",
        "id": 3,
        "location": {
          "x": 6.24,
          "y": 8.46
        },
        "dimensions": {
          "width": 0.23,
          "height": 1.38
        }
      },
      {
        "type": "Window",
        "id": 4,
        "location": {
          "x": 8.9,
          "y": 8.34
        },
        "dimensions": {
          "width": 0.89,
          "height": 0.09
        }
      },
      {
        "type": "Window",
        "id": 5,
        "location": {
          "x": 0.46,
          "y": 8.34
        },
        "dimensions": {
          "width": 0.89,
          "height": 0.09
        }
      },
      {
        "type": "Door",
        "id": 6,
        "location": {
          "x": 3.75,
          "y": 8.12
        },
        "dimensions": {
          "width": 0.31,
          "height": 1.38
        }
      },
      {
        "type": "Window",
        "id": 7,
        "location": {
          "x": 5.98,
          "y": 7.35
        },
        "dimensions": {
          "width": 0.77,
          "height": 0.15
        }
      },
      {
        "type": "Window",
        "id": 8,
        "location": {
          "x": 3.55,
          "y": 7.35
        },
        "dimensions": {
          "width": 0.77,
          "height": 0.15
        }
      },
      {
        "type": "Door",
        "id": 9,
        "location": {
          "x": 1.29,
          "y": 7.04
        },
        "dimensions": {
          "width": 0.1,
          "height": 0.14
        }
      },
      {
        "type": "Door",
        "id": 10,
        "location": {
          "x": 0.67,
          "y": 6.8
        },
        "dimensions": {
          "width": 1.56,
          "height": 0.2
        }
      },
      {
        "type": "Door",
        "id": 11,
        "location": {
          "x": 9.13,
          "y": 6.79
        },
        "dimensions": {
          "width": 0.25,
          "height": 0.18
        }
      },
      {
        "type": "Door",
        "id": 12,
        "location": {
          "x": 5.64,
          "y": 5.73
        },
        "dimensions": {
          "width": 0.51,
          "height": 0.29
        }
      },
      {
        "type": "Door",
        "id": 13,
        "location": {
          "x": 1.28,
          "y": 5.23
        },
        "dimensions": {
          "width": 0.13,
          "height": 0.15
        }
      },
      {
        "type": "Door",
        "id": 14,
        "location": {
          "x": 1.68,
          "y": 5.21
        },
        "dimensions": {
          "width": 0.11,
          "height": 0.17
        }
      },
      {
        "type": "Door",
        "id": 15,
        "location": {
          "x": 9.04,
          "y": 5.2
        },
        "dimensions": {
          "width": 0.12,
          "height": 0.18
        }
      },
      {
        "type": "Door",
        "id": 16,
        "location": {
          "x": 4.53,
          "y": 5.16
        },
        "dimensions": {
          "width": 0.32,
          "height": 0.17
        }
      },
      {
        "type": "Window",
        "id": 17,
        "location": {
          "x": 5.4,
          "y": 5.15
        },
        "dimensions": {
          "width": 0.41,
          "height": 0.18
        }
      },
      {
        "type": "Door",
        "id": 18,
        "location": {
          "x": 6.75,
          "y": 5.13
        },
        "dimensions": {
          "width": 0.37,
          "height": 0.14
        }
      },
      {
        "type": "Door",
        "id": 19,
        "location": {
          "x": 2.87,
          "y": 5.13
        },
        "dimensions": {
          "width": 0.64,
          "height": 0.18
        }
      },
      {
        "type": "Door",
        "id": 20,
        "location": {
          "x": 0.2,
          "y": 4.93
        },
        "dimensions": {
          "width": 0.35,
          "height": 0.81
        }
      },
      {
        "type": "Door",
        "id": 21,
        "location": {
          "x": 8.6,
          "y": 4.73
        },
        "dimensions": {
          "width": 0.59,
          "height": 0.18
        }
      },
      {
        "type": "Door",
        "id": 22,
        "location": {
          "x": 0.87,
          "y": 4.73
        },
        "dimensions": {
          "width": 1.14,
          "height": 0.2
        }
      },
      {
        "type": "Door",
        "id": 23,
        "location": {
          "x": 4.75,
          "y": 4.71
        },
        "dimensions": {
          "width": 5.39,
          "height": 5.18
        }
      },
      {
        "type": "Door",
        "id": 24,
        "location": {
          "x": 0.1,
          "y": 4.51
        },
        "dimensions": {
          "width": 4.97,
          "height": 5.04
        }
      },
      {
        "type": "Door",
        "id": 25,
        "location": {
          "x": 0.79,
          "y": 4.5
        },
        "dimensions": {
          "width": 0.18,
          "height": 0.12
        }
      },
      {
        "type": "Door",
        "id": 26,
        "location": {
          "x": 6.84,
          "y": 4.2
        },
        "dimensions": {
          "width": 0.35,
          "height": 0.16
        }
      },
      {
        "type": "Door",
        "id": 27,
        "location": {
          "x": 9.24,
          "y": 3.98
        },
        "dimensions": {
          "width": 0.21,
          "height": 0.28
        }
      },
      {
        "type": "Door",
        "id": 28,
        "location": {
          "x": 2.6,
          "y": 3.89
        },
        "dimensions": {
          "width": 1.03,
          "height": 1.33
        }
      },
      {
        "type": "Door",
        "id": 29,
        "location": {
          "x": 9.44,
          "y": 2.94
        },
        "dimensions": {
          "width": 0.16,
          "height": 0.15
        }
      },
      {
        "type": "Door",
        "id": 30,
        "location": {
          "x": 8.94,
          "y": 2.94
        },
        "dimensions": {
          "width": 0.1,
          "height": 0.15
        }
      },
      {
        "type": "Door",
        "id": 31,
        "location": {
          "x": 1.42,
          "y": 2.94
        },
        "dimensions": {
          "width": 0.16,
          "height": 0.15
        }
      },
      {
        "type": "Door",
        "id": 32,
        "location": {
          "x": 0.42,
          "y": 2.69
        },
        "dimensions": {
          "width": 1.38,
          "height": 0.2
        }
      },
      {
        "type": "Door",
        "id": 33,
        "location": {
          "x": 7.7,
          "y": 2.63
        },
        "dimensions": {
          "width": 0.21,
          "height": 0.31
        }
      },
      {
        "type": "Door",
        "id": 34,
        "location": {
          "x": 2.24,
          "y": 2.39
        },
        "dimensions": {
          "width": 0.19,
          "height": 0.58
        }
      },
      {
        "type": "Door",
        "id": 35,
        "location": {
          "x": 7.98,
          "y": 2.12
        },
        "dimensions": {
          "width": 2.09,
          "height": 2.87
        }
      },
      {
        "type": "Door",
        "id": 36,
        "location": {
          "x": 0.08,
          "y": 2.11
        },
        "dimensions": {
          "width": 2.15,
          "height": 2.88
        }
      },
      {
        "type": "Door",
        "id": 37,
        "location": {
          "x": 3.82,
          "y": 1.45
        },
        "dimensions": {
          "width": 0.3,
          "height": 0.12
        }
      },
      {
        "type": "Door",
        "id": 38,
        "location": {
          "x": 9.43,
          "y": 1.42
        },
        "dimensions": {
          "width": 0.6,
          "height": 0.19
        }
      },
      {
        "type": "Door",
        "id": 39,
        "location": {
          "x": 8.8,
          "y": 1.09
        },
        "dimensions": {
          "width": 0.4,
          "height": 0.86
        }
      },
      {
        "type": "Door",
        "id": 40,
        "location": {
          "x": 5.59,
          "y": 1.02
        },
        "dimensions": {
          "width": 1.51,
          "height": 0.19
        }
      },
      {
        "type": "Door",
        "id": 41,
        "location": {
          "x": 3.15,
          "y": 1.02
        },
        "dimensions": {
          "width": 1.51,
          "height": 0.19
        }
      },
      {
        "type": "Door",
        "id": 42,
        "location": {
          "x": 0.18,
          "y": 1.0
        },
        "dimensions": {
          "width": 2.45,
          "height": 1.23
        }
      },
      {
        "type": "Window",
        "id": 43,
        "location": {
          "x": 8.48,
          "y": 0.38
        },
        "dimensions": {
          "width": 0.76,
          "height": 0.15
        }
      },
      {
        "type": "Window",
        "id": 44,
        "location": {
          "x": 0.72,
          "y": 0.38
        },
        "dimensions": {
          "width": 1.33,
          "height": 0.17
        }
      },
      {
        "type": "Window",
        "id": 45,
        "location": {
          "x": 4.5,
          "y": 0.18
        },
        "dimensions": {
          "width": 0.41,
          "height": 0.06
        }
      },
      {
        "type": "Window",
        "id": 46,
        "location": {
          "x": 5.35,
          "y": 0.16
        },
        "dimensions": {
          "width": 0.41,
          "height": 0.08
        }
      },
      {
        "type": "Door",
        "id": 47,
        "location": {
          "x": 0.08,
          "y": 0.12
        },
        "dimensions": {
          "width": 10.07,
          "height": 4.73
        }
      }
    ]
  }
}