{
  "floorPlan": {
    "name": "Floor Plan 17_8.jpg",
    "units": "feet",
    "totalArea": 44.12,
    "totalRooms": 7,
    "rooms": [
      {
        "id": 1,
        "name": "4",
        "shape": "Irregular",
        "dimensions": {
          "width": 2.43,
          "length": 3.4,
          "height": 2.72
        },
        "position": {
          "x": 7.62,
          "y": 2.39
        },
        "windows": [],
        "doors": [],
        "connected_to": []
      },
      {
        "id": 2,
        "name": "3",
        "shape": "Irregular",
        "dimensions": {
          "width": 2.43,
          "length": 3.4,
          "height": 2.72
        },
        "position": {
          "x": 0.15,
          "y": 2.39
        },
        "windows": [],
        "doors": [],
        "connected_to": []
      },
      {
        "id": 3,
        "name": "MBEDROOM",
        "shape": "Irregular",
        "dimensions": {
          "width": 2.54,
          "length": 1.46,
          "height": 2.03
        },
        "position": {
          "x": 7.51,
          "y": 1.7
        },
        "windows": [],
        "doors": [],
        "connected_to": []
      },
      {
        "id": 4,
        "name": "8",
        "shape": "Pentagon",
        "dimensions": {
          "width": 0.25,
          "length": 1.77,
          "height": 1.42
        },
        "position": {
          "x": 6.8,
          "y": 1.7
        },
        "windows": [],
        "doors": [],
        "connected_to": []
      },
      {
        "id": 5,
        "name": "3",
        "shape": "Irregular",
        "dimensions": {
          "width": 3.74,
          "length": 5.14,
          "height": 4.11
        },
        "position": {
          "x": 3.23,
          "y": 1.7
        },
        "windows": [],
        "doors": [],
        "connected_to": []
      },
      {
        "id": 6,
        "name": "8",
        "shape": "Rectangle",
        "dimensions": {
          "width": 0.26,
          "length": 1.77,
          "height": 1.42
        },
        "position": {
          "x": 3.15,
          "y": 1.7
        },
        "windows": [],
        "doors": [],
        "connected_to": []
      },
      {
        "id": 7,
        "name": "MBEDROOM",
        "shape": "Irregular",
        "dimensions": {
          "width": 2.54,
          "length": 1.48,
          "height": 2.03
        },
        "position": {
          "x": 0.15,
          "y": 1.7
        },
        "windows": [],
        "doors": [],
        "connected_to": []
      }
    ],
    "doorsAndWindows": [
      {
        "type": "Door",
        "id": 1,
        "location": {
          "x": 0.09,
          "y": 0.03
        },
        "dimensions": {
          "width": 10.02,
          "height": 7.83
        }
      }
    ]
  }
}