{
  "floorPlan": {
    "name": "Floor Plan 18_17.jpg",
    "units": "feet",
    "totalArea": 93.92,
    "totalRooms": 8,
    "rooms": [
      {
        "id": 1,
        "name": "Room_1",
        "shape": "Hexagon",
        "dimensions": {
          "width": 1.36,
          "length": 0.6,
          "height": 1.09
        },
        "position": {
          "x": 1.08,
          "y": 12.2
        },
        "windows": [
          {
            "type": "Window",
            "id": 3,
            "location": {
              "x": 2.4,
              "y": 12.42
            },
            "dimensions": {
              "width": 4.61,
              "height": 0.07
            }
          },
          {
            "type": "Window",
            "id": 4,
            "location": {
              "x": 1.41,
              "y": 12.25
            },
            "dimensions": {
              "width": 0.98,
              "height": 0.21
            }
          }
        ],
        "doors": [],
        "connected_to": []
      },
      {
        "id": 2,
        "name": "Room_2",
        "shape": "Irregular",
        "dimensions": {
          "width": 0.41,
          "length": 0.8,
          "height": 0.64
        },
        "position": {
          "x": 6.39,
          "y": 5.31
        },
        "windows": [],
        "doors": [],
        "connected_to": []
      },
      {
        "id": 3,
        "name": "GARAGE",
        "shape": "Octagon",
        "dimensions": {
          "width": 0.45,
          "length": 0.8,
          "height": 0.64
        },
        "position": {
          "x": 4.19,
          "y": 5.31
        },
        "windows": [],
        "doors": [],
        "connected_to": []
      },
      {
        "id": 4,
        "name": "GARAGE",
        "shape": "Irregular",
        "dimensions": {
          "width": 0.72,
          "length": 0.81,
          "height": 0.65
        },
        "position": {
          "x": 4.8,
          "y": 5.3
        },
        "windows": [],
        "doors": [],
        "connected_to": []
      },
      {
        "id": 5,
        "name": "13/0",
        "shape": "Irregular",
        "dimensions": {
          "width": 0.72,
          "length": 0.81,
          "height": 0.65
        },
        "position": {
          "x": 3.4,
          "y": 5.3
        },
        "windows": [],
        "doors": [],
        "connected_to": []
      },
      {
        "id": 6,
        "name": "23/0",
        "shape": "Irregular",
        "dimensions": {
          "width": 0.7,
          "length": 0.83,
          "height": 0.66
        },
        "position": {
          "x": 5.57,
          "y": 5.29
        },
        "windows": [],
        "doors": [],
        "connected_to": []
      },
      {
        "id": 7,
        "name": "Room_7",
        "shape": "Irregular",
        "dimensions": {
          "width": 0.71,
          "length": 0.83,
          "height": 0.66
        },
        "position": {
          "x": 2.64,
          "y": 5.29
        },
        "windows": [],
        "doors": [],
        "connected_to": []
      },
      {
        "id": 8,
        "name": "X",
        "shape": "Irregular",
        "dimensions": {
          "width": 7.27,
          "length": 12.39,
          "height": 9.91
        },
        "position": {
          "x": 1.07,
          "y": 0.41
        },
        "windows": [
          {
            "type": "Window",
            "id": 3,
            "location": {
              "x": 2.4,
              "y": 12.42
            },
            "dimensions": {
              "width": 4.61,
              "height": 0.07
            }
          },
          {
            "type": "Window",
            "id": 4,
            "location": {
              "x": 1.41,
              "y": 12.25
            },
            "dimensions": {
              "width": 0.98,
              "height": 0.21
            }
          },
          {
            "type": "Window",
            "id": 5,
            "location": {
              "x": 2.4,
              "y": 12.19
            },
            "dimensions": {
              "width": 0.38,
              "height": 0.05
            }
          }
        ],
        "doors": [
          {
            "type": "Door",
            "id": 6,
            "location": {
              "x": 2.4,
              "y": 8.92
            },
            "dimensions": {
              "width": 4.61,
              "height": 3.49
            }
          }
        ],
        "connected_to": []
      }
    ],
    "doorsAndWindows": [
      {
        "type": "Door",
        "id": 1,
        "location": {
          "x": 9.18,
          "y": 12.91
        },
        "dimensions": {
          "width": 0.27,
          "height": 0.37
        }
      },
      {
        "type": "Door",
        "id": 2,
        "location": {
          "x": 8.84,
          "y": 12.91
        },
        "dimensions": {
          "width": 0.29,
          "height": 0.37
        }
      },
      {
        "type": "Window",
        "id": 3,
        "location": {
          "x": 2.4,
          "y": 12.42
        },
        "dimensions": {
          "width": 4.61,
          "height": 0.07
        }
      },
      {
        "type": "Window",
        "id": 4,
        "location": {
          "x": 1.41,
          "y": 12.25
        },
        "dimensions": {
          "width": 0.98,
          "height": 0.21
        }
      },
      {
        "type": "Window",
        "id": 5,
        "location": {
          "x": 2.4,
          "y": 12.19
        },
        "dimensions": {
          "width": 0.38,
          "height": 0.05
        }
      },
      {
        "type": "Door",
        "id": 6,
        "location": {
          "x": 2.4,
          "y": 8.92
        },
        "dimensions": {
          "width": 4.61,
          "height": 3.49
        }
      },
      {
        "type": "Door",
        "id": 7,
        "location": {
          "x": 9.87,
          "y": 6.23
        },
        "dimensions": {
          "width": 0.26,
          "height": 0.42
        }
      },
      {
        "type": "Door",
        "id": 8,
        "location": {
          "x": 0.0,
          "y": 0.0
        },
        "dimensions": {
          "width": 10.24,
          "height": 13.33
        }
      }
    ]
  }
}