{
  "floorPlan": {
    "name": "Floor Plan 18_19.jpg",
    "units": "feet",
    "totalArea": 19.44,
    "totalRooms": 7,
    "rooms": [
      {
        "id": 1,
        "name": "Room_1",
        "shape": "Hexagon",
        "dimensions": {
          "width": 0.59,
          "length": 0.72,
          "height": 0.58
        },
        "position": {
          "x": 4.32,
          "y": 4.6
        },
        "windows": [],
        "doors": [],
        "connected_to": []
      },
      {
        "id": 2,
        "name": "Text_88",
        "shape": "Pentagon",
        "dimensions": {
          "width": 2.15,
          "length": 0.78,
          "height": 1.72
        },
        "position": {
          "x": 7.88,
          "y": 1.58
        },
        "windows": [],
        "doors": [],
        "connected_to": []
      },
      {
        "id": 3,
        "name": "Room_3",
        "shape": "Irregular",
        "dimensions": {
          "width": 0.09,
          "length": 2.83,
          "height": 2.26
        },
        "position": {
          "x": 4.82,
          "y": 1.38
        },
        "windows": [],
        "doors": [],
        "connected_to": []
      },
      {
        "id": 4,
        "name": "Text_75",
        "shape": "Pentagon",
        "dimensions": {
          "width": 1.55,
          "length": 1.66,
          "height": 1.33
        },
        "position": {
          "x": 5.83,
          "y": 1.25
        },
        "windows": [],
        "doors": [],
        "connected_to": []
      },
      {
        "id": 5,
        "name": "Text_114",
        "shape": "Irregular",
        "dimensions": {
          "width": 1.59,
          "length": 1.36,
          "height": 1.27
        },
        "position": {
          "x": 6.85,
          "y": 0.29
        },
        "windows": [],
        "doors": [
          {
            "type": "Door",
            "id": 18,
            "location": {
              "x": 7.75,
              "y": 0.71
            },
            "dimensions": {
              "width": 0.15,
              "height": 0.14
            }
          }
        ],
        "connected_to": []
      },
      {
        "id": 6,
        "name": "Text_115",
        "shape": "Irregular",
        "dimensions": {
          "width": 1.67,
          "length": 0.59,
          "height": 1.34
        },
        "position": {
          "x": 3.24,
          "y": 0.29
        },
        "windows": [
          {
            "type": "Window",
            "id": 19,
            "location": {
              "x": 4.02,
              "y": 0.55
            },
            "dimensions": {
              "width": 0.29,
              "height": 0.09
            }
          }
        ],
        "doors": [],
        "connected_to": []
      },
      {
        "id": 7,
        "name": "Text_65",
        "shape": "Irregular",
        "dimensions": {
          "width": 2.82,
          "length": 4.03,
          "height": 3.22
        },
        "position": {
          "x": 0.72,
          "y": 0.29
        },
        "windows": [
          {
            "type": "Window",
            "id": 6,
            "location": {
              "x": 2.84,
              "y": 3.18
            },
            "dimensions": {
              "width": 0.48,
              "height": 0.14
            }
          },
          {
            "type": "Window",
            "id": 13,
            "location": {
              "x": 1.49,
              "y": 0.94
            },
            "dimensions": {
              "width": 0.34,
              "height": 0.13
            }
          },
          {
            "type": "Window",
            "id": 14,
            "location": {
              "x": 0.87,
              "y": 0.94
            },
            "dimensions": {
              "width": 0.29,
              "height": 0.13
            }
          },
          {
            "type": "Window",
            "id": 15,
            "location": {
              "x": 1.88,
              "y": 0.92
            },
            "dimensions": {
              "width": 0.47,
              "height": 0.16
            }
          }
        ],
        "doors": [
          {
            "type": "Door",
            "id": 5,
            "location": {
              "x": 2.37,
              "y": 3.38
            },
            "dimensions": {
              "width": 0.21,
              "height": 0.14
            }
          },
          {
            "type": "Door",
            "id": 7,
            "location": {
              "x": 2.32,
              "y": 3.17
            },
            "dimensions": {
              "width": 0.13,
              "height": 0.14
            }
          },
          {
            "type": "Door",
            "id": 11,
            "location": {
              "x": 1.37,
              "y": 1.15
            },
            "dimensions": {
              "width": 0.18,
              "height": 0.13
            }
          },
          {
            "type": "Door",
            "id": 12,
            "location": {
              "x": 3.11,
              "y": 1.04
            },
            "dimensions": {
              "width": 0.11,
              "height": 0.14
            }
          },
          {
            "type": "Door",
            "id": 17,
            "location": {
              "x": 2.65,
              "y": 0.81
            },
            "dimensions": {
              "width": 0.37,
              "height": 0.37
            }
          },
          {
            "type": "Door",
            "id": 20,
            "location": {
              "x": 2.6,
              "y": 0.46
            },
            "dimensions": {
              "width": 0.37,
              "height": 0.28
            }
          }
        ],
        "connected_to": []
      }
    ],
    "doorsAndWindows": [
      {
        "type": "Door",
        "id": 1,
        "location": {
          "x": 3.1,
          "y": 7.11
        },
        "dimensions": {
          "width": 0.16,
          "height": 0.16
        }
      },
      {
        "type": "Door",
        "id": 2,
        "location": {
          "x": 0.76,
          "y": 4.37
        },
        "dimensions": {
          "width": 0.33,
          "height": 0.44
        }
      },
      {
        "type": "Window",
        "id": 3,
        "location": {
          "x": 6.99,
          "y": 4.32
        },
        "dimensions": {
          "width": 0.42,
          "height": 0.14
        }
      },
      {
        "type": "Door",
        "id": 4,
        "location": {
          "x": 6.17,
          "y": 4.32
        },
        "dimensions": {
          "width": 0.13,
          "height": 0.14
        }
      },
      {
        "type": "Door",
        "id": 5,
        "location": {
          "x": 2.37,
          "y": 3.38
        },
        "dimensions": {
          "width": 0.21,
          "height": 0.14
        }
      },
      {
        "type": "Window",
        "id": 6,
        "location": {
          "x": 2.84,
          "y": 3.18
        },
        "dimensions": {
          "width": 0.48,
          "height": 0.14
        }
      },
      {
        "type": "Door",
        "id": 7,
        "location": {
          "x": 2.32,
          "y": 3.17
        },
        "dimensions": {
          "width": 0.13,
          "height": 0.14
        }
      },
      {
        "type": "Door",
        "id": 8,
        "location": {
          "x": 6.36,
          "y": 1.23
        },
        "dimensions": {
          "width": 0.12,
          "height": 0.14
        }
      },
      {
        "type": "Door",
        "id": 9,
        "location": {
          "x": 4.28,
          "y": 1.19
        },
        "dimensions": {
          "width": 0.12,
          "height": 0.14
        }
      },
      {
        "type": "Door",
        "id": 10,
        "location": {
          "x": 3.95,
          "y": 1.19
        },
        "dimensions": {
          "width": 0.12,
          "height": 0.14
        }
      },
      {
        "type": "Door",
        "id": 11,
        "location": {
          "x": 1.37,
          "y": 1.15
        },
        "dimensions": {
          "width": 0.18,
          "height": 0.13
        }
      },
      {
        "type": "Door",
        "id": 12,
        "location": {
          "x": 3.11,
          "y": 1.04
        },
        "dimensions": {
          "width": 0.11,
          "height": 0.14
        }
      },
      {
        "type": "Window",
        "id": 13,
        "location": {
          "x": 1.49,
          "y": 0.94
        },
        "dimensions": {
          "width": 0.34,
          "height": 0.13
        }
      },
      {
        "type": "Window",
        "id": 14,
        "location": {
          "x": 0.87,
          "y": 0.94
        },
        "dimensions": {
          "width": 0.29,
          "height": 0.13
        }
      },
      {
        "type": "Window",
        "id": 15,
        "location": {
          "x": 1.88,
          "y": 0.92
        },
        "dimensions": {
          "width": 0.47,
          "height": 0.16
        }
      },
      {
        "type": "Door",
        "id": 16,
        "location": {
          "x": 5.93,
          "y": 0.87
        },
        "dimensions": {
          "width": 0.38,
          "height": 0.31
        }
      },
      {
        "type": "Door",
        "id": 17,
        "location": {
          "x": 2.65,
          "y": 0.81
        },
        "dimensions": {
          "width": 0.37,
          "height": 0.37
        }
      },
      {
        "type": "Door",
        "id": 18,
        "location": {
          "x": 7.75,
          "y": 0.71
        },
        "dimensions": {
          "width": 0.15,
          "height": 0.14
        }
      },
      {
        "type": "Window",
        "id": 19,
        "location": {
          "x": 4.02,
          "y": 0.55
        },
        "dimensions": {
          "width": 0.29,
          "height": 0.09
        }
      },
      {
        "type": "Door",
        "id": 20,
        "location": {
          "x": 2.6,
          "y": 0.46
        },
        "dimensions": {
          "width": 0.37,
          "height": 0.28
        }
      },
      {
        "type": "Door",
        "id": 21,
        "location": {
          "x": 5.82,
          "y": 0.28
        },
        "dimensions": {
          "width": 4.22,
          "height": 6.76
        }
      },
      {
        "type": "Door",
        "id": 22,
        "location": {
          "x": 0.04,
          "y": 0.28
        },
        "dimensions": {
          "width": 5.53,
          "height": 6.73
        }
      }
    ]
  }
}