{
  "floorPlan": {
    "name": "Floor Plan 18_16.jpg",
    "units": "feet",
    "totalArea": 5.8,
    "totalRooms": 3,
    "rooms": [
      {
        "id": 1,
        "name": "Room_1",
        "shape": "Irregular",
        "dimensions": {
          "width": 0.06,
          "length": 3.41,
          "height": 2.73
        },
        "position": {
          "x": 8.89,
          "y": 0.36
        },
        "windows": [],
        "doors": [],
        "connected_to": []
      },
      {
        "id": 2,
        "name": "1",
        "shape": "Irregular",
        "dimensions": {
          "width": 0.06,
          "length": 3.65,
          "height": 2.92
        },
        "position": {
          "x": 1.41,
          "y": 0.29
        },
        "windows": [],
        "doors": [],
        "connected_to": []
      },
      {
        "id": 3,
        "name": "Room_3",
        "shape": "Rectangle",
        "dimensions": {
          "width": 0.84,
          "length": 6.4,
          "height": 5.12
        },
        "position": {
          "x": 8.19,
          "y": 0.17
        },
        "windows": [],
        "doors": [],
        "connected_to": []
      }
    ],
    "doorsAndWindows": [
      {
        "type": "Door",
        "id": 1,
        "location": {
          "x": 1.29,
          "y": 3.74
        },
        "dimensions": {
          "width": 1.03,
          "height": 2.86
        }
      },
      {
        "type": "Door",
        "id": 2,
        "location": {
          "x": 5.56,
          "y": 3.57
        },
        "dimensions": {
          "width": 0.15,
          "height": 0.14
        }
      },
      {
        "type": "Door",
        "id": 3,
        "location": {
          "x": 6.15,
          "y": 2.48
        },
        "dimensions": {
          "width": 0.2,
          "height": 0.28
        }
      },
      {
        "type": "Door",
        "id": 4,
        "location": {
          "x": 5.6,
          "y": 2.48
        },
        "dimensions": {
          "width": 0.24,
          "height": 0.27
        }
      },
      {
        "type": "Door",
        "id": 5,
        "location": {
          "x": 5.36,
          "y": 2.48
        },
        "dimensions": {
          "width": 0.2,
          "height": 0.27
        }
      },
      {
        "type": "Door",
        "id": 6,
        "location": {
          "x": 5.87,
          "y": 2.47
        },
        "dimensions": {
          "width": 0.26,
          "height": 0.28
        }
      },
      {
        "type": "Door",
        "id": 7,
        "location": {
          "x": 5.08,
          "y": 2.47
        },
        "dimensions": {
          "width": 0.24,
          "height": 0.29
        }
      },
      {
        "type": "Door",
        "id": 8,
        "location": {
          "x": 4.8,
          "y": 2.47
        },
        "dimensions": {
          "width": 0.24,
          "height": 0.28
        }
      },
      {
        "type": "Door",
        "id": 9,
        "location": {
          "x": 1.82,
          "y": 2.11
        },
        "dimensions": {
          "width": 3.51,
          "height": 4.31
        }
      },
      {
        "type": "Door",
        "id": 10,
        "location": {
          "x": 5.99,
          "y": 2.05
        },
        "dimensions": {
          "width": 0.24,
          "height": 0.28
        }
      },
      {
        "type": "Door",
        "id": 11,
        "location": {
          "x": 5.72,
          "y": 2.05
        },
        "dimensions": {
          "width": 0.24,
          "height": 0.28
        }
      },
      {
        "type": "Door",
        "id": 12,
        "location": {
          "x": 5.3,
          "y": 2.05
        },
        "dimensions": {
          "width": 0.25,
          "height": 0.29
        }
      },
      {
        "type": "Door",
        "id": 13,
        "location": {
          "x": 4.68,
          "y": 2.05
        },
        "dimensions": {
          "width": 0.21,
          "height": 0.27
        }
      },
      {
        "type": "Door",
        "id": 14,
        "location": {
          "x": 5.2,
          "y": 1.66
        },
        "dimensions": {
          "width": 0.27,
          "height": 0.16
        }
      },
      {
        "type": "Door",
        "id": 15,
        "location": {
          "x": 4.52,
          "y": 1.65
        },
        "dimensions": {
          "width": 0.31,
          "height": 0.22
        }
      },
      {
        "type": "Door",
        "id": 16,
        "location": {
          "x": 6.69,
          "y": 1.63
        },
        "dimensions": {
          "width": 0.23,
          "height": 0.18
        }
      },
      {
        "type": "Door",
        "id": 17,
        "location": {
          "x": 5.92,
          "y": 1.63
        },
        "dimensions": {
          "width": 0.24,
          "height": 0.19
        }
      },
      {
        "type": "Door",
        "id": 18,
        "location": {
          "x": 4.97,
          "y": 1.63
        },
        "dimensions": {
          "width": 0.13,
          "height": 0.18
        }
      },
      {
        "type": "Door",
        "id": 19,
        "location": {
          "x": 4.22,
          "y": 1.63
        },
        "dimensions": {
          "width": 0.16,
          "height": 0.2
        }
      },
      {
        "type": "Door",
        "id": 20,
        "location": {
          "x": 6.25,
          "y": 1.62
        },
        "dimensions": {
          "width": 0.15,
          "height": 0.2
        }
      },
      {
        "type": "Door",
        "id": 21,
        "location": {
          "x": 5.78,
          "y": 1.62
        },
        "dimensions": {
          "width": 0.13,
          "height": 0.21
        }
      },
      {
        "type": "Door",
        "id": 22,
        "location": {
          "x": 6.42,
          "y": 1.37
        },
        "dimensions": {
          "width": 0.14,
          "height": 0.2
        }
      },
      {
        "type": "Door",
        "id": 23,
        "location": {
          "x": 5.21,
          "y": 1.37
        },
        "dimensions": {
          "width": 0.28,
          "height": 0.16
        }
      },
      {
        "type": "Door",
        "id": 24,
        "location": {
          "x": 4.7,
          "y": 1.37
        },
        "dimensions": {
          "width": 0.24,
          "height": 0.16
        }
      },
      {
        "type": "Door",
        "id": 25,
        "location": {
          "x": 4.38,
          "y": 1.36
        },
        "dimensions": {
          "width": 0.32,
          "height": 0.17
        }
      },
      {
        "type": "Door",
        "id": 26,
        "location": {
          "x": 6.7,
          "y": 1.34
        },
        "dimensions": {
          "width": 0.14,
          "height": 0.18
        }
      },
      {
        "type": "Door",
        "id": 27,
        "location": {
          "x": 6.27,
          "y": 1.34
        },
        "dimensions": {
          "width": 0.14,
          "height": 0.19
        }
      },
      {
        "type": "Door",
        "id": 28,
        "location": {
          "x": 5.91,
          "y": 1.34
        },
        "dimensions": {
          "width": 0.28,
          "height": 0.19
        }
      },
      {
        "type": "Door",
        "id": 29,
        "location": {
          "x": 4.99,
          "y": 1.34
        },
        "dimensions": {
          "width": 0.14,
          "height": 0.18
        }
      },
      {
        "type": "Door",
        "id": 30,
        "location": {
          "x": 4.22,
          "y": 1.34
        },
        "dimensions": {
          "width": 0.13,
          "height": 0.19
        }
      },
      {
        "type": "Door",
        "id": 31,
        "location": {
          "x": 1.83,
          "y": 0.95
        },
        "dimensions": {
          "width": 0.18,
          "height": 0.16
        }
      },
      {
        "type": "Door",
        "id": 32,
        "location": {
          "x": 2.92,
          "y": 0.42
        },
        "dimensions": {
          "width": 0.47,
          "height": 0.57
        }
      },
      {
        "type": "Door",
        "id": 33,
        "location": {
          "x": 2.2,
          "y": 0.17
        },
        "dimensions": {
          "width": 6.84,
          "height": 6.42
        }
      },
      {
        "type": "Window",
        "id": 34,
        "location": {
          "x": 3.36,
          "y": 0.14
        },
        "dimensions": {
          "width": 2.02,
          "height": 0.18
        }
      }
    ]
  }
}