{
  "floorPlan": {
    "name": "Floor Plan 18_23.jpg",
    "units": "feet",
    "totalArea": 11.75,
    "totalRooms": 5,
    "rooms": [
      {
        "id": 1,
        "name": "Room_1",
        "shape": "Triangle",
        "dimensions": {
          "width": 0.23,
          "length": 3.14,
          "height": 2.51
        },
        "position": {
          "x": 6.22,
          "y": 2.8
        },
        "windows": [],
        "doors": [],
        "connected_to": []
      },
      {
        "id": 2,
        "name": "Room_2",
        "shape": "Pentagon",
        "dimensions": {
          "width": 0.54,
          "length": 3.09,
          "height": 2.47
        },
        "position": {
          "x": 5.11,
          "y": 2.8
        },
        "windows": [],
        "doors": [],
        "connected_to": []
      },
      {
        "id": 3,
        "name": "Room_3",
        "shape": "Pentagon",
        "dimensions": {
          "width": 0.52,
          "length": 3.27,
          "height": 2.62
        },
        "position": {
          "x": 1.07,
          "y": 2.57
        },
        "windows": [],
        "doors": [],
        "connected_to": []
      },
      {
        "id": 4,
        "name": "Text_4",
        "shape": "Hexagon",
        "dimensions": {
          "width": 0.81,
          "length": 6.5,
          "height": 5.2
        },
        "position": {
          "x": 8.31,
          "y": 0.22
        },
        "windows": [],
        "doors": [],
        "connected_to": []
      },
      {
        "id": 5,
        "name": "Room_5",
        "shape": "Triangle",
        "dimensions": {
          "width": 6.29,
          "length": 0.38,
          "height": 5.03
        },
        "position": {
          "x": 1.11,
          "y": 0.22
        },
        "windows": [],
        "doors": [],
        "connected_to": []
      }
    ],
    "doorsAndWindows": [
      {
        "type": "Window",
        "id": 1,
        "location": {
          "x": 5.66,
          "y": 6.73
        },
        "dimensions": {
          "width": 0.57,
          "height": 0.05
        }
      },
      {
        "type": "Door",
        "id": 2,
        "location": {
          "x": 1.06,
          "y": 0.17
        },
        "dimensions": {
          "width": 8.06,
          "height": 6.56
        }
      }
    ]
  }
}