{
  "floorPlan": {
    "name": "Floor Plan 18_27.jpg",
    "units": "feet",
    "totalArea": 38.94,
    "totalRooms": 1,
    "rooms": [
      {
        "id": 1,
        "name": "GJRACE",
        "shape": "Irregular",
        "dimensions": {
          "width": 9.96,
          "length": 3.91,
          "height": 7.97
        },
        "position": {
          "x": 0.14,
          "y": 1.2
        },
        "windows": [
          {
            "type": "Window",
            "id": 7,
            "location": {
              "x": 4.97,
              "y": 3.73
            },
            "dimensions": {
              "width": 0.35,
              "height": 0.13
            }
          }
        ],
        "doors": [
          {
            "type": "Door",
            "id": 2,
            "location": {
              "x": 4.4,
              "y": 4.26
            },
            "dimensions": {
              "width": 1.44,
              "height": 1.25
            }
          },
          {
            "type": "Door",
            "id": 3,
            "location": {
              "x": 7.91,
              "y": 3.8
            },
            "dimensions": {
              "width": 1.8,
              "height": 1.32
            }
          },
          {
            "type": "Door",
            "id": 4,
            "location": {
              "x": 0.53,
              "y": 3.8
            },
            "dimensions": {
              "width": 1.8,
              "height": 1.32
            }
          },
          {
            "type": "Door",
            "id": 5,
            "location": {
              "x": 6.07,
              "y": 3.79
            },
            "dimensions": {
              "width": 1.85,
              "height": 1.44
            }
          },
          {
            "type": "Door",
            "id": 6,
            "location": {
              "x": 2.32,
              "y": 3.79
            },
            "dimensions": {
              "width": 1.85,
              "height": 1.44
            }
          }
        ],
        "connected_to": []
      }
    ],
    "doorsAndWindows": [
      {
        "type": "Window",
        "id": 1,
        "location": {
          "x": 4.1,
          "y": 5.22
        },
        "dimensions": {
          "width": 2.04,
          "height": 0.37
        }
      },
      {
        "type": "Door",
        "id": 2,
        "location": {
          "x": 4.4,
          "y": 4.26
        },
        "dimensions": {
          "width": 1.44,
          "height": 1.25
        }
      },
      {
        "type": "Door",
        "id": 3,
        "location": {
          "x": 7.91,
          "y": 3.8
        },
        "dimensions": {
          "width": 1.8,
          "height": 1.32
        }
      },
      {
        "type": "Door",
        "id": 4,
        "location": {
          "x": 0.53,
          "y": 3.8
        },
        "dimensions": {
          "width": 1.8,
          "height": 1.32
        }
      },
      {
        "type": "Door",
        "id": 5,
        "location": {
          "x": 6.07,
          "y": 3.79
        },
        "dimensions": {
          "width": 1.85,
          "height": 1.44
        }
      },
      {
        "type": "Door",
        "id": 6,
        "location": {
          "x": 2.32,
          "y": 3.79
        },
        "dimensions": {
          "width": 1.85,
          "height": 1.44
        }
      },
      {
        "type": "Window",
        "id": 7,
        "location": {
          "x": 4.97,
          "y": 3.73
        },
        "dimensions": {
          "width": 0.35,
          "height": 0.13
        }
      },
      {
        "type": "Window",
        "id": 8,
        "location": {
          "x": 0.13,
          "y": 1.19
        },
        "dimensions": {
          "width": 9.98,
          "height": 3.93
        }
      }
    ]
  }
}