{
  "floorPlan": {
    "name": "Floor Plan 18_26.jpg",
    "units": "feet",
    "totalArea": 13.47,
    "totalRooms": 2,
    "rooms": [
      {
        "id": 1,
        "name": "Room_1",
        "shape": "Hexagon",
        "dimensions": {
          "width": 0.44,
          "length": 4.04,
          "height": 3.23
        },
        "position": {
          "x": 8.24,
          "y": 2.55
        },
        "windows": [],
        "doors": [
          {
            "type": "Door",
            "id": 14,
            "location": {
              "x": 8.24,
              "y": 2.55
            },
            "dimensions": {
              "width": 0.44,
              "height": 4.05
            }
          }
        ],
        "connected_to": []
      },
      {
        "id": 2,
        "name": "Text_9",
        "shape": "Irregular",
        "dimensions": {
          "width": 3.86,
          "length": 3.03,
          "height": 3.09
        },
        "position": {
          "x": 4.0,
          "y": 2.23
        },
        "windows": [
          {
            "type": "Window",
            "id": 8,
            "location": {
              "x": 6.67,
              "y": 4.55
            },
            "dimensions": {
              "width": 0.53,
              "height": 0.12
            }
          }
        ],
        "doors": [
          {
            "type": "Door",
            "id": 13,
            "location": {
              "x": 4.1,
              "y": 2.8
            },
            "dimensions": {
              "width": 0.35,
              "height": 0.27
            }
          }
        ],
        "connected_to": []
      }
    ],
    "doorsAndWindows": [
      {
        "type": "Window",
        "id": 1,
        "location": {
          "x": 5.08,
          "y": 6.51
        },
        "dimensions": {
          "width": 1.44,
          "height": 0.06
        }
      },
      {
        "type": "Window",
        "id": 2,
        "location": {
          "x": 1.94,
          "y": 6.5
        },
        "dimensions": {
          "width": 1.72,
          "height": 0.07
        }
      },
      {
        "type": "Door",
        "id": 3,
        "location": {
          "x": 4.12,
          "y": 6.11
        },
        "dimensions": {
          "width": 0.5,
          "height": 0.48
        }
      },
      {
        "type": "Door",
        "id": 4,
        "location": {
          "x": 3.65,
          "y": 5.71
        },
        "dimensions": {
          "width": 0.5,
          "height": 0.89
        }
      },
      {
        "type": "Door",
        "id": 5,
        "location": {
          "x": 1.46,
          "y": 5.3
        },
        "dimensions": {
          "width": 0.49,
          "height": 1.3
        }
      },
      {
        "type": "Door",
        "id": 6,
        "location": {
          "x": 3.56,
          "y": 5.26
        },
        "dimensions": {
          "width": 0.44,
          "height": 0.45
        }
      },
      {
        "type": "Door",
        "id": 7,
        "location": {
          "x": 1.49,
          "y": 4.68
        },
        "dimensions": {
          "width": 0.1,
          "height": 0.88
        }
      },
      {
        "type": "Window",
        "id": 8,
        "location": {
          "x": 6.67,
          "y": 4.55
        },
        "dimensions": {
          "width": 0.53,
          "height": 0.12
        }
      },
      {
        "type": "Door",
        "id": 9,
        "location": {
          "x": 1.49,
          "y": 3.84
        },
        "dimensions": {
          "width": 0.11,
          "height": 1.16
        }
      },
      {
        "type": "Window",
        "id": 10,
        "location": {
          "x": 2.37,
          "y": 3.34
        },
        "dimensions": {
          "width": 0.31,
          "height": 0.13
        }
      },
      {
        "type": "Window",
        "id": 11,
        "location": {
          "x": 2.72,
          "y": 3.32
        },
        "dimensions": {
          "width": 0.42,
          "height": 0.15
        }
      },
      {
        "type": "Door",
        "id": 12,
        "location": {
          "x": 1.48,
          "y": 3.02
        },
        "dimensions": {
          "width": 0.1,
          "height": 0.83
        }
      },
      {
        "type": "Door",
        "id": 13,
        "location": {
          "x": 4.1,
          "y": 2.8
        },
        "dimensions": {
          "width": 0.35,
          "height": 0.27
        }
      },
      {
        "type": "Door",
        "id": 14,
        "location": {
          "x": 8.24,
          "y": 2.55
        },
        "dimensions": {
          "width": 0.44,
          "height": 4.05
        }
      },
      {
        "type": "Door",
        "id": 15,
        "location": {
          "x": 1.49,
          "y": 1.87
        },
        "dimensions": {
          "width": 0.49,
          "height": 1.98
        }
      },
      {
        "type": "Door",
        "id": 16,
        "location": {
          "x": 1.49,
          "y": 1.57
        },
        "dimensions": {
          "width": 0.1,
          "height": 0.3
        }
      },
      {
        "type": "Door",
        "id": 17,
        "location": {
          "x": 3.99,
          "y": 1.0
        },
        "dimensions": {
          "width": 4.31,
          "height": 5.6
        }
      },
      {
        "type": "Door",
        "id": 18,
        "location": {
          "x": 4.02,
          "y": 1.0
        },
        "dimensions": {
          "width": 0.08,
          "height": 0.84
        }
      },
      {
        "type": "Window",
        "id": 19,
        "location": {
          "x": 1.94,
          "y": 0.27
        },
        "dimensions": {
          "width": 1.72,
          "height": 0.09
        }
      },
      {
        "type": "Door",
        "id": 20,
        "location": {
          "x": 3.62,
          "y": 0.26
        },
        "dimensions": {
          "width": 0.49,
          "height": 1.99
        }
      },
      {
        "type": "Door",
        "id": 21,
        "location": {
          "x": 1.49,
          "y": 0.26
        },
        "dimensions": {
          "width": 0.46,
          "height": 0.69
        }
      }
    ]
  }
}