{
  "floorPlan": {
    "name": "Floor Plan 18_4.jpg",
    "units": "feet",
    "totalArea": 25.86,
    "totalRooms": 8,
    "rooms": [
      {
        "id": 1,
        "name": "Room_1",
        "shape": "Rectangle",
        "dimensions": {
          "width": 5.11,
          "length": 0.51,
          "height": 4.09
        },
        "position": {
          "x": 3.24,
          "y": 7.39
        },
        "windows": [],
        "doors": [],
        "connected_to": []
      },
      {
        "id": 2,
        "name": "Room_2",
        "shape": "Rectangle",
        "dimensions": {
          "width": 2.01,
          "length": 1.49,
          "height": 1.61
        },
        "position": {
          "x": 0.5,
          "y": 6.41
        },
        "windows": [],
        "doors": [],
        "connected_to": []
      },
      {
        "id": 3,
        "name": "Room_3",
        "shape": "Rectangle",
        "dimensions": {
          "width": 5.46,
          "length": 1.51,
          "height": 4.37
        },
        "position": {
          "x": 0.5,
          "y": 2.95
        },
        "windows": [],
        "doors": [],
        "connected_to": []
      },
      {
        "id": 4,
        "name": "Room_4",
        "shape": "Hexagon",
        "dimensions": {
          "width": 1.75,
          "length": 0.56,
          "height": 1.4
        },
        "position": {
          "x": 6.6,
          "y": 2.93
        },
        "windows": [],
        "doors": [],
        "connected_to": []
      },
      {
        "id": 5,
        "name": "Room_5",
        "shape": "Octagon",
        "dimensions": {
          "width": 0.32,
          "length": 0.94,
          "height": 0.75
        },
        "position": {
          "x": 5.61,
          "y": 1.29
        },
        "windows": [],
        "doors": [],
        "connected_to": []
      },
      {
        "id": 6,
        "name": "Room_6",
        "shape": "Irregular",
        "dimensions": {
          "width": 0.74,
          "length": 1.04,
          "height": 0.83
        },
        "position": {
          "x": 4.23,
          "y": 1.19
        },
        "windows": [],
        "doors": [
          {
            "type": "Door",
            "id": 32,
            "location": {
              "x": 4.34,
              "y": 1.43
            },
            "dimensions": {
              "width": 0.36,
              "height": 0.42
            }
          }
        ],
        "connected_to": []
      },
      {
        "id": 7,
        "name": "Room_7",
        "shape": "Hexagon",
        "dimensions": {
          "width": 4.12,
          "length": 0.88,
          "height": 3.3
        },
        "position": {
          "x": 4.23,
          "y": 0.3
        },
        "windows": [],
        "doors": [],
        "connected_to": []
      },
      {
        "id": 8,
        "name": "Room_8",
        "shape": "Irregular",
        "dimensions": {
          "width": 3.17,
          "length": 2.0,
          "height": 2.54
        },
        "position": {
          "x": 0.5,
          "y": 0.3
        },
        "windows": [],
        "doors": [
          {
            "type": "Door",
            "id": 31,
            "location": {
              "x": 1.66,
              "y": 1.47
            },
            "dimensions": {
              "width": 0.27,
              "height": 0.2
            }
          },
          {
            "type": "Door",
            "id": 33,
            "location": {
              "x": 2.03,
              "y": 1.23
            },
            "dimensions": {
              "width": 0.4,
              "height": 0.2
            }
          },
          {
            "type": "Door",
            "id": 34,
            "location": {
              "x": 1.33,
              "y": 1.23
            },
            "dimensions": {
              "width": 0.14,
              "height": 0.2
            }
          },
          {
            "type": "Door",
            "id": 35,
            "location": {
              "x": 1.15,
              "y": 1.23
            },
            "dimensions": {
              "width": 0.18,
              "height": 0.2
            }
          },
          {
            "type": "Door",
            "id": 36,
            "location": {
              "x": 3.6,
              "y": 0.9
            },
            "dimensions": {
              "width": 0.17,
              "height": 0.2
            }
          },
          {
            "type": "Door",
            "id": 38,
            "location": {
              "x": 2.98,
              "y": 0.48
            },
            "dimensions": {
              "width": 0.54,
              "height": 0.36
            }
          }
        ],
        "connected_to": []
      }
    ],
    "doorsAndWindows": [
      {
        "type": "Door",
        "id": 1,
        "location": {
          "x": 5.26,
          "y": 10.87
        },
        "dimensions": {
          "width": 0.17,
          "height": 0.19
        }
      },
      {
        "type": "Window",
        "id": 2,
        "location": {
          "x": 4.52,
          "y": 10.87
        },
        "dimensions": {
          "width": 0.64,
          "height": 0.24
        }
      },
      {
        "type": "Door",
        "id": 3,
        "location": {
          "x": 2.39,
          "y": 10.87
        },
        "dimensions": {
          "width": 0.18,
          "height": 0.2
        }
      },
      {
        "type": "Door",
        "id": 4,
        "location": {
          "x": 2.19,
          "y": 10.87
        },
        "dimensions": {
          "width": 0.19,
          "height": 0.2
        }
      },
      {
        "type": "Door",
        "id": 5,
        "location": {
          "x": 3.68,
          "y": 10.86
        },
        "dimensions": {
          "width": 0.33,
          "height": 0.21
        }
      },
      {
        "type": "Door",
        "id": 6,
        "location": {
          "x": 5.57,
          "y": 10.41
        },
        "dimensions": {
          "width": 0.19,
          "height": 0.24
        }
      },
      {
        "type": "Door",
        "id": 7,
        "location": {
          "x": 5.34,
          "y": 10.4
        },
        "dimensions": {
          "width": 0.21,
          "height": 0.25
        }
      },
      {
        "type": "Door",
        "id": 8,
        "location": {
          "x": 5.12,
          "y": 10.4
        },
        "dimensions": {
          "width": 0.22,
          "height": 0.25
        }
      },
      {
        "type": "Door",
        "id": 9,
        "location": {
          "x": 4.86,
          "y": 10.4
        },
        "dimensions": {
          "width": 0.23,
          "height": 0.25
        }
      },
      {
        "type": "Door",
        "id": 10,
        "location": {
          "x": 4.66,
          "y": 10.4
        },
        "dimensions": {
          "width": 0.18,
          "height": 0.25
        }
      },
      {
        "type": "Door",
        "id": 11,
        "location": {
          "x": 3.98,
          "y": 10.4
        },
        "dimensions": {
          "width": 0.16,
          "height": 0.25
        }
      },
      {
        "type": "Door",
        "id": 12,
        "location": {
          "x": 3.63,
          "y": 10.4
        },
        "dimensions": {
          "width": 0.16,
          "height": 0.25
        }
      },
      {
        "type": "Door",
        "id": 13,
        "location": {
          "x": 3.46,
          "y": 10.4
        },
        "dimensions": {
          "width": 0.15,
          "height": 0.25
        }
      },
      {
        "type": "Door",
        "id": 14,
        "location": {
          "x": 2.98,
          "y": 10.4
        },
        "dimensions": {
          "width": 0.25,
          "height": 0.25
        }
      },
      {
        "type": "Door",
        "id": 15,
        "location": {
          "x": 2.79,
          "y": 10.4
        },
        "dimensions": {
          "width": 0.17,
          "height": 0.25
        }
      },
      {
        "type": "Door",
        "id": 16,
        "location": {
          "x": 0.07,
          "y": 5.88
        },
        "dimensions": {
          "width": 0.24,
          "height": 0.16
        }
      },
      {
        "type": "Door",
        "id": 17,
        "location": {
          "x": 0.13,
          "y": 5.68
        },
        "dimensions": {
          "width": 0.18,
          "height": 0.17
        }
      },
      {
        "type": "Door",
        "id": 18,
        "location": {
          "x": 0.13,
          "y": 5.5
        },
        "dimensions": {
          "width": 0.24,
          "height": 0.16
        }
      },
      {
        "type": "Door",
        "id": 19,
        "location": {
          "x": 0.07,
          "y": 4.87
        },
        "dimensions": {
          "width": 0.24,
          "height": 0.15
        }
      },
      {
        "type": "Door",
        "id": 20,
        "location": {
          "x": 0.07,
          "y": 4.35
        },
        "dimensions": {
          "width": 0.24,
          "height": 0.16
        }
      },
      {
        "type": "Door",
        "id": 21,
        "location": {
          "x": 0.07,
          "y": 3.65
        },
        "dimensions": {
          "width": 0.24,
          "height": 0.18
        }
      },
      {
        "type": "Door",
        "id": 22,
        "location": {
          "x": 0.07,
          "y": 3.42
        },
        "dimensions": {
          "width": 0.24,
          "height": 0.21
        }
      },
      {
        "type": "Door",
        "id": 23,
        "location": {
          "x": 0.07,
          "y": 3.25
        },
        "dimensions": {
          "width": 0.24,
          "height": 0.15
        }
      },
      {
        "type": "Door",
        "id": 24,
        "location": {
          "x": 0.07,
          "y": 3.02
        },
        "dimensions": {
          "width": 0.24,
          "height": 0.21
        }
      },
      {
        "type": "Door",
        "id": 25,
        "location": {
          "x": 0.07,
          "y": 2.78
        },
        "dimensions": {
          "width": 0.24,
          "height": 0.23
        }
      },
      {
        "type": "Door",
        "id": 26,
        "location": {
          "x": 0.07,
          "y": 2.33
        },
        "dimensions": {
          "width": 0.24,
          "height": 0.21
        }
      },
      {
        "type": "Door",
        "id": 27,
        "location": {
          "x": 7.86,
          "y": 2.23
        },
        "dimensions": {
          "width": 0.33,
          "height": 0.69
        }
      },
      {
        "type": "Door",
        "id": 28,
        "location": {
          "x": 6.36,
          "y": 2.21
        },
        "dimensions": {
          "width": 0.18,
          "height": 0.19
        }
      },
      {
        "type": "Door",
        "id": 29,
        "location": {
          "x": 6.68,
          "y": 1.9
        },
        "dimensions": {
          "width": 0.18,
          "height": 0.19
        }
      },
      {
        "type": "Door",
        "id": 30,
        "location": {
          "x": 6.24,
          "y": 1.89
        },
        "dimensions": {
          "width": 0.28,
          "height": 0.21
        }
      },
      {
        "type": "Door",
        "id": 31,
        "location": {
          "x": 1.66,
          "y": 1.47
        },
        "dimensions": {
          "width": 0.27,
          "height": 0.2
        }
      },
      {
        "type": "Door",
        "id": 32,
        "location": {
          "x": 4.34,
          "y": 1.43
        },
        "dimensions": {
          "width": 0.36,
          "height": 0.42
        }
      },
      {
        "type": "Door",
        "id": 33,
        "location": {
          "x": 2.03,
          "y": 1.23
        },
        "dimensions": {
          "width": 0.4,
          "height": 0.2
        }
      },
      {
        "type": "Door",
        "id": 34,
        "location": {
          "x": 1.33,
          "y": 1.23
        },
        "dimensions": {
          "width": 0.14,
          "height": 0.2
        }
      },
      {
        "type": "Door",
        "id": 35,
        "location": {
          "x": 1.15,
          "y": 1.23
        },
        "dimensions": {
          "width": 0.18,
          "height": 0.2
        }
      },
      {
        "type": "Door",
        "id": 36,
        "location": {
          "x": 3.6,
          "y": 0.9
        },
        "dimensions": {
          "width": 0.17,
          "height": 0.2
        }
      },
      {
        "type": "Door",
        "id": 37,
        "location": {
          "x": 4.2,
          "y": 0.62
        },
        "dimensions": {
          "width": 0.36,
          "height": 0.33
        }
      },
      {
        "type": "Door",
        "id": 38,
        "location": {
          "x": 2.98,
          "y": 0.48
        },
        "dimensions": {
          "width": 0.54,
          "height": 0.36
        }
      },
      {
        "type": "Door",
        "id": 39,
        "location": {
          "x": 0.47,
          "y": 0.09
        },
        "dimensions": {
          "width": 9.65,
          "height": 8.8
        }
      }
    ]
  }
}