{
  "floorPlan": {
    "name": "Floor Plan 18_6.jpg",
    "units": "feet",
    "totalArea": 8.96,
    "totalRooms": 5,
    "rooms": [
      {
        "id": 1,
        "name": "Text_13",
        "shape": "Rectangle",
        "dimensions": {
          "width": 0.36,
          "length": 3.2,
          "height": 2.56
        },
        "position": {
          "x": 9.42,
          "y": 2.87
        },
        "windows": [],
        "doors": [],
        "connected_to": []
      },
      {
        "id": 2,
        "name": "Room_2",
        "shape": "Hexagon",
        "dimensions": {
          "width": 0.34,
          "length": 3.19,
          "height": 2.55
        },
        "position": {
          "x": 1.38,
          "y": 2.86
        },
        "windows": [],
        "doors": [],
        "connected_to": []
      },
      {
        "id": 3,
        "name": "Text_12",
        "shape": "Pentagon",
        "dimensions": {
          "width": 0.38,
          "length": 3.52,
          "height": 2.82
        },
        "position": {
          "x": 4.74,
          "y": 2.54
        },
        "windows": [],
        "doors": [],
        "connected_to": []
      },
      {
        "id": 4,
        "name": "Text_3",
        "shape": "Triangle",
        "dimensions": {
          "width": 0.19,
          "length": 2.71,
          "height": 2.17
        },
        "position": {
          "x": 3.91,
          "y": 2.54
        },
        "windows": [],
        "doors": [],
        "connected_to": []
      },
      {
        "id": 5,
        "name": "Text_35",
        "shape": "Hexagon",
        "dimensions": {
          "width": 8.4,
          "length": 0.58,
          "height": 6.72
        },
        "position": {
          "x": 1.38,
          "y": 0.28
        },
        "windows": [],
        "doors": [
          {
            "type": "Door",
            "id": 25,
            "location": {
              "x": 6.72,
              "y": 0.85
            },
            "dimensions": {
              "width": 3.1,
              "height": 5.22
            }
          }
        ],
        "connected_to": []
      }
    ],
    "doorsAndWindows": [
      {
        "type": "Window",
        "id": 1,
        "location": {
          "x": 5.36,
          "y": 5.98
        },
        "dimensions": {
          "width": 1.36,
          "height": 0.04
        }
      },
      {
        "type": "Window",
        "id": 2,
        "location": {
          "x": 7.82,
          "y": 5.92
        },
        "dimensions": {
          "width": 1.58,
          "height": 0.05
        }
      },
      {
        "type": "Door",
        "id": 3,
        "location": {
          "x": 4.43,
          "y": 5.13
        },
        "dimensions": {
          "width": 0.14,
          "height": 0.17
        }
      },
      {
        "type": "Door",
        "id": 4,
        "location": {
          "x": 3.34,
          "y": 2.97
        },
        "dimensions": {
          "width": 0.18,
          "height": 0.25
        }
      },
      {
        "type": "Door",
        "id": 5,
        "location": {
          "x": 2.86,
          "y": 2.97
        },
        "dimensions": {
          "width": 0.22,
          "height": 0.25
        }
      },
      {
        "type": "Door",
        "id": 6,
        "location": {
          "x": 2.65,
          "y": 2.97
        },
        "dimensions": {
          "width": 0.19,
          "height": 0.25
        }
      },
      {
        "type": "Door",
        "id": 7,
        "location": {
          "x": 2.42,
          "y": 2.97
        },
        "dimensions": {
          "width": 0.21,
          "height": 0.25
        }
      },
      {
        "type": "Door",
        "id": 8,
        "location": {
          "x": 7.28,
          "y": 2.96
        },
        "dimensions": {
          "width": 0.1,
          "height": 0.13
        }
      },
      {
        "type": "Door",
        "id": 9,
        "location": {
          "x": 3.1,
          "y": 2.96
        },
        "dimensions": {
          "width": 0.22,
          "height": 0.26
        }
      },
      {
        "type": "Door",
        "id": 10,
        "location": {
          "x": 2.18,
          "y": 2.96
        },
        "dimensions": {
          "width": 0.21,
          "height": 0.26
        }
      },
      {
        "type": "Door",
        "id": 11,
        "location": {
          "x": 4.19,
          "y": 2.87
        },
        "dimensions": {
          "width": 0.45,
          "height": 0.44
        }
      },
      {
        "type": "Door",
        "id": 12,
        "location": {
          "x": 7.76,
          "y": 2.06
        },
        "dimensions": {
          "width": 0.18,
          "height": 0.25
        }
      },
      {
        "type": "Door",
        "id": 13,
        "location": {
          "x": 7.29,
          "y": 2.06
        },
        "dimensions": {
          "width": 0.21,
          "height": 0.24
        }
      },
      {
        "type": "Door",
        "id": 14,
        "location": {
          "x": 7.08,
          "y": 2.06
        },
        "dimensions": {
          "width": 0.18,
          "height": 0.24
        }
      },
      {
        "type": "Door",
        "id": 15,
        "location": {
          "x": 6.84,
          "y": 2.06
        },
        "dimensions": {
          "width": 0.21,
          "height": 0.24
        }
      },
      {
        "type": "Door",
        "id": 16,
        "location": {
          "x": 6.6,
          "y": 2.06
        },
        "dimensions": {
          "width": 0.21,
          "height": 0.25
        }
      },
      {
        "type": "Door",
        "id": 17,
        "location": {
          "x": 0.93,
          "y": 1.82
        },
        "dimensions": {
          "width": 0.2,
          "height": 0.12
        }
      },
      {
        "type": "Door",
        "id": 18,
        "location": {
          "x": 7.86,
          "y": 1.7
        },
        "dimensions": {
          "width": 0.19,
          "height": 0.24
        }
      },
      {
        "type": "Door",
        "id": 19,
        "location": {
          "x": 7.63,
          "y": 1.69
        },
        "dimensions": {
          "width": 0.21,
          "height": 0.25
        }
      },
      {
        "type": "Door",
        "id": 20,
        "location": {
          "x": 7.39,
          "y": 1.69
        },
        "dimensions": {
          "width": 0.21,
          "height": 0.25
        }
      },
      {
        "type": "Door",
        "id": 21,
        "location": {
          "x": 7.03,
          "y": 1.69
        },
        "dimensions": {
          "width": 0.23,
          "height": 0.25
        }
      },
      {
        "type": "Door",
        "id": 22,
        "location": {
          "x": 6.5,
          "y": 1.69
        },
        "dimensions": {
          "width": 0.18,
          "height": 0.25
        }
      },
      {
        "type": "Door",
        "id": 23,
        "location": {
          "x": 5.49,
          "y": 1.21
        },
        "dimensions": {
          "width": 0.12,
          "height": 0.16
        }
      },
      {
        "type": "Door",
        "id": 24,
        "location": {
          "x": 0.93,
          "y": 1.13
        },
        "dimensions": {
          "width": 0.15,
          "height": 0.14
        }
      },
      {
        "type": "Door",
        "id": 25,
        "location": {
          "x": 6.72,
          "y": 0.85
        },
        "dimensions": {
          "width": 3.1,
          "height": 5.22
        }
      },
      {
        "type": "Door",
        "id": 26,
        "location": {
          "x": 0.71,
          "y": 0.27
        },
        "dimensions": {
          "width": 9.08,
          "height": 5.84
        }
      }
    ]
  }
}