{
  "floorPlan": {
    "name": "Floor Plan 19_18.jpg",
    "units": "feet",
    "totalArea": 11.05,
    "totalRooms": 3,
    "rooms": [
      {
        "id": 1,
        "name": "Text_16",
        "shape": "Irregular",
        "dimensions": {
          "width": 0.75,
          "length": 1.66,
          "height": 1.33
        },
        "position": {
          "x": 6.01,
          "y": 4.81
        },
        "windows": [],
        "doors": [],
        "connected_to": []
      },
      {
        "id": 2,
        "name": "Room_2",
        "shape": "Irregular",
        "dimensions": {
          "width": 2.35,
          "length": 1.55,
          "height": 1.88
        },
        "position": {
          "x": 1.88,
          "y": 3.98
        },
        "windows": [],
        "doors": [
          {
            "type": "Door",
            "id": 13,
            "location": {
              "x": 2.39,
              "y": 4.13
            },
            "dimensions": {
              "width": 0.15,
              "height": 0.13
            }
          }
        ],
        "connected_to": []
      },
      {
        "id": 3,
        "name": "Room_3",
        "shape": "Irregular",
        "dimensions": {
          "width": 2.14,
          "length": 2.88,
          "height": 2.3
        },
        "position": {
          "x": 6.99,
          "y": 2.03
        },
        "windows": [
          {
            "type": "Window",
            "id": 16,
            "location": {
              "x": 8.05,
              "y": 3.41
            },
            "dimensions": {
              "width": 0.75,
              "height": 0.05
            }
          },
          {
            "type": "Window",
            "id": 17,
            "location": {
              "x": 8.98,
              "y": 3.27
            },
            "dimensions": {
              "width": 0.7,
              "height": 0.04
            }
          }
        ],
        "doors": [
          {
            "type": "Door",
            "id": 10,
            "location": {
              "x": 9.13,
              "y": 4.69
            },
            "dimensions": {
              "width": 0.71,
              "height": 0.96
            }
          },
          {
            "type": "Door",
            "id": 11,
            "location": {
              "x": 7.7,
              "y": 4.65
            },
            "dimensions": {
              "width": 0.06,
              "height": 1.1
            }
          }
        ],
        "connected_to": []
      }
    ],
    "doorsAndWindows": [
      {
        "type": "Window",
        "id": 1,
        "location": {
          "x": 4.32,
          "y": 6.96
        },
        "dimensions": {
          "width": 2.1,
          "height": 0.06
        }
      },
      {
        "type": "Door",
        "id": 2,
        "location": {
          "x": 5.74,
          "y": 6.76
        },
        "dimensions": {
          "width": 0.18,
          "height": 0.17
        }
      },
      {
        "type": "Door",
        "id": 3,
        "location": {
          "x": 5.24,
          "y": 6.76
        },
        "dimensions": {
          "width": 0.19,
          "height": 0.17
        }
      },
      {
        "type": "Door",
        "id": 4,
        "location": {
          "x": 5.05,
          "y": 6.76
        },
        "dimensions": {
          "width": 0.19,
          "height": 0.17
        }
      },
      {
        "type": "Window",
        "id": 5,
        "location": {
          "x": 8.96,
          "y": 5.92
        },
        "dimensions": {
          "width": 0.72,
          "height": 0.05
        }
      },
      {
        "type": "Window",
        "id": 6,
        "location": {
          "x": 7.77,
          "y": 5.76
        },
        "dimensions": {
          "width": 1.33,
          "height": 0.05
        }
      },
      {
        "type": "Door",
        "id": 7,
        "location": {
          "x": 7.4,
          "y": 5.76
        },
        "dimensions": {
          "width": 0.36,
          "height": 0.36
        }
      },
      {
        "type": "Door",
        "id": 8,
        "location": {
          "x": 0.67,
          "y": 5.14
        },
        "dimensions": {
          "width": 0.4,
          "height": 0.47
        }
      },
      {
        "type": "Window",
        "id": 9,
        "location": {
          "x": 1.05,
          "y": 4.97
        },
        "dimensions": {
          "width": 0.53,
          "height": 0.03
        }
      },
      {
        "type": "Door",
        "id": 10,
        "location": {
          "x": 9.13,
          "y": 4.69
        },
        "dimensions": {
          "width": 0.71,
          "height": 0.96
        }
      },
      {
        "type": "Door",
        "id": 11,
        "location": {
          "x": 7.7,
          "y": 4.65
        },
        "dimensions": {
          "width": 0.06,
          "height": 1.1
        }
      },
      {
        "type": "Window",
        "id": 12,
        "location": {
          "x": 4.24,
          "y": 4.41
        },
        "dimensions": {
          "width": 0.8,
          "height": 0.06
        }
      },
      {
        "type": "Door",
        "id": 13,
        "location": {
          "x": 2.39,
          "y": 4.13
        },
        "dimensions": {
          "width": 0.15,
          "height": 0.13
        }
      },
      {
        "type": "Window",
        "id": 14,
        "location": {
          "x": 4.25,
          "y": 3.99
        },
        "dimensions": {
          "width": 0.79,
          "height": 0.06
        }
      },
      {
        "type": "Window",
        "id": 15,
        "location": {
          "x": 5.55,
          "y": 3.98
        },
        "dimensions": {
          "width": 0.55,
          "height": 0.07
        }
      },
      {
        "type": "Window",
        "id": 16,
        "location": {
          "x": 8.05,
          "y": 3.41
        },
        "dimensions": {
          "width": 0.75,
          "height": 0.05
        }
      },
      {
        "type": "Window",
        "id": 17,
        "location": {
          "x": 8.98,
          "y": 3.27
        },
        "dimensions": {
          "width": 0.7,
          "height": 0.04
        }
      },
      {
        "type": "Door",
        "id": 18,
        "location": {
          "x": 9.14,
          "y": 3.24
        },
        "dimensions": {
          "width": 0.8,
          "height": 2.38
        }
      },
      {
        "type": "Door",
        "id": 19,
        "location": {
          "x": 6.5,
          "y": 3.14
        },
        "dimensions": {
          "width": 0.03,
          "height": 0.72
        }
      },
      {
        "type": "Window",
        "id": 20,
        "location": {
          "x": 6.94,
          "y": 3.07
        },
        "dimensions": {
          "width": 0.34,
          "height": 0.05
        }
      },
      {
        "type": "Door",
        "id": 21,
        "location": {
          "x": 5.37,
          "y": 2.93
        },
        "dimensions": {
          "width": 0.49,
          "height": 0.94
        }
      },
      {
        "type": "Window",
        "id": 22,
        "location": {
          "x": 4.09,
          "y": 2.93
        },
        "dimensions": {
          "width": 0.42,
          "height": 0.18
        }
      },
      {
        "type": "Door",
        "id": 23,
        "location": {
          "x": 6.19,
          "y": 2.9
        },
        "dimensions": {
          "width": 0.98,
          "height": 1.56
        }
      },
      {
        "type": "Window",
        "id": 24,
        "location": {
          "x": 2.42,
          "y": 2.87
        },
        "dimensions": {
          "width": 0.89,
          "height": 0.03
        }
      },
      {
        "type": "Door",
        "id": 25,
        "location": {
          "x": 5.03,
          "y": 2.16
        },
        "dimensions": {
          "width": 0.86,
          "height": 2.34
        }
      },
      {
        "type": "Door",
        "id": 26,
        "location": {
          "x": 1.91,
          "y": 1.88
        },
        "dimensions": {
          "width": 1.38,
          "height": 1.86
        }
      },
      {
        "type": "Door",
        "id": 27,
        "location": {
          "x": 0.26,
          "y": 1.88
        },
        "dimensions": {
          "width": 0.92,
          "height": 3.88
        }
      },
      {
        "type": "Door",
        "id": 28,
        "location": {
          "x": 2.98,
          "y": 1.43
        },
        "dimensions": {
          "width": 3.02,
          "height": 2.36
        }
      },
      {
        "type": "Door",
        "id": 29,
        "location": {
          "x": 1.09,
          "y": 0.27
        },
        "dimensions": {
          "width": 8.8,
          "height": 6.86
        }
      }
    ]
  }
}