{
  "floorPlan": {
    "name": "Floor Plan 19_11.jpg",
    "units": "feet",
    "totalArea": 0,
    "totalRooms": 0,
    "rooms": [],
    "doorsAndWindows": [
      {
        "type": "Door",
        "id": 1,
        "location": {
          "x": 7.56,
          "y": 6.32
        },
        "dimensions": {
          "width": 0.12,
          "height": 0.13
        }
      },
      {
        "type": "Door",
        "id": 2,
        "location": {
          "x": 7.43,
          "y": 6.32
        },
        "dimensions": {
          "width": 0.12,
          "height": 0.13
        }
      },
      {
        "type": "Window",
        "id": 3,
        "location": {
          "x": 7.08,
          "y": 6.32
        },
        "dimensions": {
          "width": 0.34,
          "height": 0.13
        }
      },
      {
        "type": "Door",
        "id": 4,
        "location": {
          "x": 6.67,
          "y": 6.32
        },
        "dimensions": {
          "width": 0.12,
          "height": 0.13
        }
      },
      {
        "type": "Door",
        "id": 5,
        "location": {
          "x": 3.83,
          "y": 6.13
        },
        "dimensions": {
          "width": 0.41,
          "height": 0.49
        }
      },
      {
        "type": "Door",
        "id": 6,
        "location": {
          "x": 4.35,
          "y": 6.11
        },
        "dimensions": {
          "width": 0.56,
          "height": 0.47
        }
      },
      {
        "type": "Door",
        "id": 7,
        "location": {
          "x": 5.26,
          "y": 6.09
        },
        "dimensions": {
          "width": 0.44,
          "height": 0.43
        }
      },
      {
        "type": "Door",
        "id": 8,
        "location": {
          "x": 3.42,
          "y": 5.8
        },
        "dimensions": {
          "width": 0.23,
          "height": 0.17
        }
      },
      {
        "type": "Door",
        "id": 9,
        "location": {
          "x": 5.03,
          "y": 5.67
        },
        "dimensions": {
          "width": 1.04,
          "height": 0.61
        }
      },
      {
        "type": "Door",
        "id": 10,
        "location": {
          "x": 5.39,
          "y": 5.38
        },
        "dimensions": {
          "width": 0.31,
          "height": 0.23
        }
      },
      {
        "type": "Door",
        "id": 11,
        "location": {
          "x": 3.52,
          "y": 5.37
        },
        "dimensions": {
          "width": 0.47,
          "height": 0.31
        }
      },
      {
        "type": "Door",
        "id": 12,
        "location": {
          "x": 4.69,
          "y": 5.14
        },
        "dimensions": {
          "width": 0.3,
          "height": 0.32
        }
      },
      {
        "type": "Door",
        "id": 13,
        "location": {
          "x": 5.48,
          "y": 5.0
        },
        "dimensions": {
          "width": 0.33,
          "height": 0.19
        }
      },
      {
        "type": "Door",
        "id": 14,
        "location": {
          "x": 9.23,
          "y": 4.95
        },
        "dimensions": {
          "width": 0.43,
          "height": 0.85
        }
      },
      {
        "type": "Door",
        "id": 15,
        "location": {
          "x": 6.55,
          "y": 4.77
        },
        "dimensions": {
          "width": 0.29,
          "height": 0.19
        }
      },
      {
        "type": "Door",
        "id": 16,
        "location": {
          "x": 6.3,
          "y": 4.48
        },
        "dimensions": {
          "width": 2.77,
          "height": 1.74
        }
      },
      {
        "type": "Door",
        "id": 17,
        "location": {
          "x": 3.46,
          "y": 4.36
        },
        "dimensions": {
          "width": 0.33,
          "height": 0.7
        }
      },
      {
        "type": "Door",
        "id": 18,
        "location": {
          "x": 7.97,
          "y": 4.26
        },
        "dimensions": {
          "width": 0.69,
          "height": 0.43
        }
      },
      {
        "type": "Door",
        "id": 19,
        "location": {
          "x": 9.0,
          "y": 4.05
        },
        "dimensions": {
          "width": 1.01,
          "height": 0.9
        }
      },
      {
        "type": "Door",
        "id": 20,
        "location": {
          "x": 0.49,
          "y": 4.03
        },
        "dimensions": {
          "width": 1.53,
          "height": 2.34
        }
      },
      {
        "type": "Door",
        "id": 21,
        "location": {
          "x": 8.69,
          "y": 3.96
        },
        "dimensions": {
          "width": 0.74,
          "height": 0.68
        }
      },
      {
        "type": "Door",
        "id": 22,
        "location": {
          "x": 4.77,
          "y": 3.96
        },
        "dimensions": {
          "width": 0.21,
          "height": 0.35
        }
      },
      {
        "type": "Door",
        "id": 23,
        "location": {
          "x": 3.29,
          "y": 3.89
        },
        "dimensions": {
          "width": 0.42,
          "height": 0.09
        }
      },
      {
        "type": "Door",
        "id": 24,
        "location": {
          "x": 9.68,
          "y": 3.86
        },
        "dimensions": {
          "width": 0.47,
          "height": 0.42
        }
      },
      {
        "type": "Door",
        "id": 25,
        "location": {
          "x": 7.26,
          "y": 3.84
        },
        "dimensions": {
          "width": 0.32,
          "height": 0.21
        }
      },
      {
        "type": "Door",
        "id": 26,
        "location": {
          "x": 6.68,
          "y": 3.84
        },
        "dimensions": {
          "width": 1.03,
          "height": 0.74
        }
      },
      {
        "type": "Door",
        "id": 27,
        "location": {
          "x": 5.92,
          "y": 3.84
        },
        "dimensions": {
          "width": 0.87,
          "height": 0.91
        }
      },
      {
        "type": "Door",
        "id": 28,
        "location": {
          "x": 5.75,
          "y": 3.83
        },
        "dimensions": {
          "width": 0.37,
          "height": 0.08
        }
      },
      {
        "type": "Door",
        "id": 29,
        "location": {
          "x": 3.5,
          "y": 3.8
        },
        "dimensions": {
          "width": 0.22,
          "height": 0.08
        }
      },
      {
        "type": "Door",
        "id": 30,
        "location": {
          "x": 7.63,
          "y": 3.69
        },
        "dimensions": {
          "width": 0.92,
          "height": 0.73
        }
      },
      {
        "type": "Door",
        "id": 31,
        "location": {
          "x": 8.4,
          "y": 3.67
        },
        "dimensions": {
          "width": 0.32,
          "height": 0.22
        }
      },
      {
        "type": "Door",
        "id": 32,
        "location": {
          "x": 7.3,
          "y": 3.64
        },
        "dimensions": {
          "width": 0.78,
          "height": 0.62
        }
      },
      {
        "type": "Door",
        "id": 33,
        "location": {
          "x": 3.85,
          "y": 3.54
        },
        "dimensions": {
          "width": 0.59,
          "height": 0.34
        }
      },
      {
        "type": "Window",
        "id": 34,
        "location": {
          "x": 8.38,
          "y": 3.49
        },
        "dimensions": {
          "width": 0.4,
          "height": 0.17
        }
      },
      {
        "type": "Door",
        "id": 35,
        "location": {
          "x": 6.16,
          "y": 3.47
        },
        "dimensions": {
          "width": 0.56,
          "height": 0.6
        }
      },
      {
        "type": "Door",
        "id": 36,
        "location": {
          "x": 4.95,
          "y": 3.38
        },
        "dimensions": {
          "width": 0.41,
          "height": 0.28
        }
      },
      {
        "type": "Window",
        "id": 37,
        "location": {
          "x": 1.69,
          "y": 3.33
        },
        "dimensions": {
          "width": 1.39,
          "height": 0.11
        }
      },
      {
        "type": "Door",
        "id": 38,
        "location": {
          "x": 8.4,
          "y": 3.31
        },
        "dimensions": {
          "width": 0.37,
          "height": 0.22
        }
      },
      {
        "type": "Door",
        "id": 39,
        "location": {
          "x": 7.12,
          "y": 3.31
        },
        "dimensions": {
          "width": 0.35,
          "height": 0.37
        }
      },
      {
        "type": "Door",
        "id": 40,
        "location": {
          "x": 6.6,
          "y": 3.31
        },
        "dimensions": {
          "width": 0.4,
          "height": 0.37
        }
      },
      {
        "type": "Door",
        "id": 41,
        "location": {
          "x": 5.73,
          "y": 3.3
        },
        "dimensions": {
          "width": 0.25,
          "height": 0.3
        }
      },
      {
        "type": "Door",
        "id": 42,
        "location": {
          "x": 9.42,
          "y": 3.19
        },
        "dimensions": {
          "width": 0.63,
          "height": 0.83
        }
      },
      {
        "type": "Door",
        "id": 43,
        "location": {
          "x": 8.5,
          "y": 3.16
        },
        "dimensions": {
          "width": 1.18,
          "height": 1.12
        }
      },
      {
        "type": "Door",
        "id": 44,
        "location": {
          "x": 8.77,
          "y": 3.16
        },
        "dimensions": {
          "width": 0.5,
          "height": 0.41
        }
      },
      {
        "type": "Door",
        "id": 45,
        "location": {
          "x": 6.92,
          "y": 3.1
        },
        "dimensions": {
          "width": 0.37,
          "height": 0.37
        }
      },
      {
        "type": "Door",
        "id": 46,
        "location": {
          "x": 3.64,
          "y": 3.05
        },
        "dimensions": {
          "width": 0.43,
          "height": 0.32
        }
      },
      {
        "type": "Door",
        "id": 47,
        "location": {
          "x": 9.57,
          "y": 2.95
        },
        "dimensions": {
          "width": 0.49,
          "height": 0.37
        }
      },
      {
        "type": "Door",
        "id": 48,
        "location": {
          "x": 3.73,
          "y": 2.84
        },
        "dimensions": {
          "width": 0.27,
          "height": 0.08
        }
      },
      {
        "type": "Door",
        "id": 49,
        "location": {
          "x": 8.61,
          "y": 2.82
        },
        "dimensions": {
          "width": 0.48,
          "height": 0.55
        }
      },
      {
        "type": "Window",
        "id": 50,
        "location": {
          "x": 6.74,
          "y": 2.76
        },
        "dimensions": {
          "width": 0.42,
          "height": 0.18
        }
      },
      {
        "type": "Door",
        "id": 51,
        "location": {
          "x": 9.01,
          "y": 2.72
        },
        "dimensions": {
          "width": 0.29,
          "height": 0.31
        }
      },
      {
        "type": "Door",
        "id": 52,
        "location": {
          "x": 9.58,
          "y": 2.7
        },
        "dimensions": {
          "width": 0.63,
          "height": 2.61
        }
      },
      {
        "type": "Door",
        "id": 53,
        "location": {
          "x": 6.52,
          "y": 2.65
        },
        "dimensions": {
          "width": 0.75,
          "height": 0.61
        }
      },
      {
        "type": "Window",
        "id": 54,
        "location": {
          "x": 8.76,
          "y": 2.63
        },
        "dimensions": {
          "width": 1.25,
          "height": 0.36
        }
      },
      {
        "type": "Door",
        "id": 55,
        "location": {
          "x": 6.68,
          "y": 2.63
        },
        "dimensions": {
          "width": 1.93,
          "height": 1.21
        }
      },
      {
        "type": "Door",
        "id": 56,
        "location": {
          "x": 8.71,
          "y": 2.31
        },
        "dimensions": {
          "width": 0.31,
          "height": 0.34
        }
      },
      {
        "type": "Door",
        "id": 57,
        "location": {
          "x": 3.4,
          "y": 2.15
        },
        "dimensions": {
          "width": 0.26,
          "height": 0.49
        }
      },
      {
        "type": "Door",
        "id": 58,
        "location": {
          "x": 9.09,
          "y": 2.12
        },
        "dimensions": {
          "width": 0.53,
          "height": 0.43
        }
      },
      {
        "type": "Door",
        "id": 59,
        "location": {
          "x": 0.74,
          "y": 1.95
        },
        "dimensions": {
          "width": 0.19,
          "height": 0.33
        }
      },
      {
        "type": "Door",
        "id": 60,
        "location": {
          "x": 5.35,
          "y": 1.91
        },
        "dimensions": {
          "width": 0.94,
          "height": 0.49
        }
      },
      {
        "type": "Door",
        "id": 61,
        "location": {
          "x": 8.0,
          "y": 1.86
        },
        "dimensions": {
          "width": 0.95,
          "height": 1.09
        }
      },
      {
        "type": "Door",
        "id": 62,
        "location": {
          "x": 1.43,
          "y": 1.85
        },
        "dimensions": {
          "width": 0.43,
          "height": 0.18
        }
      },
      {
        "type": "Window",
        "id": 63,
        "location": {
          "x": 7.31,
          "y": 1.83
        },
        "dimensions": {
          "width": 0.23,
          "height": 0.09
        }
      },
      {
        "type": "Door",
        "id": 64,
        "location": {
          "x": 2.43,
          "y": 1.83
        },
        "dimensions": {
          "width": 0.06,
          "height": 0.59
        }
      },
      {
        "type": "Door",
        "id": 65,
        "location": {
          "x": 2.49,
          "y": 1.69
        },
        "dimensions": {
          "width": 0.3,
          "height": 1.0
        }
      },
      {
        "type": "Door",
        "id": 66,
        "location": {
          "x": 1.12,
          "y": 1.68
        },
        "dimensions": {
          "width": 0.45,
          "height": 0.46
        }
      },
      {
        "type": "Door",
        "id": 67,
        "location": {
          "x": 3.33,
          "y": 1.62
        },
        "dimensions": {
          "width": 0.33,
          "height": 0.43
        }
      },
      {
        "type": "Door",
        "id": 68,
        "location": {
          "x": 3.67,
          "y": 1.54
        },
        "dimensions": {
          "width": 0.6,
          "height": 0.42
        }
      },
      {
        "type": "Door",
        "id": 69,
        "location": {
          "x": 1.15,
          "y": 1.45
        },
        "dimensions": {
          "width": 0.26,
          "height": 0.24
        }
      },
      {
        "type": "Door",
        "id": 70,
        "location": {
          "x": 4.69,
          "y": 1.38
        },
        "dimensions": {
          "width": 0.44,
          "height": 0.2
        }
      },
      {
        "type": "Window",
        "id": 71,
        "location": {
          "x": 1.59,
          "y": 1.33
        },
        "dimensions": {
          "width": 0.67,
          "height": 0.31
        }
      },
      {
        "type": "Door",
        "id": 72,
        "location": {
          "x": 2.81,
          "y": 1.3
        },
        "dimensions": {
          "width": 0.51,
          "height": 0.36
        }
      },
      {
        "type": "Door",
        "id": 73,
        "location": {
          "x": 4.38,
          "y": 1.28
        },
        "dimensions": {
          "width": 0.89,
          "height": 0.73
        }
      },
      {
        "type": "Door",
        "id": 74,
        "location": {
          "x": 6.02,
          "y": 1.27
        },
        "dimensions": {
          "width": 0.5,
          "height": 0.41
        }
      },
      {
        "type": "Door",
        "id": 75,
        "location": {
          "x": 0.21,
          "y": 1.25
        },
        "dimensions": {
          "width": 8.27,
          "height": 5.24
        }
      },
      {
        "type": "Door",
        "id": 76,
        "location": {
          "x": 0.6,
          "y": 1.23
        },
        "dimensions": {
          "width": 0.43,
          "height": 0.38
        }
      },
      {
        "type": "Door",
        "id": 77,
        "location": {
          "x": 9.07,
          "y": 1.1
        },
        "dimensions": {
          "width": 0.31,
          "height": 0.44
        }
      },
      {
        "type": "Door",
        "id": 78,
        "location": {
          "x": 1.79,
          "y": 0.93
        },
        "dimensions": {
          "width": 4.53,
          "height": 1.24
        }
      },
      {
        "type": "Door",
        "id": 79,
        "location": {
          "x": 0.4,
          "y": 0.88
        },
        "dimensions": {
          "width": 0.52,
          "height": 0.44
        }
      },
      {
        "type": "Door",
        "id": 80,
        "location": {
          "x": 3.21,
          "y": 0.87
        },
        "dimensions": {
          "width": 1.53,
          "height": 0.37
        }
      },
      {
        "type": "Window",
        "id": 81,
        "location": {
          "x": 6.29,
          "y": 0.82
        },
        "dimensions": {
          "width": 2.77,
          "height": 1.31
        }
      },
      {
        "type": "Window",
        "id": 82,
        "location": {
          "x": 3.33,
          "y": 0.66
        },
        "dimensions": {
          "width": 4.17,
          "height": 0.43
        }
      },
      {
        "type": "Door",
        "id": 83,
        "location": {
          "x": 8.12,
          "y": 0.61
        },
        "dimensions": {
          "width": 0.82,
          "height": 0.84
        }
      },
      {
        "type": "Door",
        "id": 84,
        "location": {
          "x": 7.53,
          "y": 0.47
        },
        "dimensions": {
          "width": 0.72,
          "height": 0.42
        }
      },
      {
        "type": "Door",
        "id": 85,
        "location": {
          "x": 0.58,
          "y": 0.32
        },
        "dimensions": {
          "width": 1.81,
          "height": 0.91
        }
      }
    ]
  }
}