{
  "floorPlan": {
    "name": "Floor Plan 19_19.jpg",
    "units": "feet",
    "totalArea": 0,
    "totalRooms": 0,
    "rooms": [],
    "doorsAndWindows": [
      {
        "type": "Door",
        "id": 1,
        "location": {
          "x": 1.08,
          "y": 6.63
        },
        "dimensions": {
          "width": 0.61,
          "height": 0.54
        }
      },
      {
        "type": "Door",
        "id": 2,
        "location": {
          "x": 8.04,
          "y": 6.53
        },
        "dimensions": {
          "width": 0.76,
          "height": 0.72
        }
      },
      {
        "type": "Door",
        "id": 3,
        "location": {
          "x": 9.0,
          "y": 6.05
        },
        "dimensions": {
          "width": 0.36,
          "height": 0.68
        }
      },
      {
        "type": "Door",
        "id": 4,
        "location": {
          "x": 7.46,
          "y": 5.92
        },
        "dimensions": {
          "width": 0.59,
          "height": 0.6
        }
      },
      {
        "type": "Door",
        "id": 5,
        "location": {
          "x": 1.33,
          "y": 5.92
        },
        "dimensions": {
          "width": 0.89,
          "height": 0.85
        }
      },
      {
        "type": "Door",
        "id": 6,
        "location": {
          "x": 0.56,
          "y": 5.74
        },
        "dimensions": {
          "width": 0.92,
          "height": 0.95
        }
      },
      {
        "type": "Door",
        "id": 7,
        "location": {
          "x": 0.72,
          "y": 5.66
        },
        "dimensions": {
          "width": 0.1,
          "height": 0.18
        }
      },
      {
        "type": "Door",
        "id": 8,
        "location": {
          "x": 3.62,
          "y": 5.56
        },
        "dimensions": {
          "width": 0.69,
          "height": 0.35
        }
      },
      {
        "type": "Door",
        "id": 9,
        "location": {
          "x": 8.68,
          "y": 5.42
        },
        "dimensions": {
          "width": 0.77,
          "height": 0.71
        }
      },
      {
        "type": "Window",
        "id": 10,
        "location": {
          "x": 4.32,
          "y": 5.42
        },
        "dimensions": {
          "width": 2.17,
          "height": 0.49
        }
      },
      {
        "type": "Door",
        "id": 11,
        "location": {
          "x": 1.04,
          "y": 5.29
        },
        "dimensions": {
          "width": 0.81,
          "height": 0.44
        }
      },
      {
        "type": "Door",
        "id": 12,
        "location": {
          "x": 3.24,
          "y": 5.04
        },
        "dimensions": {
          "width": 0.49,
          "height": 0.36
        }
      },
      {
        "type": "Door",
        "id": 13,
        "location": {
          "x": 5.09,
          "y": 5.0
        },
        "dimensions": {
          "width": 0.67,
          "height": 0.48
        }
      },
      {
        "type": "Door",
        "id": 14,
        "location": {
          "x": 5.09,
          "y": 5.0
        },
        "dimensions": {
          "width": 0.13,
          "height": 0.24
        }
      },
      {
        "type": "Door",
        "id": 15,
        "location": {
          "x": 4.61,
          "y": 5.0
        },
        "dimensions": {
          "width": 0.47,
          "height": 0.4
        }
      },
      {
        "type": "Door",
        "id": 16,
        "location": {
          "x": 2.23,
          "y": 4.96
        },
        "dimensions": {
          "width": 0.88,
          "height": 0.97
        }
      },
      {
        "type": "Door",
        "id": 17,
        "location": {
          "x": 5.74,
          "y": 4.9
        },
        "dimensions": {
          "width": 0.13,
          "height": 0.16
        }
      },
      {
        "type": "Door",
        "id": 18,
        "location": {
          "x": 1.16,
          "y": 4.86
        },
        "dimensions": {
          "width": 0.68,
          "height": 0.66
        }
      },
      {
        "type": "Door",
        "id": 19,
        "location": {
          "x": 0.53,
          "y": 4.75
        },
        "dimensions": {
          "width": 0.95,
          "height": 0.88
        }
      },
      {
        "type": "Door",
        "id": 20,
        "location": {
          "x": 2.92,
          "y": 4.64
        },
        "dimensions": {
          "width": 1.49,
          "height": 0.81
        }
      },
      {
        "type": "Door",
        "id": 21,
        "location": {
          "x": 1.34,
          "y": 4.6
        },
        "dimensions": {
          "width": 0.27,
          "height": 0.18
        }
      },
      {
        "type": "Door",
        "id": 22,
        "location": {
          "x": 7.85,
          "y": 4.59
        },
        "dimensions": {
          "width": 1.12,
          "height": 1.12
        }
      },
      {
        "type": "Door",
        "id": 23,
        "location": {
          "x": 1.83,
          "y": 4.49
        },
        "dimensions": {
          "width": 0.1,
          "height": 0.15
        }
      },
      {
        "type": "Window",
        "id": 24,
        "location": {
          "x": 2.63,
          "y": 4.45
        },
        "dimensions": {
          "width": 1.12,
          "height": 0.18
        }
      },
      {
        "type": "Door",
        "id": 25,
        "location": {
          "x": 7.53,
          "y": 4.31
        },
        "dimensions": {
          "width": 0.71,
          "height": 0.62
        }
      },
      {
        "type": "Door",
        "id": 26,
        "location": {
          "x": 6.02,
          "y": 4.27
        },
        "dimensions": {
          "width": 1.49,
          "height": 1.67
        }
      },
      {
        "type": "Door",
        "id": 27,
        "location": {
          "x": 5.76,
          "y": 4.02
        },
        "dimensions": {
          "width": 0.22,
          "height": 0.59
        }
      },
      {
        "type": "Door",
        "id": 28,
        "location": {
          "x": 3.48,
          "y": 3.69
        },
        "dimensions": {
          "width": 0.16,
          "height": 0.16
        }
      },
      {
        "type": "Door",
        "id": 29,
        "location": {
          "x": 6.11,
          "y": 3.51
        },
        "dimensions": {
          "width": 0.15,
          "height": 0.17
        }
      },
      {
        "type": "Door",
        "id": 30,
        "location": {
          "x": 5.94,
          "y": 3.51
        },
        "dimensions": {
          "width": 0.16,
          "height": 0.17
        }
      },
      {
        "type": "Door",
        "id": 31,
        "location": {
          "x": 6.65,
          "y": 3.38
        },
        "dimensions": {
          "width": 0.22,
          "height": 0.25
        }
      },
      {
        "type": "Door",
        "id": 32,
        "location": {
          "x": 1.12,
          "y": 3.29
        },
        "dimensions": {
          "width": 0.58,
          "height": 0.57
        }
      },
      {
        "type": "Door",
        "id": 33,
        "location": {
          "x": 5.47,
          "y": 3.13
        },
        "dimensions": {
          "width": 0.27,
          "height": 0.45
        }
      },
      {
        "type": "Window",
        "id": 34,
        "location": {
          "x": 2.63,
          "y": 3.13
        },
        "dimensions": {
          "width": 4.41,
          "height": 2.03
        }
      },
      {
        "type": "Door",
        "id": 35,
        "location": {
          "x": 2.73,
          "y": 3.05
        },
        "dimensions": {
          "width": 0.42,
          "height": 1.25
        }
      },
      {
        "type": "Door",
        "id": 36,
        "location": {
          "x": 7.31,
          "y": 3.04
        },
        "dimensions": {
          "width": 1.42,
          "height": 1.32
        }
      },
      {
        "type": "Door",
        "id": 37,
        "location": {
          "x": 1.43,
          "y": 2.96
        },
        "dimensions": {
          "width": 1.19,
          "height": 2.36
        }
      },
      {
        "type": "Door",
        "id": 38,
        "location": {
          "x": 8.46,
          "y": 2.55
        },
        "dimensions": {
          "width": 0.17,
          "height": 0.15
        }
      },
      {
        "type": "Door",
        "id": 39,
        "location": {
          "x": 3.16,
          "y": 2.54
        },
        "dimensions": {
          "width": 0.26,
          "height": 0.18
        }
      },
      {
        "type": "Door",
        "id": 40,
        "location": {
          "x": 0.18,
          "y": 2.5
        },
        "dimensions": {
          "width": 1.02,
          "height": 0.97
        }
      },
      {
        "type": "Door",
        "id": 41,
        "location": {
          "x": 0.79,
          "y": 2.48
        },
        "dimensions": {
          "width": 1.03,
          "height": 0.58
        }
      },
      {
        "type": "Door",
        "id": 42,
        "location": {
          "x": 7.1,
          "y": 2.34
        },
        "dimensions": {
          "width": 0.71,
          "height": 0.68
        }
      },
      {
        "type": "Window",
        "id": 43,
        "location": {
          "x": 7.79,
          "y": 2.13
        },
        "dimensions": {
          "width": 1.0,
          "height": 0.48
        }
      },
      {
        "type": "Window",
        "id": 44,
        "location": {
          "x": 1.59,
          "y": 2.0
        },
        "dimensions": {
          "width": 2.57,
          "height": 1.14
        }
      },
      {
        "type": "Door",
        "id": 45,
        "location": {
          "x": 8.72,
          "y": 1.21
        },
        "dimensions": {
          "width": 0.82,
          "height": 0.64
        }
      },
      {
        "type": "Door",
        "id": 46,
        "location": {
          "x": 9.53,
          "y": 1.02
        },
        "dimensions": {
          "width": 0.16,
          "height": 0.16
        }
      },
      {
        "type": "Door",
        "id": 47,
        "location": {
          "x": 9.69,
          "y": 0.77
        },
        "dimensions": {
          "width": 0.37,
          "height": 0.49
        }
      },
      {
        "type": "Door",
        "id": 48,
        "location": {
          "x": 8.64,
          "y": 0.58
        },
        "dimensions": {
          "width": 0.91,
          "height": 0.62
        }
      },
      {
        "type": "Door",
        "id": 49,
        "location": {
          "x": 9.04,
          "y": 0.18
        },
        "dimensions": {
          "width": 0.47,
          "height": 0.4
        }
      },
      {
        "type": "Door",
        "id": 50,
        "location": {
          "x": 5.7,
          "y": 0.18
        },
        "dimensions": {
          "width": 2.7,
          "height": 2.16
        }
      },
      {
        "type": "Window",
        "id": 51,
        "location": {
          "x": 1.59,
          "y": 0.18
        },
        "dimensions": {
          "width": 6.73,
          "height": 2.22
        }
      }
    ]
  }
}