{
  "floorPlan": {
    "name": "Floor Plan 19_12.jpg",
    "units": "feet",
    "totalArea": 151.2,
    "totalRooms": 13,
    "rooms": [
      {
        "id": 1,
        "name": "X16",
        "shape": "Irregular",
        "dimensions": {
          "width": 0.55,
          "length": 1.39,
          "height": 1.11
        },
        "position": {
          "x": 7.83,
          "y": 10.22
        },
        "windows": [],
        "doors": [
          {
            "type": "Door",
            "id": 6,
            "location": {
              "x": 7.96,
              "y": 10.75
            },
            "dimensions": {
              "width": 0.18,
              "height": 0.33
            }
          }
        ],
        "connected_to": [
          13
        ]
      },
      {
        "id": 2,
        "name": "Din_",
        "shape": "Irregular",
        "dimensions": {
          "width": 0.64,
          "length": 1.59,
          "height": 1.27
        },
        "position": {
          "x": 3.2,
          "y": 10.02
        },
        "windows": [],
        "doors": [],
        "connected_to": []
      },
      {
        "id": 3,
        "name": "BART",
        "shape": "Irregular",
        "dimensions": {
          "width": 1.22,
          "length": 1.69,
          "height": 1.35
        },
        "position": {
          "x": 6.24,
          "y": 9.04
        },
        "windows": [],
        "doors": [
          {
            "type": "Door",
            "id": 9,
            "location": {
              "x": 6.95,
              "y": 10.6
            },
            "dimensions": {
              "width": 0.15,
              "height": 0.33
            }
          },
          {
            "type": "Door",
            "id": 19,
            "location": {
              "x": 6.84,
              "y": 9.26
            },
            "dimensions": {
              "width": 0.71,
              "height": 1.03
            }
          }
        ],
        "connected_to": [
          13,
          7
        ]
      },
      {
        "id": 4,
        "name": "ELEv",
        "shape": "Irregular",
        "dimensions": {
          "width": 0.83,
          "length": 0.46,
          "height": 0.66
        },
        "position": {
          "x": 4.14,
          "y": 8.66
        },
        "windows": [
          {
            "type": "Window",
            "id": 39,
            "location": {
              "x": 4.45,
              "y": 8.76
            },
            "dimensions": {
              "width": 0.36,
              "height": 0.07
            }
          }
        ],
        "doors": [
          {
            "type": "Door",
            "id": 27,
            "location": {
              "x": 4.6,
              "y": 9.02
            },
            "dimensions": {
              "width": 0.58,
              "height": 1.21
            }
          }
        ],
        "connected_to": [
          13,
          5
        ]
      },
      {
        "id": 5,
        "name": "CLG",
        "shape": "Irregular",
        "dimensions": {
          "width": 1.66,
          "length": 1.7,
          "height": 1.36
        },
        "position": {
          "x": 3.68,
          "y": 8.66
        },
        "windows": [
          {
            "type": "Window",
            "id": 39,
            "location": {
              "x": 4.45,
              "y": 8.76
            },
            "dimensions": {
              "width": 0.36,
              "height": 0.07
            }
          }
        ],
        "doors": [
          {
            "type": "Door",
            "id": 16,
            "location": {
              "x": 3.83,
              "y": 9.51
            },
            "dimensions": {
              "width": 1.53,
              "height": 1.06
            }
          },
          {
            "type": "Door",
            "id": 27,
            "location": {
              "x": 4.6,
              "y": 9.02
            },
            "dimensions": {
              "width": 0.58,
              "height": 1.21
            }
          },
          {
            "type": "Door",
            "id": 28,
            "location": {
              "x": 5.12,
              "y": 8.97
            },
            "dimensions": {
              "width": 0.66,
              "height": 1.39
            }
          }
        ],
        "connected_to": [
          4,
          13
        ]
      },
      {
        "id": 6,
        "name": "CLG",
        "shape": "Hexagon",
        "dimensions": {
          "width": 0.3,
          "length": 1.45,
          "height": 1.16
        },
        "position": {
          "x": 1.82,
          "y": 8.5
        },
        "windows": [],
        "doors": [
          {
            "type": "Door",
            "id": 18,
            "location": {
              "x": 1.84,
              "y": 9.41
            },
            "dimensions": {
              "width": 1.84,
              "height": 1.95
            }
          },
          {
            "type": "Door",
            "id": 35,
            "location": {
              "x": 2.02,
              "y": 8.84
            },
            "dimensions": {
              "width": 0.3,
              "height": 0.58
            }
          }
        ],
        "connected_to": [
          13
        ]
      },
      {
        "id": 7,
        "name": "BILLIAIRD",
        "shape": "Irregular",
        "dimensions": {
          "width": 3.0,
          "length": 2.56,
          "height": 2.4
        },
        "position": {
          "x": 6.6,
          "y": 7.72
        },
        "windows": [
          {
            "type": "Window",
            "id": 37,
            "location": {
              "x": 6.64,
              "y": 8.8
            },
            "dimensions": {
              "width": 2.82,
              "height": 0.79
            }
          }
        ],
        "doors": [
          {
            "type": "Door",
            "id": 14,
            "location": {
              "x": 8.5,
              "y": 9.86
            },
            "dimensions": {
              "width": 0.27,
              "height": 0.21
            }
          },
          {
            "type": "Door",
            "id": 15,
            "location": {
              "x": 9.32,
              "y": 9.8
            },
            "dimensions": {
              "width": 0.12,
              "height": 0.37
            }
          },
          {
            "type": "Door",
            "id": 19,
            "location": {
              "x": 6.84,
              "y": 9.26
            },
            "dimensions": {
              "width": 0.71,
              "height": 1.03
            }
          },
          {
            "type": "Door",
            "id": 21,
            "location": {
              "x": 8.57,
              "y": 9.06
            },
            "dimensions": {
              "width": 0.17,
              "height": 0.2
            }
          },
          {
            "type": "Door",
            "id": 22,
            "location": {
              "x": 8.07,
              "y": 9.06
            },
            "dimensions": {
              "width": 0.3,
              "height": 0.44
            }
          },
          {
            "type": "Door",
            "id": 23,
            "location": {
              "x": 7.99,
              "y": 9.06
            },
            "dimensions": {
              "width": 0.14,
              "height": 0.2
            }
          },
          {
            "type": "Door",
            "id": 24,
            "location": {
              "x": 7.71,
              "y": 9.05
            },
            "dimensions": {
              "width": 0.17,
              "height": 0.31
            }
          },
          {
            "type": "Door",
            "id": 25,
            "location": {
              "x": 8.37,
              "y": 9.04
            },
            "dimensions": {
              "width": 0.2,
              "height": 0.31
            }
          },
          {
            "type": "Door",
            "id": 36,
            "location": {
              "x": 9.32,
              "y": 8.8
            },
            "dimensions": {
              "width": 0.22,
              "height": 1.43
            }
          },
          {
            "type": "Door",
            "id": 46,
            "location": {
              "x": 6.72,
              "y": 8.56
            },
            "dimensions": {
              "width": 2.91,
              "height": 3.2
            }
          }
        ],
        "connected_to": [
          3,
          13
        ]
      },
      {
        "id": 8,
        "name": "CLG.",
        "shape": "Irregular",
        "dimensions": {
          "width": 1.04,
          "length": 0.41,
          "height": 0.83
        },
        "position": {
          "x": 1.58,
          "y": 7.27
        },
        "windows": [],
        "doors": [],
        "connected_to": []
      },
      {
        "id": 9,
        "name": "UTILITY",
        "shape": "Octagon",
        "dimensions": {
          "width": 1.09,
          "length": 0.92,
          "height": 0.87
        },
        "position": {
          "x": 1.58,
          "y": 6.16
        },
        "windows": [],
        "doors": [
          {
            "type": "Door",
            "id": 65,
            "location": {
              "x": 1.6,
              "y": 7.08
            },
            "dimensions": {
              "width": 0.5,
              "height": 0.43
            }
          }
        ],
        "connected_to": [
          13
        ]
      },
      {
        "id": 10,
        "name": "CLG",
        "shape": "Octagon",
        "dimensions": {
          "width": 0.69,
          "length": 1.38,
          "height": 1.1
        },
        "position": {
          "x": 8.19,
          "y": 6.13
        },
        "windows": [],
        "doors": [
          {
            "type": "Door",
            "id": 56,
            "location": {
              "x": 8.74,
              "y": 7.49
            },
            "dimensions": {
              "width": 0.21,
              "height": 0.31
            }
          },
          {
            "type": "Door",
            "id": 70,
            "location": {
              "x": 8.32,
              "y": 6.28
            },
            "dimensions": {
              "width": 0.83,
              "height": 0.78
            }
          }
        ],
        "connected_to": [
          13
        ]
      },
      {
        "id": 11,
        "name": "8",
        "shape": "Irregular",
        "dimensions": {
          "width": 0.39,
          "length": 2.26,
          "height": 1.81
        },
        "position": {
          "x": 6.52,
          "y": 6.13
        },
        "windows": [],
        "doors": [],
        "connected_to": []
      },
      {
        "id": 12,
        "name": "SUTCHER",
        "shape": "Irregular",
        "dimensions": {
          "width": 1.83,
          "length": 0.57,
          "height": 1.46
        },
        "position": {
          "x": 1.01,
          "y": 3.6
        },
        "windows": [],
        "doors": [
          {
            "type": "Door",
            "id": 78,
            "location": {
              "x": 1.03,
              "y": 3.81
            },
            "dimensions": {
              "width": 0.32,
              "height": 0.29
            }
          }
        ],
        "connected_to": [
          13
        ]
      },
      {
        "id": 13,
        "name": "CLG",
        "shape": "Octagon",
        "dimensions": {
          "width": 9.98,
          "length": 13.2,
          "height": 10.56
        },
        "position": {
          "x": 0.13,
          "y": 0.12
        },
        "windows": [
          {
            "type": "Window",
            "id": 1,
            "location": {
              "x": 4.18,
              "y": 12.37
            },
            "dimensions": {
              "width": 2.26,
              "height": 0.3
            }
          },
          {
            "type": "Window",
            "id": 2,
            "location": {
              "x": 2.42,
              "y": 12.36
            },
            "dimensions": {
              "width": 1.85,
              "height": 0.31
            }
          },
          {
            "type": "Window",
            "id": 17,
            "location": {
              "x": 0.27,
              "y": 9.5
            },
            "dimensions": {
              "width": 1.28,
              "height": 0.33
            }
          },
          {
            "type": "Window",
            "id": 37,
            "location": {
              "x": 6.64,
              "y": 8.8
            },
            "dimensions": {
              "width": 2.82,
              "height": 0.79
            }
          },
          {
            "type": "Window",
            "id": 39,
            "location": {
              "x": 4.45,
              "y": 8.76
            },
            "dimensions": {
              "width": 0.36,
              "height": 0.07
            }
          },
          {
            "type": "Window",
            "id": 63,
            "location": {
              "x": 9.31,
              "y": 7.2
            },
            "dimensions": {
              "width": 0.23,
              "height": 0.1
            }
          },
          {
            "type": "Window",
            "id": 67,
            "location": {
              "x": 4.67,
              "y": 6.62
            },
            "dimensions": {
              "width": 0.24,
              "height": 0.1
            }
          },
          {
            "type": "Window",
            "id": 75,
            "location": {
              "x": 2.09,
              "y": 5.26
            },
            "dimensions": {
              "width": 0.51,
              "height": 0.19
            }
          },
          {
            "type": "Window",
            "id": 77,
            "location": {
              "x": 1.87,
              "y": 4.3
            },
            "dimensions": {
              "width": 1.0,
              "height": 0.34
            }
          }
        ],
        "doors": [
          {
            "type": "Door",
            "id": 3,
            "location": {
              "x": 8.85,
              "y": 12.35
            },
            "dimensions": {
              "width": 0.32,
              "height": 0.28
            }
          },
          {
            "type": "Door",
            "id": 4,
            "location": {
              "x": 2.44,
              "y": 11.39
            },
            "dimensions": {
              "width": 0.22,
              "height": 0.21
            }
          },
          {
            "type": "Door",
            "id": 5,
            "location": {
              "x": 8.91,
              "y": 11.37
            },
            "dimensions": {
              "width": 0.26,
              "height": 0.23
            }
          },
          {
            "type": "Door",
            "id": 6,
            "location": {
              "x": 7.96,
              "y": 10.75
            },
            "dimensions": {
              "width": 0.18,
              "height": 0.33
            }
          },
          {
            "type": "Door",
            "id": 7,
            "location": {
              "x": 4.37,
              "y": 10.71
            },
            "dimensions": {
              "width": 0.14,
              "height": 0.15
            }
          },
          {
            "type": "Door",
            "id": 8,
            "location": {
              "x": 4.11,
              "y": 10.66
            },
            "dimensions": {
              "width": 0.18,
              "height": 0.2
            }
          },
          {
            "type": "Door",
            "id": 9,
            "location": {
              "x": 6.95,
              "y": 10.6
            },
            "dimensions": {
              "width": 0.15,
              "height": 0.33
            }
          },
          {
            "type": "Door",
            "id": 10,
            "location": {
              "x": 8.92,
              "y": 10.36
            },
            "dimensions": {
              "width": 0.22,
              "height": 0.22
            }
          },
          {
            "type": "Door",
            "id": 11,
            "location": {
              "x": 2.42,
              "y": 10.33
            },
            "dimensions": {
              "width": 0.28,
              "height": 0.32
            }
          },
          {
            "type": "Door",
            "id": 12,
            "location": {
              "x": 2.43,
              "y": 10.32
            },
            "dimensions": {
              "width": 0.23,
              "height": 0.26
            }
          },
          {
            "type": "Door",
            "id": 13,
            "location": {
              "x": 3.23,
              "y": 9.92
            },
            "dimensions": {
              "width": 3.48,
              "height": 1.82
            }
          },
          {
            "type": "Door",
            "id": 14,
            "location": {
              "x": 8.5,
              "y": 9.86
            },
            "dimensions": {
              "width": 0.27,
              "height": 0.21
            }
          },
          {
            "type": "Door",
            "id": 15,
            "location": {
              "x": 9.32,
              "y": 9.8
            },
            "dimensions": {
              "width": 0.12,
              "height": 0.37
            }
          },
          {
            "type": "Door",
            "id": 16,
            "location": {
              "x": 3.83,
              "y": 9.51
            },
            "dimensions": {
              "width": 1.53,
              "height": 1.06
            }
          },
          {
            "type": "Door",
            "id": 18,
            "location": {
              "x": 1.84,
              "y": 9.41
            },
            "dimensions": {
              "width": 1.84,
              "height": 1.95
            }
          },
          {
            "type": "Door",
            "id": 19,
            "location": {
              "x": 6.84,
              "y": 9.26
            },
            "dimensions": {
              "width": 0.71,
              "height": 1.03
            }
          },
          {
            "type": "Door",
            "id": 20,
            "location": {
              "x": 1.51,
              "y": 9.16
            },
            "dimensions": {
              "width": 0.48,
              "height": 0.54
            }
          },
          {
            "type": "Door",
            "id": 21,
            "location": {
              "x": 8.57,
              "y": 9.06
            },
            "dimensions": {
              "width": 0.17,
              "height": 0.2
            }
          },
          {
            "type": "Door",
            "id": 22,
            "location": {
              "x": 8.07,
              "y": 9.06
            },
            "dimensions": {
              "width": 0.3,
              "height": 0.44
            }
          },
          {
            "type": "Door",
            "id": 23,
            "location": {
              "x": 7.99,
              "y": 9.06
            },
            "dimensions": {
              "width": 0.14,
              "height": 0.2
            }
          },
          {
            "type": "Door",
            "id": 24,
            "location": {
              "x": 7.71,
              "y": 9.05
            },
            "dimensions": {
              "width": 0.17,
              "height": 0.31
            }
          },
          {
            "type": "Door",
            "id": 25,
            "location": {
              "x": 8.37,
              "y": 9.04
            },
            "dimensions": {
              "width": 0.2,
              "height": 0.31
            }
          },
          {
            "type": "Door",
            "id": 26,
            "location": {
              "x": 6.23,
              "y": 9.03
            },
            "dimensions": {
              "width": 0.86,
              "height": 1.79
            }
          },
          {
            "type": "Door",
            "id": 27,
            "location": {
              "x": 4.6,
              "y": 9.02
            },
            "dimensions": {
              "width": 0.58,
              "height": 1.21
            }
          },
          {
            "type": "Door",
            "id": 28,
            "location": {
              "x": 5.12,
              "y": 8.97
            },
            "dimensions": {
              "width": 0.66,
              "height": 1.39
            }
          },
          {
            "type": "Door",
            "id": 29,
            "location": {
              "x": 0.51,
              "y": 8.94
            },
            "dimensions": {
              "width": 0.15,
              "height": 0.15
            }
          },
          {
            "type": "Door",
            "id": 30,
            "location": {
              "x": 1.25,
              "y": 8.93
            },
            "dimensions": {
              "width": 0.15,
              "height": 0.16
            }
          },
          {
            "type": "Door",
            "id": 31,
            "location": {
              "x": 0.98,
              "y": 8.93
            },
            "dimensions": {
              "width": 0.15,
              "height": 0.16
            }
          },
          {
            "type": "Door",
            "id": 32,
            "location": {
              "x": 0.67,
              "y": 8.93
            },
            "dimensions": {
              "width": 0.14,
              "height": 0.16
            }
          },
          {
            "type": "Door",
            "id": 33,
            "location": {
              "x": 0.83,
              "y": 8.89
            },
            "dimensions": {
              "width": 0.14,
              "height": 0.19
            }
          },
          {
            "type": "Door",
            "id": 34,
            "location": {
              "x": 2.51,
              "y": 8.84
            },
            "dimensions": {
              "width": 0.19,
              "height": 0.87
            }
          },
          {
            "type": "Door",
            "id": 35,
            "location": {
              "x": 2.02,
              "y": 8.84
            },
            "dimensions": {
              "width": 0.3,
              "height": 0.58
            }
          },
          {
            "type": "Door",
            "id": 36,
            "location": {
              "x": 9.32,
              "y": 8.8
            },
            "dimensions": {
              "width": 0.22,
              "height": 1.43
            }
          },
          {
            "type": "Door",
            "id": 38,
            "location": {
              "x": 3.13,
              "y": 8.8
            },
            "dimensions": {
              "width": 1.42,
              "height": 1.08
            }
          },
          {
            "type": "Door",
            "id": 40,
            "location": {
              "x": 2.71,
              "y": 8.74
            },
            "dimensions": {
              "width": 0.44,
              "height": 0.63
            }
          },
          {
            "type": "Door",
            "id": 41,
            "location": {
              "x": 1.02,
              "y": 8.72
            },
            "dimensions": {
              "width": 0.14,
              "height": 0.16
            }
          },
          {
            "type": "Door",
            "id": 42,
            "location": {
              "x": 0.65,
              "y": 8.72
            },
            "dimensions": {
              "width": 0.15,
              "height": 0.16
            }
          },
          {
            "type": "Door",
            "id": 43,
            "location": {
              "x": 0.81,
              "y": 8.68
            },
            "dimensions": {
              "width": 0.21,
              "height": 0.2
            }
          },
          {
            "type": "Door",
            "id": 44,
            "location": {
              "x": 0.48,
              "y": 8.68
            },
            "dimensions": {
              "width": 0.16,
              "height": 0.2
            }
          },
          {
            "type": "Door",
            "id": 45,
            "location": {
              "x": 3.88,
              "y": 8.61
            },
            "dimensions": {
              "width": 1.15,
              "height": 1.42
            }
          },
          {
            "type": "Door",
            "id": 46,
            "location": {
              "x": 6.72,
              "y": 8.56
            },
            "dimensions": {
              "width": 2.91,
              "height": 3.2
            }
          },
          {
            "type": "Door",
            "id": 47,
            "location": {
              "x": 1.6,
              "y": 8.55
            },
            "dimensions": {
              "width": 0.22,
              "height": 0.55
            }
          },
          {
            "type": "Door",
            "id": 48,
            "location": {
              "x": 1.89,
              "y": 8.49
            },
            "dimensions": {
              "width": 0.31,
              "height": 0.66
            }
          },
          {
            "type": "Door",
            "id": 49,
            "location": {
              "x": 5.35,
              "y": 8.19
            },
            "dimensions": {
              "width": 0.3,
              "height": 0.16
            }
          },
          {
            "type": "Door",
            "id": 50,
            "location": {
              "x": 1.31,
              "y": 8.19
            },
            "dimensions": {
              "width": 0.12,
              "height": 0.39
            }
          },
          {
            "type": "Door",
            "id": 51,
            "location": {
              "x": 6.28,
              "y": 8.18
            },
            "dimensions": {
              "width": 0.95,
              "height": 1.89
            }
          },
          {
            "type": "Door",
            "id": 52,
            "location": {
              "x": 0.29,
              "y": 8.09
            },
            "dimensions": {
              "width": 0.13,
              "height": 0.24
            }
          },
          {
            "type": "Door",
            "id": 53,
            "location": {
              "x": 2.69,
              "y": 7.9
            },
            "dimensions": {
              "width": 0.13,
              "height": 0.15
            }
          },
          {
            "type": "Door",
            "id": 54,
            "location": {
              "x": 2.42,
              "y": 7.85
            },
            "dimensions": {
              "width": 0.29,
              "height": 0.6
            }
          },
          {
            "type": "Door",
            "id": 55,
            "location": {
              "x": 3.43,
              "y": 7.51
            },
            "dimensions": {
              "width": 0.16,
              "height": 0.21
            }
          },
          {
            "type": "Door",
            "id": 56,
            "location": {
              "x": 8.74,
              "y": 7.49
            },
            "dimensions": {
              "width": 0.21,
              "height": 0.31
            }
          },
          {
            "type": "Door",
            "id": 57,
            "location": {
              "x": 4.07,
              "y": 7.46
            },
            "dimensions": {
              "width": 0.6,
              "height": 0.37
            }
          },
          {
            "type": "Door",
            "id": 58,
            "location": {
              "x": 3.51,
              "y": 7.46
            },
            "dimensions": {
              "width": 0.56,
              "height": 0.34
            }
          },
          {
            "type": "Door",
            "id": 59,
            "location": {
              "x": 5.84,
              "y": 7.41
            },
            "dimensions": {
              "width": 0.21,
              "height": 0.15
            }
          },
          {
            "type": "Door",
            "id": 60,
            "location": {
              "x": 5.66,
              "y": 7.36
            },
            "dimensions": {
              "width": 0.16,
              "height": 0.2
            }
          },
          {
            "type": "Door",
            "id": 61,
            "location": {
              "x": 5.2,
              "y": 7.36
            },
            "dimensions": {
              "width": 0.21,
              "height": 0.2
            }
          },
          {
            "type": "Door",
            "id": 62,
            "location": {
              "x": 9.07,
              "y": 7.31
            },
            "dimensions": {
              "width": 0.48,
              "height": 0.6
            }
          },
          {
            "type": "Door",
            "id": 64,
            "location": {
              "x": 1.97,
              "y": 7.19
            },
            "dimensions": {
              "width": 0.72,
              "height": 0.88
            }
          },
          {
            "type": "Door",
            "id": 65,
            "location": {
              "x": 1.6,
              "y": 7.08
            },
            "dimensions": {
              "width": 0.5,
              "height": 0.43
            }
          },
          {
            "type": "Door",
            "id": 66,
            "location": {
              "x": 7.53,
              "y": 6.65
            },
            "dimensions": {
              "width": 0.15,
              "height": 0.2
            }
          },
          {
            "type": "Door",
            "id": 68,
            "location": {
              "x": 4.38,
              "y": 6.52
            },
            "dimensions": {
              "width": 0.38,
              "height": 0.19
            }
          },
          {
            "type": "Door",
            "id": 69,
            "location": {
              "x": 9.15,
              "y": 6.28
            },
            "dimensions": {
              "width": 0.4,
              "height": 0.33
            }
          },
          {
            "type": "Door",
            "id": 70,
            "location": {
              "x": 8.32,
              "y": 6.28
            },
            "dimensions": {
              "width": 0.83,
              "height": 0.78
            }
          },
          {
            "type": "Door",
            "id": 71,
            "location": {
              "x": 4.76,
              "y": 6.19
            },
            "dimensions": {
              "width": 0.3,
              "height": 0.15
            }
          },
          {
            "type": "Door",
            "id": 72,
            "location": {
              "x": 3.61,
              "y": 6.19
            },
            "dimensions": {
              "width": 0.22,
              "height": 0.15
            }
          },
          {
            "type": "Door",
            "id": 73,
            "location": {
              "x": 6.84,
              "y": 5.88
            },
            "dimensions": {
              "width": 2.72,
              "height": 2.87
            }
          },
          {
            "type": "Door",
            "id": 74,
            "location": {
              "x": 3.04,
              "y": 5.55
            },
            "dimensions": {
              "width": 0.19,
              "height": 0.32
            }
          },
          {
            "type": "Door",
            "id": 76,
            "location": {
              "x": 1.49,
              "y": 5.02
            },
            "dimensions": {
              "width": 0.44,
              "height": 0.64
            }
          },
          {
            "type": "Door",
            "id": 78,
            "location": {
              "x": 1.03,
              "y": 3.81
            },
            "dimensions": {
              "width": 0.32,
              "height": 0.29
            }
          },
          {
            "type": "Door",
            "id": 79,
            "location": {
              "x": 0.62,
              "y": 3.81
            },
            "dimensions": {
              "width": 0.68,
              "height": 0.61
            }
          },
          {
            "type": "Door",
            "id": 80,
            "location": {
              "x": 0.63,
              "y": 3.65
            },
            "dimensions": {
              "width": 2.25,
              "height": 1.38
            }
          },
          {
            "type": "Door",
            "id": 81,
            "location": {
              "x": 3.23,
              "y": 2.15
            },
            "dimensions": {
              "width": 0.04,
              "height": 0.89
            }
          },
          {
            "type": "Door",
            "id": 82,
            "location": {
              "x": 0.63,
              "y": 1.93
            },
            "dimensions": {
              "width": 0.51,
              "height": 2.06
            }
          },
          {
            "type": "Door",
            "id": 83,
            "location": {
              "x": 2.59,
              "y": 1.88
            },
            "dimensions": {
              "width": 0.14,
              "height": 0.15
            }
          },
          {
            "type": "Door",
            "id": 84,
            "location": {
              "x": 2.04,
              "y": 1.88
            },
            "dimensions": {
              "width": 0.14,
              "height": 0.15
            }
          },
          {
            "type": "Door",
            "id": 85,
            "location": {
              "x": 2.38,
              "y": 1.83
            },
            "dimensions": {
              "width": 0.19,
              "height": 0.2
            }
          },
          {
            "type": "Door",
            "id": 86,
            "location": {
              "x": 1.76,
              "y": 1.83
            },
            "dimensions": {
              "width": 0.26,
              "height": 0.2
            }
          },
          {
            "type": "Door",
            "id": 87,
            "location": {
              "x": 1.57,
              "y": 1.83
            },
            "dimensions": {
              "width": 0.23,
              "height": 0.21
            }
          },
          {
            "type": "Door",
            "id": 88,
            "location": {
              "x": 1.06,
              "y": 1.2
            },
            "dimensions": {
              "width": 0.08,
              "height": 0.72
            }
          },
          {
            "type": "Door",
            "id": 89,
            "location": {
              "x": 3.23,
              "y": 1.03
            },
            "dimensions": {
              "width": 0.04,
              "height": 0.89
            }
          },
          {
            "type": "Door",
            "id": 90,
            "location": {
              "x": 1.06,
              "y": 0.25
            },
            "dimensions": {
              "width": 2.21,
              "height": 4.28
            }
          }
        ],
        "connected_to": [
          1,
          3,
          4,
          5,
          6,
          7,
          9,
          10,
          12
        ]
      }
    ],
    "doorsAndWindows": [
      {
        "type": "Window",
        "id": 1,
        "location": {
          "x": 4.18,
          "y": 12.37
        },
        "dimensions": {
          "width": 2.26,
          "height": 0.3
        }
      },
      {
        "type": "Window",
        "id": 2,
        "location": {
          "x": 2.42,
          "y": 12.36
        },
        "dimensions": {
          "width": 1.85,
          "height": 0.31
        }
      },
      {
        "type": "Door",
        "id": 3,
        "location": {
          "x": 8.85,
          "y": 12.35
        },
        "dimensions": {
          "width": 0.32,
          "height": 0.28
        }
      },
      {
        "type": "Door",
        "id": 4,
        "location": {
          "x": 2.44,
          "y": 11.39
        },
        "dimensions": {
          "width": 0.22,
          "height": 0.21
        }
      },
      {
        "type": "Door",
        "id": 5,
        "location": {
          "x": 8.91,
          "y": 11.37
        },
        "dimensions": {
          "width": 0.26,
          "height": 0.23
        }
      },
      {
        "type": "Door",
        "id": 6,
        "location": {
          "x": 7.96,
          "y": 10.75
        },
        "dimensions": {
          "width": 0.18,
          "height": 0.33
        }
      },
      {
        "type": "Door",
        "id": 7,
        "location": {
          "x": 4.37,
          "y": 10.71
        },
        "dimensions": {
          "width": 0.14,
          "height": 0.15
        }
      },
      {
        "type": "Door",
        "id": 8,
        "location": {
          "x": 4.11,
          "y": 10.66
        },
        "dimensions": {
          "width": 0.18,
          "height": 0.2
        }
      },
      {
        "type": "Door",
        "id": 9,
        "location": {
          "x": 6.95,
          "y": 10.6
        },
        "dimensions": {
          "width": 0.15,
          "height": 0.33
        }
      },
      {
        "type": "Door",
        "id": 10,
        "location": {
          "x": 8.92,
          "y": 10.36
        },
        "dimensions": {
          "width": 0.22,
          "height": 0.22
        }
      },
      {
        "type": "Door",
        "id": 11,
        "location": {
          "x": 2.42,
          "y": 10.33
        },
        "dimensions": {
          "width": 0.28,
          "height": 0.32
        }
      },
      {
        "type": "Door",
        "id": 12,
        "location": {
          "x": 2.43,
          "y": 10.32
        },
        "dimensions": {
          "width": 0.23,
          "height": 0.26
        }
      },
      {
        "type": "Door",
        "id": 13,
        "location": {
          "x": 3.23,
          "y": 9.92
        },
        "dimensions": {
          "width": 3.48,
          "height": 1.82
        }
      },
      {
        "type": "Door",
        "id": 14,
        "location": {
          "x": 8.5,
          "y": 9.86
        },
        "dimensions": {
          "width": 0.27,
          "height": 0.21
        }
      },
      {
        "type": "Door",
        "id": 15,
        "location": {
          "x": 9.32,
          "y": 9.8
        },
        "dimensions": {
          "width": 0.12,
          "height": 0.37
        }
      },
      {
        "type": "Door",
        "id": 16,
        "location": {
          "x": 3.83,
          "y": 9.51
        },
        "dimensions": {
          "width": 1.53,
          "height": 1.06
        }
      },
      {
        "type": "Window",
        "id": 17,
        "location": {
          "x": 0.27,
          "y": 9.5
        },
        "dimensions": {
          "width": 1.28,
          "height": 0.33
        }
      },
      {
        "type": "Door",
        "id": 18,
        "location": {
          "x": 1.84,
          "y": 9.41
        },
        "dimensions": {
          "width": 1.84,
          "height": 1.95
        }
      },
      {
        "type": "Door",
        "id": 19,
        "location": {
          "x": 6.84,
          "y": 9.26
        },
        "dimensions": {
          "width": 0.71,
          "height": 1.03
        }
      },
      {
        "type": "Door",
        "id": 20,
        "location": {
          "x": 1.51,
          "y": 9.16
        },
        "dimensions": {
          "width": 0.48,
          "height": 0.54
        }
      },
      {
        "type": "Door",
        "id": 21,
        "location": {
          "x": 8.57,
          "y": 9.06
        },
        "dimensions": {
          "width": 0.17,
          "height": 0.2
        }
      },
      {
        "type": "Door",
        "id": 22,
        "location": {
          "x": 8.07,
          "y": 9.06
        },
        "dimensions": {
          "width": 0.3,
          "height": 0.44
        }
      },
      {
        "type": "Door",
        "id": 23,
        "location": {
          "x": 7.99,
          "y": 9.06
        },
        "dimensions": {
          "width": 0.14,
          "height": 0.2
        }
      },
      {
        "type": "Door",
        "id": 24,
        "location": {
          "x": 7.71,
          "y": 9.05
        },
        "dimensions": {
          "width": 0.17,
          "height": 0.31
        }
      },
      {
        "type": "Door",
        "id": 25,
        "location": {
          "x": 8.37,
          "y": 9.04
        },
        "dimensions": {
          "width": 0.2,
          "height": 0.31
        }
      },
      {
        "type": "Door",
        "id": 26,
        "location": {
          "x": 6.23,
          "y": 9.03
        },
        "dimensions": {
          "width": 0.86,
          "height": 1.79
        }
      },
      {
        "type": "Door",
        "id": 27,
        "location": {
          "x": 4.6,
          "y": 9.02
        },
        "dimensions": {
          "width": 0.58,
          "height": 1.21
        }
      },
      {
        "type": "Door",
        "id": 28,
        "location": {
          "x": 5.12,
          "y": 8.97
        },
        "dimensions": {
          "width": 0.66,
          "height": 1.39
        }
      },
      {
        "type": "Door",
        "id": 29,
        "location": {
          "x": 0.51,
          "y": 8.94
        },
        "dimensions": {
          "width": 0.15,
          "height": 0.15
        }
      },
      {
        "type": "Door",
        "id": 30,
        "location": {
          "x": 1.25,
          "y": 8.93
        },
        "dimensions": {
          "width": 0.15,
          "height": 0.16
        }
      },
      {
        "type": "Door",
        "id": 31,
        "location": {
          "x": 0.98,
          "y": 8.93
        },
        "dimensions": {
          "width": 0.15,
          "height": 0.16
        }
      },
      {
        "type": "Door",
        "id": 32,
        "location": {
          "x": 0.67,
          "y": 8.93
        },
        "dimensions": {
          "width": 0.14,
          "height": 0.16
        }
      },
      {
        "type": "Door",
        "id": 33,
        "location": {
          "x": 0.83,
          "y": 8.89
        },
        "dimensions": {
          "width": 0.14,
          "height": 0.19
        }
      },
      {
        "type": "Door",
        "id": 34,
        "location": {
          "x": 2.51,
          "y": 8.84
        },
        "dimensions": {
          "width": 0.19,
          "height": 0.87
        }
      },
      {
        "type": "Door",
        "id": 35,
        "location": {
          "x": 2.02,
          "y": 8.84
        },
        "dimensions": {
          "width": 0.3,
          "height": 0.58
        }
      },
      {
        "type": "Door",
        "id": 36,
        "location": {
          "x": 9.32,
          "y": 8.8
        },
        "dimensions": {
          "width": 0.22,
          "height": 1.43
        }
      },
      {
        "type": "Window",
        "id": 37,
        "location": {
          "x": 6.64,
          "y": 8.8
        },
        "dimensions": {
          "width": 2.82,
          "height": 0.79
        }
      },
      {
        "type": "Door",
        "id": 38,
        "location": {
          "x": 3.13,
          "y": 8.8
        },
        "dimensions": {
          "width": 1.42,
          "height": 1.08
        }
      },
      {
        "type": "Window",
        "id": 39,
        "location": {
          "x": 4.45,
          "y": 8.76
        },
        "dimensions": {
          "width": 0.36,
          "height": 0.07
        }
      },
      {
        "type": "Door",
        "id": 40,
        "location": {
          "x": 2.71,
          "y": 8.74
        },
        "dimensions": {
          "width": 0.44,
          "height": 0.63
        }
      },
      {
        "type": "Door",
        "id": 41,
        "location": {
          "x": 1.02,
          "y": 8.72
        },
        "dimensions": {
          "width": 0.14,
          "height": 0.16
        }
      },
      {
        "type": "Door",
        "id": 42,
        "location": {
          "x": 0.65,
          "y": 8.72
        },
        "dimensions": {
          "width": 0.15,
          "height": 0.16
        }
      },
      {
        "type": "Door",
        "id": 43,
        "location": {
          "x": 0.81,
          "y": 8.68
        },
        "dimensions": {
          "width": 0.21,
          "height": 0.2
        }
      },
      {
        "type": "Door",
        "id": 44,
        "location": {
          "x": 0.48,
          "y": 8.68
        },
        "dimensions": {
          "width": 0.16,
          "height": 0.2
        }
      },
      {
        "type": "Door",
        "id": 45,
        "location": {
          "x": 3.88,
          "y": 8.61
        },
        "dimensions": {
          "width": 1.15,
          "height": 1.42
        }
      },
      {
        "type": "Door",
        "id": 46,
        "location": {
          "x": 6.72,
          "y": 8.56
        },
        "dimensions": {
          "width": 2.91,
          "height": 3.2
        }
      },
      {
        "type": "Door",
        "id": 47,
        "location": {
          "x": 1.6,
          "y": 8.55
        },
        "dimensions": {
          "width": 0.22,
          "height": 0.55
        }
      },
      {
        "type": "Door",
        "id": 48,
        "location": {
          "x": 1.89,
          "y": 8.49
        },
        "dimensions": {
          "width": 0.31,
          "height": 0.66
        }
      },
      {
        "type": "Door",
        "id": 49,
        "location": {
          "x": 5.35,
          "y": 8.19
        },
        "dimensions": {
          "width": 0.3,
          "height": 0.16
        }
      },
      {
        "type": "Door",
        "id": 50,
        "location": {
          "x": 1.31,
          "y": 8.19
        },
        "dimensions": {
          "width": 0.12,
          "height": 0.39
        }
      },
      {
        "type": "Door",
        "id": 51,
        "location": {
          "x": 6.28,
          "y": 8.18
        },
        "dimensions": {
          "width": 0.95,
          "height": 1.89
        }
      },
      {
        "type": "Door",
        "id": 52,
        "location": {
          "x": 0.29,
          "y": 8.09
        },
        "dimensions": {
          "width": 0.13,
          "height": 0.24
        }
      },
      {
        "type": "Door",
        "id": 53,
        "location": {
          "x": 2.69,
          "y": 7.9
        },
        "dimensions": {
          "width": 0.13,
          "height": 0.15
        }
      },
      {
        "type": "Door",
        "id": 54,
        "location": {
          "x": 2.42,
          "y": 7.85
        },
        "dimensions": {
          "width": 0.29,
          "height": 0.6
        }
      },
      {
        "type": "Door",
        "id": 55,
        "location": {
          "x": 3.43,
          "y": 7.51
        },
        "dimensions": {
          "width": 0.16,
          "height": 0.21
        }
      },
      {
        "type": "Door",
        "id": 56,
        "location": {
          "x": 8.74,
          "y": 7.49
        },
        "dimensions": {
          "width": 0.21,
          "height": 0.31
        }
      },
      {
        "type": "Door",
        "id": 57,
        "location": {
          "x": 4.07,
          "y": 7.46
        },
        "dimensions": {
          "width": 0.6,
          "height": 0.37
        }
      },
      {
        "type": "Door",
        "id": 58,
        "location": {
          "x": 3.51,
          "y": 7.46
        },
        "dimensions": {
          "width": 0.56,
          "height": 0.34
        }
      },
      {
        "type": "Door",
        "id": 59,
        "location": {
          "x": 5.84,
          "y": 7.41
        },
        "dimensions": {
          "width": 0.21,
          "height": 0.15
        }
      },
      {
        "type": "Door",
        "id": 60,
        "location": {
          "x": 5.66,
          "y": 7.36
        },
        "dimensions": {
          "width": 0.16,
          "height": 0.2
        }
      },
      {
        "type": "Door",
        "id": 61,
        "location": {
          "x": 5.2,
          "y": 7.36
        },
        "dimensions": {
          "width": 0.21,
          "height": 0.2
        }
      },
      {
        "type": "Door",
        "id": 62,
        "location": {
          "x": 9.07,
          "y": 7.31
        },
        "dimensions": {
          "width": 0.48,
          "height": 0.6
        }
      },
      {
        "type": "Window",
        "id": 63,
        "location": {
          "x": 9.31,
          "y": 7.2
        },
        "dimensions": {
          "width": 0.23,
          "height": 0.1
        }
      },
      {
        "type": "Door",
        "id": 64,
        "location": {
          "x": 1.97,
          "y": 7.19
        },
        "dimensions": {
          "width": 0.72,
          "height": 0.88
        }
      },
      {
        "type": "Door",
        "id": 65,
        "location": {
          "x": 1.6,
          "y": 7.08
        },
        "dimensions": {
          "width": 0.5,
          "height": 0.43
        }
      },
      {
        "type": "Door",
        "id": 66,
        "location": {
          "x": 7.53,
          "y": 6.65
        },
        "dimensions": {
          "width": 0.15,
          "height": 0.2
        }
      },
      {
        "type": "Window",
        "id": 67,
        "location": {
          "x": 4.67,
          "y": 6.62
        },
        "dimensions": {
          "width": 0.24,
          "height": 0.1
        }
      },
      {
        "type": "Door",
        "id": 68,
        "location": {
          "x": 4.38,
          "y": 6.52
        },
        "dimensions": {
          "width": 0.38,
          "height": 0.19
        }
      },
      {
        "type": "Door",
        "id": 69,
        "location": {
          "x": 9.15,
          "y": 6.28
        },
        "dimensions": {
          "width": 0.4,
          "height": 0.33
        }
      },
      {
        "type": "Door",
        "id": 70,
        "location": {
          "x": 8.32,
          "y": 6.28
        },
        "dimensions": {
          "width": 0.83,
          "height": 0.78
        }
      },
      {
        "type": "Door",
        "id": 71,
        "location": {
          "x": 4.76,
          "y": 6.19
        },
        "dimensions": {
          "width": 0.3,
          "height": 0.15
        }
      },
      {
        "type": "Door",
        "id": 72,
        "location": {
          "x": 3.61,
          "y": 6.19
        },
        "dimensions": {
          "width": 0.22,
          "height": 0.15
        }
      },
      {
        "type": "Door",
        "id": 73,
        "location": {
          "x": 6.84,
          "y": 5.88
        },
        "dimensions": {
          "width": 2.72,
          "height": 2.87
        }
      },
      {
        "type": "Door",
        "id": 74,
        "location": {
          "x": 3.04,
          "y": 5.55
        },
        "dimensions": {
          "width": 0.19,
          "height": 0.32
        }
      },
      {
        "type": "Window",
        "id": 75,
        "location": {
          "x": 2.09,
          "y": 5.26
        },
        "dimensions": {
          "width": 0.51,
          "height": 0.19
        }
      },
      {
        "type": "Door",
        "id": 76,
        "location": {
          "x": 1.49,
          "y": 5.02
        },
        "dimensions": {
          "width": 0.44,
          "height": 0.64
        }
      },
      {
        "type": "Window",
        "id": 77,
        "location": {
          "x": 1.87,
          "y": 4.3
        },
        "dimensions": {
          "width": 1.0,
          "height": 0.34
        }
      },
      {
        "type": "Door",
        "id": 78,
        "location": {
          "x": 1.03,
          "y": 3.81
        },
        "dimensions": {
          "width": 0.32,
          "height": 0.29
        }
      },
      {
        "type": "Door",
        "id": 79,
        "location": {
          "x": 0.62,
          "y": 3.81
        },
        "dimensions": {
          "width": 0.68,
          "height": 0.61
        }
      },
      {
        "type": "Door",
        "id": 80,
        "location": {
          "x": 0.63,
          "y": 3.65
        },
        "dimensions": {
          "width": 2.25,
          "height": 1.38
        }
      },
      {
        "type": "Door",
        "id": 81,
        "location": {
          "x": 3.23,
          "y": 2.15
        },
        "dimensions": {
          "width": 0.04,
          "height": 0.89
        }
      },
      {
        "type": "Door",
        "id": 82,
        "location": {
          "x": 0.63,
          "y": 1.93
        },
        "dimensions": {
          "width": 0.51,
          "height": 2.06
        }
      },
      {
        "type": "Door",
        "id": 83,
        "location": {
          "x": 2.59,
          "y": 1.88
        },
        "dimensions": {
          "width": 0.14,
          "height": 0.15
        }
      },
      {
        "type": "Door",
        "id": 84,
        "location": {
          "x": 2.04,
          "y": 1.88
        },
        "dimensions": {
          "width": 0.14,
          "height": 0.15
        }
      },
      {
        "type": "Door",
        "id": 85,
        "location": {
          "x": 2.38,
          "y": 1.83
        },
        "dimensions": {
          "width": 0.19,
          "height": 0.2
        }
      },
      {
        "type": "Door",
        "id": 86,
        "location": {
          "x": 1.76,
          "y": 1.83
        },
        "dimensions": {
          "width": 0.26,
          "height": 0.2
        }
      },
      {
        "type": "Door",
        "id": 87,
        "location": {
          "x": 1.57,
          "y": 1.83
        },
        "dimensions": {
          "width": 0.23,
          "height": 0.21
        }
      },
      {
        "type": "Door",
        "id": 88,
        "location": {
          "x": 1.06,
          "y": 1.2
        },
        "dimensions": {
          "width": 0.08,
          "height": 0.72
        }
      },
      {
        "type": "Door",
        "id": 89,
        "location": {
          "x": 3.23,
          "y": 1.03
        },
        "dimensions": {
          "width": 0.04,
          "height": 0.89
        }
      },
      {
        "type": "Door",
        "id": 90,
        "location": {
          "x": 1.06,
          "y": 0.25
        },
        "dimensions": {
          "width": 2.21,
          "height": 4.28
        }
      },
      {
        "type": "Door",
        "id": 91,
        "location": {
          "x": 0.13,
          "y": 0.11
        },
        "dimensions": {
          "width": 9.98,
          "height": 13.22
        }
      }
    ]
  }
}