{
  "floorPlan": {
    "name": "Floor Plan 19_29.jpg",
    "units": "feet",
    "totalArea": 39.79,
    "totalRooms": 13,
    "rooms": [
      {
        "id": 1,
        "name": "Rooitv",
        "shape": "Hexagon",
        "dimensions": {
          "width": 0.2,
          "length": 1.77,
          "height": 1.42
        },
        "position": {
          "x": 9.85,
          "y": 2.44
        },
        "windows": [],
        "doors": [],
        "connected_to": []
      },
      {
        "id": 2,
        "name": "Garage",
        "shape": "Pentagon",
        "dimensions": {
          "width": 0.62,
          "length": 2.38,
          "height": 1.9
        },
        "position": {
          "x": 8.31,
          "y": 2.37
        },
        "windows": [],
        "doors": [],
        "connected_to": []
      },
      {
        "id": 3,
        "name": "x20",
        "shape": "Hexagon",
        "dimensions": {
          "width": 0.61,
          "length": 2.38,
          "height": 1.9
        },
        "position": {
          "x": 5.95,
          "y": 2.37
        },
        "windows": [],
        "doors": [],
        "connected_to": []
      },
      {
        "id": 4,
        "name": "X20",
        "shape": "Hexagon",
        "dimensions": {
          "width": 0.62,
          "length": 2.38,
          "height": 1.9
        },
        "position": {
          "x": 3.58,
          "y": 2.37
        },
        "windows": [],
        "doors": [],
        "connected_to": []
      },
      {
        "id": 5,
        "name": "*20",
        "shape": "Pentagon",
        "dimensions": {
          "width": 0.61,
          "length": 2.38,
          "height": 1.9
        },
        "position": {
          "x": 1.22,
          "y": 2.37
        },
        "windows": [],
        "doors": [],
        "connected_to": []
      },
      {
        "id": 6,
        "name": "*20",
        "shape": "Octagon",
        "dimensions": {
          "width": 0.38,
          "length": 2.79,
          "height": 2.23
        },
        "position": {
          "x": 0.57,
          "y": 1.96
        },
        "windows": [],
        "doors": [],
        "connected_to": []
      },
      {
        "id": 7,
        "name": "Room_7",
        "shape": "Irregular",
        "dimensions": {
          "width": 1.17,
          "length": 0.78,
          "height": 0.94
        },
        "position": {
          "x": 0.57,
          "y": 1.32
        },
        "windows": [],
        "doors": [],
        "connected_to": []
      },
      {
        "id": 8,
        "name": "Kit.",
        "shape": "Rectangle",
        "dimensions": {
          "width": 0.89,
          "length": 1.3,
          "height": 1.04
        },
        "position": {
          "x": 9.16,
          "y": 0.65
        },
        "windows": [],
        "doors": [],
        "connected_to": []
      },
      {
        "id": 9,
        "name": "Garage",
        "shape": "Irregular",
        "dimensions": {
          "width": 2.06,
          "length": 4.1,
          "height": 3.28
        },
        "position": {
          "x": 6.8,
          "y": 0.65
        },
        "windows": [],
        "doors": [],
        "connected_to": []
      },
      {
        "id": 10,
        "name": "GGarage",
        "shape": "Irregular",
        "dimensions": {
          "width": 2.07,
          "length": 4.1,
          "height": 3.28
        },
        "position": {
          "x": 4.43,
          "y": 0.65
        },
        "windows": [],
        "doors": [],
        "connected_to": []
      },
      {
        "id": 11,
        "name": "Garage",
        "shape": "Irregular",
        "dimensions": {
          "width": 2.06,
          "length": 4.1,
          "height": 3.28
        },
        "position": {
          "x": 2.07,
          "y": 0.65
        },
        "windows": [],
        "doors": [],
        "connected_to": []
      },
      {
        "id": 12,
        "name": "8",
        "shape": "Hexagon",
        "dimensions": {
          "width": 0.31,
          "length": 4.39,
          "height": 3.51
        },
        "position": {
          "x": 0.21,
          "y": 0.5
        },
        "windows": [],
        "doors": [],
        "connected_to": []
      },
      {
        "id": 13,
        "name": "88'-0'",
        "shape": "Irregular",
        "dimensions": {
          "width": 9.76,
          "length": 0.38,
          "height": 7.81
        },
        "position": {
          "x": 0.43,
          "y": 0.21
        },
        "windows": [
          {
            "type": "Window",
            "id": 3,
            "location": {
              "x": 0.54,
              "y": 0.59
            },
            "dimensions": {
              "width": 9.54,
              "height": 4.16
            }
          }
        ],
        "doors": [],
        "connected_to": []
      }
    ],
    "doorsAndWindows": [
      {
        "type": "Door",
        "id": 1,
        "location": {
          "x": 0.08,
          "y": 2.74
        },
        "dimensions": {
          "width": 0.15,
          "height": 0.1
        }
      },
      {
        "type": "Door",
        "id": 2,
        "location": {
          "x": 0.08,
          "y": 2.52
        },
        "dimensions": {
          "width": 0.15,
          "height": 0.17
        }
      },
      {
        "type": "Window",
        "id": 3,
        "location": {
          "x": 0.54,
          "y": 0.59
        },
        "dimensions": {
          "width": 9.54,
          "height": 4.16
        }
      },
      {
        "type": "Door",
        "id": 4,
        "location": {
          "x": 0.2,
          "y": 0.5
        },
        "dimensions": {
          "width": 0.33,
          "height": 4.4
        }
      },
      {
        "type": "Window",
        "id": 5,
        "location": {
          "x": 0.42,
          "y": 0.2
        },
        "dimensions": {
          "width": 9.78,
          "height": 0.4
        }
      },
      {
        "type": "Door",
        "id": 6,
        "location": {
          "x": 5.16,
          "y": 0.08
        },
        "dimensions": {
          "width": 0.11,
          "height": 0.15
        }
      },
      {
        "type": "Door",
        "id": 7,
        "location": {
          "x": 5.05,
          "y": 0.08
        },
        "dimensions": {
          "width": 0.1,
          "height": 0.15
        }
      },
      {
        "type": "Door",
        "id": 8,
        "location": {
          "x": 5.38,
          "y": 0.07
        },
        "dimensions": {
          "width": 0.11,
          "height": 0.16
        }
      }
    ]
  }
}