{
  "floorPlan": {
    "name": "Floor Plan 19_25.jpg",
    "units": "feet",
    "totalArea": 26.4,
    "totalRooms": 12,
    "rooms": [
      {
        "id": 1,
        "name": "Room_1",
        "shape": "Irregular",
        "dimensions": {
          "width": 0.89,
          "length": 1.61,
          "height": 1.29
        },
        "position": {
          "x": 0.94,
          "y": 9.84
        },
        "windows": [],
        "doors": [],
        "connected_to": []
      },
      {
        "id": 2,
        "name": "Garage",
        "shape": "Irregular",
        "dimensions": {
          "width": 1.85,
          "length": 3.09,
          "height": 2.47
        },
        "position": {
          "x": 7.74,
          "y": 8.36
        },
        "windows": [
          {
            "type": "Window",
            "id": 3,
            "location": {
              "x": 8.09,
              "y": 8.89
            },
            "dimensions": {
              "width": 0.32,
              "height": 0.06
            }
          }
        ],
        "doors": [
          {
            "type": "Door",
            "id": 2,
            "location": {
              "x": 8.83,
              "y": 8.92
            },
            "dimensions": {
              "width": 0.41,
              "height": 0.24
            }
          }
        ],
        "connected_to": []
      },
      {
        "id": 3,
        "name": "12-0\" \u20acl",
        "shape": "Irregular",
        "dimensions": {
          "width": 1.34,
          "length": 1.75,
          "height": 1.4
        },
        "position": {
          "x": 0.67,
          "y": 7.37
        },
        "windows": [],
        "doors": [],
        "connected_to": []
      },
      {
        "id": 4,
        "name": "21-0\" Cls",
        "shape": "Irregular",
        "dimensions": {
          "width": 0.92,
          "length": 1.11,
          "height": 0.89
        },
        "position": {
          "x": 3.87,
          "y": 7.02
        },
        "windows": [],
        "doors": [],
        "connected_to": []
      },
      {
        "id": 5,
        "name": "Room_5",
        "shape": "Irregular",
        "dimensions": {
          "width": 1.11,
          "length": 1.43,
          "height": 1.14
        },
        "position": {
          "x": 2.32,
          "y": 6.5
        },
        "windows": [],
        "doors": [],
        "connected_to": []
      },
      {
        "id": 6,
        "name": "Room_6",
        "shape": "Irregular",
        "dimensions": {
          "width": 1.25,
          "length": 1.24,
          "height": 1.0
        },
        "position": {
          "x": 7.39,
          "y": 6.46
        },
        "windows": [],
        "doors": [],
        "connected_to": []
      },
      {
        "id": 7,
        "name": "Room_7",
        "shape": "Irregular",
        "dimensions": {
          "width": 0.7,
          "length": 1.1,
          "height": 0.88
        },
        "position": {
          "x": 8.86,
          "y": 5.87
        },
        "windows": [],
        "doors": [
          {
            "type": "Door",
            "id": 8,
            "location": {
              "x": 9.25,
              "y": 6.66
            },
            "dimensions": {
              "width": 0.23,
              "height": 0.22
            }
          }
        ],
        "connected_to": []
      },
      {
        "id": 8,
        "name": "Study",
        "shape": "Irregular",
        "dimensions": {
          "width": 0.54,
          "length": 2.75,
          "height": 2.2
        },
        "position": {
          "x": 6.44,
          "y": 3.33
        },
        "windows": [],
        "doors": [],
        "connected_to": []
      },
      {
        "id": 9,
        "name": "Guest Suile_",
        "shape": "Irregular",
        "dimensions": {
          "width": 1.05,
          "length": 2.81,
          "height": 2.25
        },
        "position": {
          "x": 1.47,
          "y": 3.24
        },
        "windows": [],
        "doors": [
          {
            "type": "Door",
            "id": 13,
            "location": {
              "x": 2.26,
              "y": 5.51
            },
            "dimensions": {
              "width": 1.74,
              "height": 0.65
            }
          },
          {
            "type": "Door",
            "id": 19,
            "location": {
              "x": 2.41,
              "y": 4.1
            },
            "dimensions": {
              "width": 0.24,
              "height": 1.27
            }
          }
        ],
        "connected_to": []
      },
      {
        "id": 10,
        "name": "Guest Suile_",
        "shape": "Irregular",
        "dimensions": {
          "width": 1.14,
          "length": 2.9,
          "height": 2.32
        },
        "position": {
          "x": 0.41,
          "y": 3.15
        },
        "windows": [],
        "doors": [
          {
            "type": "Door",
            "id": 20,
            "location": {
              "x": 0.49,
              "y": 3.88
            },
            "dimensions": {
              "width": 0.23,
              "height": 0.18
            }
          }
        ],
        "connected_to": []
      },
      {
        "id": 11,
        "name": "Study",
        "shape": "Irregular",
        "dimensions": {
          "width": 1.22,
          "length": 3.06,
          "height": 2.45
        },
        "position": {
          "x": 7.39,
          "y": 3.06
        },
        "windows": [],
        "doors": [],
        "connected_to": []
      },
      {
        "id": 12,
        "name": "Room_12",
        "shape": "Irregular",
        "dimensions": {
          "width": 0.29,
          "length": 1.73,
          "height": 1.38
        },
        "position": {
          "x": 0.41,
          "y": 2.14
        },
        "windows": [],
        "doors": [],
        "connected_to": []
      }
    ],
    "doorsAndWindows": [
      {
        "type": "Door",
        "id": 1,
        "location": {
          "x": 9.6,
          "y": 10.27
        },
        "dimensions": {
          "width": 0.22,
          "height": 0.17
        }
      },
      {
        "type": "Door",
        "id": 2,
        "location": {
          "x": 8.83,
          "y": 8.92
        },
        "dimensions": {
          "width": 0.41,
          "height": 0.24
        }
      },
      {
        "type": "Window",
        "id": 3,
        "location": {
          "x": 8.09,
          "y": 8.89
        },
        "dimensions": {
          "width": 0.32,
          "height": 0.06
        }
      },
      {
        "type": "Door",
        "id": 4,
        "location": {
          "x": 8.51,
          "y": 8.34
        },
        "dimensions": {
          "width": 0.49,
          "height": 0.26
        }
      },
      {
        "type": "Door",
        "id": 5,
        "location": {
          "x": 5.79,
          "y": 7.92
        },
        "dimensions": {
          "width": 0.39,
          "height": 0.21
        }
      },
      {
        "type": "Window",
        "id": 6,
        "location": {
          "x": 5.01,
          "y": 7.4
        },
        "dimensions": {
          "width": 0.29,
          "height": 0.13
        }
      },
      {
        "type": "Door",
        "id": 7,
        "location": {
          "x": 0.66,
          "y": 7.12
        },
        "dimensions": {
          "width": 2.62,
          "height": 4.34
        }
      },
      {
        "type": "Door",
        "id": 8,
        "location": {
          "x": 9.25,
          "y": 6.66
        },
        "dimensions": {
          "width": 0.23,
          "height": 0.22
        }
      },
      {
        "type": "Window",
        "id": 9,
        "location": {
          "x": 5.01,
          "y": 6.41
        },
        "dimensions": {
          "width": 2.14,
          "height": 0.99
        }
      },
      {
        "type": "Window",
        "id": 10,
        "location": {
          "x": 2.16,
          "y": 6.39
        },
        "dimensions": {
          "width": 3.71,
          "height": 1.82
        }
      },
      {
        "type": "Door",
        "id": 11,
        "location": {
          "x": 4.67,
          "y": 5.89
        },
        "dimensions": {
          "width": 0.18,
          "height": 0.2
        }
      },
      {
        "type": "Door",
        "id": 12,
        "location": {
          "x": 5.65,
          "y": 5.86
        },
        "dimensions": {
          "width": 0.28,
          "height": 0.23
        }
      },
      {
        "type": "Door",
        "id": 13,
        "location": {
          "x": 2.26,
          "y": 5.51
        },
        "dimensions": {
          "width": 1.74,
          "height": 0.65
        }
      },
      {
        "type": "Door",
        "id": 14,
        "location": {
          "x": 7.03,
          "y": 5.37
        },
        "dimensions": {
          "width": 2.9,
          "height": 6.1
        }
      },
      {
        "type": "Door",
        "id": 15,
        "location": {
          "x": 8.87,
          "y": 4.69
        },
        "dimensions": {
          "width": 0.69,
          "height": 1.06
        }
      },
      {
        "type": "Door",
        "id": 16,
        "location": {
          "x": 7.31,
          "y": 4.68
        },
        "dimensions": {
          "width": 0.5,
          "height": 0.63
        }
      },
      {
        "type": "Door",
        "id": 17,
        "location": {
          "x": 2.94,
          "y": 4.64
        },
        "dimensions": {
          "width": 0.22,
          "height": 0.3
        }
      },
      {
        "type": "Door",
        "id": 18,
        "location": {
          "x": 3.31,
          "y": 4.18
        },
        "dimensions": {
          "width": 0.53,
          "height": 0.76
        }
      },
      {
        "type": "Door",
        "id": 19,
        "location": {
          "x": 2.41,
          "y": 4.1
        },
        "dimensions": {
          "width": 0.24,
          "height": 1.27
        }
      },
      {
        "type": "Door",
        "id": 20,
        "location": {
          "x": 0.49,
          "y": 3.88
        },
        "dimensions": {
          "width": 0.23,
          "height": 0.18
        }
      },
      {
        "type": "Door",
        "id": 21,
        "location": {
          "x": 9.39,
          "y": 3.06
        },
        "dimensions": {
          "width": 0.17,
          "height": 1.62
        }
      },
      {
        "type": "Door",
        "id": 22,
        "location": {
          "x": 9.39,
          "y": 2.07
        },
        "dimensions": {
          "width": 0.2,
          "height": 0.33
        }
      },
      {
        "type": "Door",
        "id": 23,
        "location": {
          "x": 7.75,
          "y": 2.07
        },
        "dimensions": {
          "width": 1.82,
          "height": 0.98
        }
      },
      {
        "type": "Door",
        "id": 24,
        "location": {
          "x": 0.95,
          "y": 2.06
        },
        "dimensions": {
          "width": 0.36,
          "height": 0.82
        }
      },
      {
        "type": "Door",
        "id": 25,
        "location": {
          "x": 3.78,
          "y": 1.98
        },
        "dimensions": {
          "width": 0.2,
          "height": 0.24
        }
      },
      {
        "type": "Door",
        "id": 26,
        "location": {
          "x": 0.38,
          "y": 1.98
        },
        "dimensions": {
          "width": 8.29,
          "height": 5.59
        }
      },
      {
        "type": "Door",
        "id": 27,
        "location": {
          "x": 0.38,
          "y": 0.73
        },
        "dimensions": {
          "width": 0.37,
          "height": 1.0
        }
      },
      {
        "type": "Window",
        "id": 28,
        "location": {
          "x": 0.38,
          "y": 0.45
        },
        "dimensions": {
          "width": 3.6,
          "height": 0.27
        }
      }
    ]
  }
}