{
  "floorPlan": {
    "name": "Floor Plan 19_23.jpg",
    "units": "feet",
    "totalArea": 32.66,
    "totalRooms": 7,
    "rooms": [
      {
        "id": 1,
        "name": "Room_1",
        "shape": "Irregular",
        "dimensions": {
          "width": 1.44,
          "length": 1.35,
          "height": 1.15
        },
        "position": {
          "x": 8.79,
          "y": 7.04
        },
        "windows": [],
        "doors": [
          {
            "type": "Door",
            "id": 1,
            "location": {
              "x": 9.15,
              "y": 7.31
            },
            "dimensions": {
              "width": 1.09,
              "height": 1.09
            }
          }
        ],
        "connected_to": []
      },
      {
        "id": 2,
        "name": "Room_2",
        "shape": "Irregular",
        "dimensions": {
          "width": 4.42,
          "length": 1.47,
          "height": 3.54
        },
        "position": {
          "x": 2.75,
          "y": 4.34
        },
        "windows": [],
        "doors": [
          {
            "type": "Door",
            "id": 2,
            "location": {
              "x": 6.86,
              "y": 5.29
            },
            "dimensions": {
              "width": 0.26,
              "height": 0.26
            }
          },
          {
            "type": "Door",
            "id": 5,
            "location": {
              "x": 6.74,
              "y": 5.15
            },
            "dimensions": {
              "width": 0.51,
              "height": 0.53
            }
          },
          {
            "type": "Door",
            "id": 6,
            "location": {
              "x": 7.13,
              "y": 5.0
            },
            "dimensions": {
              "width": 3.03,
              "height": 3.32
            }
          },
          {
            "type": "Door",
            "id": 9,
            "location": {
              "x": 5.72,
              "y": 4.4
            },
            "dimensions": {
              "width": 0.82,
              "height": 0.41
            }
          },
          {
            "type": "Door",
            "id": 10,
            "location": {
              "x": 5.51,
              "y": 4.4
            },
            "dimensions": {
              "width": 1.37,
              "height": 1.14
            }
          }
        ],
        "connected_to": [
          7
        ]
      },
      {
        "id": 3,
        "name": "Room_3",
        "shape": "Irregular",
        "dimensions": {
          "width": 2.23,
          "length": 1.44,
          "height": 1.78
        },
        "position": {
          "x": 0.51,
          "y": 4.34
        },
        "windows": [],
        "doors": [
          {
            "type": "Door",
            "id": 3,
            "location": {
              "x": 0.88,
              "y": 5.28
            },
            "dimensions": {
              "width": 0.17,
              "height": 0.18
            }
          },
          {
            "type": "Door",
            "id": 4,
            "location": {
              "x": 0.54,
              "y": 5.22
            },
            "dimensions": {
              "width": 0.35,
              "height": 0.3
            }
          },
          {
            "type": "Door",
            "id": 7,
            "location": {
              "x": 0.79,
              "y": 4.63
            },
            "dimensions": {
              "width": 0.33,
              "height": 0.05
            }
          }
        ],
        "connected_to": [
          6
        ]
      },
      {
        "id": 4,
        "name": "Room_4",
        "shape": "Irregular",
        "dimensions": {
          "width": 0.69,
          "length": 1.75,
          "height": 1.4
        },
        "position": {
          "x": 1.45,
          "y": 2.37
        },
        "windows": [],
        "doors": [
          {
            "type": "Door",
            "id": 20,
            "location": {
              "x": 1.63,
              "y": 2.89
            },
            "dimensions": {
              "width": 0.17,
              "height": 1.23
            }
          }
        ],
        "connected_to": []
      },
      {
        "id": 5,
        "name": "Room_5",
        "shape": "Irregular",
        "dimensions": {
          "width": 1.17,
          "length": 1.64,
          "height": 1.31
        },
        "position": {
          "x": 4.87,
          "y": 2.1
        },
        "windows": [],
        "doors": [
          {
            "type": "Door",
            "id": 23,
            "location": {
              "x": 5.94,
              "y": 2.58
            },
            "dimensions": {
              "width": 1.21,
              "height": 1.52
            }
          },
          {
            "type": "Door",
            "id": 24,
            "location": {
              "x": 5.52,
              "y": 2.57
            },
            "dimensions": {
              "width": 0.39,
              "height": 0.22
            }
          }
        ],
        "connected_to": []
      },
      {
        "id": 6,
        "name": "Room_6",
        "shape": "Irregular",
        "dimensions": {
          "width": 1.01,
          "length": 3.9,
          "height": 3.12
        },
        "position": {
          "x": 0.01,
          "y": 1.57
        },
        "windows": [],
        "doors": [
          {
            "type": "Door",
            "id": 3,
            "location": {
              "x": 0.88,
              "y": 5.28
            },
            "dimensions": {
              "width": 0.17,
              "height": 0.18
            }
          },
          {
            "type": "Door",
            "id": 4,
            "location": {
              "x": 0.54,
              "y": 5.22
            },
            "dimensions": {
              "width": 0.35,
              "height": 0.3
            }
          },
          {
            "type": "Door",
            "id": 7,
            "location": {
              "x": 0.79,
              "y": 4.63
            },
            "dimensions": {
              "width": 0.33,
              "height": 0.05
            }
          },
          {
            "type": "Door",
            "id": 8,
            "location": {
              "x": 0.09,
              "y": 4.56
            },
            "dimensions": {
              "width": 0.55,
              "height": 0.61
            }
          },
          {
            "type": "Door",
            "id": 12,
            "location": {
              "x": 0.35,
              "y": 3.98
            },
            "dimensions": {
              "width": 1.32,
              "height": 1.73
            }
          },
          {
            "type": "Door",
            "id": 13,
            "location": {
              "x": 0.79,
              "y": 3.96
            },
            "dimensions": {
              "width": 0.68,
              "height": 0.4
            }
          },
          {
            "type": "Door",
            "id": 14,
            "location": {
              "x": 0.67,
              "y": 3.96
            },
            "dimensions": {
              "width": 0.12,
              "height": 0.72
            }
          },
          {
            "type": "Door",
            "id": 28,
            "location": {
              "x": 0.79,
              "y": 1.88
            },
            "dimensions": {
              "width": 0.23,
              "height": 0.22
            }
          },
          {
            "type": "Door",
            "id": 29,
            "location": {
              "x": 0.68,
              "y": 1.58
            },
            "dimensions": {
              "width": 0.5,
              "height": 0.68
            }
          }
        ],
        "connected_to": [
          3
        ]
      },
      {
        "id": 7,
        "name": "Room_7",
        "shape": "Irregular",
        "dimensions": {
          "width": 2.84,
          "length": 4.91,
          "height": 3.93
        },
        "position": {
          "x": 5.97,
          "y": 0.1
        },
        "windows": [],
        "doors": [
          {
            "type": "Door",
            "id": 6,
            "location": {
              "x": 7.13,
              "y": 5.0
            },
            "dimensions": {
              "width": 3.03,
              "height": 3.32
            }
          },
          {
            "type": "Door",
            "id": 17,
            "location": {
              "x": 6.74,
              "y": 3.66
            },
            "dimensions": {
              "width": 0.2,
              "height": 0.19
            }
          },
          {
            "type": "Door",
            "id": 18,
            "location": {
              "x": 6.26,
              "y": 3.03
            },
            "dimensions": {
              "width": 0.49,
              "height": 0.28
            }
          },
          {
            "type": "Door",
            "id": 21,
            "location": {
              "x": 6.25,
              "y": 2.87
            },
            "dimensions": {
              "width": 0.37,
              "height": 0.14
            }
          },
          {
            "type": "Door",
            "id": 22,
            "location": {
              "x": 6.26,
              "y": 2.65
            },
            "dimensions": {
              "width": 0.49,
              "height": 0.25
            }
          },
          {
            "type": "Door",
            "id": 25,
            "location": {
              "x": 7.28,
              "y": 2.53
            },
            "dimensions": {
              "width": 1.47,
              "height": 3.15
            }
          },
          {
            "type": "Door",
            "id": 26,
            "location": {
              "x": 7.61,
              "y": 2.53
            },
            "dimensions": {
              "width": 0.06,
              "height": 0.48
            }
          },
          {
            "type": "Door",
            "id": 27,
            "location": {
              "x": 7.3,
              "y": 2.53
            },
            "dimensions": {
              "width": 0.3,
              "height": 0.24
            }
          },
          {
            "type": "Door",
            "id": 31,
            "location": {
              "x": 6.92,
              "y": 1.52
            },
            "dimensions": {
              "width": 1.83,
              "height": 1.05
            }
          },
          {
            "type": "Door",
            "id": 32,
            "location": {
              "x": 6.59,
              "y": 1.12
            },
            "dimensions": {
              "width": 0.31,
              "height": 0.3
            }
          },
          {
            "type": "Door",
            "id": 33,
            "location": {
              "x": 7.05,
              "y": 0.96
            },
            "dimensions": {
              "width": 0.64,
              "height": 0.56
            }
          },
          {
            "type": "Door",
            "id": 34,
            "location": {
              "x": 7.03,
              "y": 0.6
            },
            "dimensions": {
              "width": 0.26,
              "height": 0.49
            }
          },
          {
            "type": "Door",
            "id": 35,
            "location": {
              "x": 7.49,
              "y": 0.57
            },
            "dimensions": {
              "width": 0.18,
              "height": 0.7
            }
          },
          {
            "type": "Door",
            "id": 36,
            "location": {
              "x": 6.4,
              "y": 0.21
            },
            "dimensions": {
              "width": 0.35,
              "height": 0.09
            }
          }
        ],
        "connected_to": [
          2
        ]
      }
    ],
    "doorsAndWindows": [
      {
        "type": "Door",
        "id": 1,
        "location": {
          "x": 9.15,
          "y": 7.31
        },
        "dimensions": {
          "width": 1.09,
          "height": 1.09
        }
      },
      {
        "type": "Door",
        "id": 2,
        "location": {
          "x": 6.86,
          "y": 5.29
        },
        "dimensions": {
          "width": 0.26,
          "height": 0.26
        }
      },
      {
        "type": "Door",
        "id": 3,
        "location": {
          "x": 0.88,
          "y": 5.28
        },
        "dimensions": {
          "width": 0.17,
          "height": 0.18
        }
      },
      {
        "type": "Door",
        "id": 4,
        "location": {
          "x": 0.54,
          "y": 5.22
        },
        "dimensions": {
          "width": 0.35,
          "height": 0.3
        }
      },
      {
        "type": "Door",
        "id": 5,
        "location": {
          "x": 6.74,
          "y": 5.15
        },
        "dimensions": {
          "width": 0.51,
          "height": 0.53
        }
      },
      {
        "type": "Door",
        "id": 6,
        "location": {
          "x": 7.13,
          "y": 5.0
        },
        "dimensions": {
          "width": 3.03,
          "height": 3.32
        }
      },
      {
        "type": "Door",
        "id": 7,
        "location": {
          "x": 0.79,
          "y": 4.63
        },
        "dimensions": {
          "width": 0.33,
          "height": 0.05
        }
      },
      {
        "type": "Door",
        "id": 8,
        "location": {
          "x": 0.09,
          "y": 4.56
        },
        "dimensions": {
          "width": 0.55,
          "height": 0.61
        }
      },
      {
        "type": "Door",
        "id": 9,
        "location": {
          "x": 5.72,
          "y": 4.4
        },
        "dimensions": {
          "width": 0.82,
          "height": 0.41
        }
      },
      {
        "type": "Door",
        "id": 10,
        "location": {
          "x": 5.51,
          "y": 4.4
        },
        "dimensions": {
          "width": 1.37,
          "height": 1.14
        }
      },
      {
        "type": "Window",
        "id": 11,
        "location": {
          "x": 2.85,
          "y": 4.2
        },
        "dimensions": {
          "width": 4.8,
          "height": 2.01
        }
      },
      {
        "type": "Door",
        "id": 12,
        "location": {
          "x": 0.35,
          "y": 3.98
        },
        "dimensions": {
          "width": 1.32,
          "height": 1.73
        }
      },
      {
        "type": "Door",
        "id": 13,
        "location": {
          "x": 0.79,
          "y": 3.96
        },
        "dimensions": {
          "width": 0.68,
          "height": 0.4
        }
      },
      {
        "type": "Door",
        "id": 14,
        "location": {
          "x": 0.67,
          "y": 3.96
        },
        "dimensions": {
          "width": 0.12,
          "height": 0.72
        }
      },
      {
        "type": "Door",
        "id": 15,
        "location": {
          "x": 1.16,
          "y": 3.81
        },
        "dimensions": {
          "width": 0.21,
          "height": 0.07
        }
      },
      {
        "type": "Door",
        "id": 16,
        "location": {
          "x": 4.74,
          "y": 3.76
        },
        "dimensions": {
          "width": 0.9,
          "height": 0.5
        }
      },
      {
        "type": "Door",
        "id": 17,
        "location": {
          "x": 6.74,
          "y": 3.66
        },
        "dimensions": {
          "width": 0.2,
          "height": 0.19
        }
      },
      {
        "type": "Door",
        "id": 18,
        "location": {
          "x": 6.26,
          "y": 3.03
        },
        "dimensions": {
          "width": 0.49,
          "height": 0.28
        }
      },
      {
        "type": "Door",
        "id": 19,
        "location": {
          "x": 1.24,
          "y": 2.97
        },
        "dimensions": {
          "width": 4.32,
          "height": 2.04
        }
      },
      {
        "type": "Door",
        "id": 20,
        "location": {
          "x": 1.63,
          "y": 2.89
        },
        "dimensions": {
          "width": 0.17,
          "height": 1.23
        }
      },
      {
        "type": "Door",
        "id": 21,
        "location": {
          "x": 6.25,
          "y": 2.87
        },
        "dimensions": {
          "width": 0.37,
          "height": 0.14
        }
      },
      {
        "type": "Door",
        "id": 22,
        "location": {
          "x": 6.26,
          "y": 2.65
        },
        "dimensions": {
          "width": 0.49,
          "height": 0.25
        }
      },
      {
        "type": "Door",
        "id": 23,
        "location": {
          "x": 5.94,
          "y": 2.58
        },
        "dimensions": {
          "width": 1.21,
          "height": 1.52
        }
      },
      {
        "type": "Door",
        "id": 24,
        "location": {
          "x": 5.52,
          "y": 2.57
        },
        "dimensions": {
          "width": 0.39,
          "height": 0.22
        }
      },
      {
        "type": "Door",
        "id": 25,
        "location": {
          "x": 7.28,
          "y": 2.53
        },
        "dimensions": {
          "width": 1.47,
          "height": 3.15
        }
      },
      {
        "type": "Door",
        "id": 26,
        "location": {
          "x": 7.61,
          "y": 2.53
        },
        "dimensions": {
          "width": 0.06,
          "height": 0.48
        }
      },
      {
        "type": "Door",
        "id": 27,
        "location": {
          "x": 7.3,
          "y": 2.53
        },
        "dimensions": {
          "width": 0.3,
          "height": 0.24
        }
      },
      {
        "type": "Door",
        "id": 28,
        "location": {
          "x": 0.79,
          "y": 1.88
        },
        "dimensions": {
          "width": 0.23,
          "height": 0.22
        }
      },
      {
        "type": "Door",
        "id": 29,
        "location": {
          "x": 0.68,
          "y": 1.58
        },
        "dimensions": {
          "width": 0.5,
          "height": 0.68
        }
      },
      {
        "type": "Door",
        "id": 30,
        "location": {
          "x": 5.09,
          "y": 1.53
        },
        "dimensions": {
          "width": 2.02,
          "height": 1.68
        }
      },
      {
        "type": "Door",
        "id": 31,
        "location": {
          "x": 6.92,
          "y": 1.52
        },
        "dimensions": {
          "width": 1.83,
          "height": 1.05
        }
      },
      {
        "type": "Door",
        "id": 32,
        "location": {
          "x": 6.59,
          "y": 1.12
        },
        "dimensions": {
          "width": 0.31,
          "height": 0.3
        }
      },
      {
        "type": "Door",
        "id": 33,
        "location": {
          "x": 7.05,
          "y": 0.96
        },
        "dimensions": {
          "width": 0.64,
          "height": 0.56
        }
      },
      {
        "type": "Door",
        "id": 34,
        "location": {
          "x": 7.03,
          "y": 0.6
        },
        "dimensions": {
          "width": 0.26,
          "height": 0.49
        }
      },
      {
        "type": "Door",
        "id": 35,
        "location": {
          "x": 7.49,
          "y": 0.57
        },
        "dimensions": {
          "width": 0.18,
          "height": 0.7
        }
      },
      {
        "type": "Door",
        "id": 36,
        "location": {
          "x": 6.4,
          "y": 0.21
        },
        "dimensions": {
          "width": 0.35,
          "height": 0.09
        }
      },
      {
        "type": "Door",
        "id": 37,
        "location": {
          "x": 2.21,
          "y": 0.18
        },
        "dimensions": {
          "width": 2.43,
          "height": 1.27
        }
      },
      {
        "type": "Door",
        "id": 38,
        "location": {
          "x": 6.43,
          "y": 0.05
        },
        "dimensions": {
          "width": 0.29,
          "height": 0.14
        }
      },
      {
        "type": "Door",
        "id": 39,
        "location": {
          "x": 0.0,
          "y": 0.0
        },
        "dimensions": {
          "width": 9.13,
          "height": 8.4
        }
      }
    ]
  }
}