{
  "floorPlan": {
    "name": "Floor Plan 19_22.jpg",
    "units": "feet",
    "totalArea": 11.12,
    "totalRooms": 5,
    "rooms": [
      {
        "id": 1,
        "name": "PANTRX",
        "shape": "Irregular",
        "dimensions": {
          "width": 1.25,
          "length": 1.53,
          "height": 1.22
        },
        "position": {
          "x": 5.77,
          "y": 4.96
        },
        "windows": [],
        "doors": [],
        "connected_to": []
      },
      {
        "id": 2,
        "name": "LCAR GARAGE",
        "shape": "Irregular",
        "dimensions": {
          "width": 1.75,
          "length": 0.61,
          "height": 1.4
        },
        "position": {
          "x": 7.41,
          "y": 4.07
        },
        "windows": [],
        "doors": [],
        "connected_to": []
      },
      {
        "id": 3,
        "name": "ELEK",
        "shape": "Irregular",
        "dimensions": {
          "width": 3.17,
          "length": 1.12,
          "height": 2.54
        },
        "position": {
          "x": 6.0,
          "y": 3.63
        },
        "windows": [],
        "doors": [],
        "connected_to": []
      },
      {
        "id": 4,
        "name": "WLC",
        "shape": "Irregular",
        "dimensions": {
          "width": 1.08,
          "length": 1.49,
          "height": 1.19
        },
        "position": {
          "x": 6.33,
          "y": 1.21
        },
        "windows": [],
        "doors": [
          {
            "type": "Door",
            "id": 33,
            "location": {
              "x": 7.18,
              "y": 2.39
            },
            "dimensions": {
              "width": 2.59,
              "height": 2.32
            }
          }
        ],
        "connected_to": []
      },
      {
        "id": 5,
        "name": "XLC",
        "shape": "Irregular",
        "dimensions": {
          "width": 1.44,
          "length": 2.07,
          "height": 1.66
        },
        "position": {
          "x": 5.02,
          "y": 0.7
        },
        "windows": [],
        "doors": [
          {
            "type": "Door",
            "id": 42,
            "location": {
              "x": 5.37,
              "y": 1.17
            },
            "dimensions": {
              "width": 0.21,
              "height": 0.17
            }
          }
        ],
        "connected_to": []
      }
    ],
    "doorsAndWindows": [
      {
        "type": "Door",
        "id": 1,
        "location": {
          "x": 3.47,
          "y": 6.57
        },
        "dimensions": {
          "width": 0.45,
          "height": 0.47
        }
      },
      {
        "type": "Door",
        "id": 2,
        "location": {
          "x": 3.45,
          "y": 6.12
        },
        "dimensions": {
          "width": 0.26,
          "height": 0.23
        }
      },
      {
        "type": "Door",
        "id": 3,
        "location": {
          "x": 0.78,
          "y": 6.12
        },
        "dimensions": {
          "width": 0.98,
          "height": 0.5
        }
      },
      {
        "type": "Door",
        "id": 4,
        "location": {
          "x": 0.0,
          "y": 6.07
        },
        "dimensions": {
          "width": 0.68,
          "height": 0.57
        }
      },
      {
        "type": "Door",
        "id": 5,
        "location": {
          "x": 1.72,
          "y": 5.58
        },
        "dimensions": {
          "width": 0.77,
          "height": 0.52
        }
      },
      {
        "type": "Door",
        "id": 6,
        "location": {
          "x": 4.53,
          "y": 5.57
        },
        "dimensions": {
          "width": 0.18,
          "height": 0.39
        }
      },
      {
        "type": "Door",
        "id": 7,
        "location": {
          "x": 3.82,
          "y": 5.43
        },
        "dimensions": {
          "width": 0.83,
          "height": 0.6
        }
      },
      {
        "type": "Door",
        "id": 8,
        "location": {
          "x": 2.23,
          "y": 5.36
        },
        "dimensions": {
          "width": 0.26,
          "height": 0.28
        }
      },
      {
        "type": "Door",
        "id": 9,
        "location": {
          "x": 2.54,
          "y": 5.35
        },
        "dimensions": {
          "width": 1.02,
          "height": 0.68
        }
      },
      {
        "type": "Door",
        "id": 10,
        "location": {
          "x": 3.86,
          "y": 5.26
        },
        "dimensions": {
          "width": 0.47,
          "height": 0.19
        }
      },
      {
        "type": "Door",
        "id": 11,
        "location": {
          "x": 9.53,
          "y": 5.12
        },
        "dimensions": {
          "width": 0.67,
          "height": 0.45
        }
      },
      {
        "type": "Door",
        "id": 12,
        "location": {
          "x": 2.71,
          "y": 4.81
        },
        "dimensions": {
          "width": 0.38,
          "height": 0.43
        }
      },
      {
        "type": "Door",
        "id": 13,
        "location": {
          "x": 9.48,
          "y": 4.8
        },
        "dimensions": {
          "width": 0.68,
          "height": 0.52
        }
      },
      {
        "type": "Door",
        "id": 14,
        "location": {
          "x": 3.74,
          "y": 4.64
        },
        "dimensions": {
          "width": 0.58,
          "height": 0.49
        }
      },
      {
        "type": "Door",
        "id": 15,
        "location": {
          "x": 3.03,
          "y": 4.64
        },
        "dimensions": {
          "width": 0.46,
          "height": 0.6
        }
      },
      {
        "type": "Door",
        "id": 16,
        "location": {
          "x": 4.56,
          "y": 3.92
        },
        "dimensions": {
          "width": 0.22,
          "height": 0.43
        }
      },
      {
        "type": "Door",
        "id": 17,
        "location": {
          "x": 3.74,
          "y": 3.8
        },
        "dimensions": {
          "width": 0.81,
          "height": 0.98
        }
      },
      {
        "type": "Door",
        "id": 18,
        "location": {
          "x": 5.29,
          "y": 3.62
        },
        "dimensions": {
          "width": 0.87,
          "height": 0.13
        }
      },
      {
        "type": "Door",
        "id": 19,
        "location": {
          "x": 0.97,
          "y": 3.62
        },
        "dimensions": {
          "width": 0.48,
          "height": 0.39
        }
      },
      {
        "type": "Door",
        "id": 20,
        "location": {
          "x": 4.18,
          "y": 3.49
        },
        "dimensions": {
          "width": 5.48,
          "height": 4.08
        }
      },
      {
        "type": "Door",
        "id": 21,
        "location": {
          "x": 0.68,
          "y": 3.47
        },
        "dimensions": {
          "width": 0.32,
          "height": 0.51
        }
      },
      {
        "type": "Door",
        "id": 22,
        "location": {
          "x": 3.7,
          "y": 3.46
        },
        "dimensions": {
          "width": 0.87,
          "height": 0.44
        }
      },
      {
        "type": "Door",
        "id": 23,
        "location": {
          "x": 0.13,
          "y": 3.41
        },
        "dimensions": {
          "width": 0.3,
          "height": 0.48
        }
      },
      {
        "type": "Door",
        "id": 24,
        "location": {
          "x": 0.0,
          "y": 3.39
        },
        "dimensions": {
          "width": 4.37,
          "height": 3.28
        }
      },
      {
        "type": "Door",
        "id": 25,
        "location": {
          "x": 0.52,
          "y": 3.37
        },
        "dimensions": {
          "width": 0.27,
          "height": 0.25
        }
      },
      {
        "type": "Door",
        "id": 26,
        "location": {
          "x": 4.54,
          "y": 3.35
        },
        "dimensions": {
          "width": 0.24,
          "height": 0.47
        }
      },
      {
        "type": "Door",
        "id": 27,
        "location": {
          "x": 3.7,
          "y": 3.26
        },
        "dimensions": {
          "width": 0.4,
          "height": 0.37
        }
      },
      {
        "type": "Window",
        "id": 28,
        "location": {
          "x": 5.0,
          "y": 3.19
        },
        "dimensions": {
          "width": 0.88,
          "height": 0.1
        }
      },
      {
        "type": "Door",
        "id": 29,
        "location": {
          "x": 8.64,
          "y": 2.94
        },
        "dimensions": {
          "width": 0.53,
          "height": 0.25
        }
      },
      {
        "type": "Door",
        "id": 30,
        "location": {
          "x": 2.48,
          "y": 2.83
        },
        "dimensions": {
          "width": 0.23,
          "height": 0.26
        }
      },
      {
        "type": "Door",
        "id": 31,
        "location": {
          "x": 1.69,
          "y": 2.63
        },
        "dimensions": {
          "width": 1.82,
          "height": 0.99
        }
      },
      {
        "type": "Door",
        "id": 32,
        "location": {
          "x": 0.1,
          "y": 2.5
        },
        "dimensions": {
          "width": 0.49,
          "height": 0.47
        }
      },
      {
        "type": "Door",
        "id": 33,
        "location": {
          "x": 7.18,
          "y": 2.39
        },
        "dimensions": {
          "width": 2.59,
          "height": 2.32
        }
      },
      {
        "type": "Door",
        "id": 34,
        "location": {
          "x": 0.33,
          "y": 2.39
        },
        "dimensions": {
          "width": 2.09,
          "height": 2.93
        }
      },
      {
        "type": "Door",
        "id": 35,
        "location": {
          "x": 8.87,
          "y": 2.28
        },
        "dimensions": {
          "width": 0.35,
          "height": 0.25
        }
      },
      {
        "type": "Door",
        "id": 36,
        "location": {
          "x": 4.36,
          "y": 2.06
        },
        "dimensions": {
          "width": 0.38,
          "height": 0.07
        }
      },
      {
        "type": "Door",
        "id": 37,
        "location": {
          "x": 8.55,
          "y": 1.63
        },
        "dimensions": {
          "width": 0.66,
          "height": 0.67
        }
      },
      {
        "type": "Door",
        "id": 38,
        "location": {
          "x": 0.18,
          "y": 1.55
        },
        "dimensions": {
          "width": 0.34,
          "height": 0.35
        }
      },
      {
        "type": "Door",
        "id": 39,
        "location": {
          "x": 0.0,
          "y": 1.55
        },
        "dimensions": {
          "width": 4.13,
          "height": 1.78
        }
      },
      {
        "type": "Door",
        "id": 40,
        "location": {
          "x": 1.16,
          "y": 1.48
        },
        "dimensions": {
          "width": 0.32,
          "height": 0.22
        }
      },
      {
        "type": "Door",
        "id": 41,
        "location": {
          "x": 8.87,
          "y": 1.38
        },
        "dimensions": {
          "width": 0.3,
          "height": 0.4
        }
      },
      {
        "type": "Door",
        "id": 42,
        "location": {
          "x": 5.37,
          "y": 1.17
        },
        "dimensions": {
          "width": 0.21,
          "height": 0.17
        }
      },
      {
        "type": "Door",
        "id": 43,
        "location": {
          "x": 4.38,
          "y": 1.08
        },
        "dimensions": {
          "width": 1.68,
          "height": 1.58
        }
      },
      {
        "type": "Door",
        "id": 44,
        "location": {
          "x": 0.62,
          "y": 1.05
        },
        "dimensions": {
          "width": 0.97,
          "height": 0.72
        }
      },
      {
        "type": "Door",
        "id": 45,
        "location": {
          "x": 2.28,
          "y": 1.03
        },
        "dimensions": {
          "width": 3.66,
          "height": 3.6
        }
      },
      {
        "type": "Door",
        "id": 46,
        "location": {
          "x": 9.86,
          "y": 0.95
        },
        "dimensions": {
          "width": 0.38,
          "height": 0.97
        }
      },
      {
        "type": "Door",
        "id": 47,
        "location": {
          "x": 4.34,
          "y": 0.93
        },
        "dimensions": {
          "width": 0.56,
          "height": 0.22
        }
      },
      {
        "type": "Door",
        "id": 48,
        "location": {
          "x": 2.51,
          "y": 0.62
        },
        "dimensions": {
          "width": 0.41,
          "height": 0.42
        }
      },
      {
        "type": "Door",
        "id": 49,
        "location": {
          "x": 2.03,
          "y": 0.53
        },
        "dimensions": {
          "width": 0.32,
          "height": 0.24
        }
      },
      {
        "type": "Door",
        "id": 50,
        "location": {
          "x": 5.46,
          "y": 0.23
        },
        "dimensions": {
          "width": 0.82,
          "height": 0.47
        }
      },
      {
        "type": "Door",
        "id": 51,
        "location": {
          "x": 4.58,
          "y": 0.19
        },
        "dimensions": {
          "width": 0.42,
          "height": 0.5
        }
      },
      {
        "type": "Door",
        "id": 52,
        "location": {
          "x": 9.52,
          "y": 0.09
        },
        "dimensions": {
          "width": 0.72,
          "height": 0.67
        }
      },
      {
        "type": "Door",
        "id": 53,
        "location": {
          "x": 5.14,
          "y": 0.09
        },
        "dimensions": {
          "width": 5.1,
          "height": 3.01
        }
      }
    ]
  }
}