{
  "floorPlan": {
    "name": "Floor Plan 19_28.jpg",
    "units": "feet",
    "totalArea": 8.26,
    "totalRooms": 5,
    "rooms": [
      {
        "id": 1,
        "name": "Text_46",
        "shape": "Irregular",
        "dimensions": {
          "width": 1.57,
          "length": 1.9,
          "height": 1.52
        },
        "position": {
          "x": 5.28,
          "y": 2.77
        },
        "windows": [],
        "doors": [
          {
            "type": "Door",
            "id": 11,
            "location": {
              "x": 5.32,
              "y": 3.79
            },
            "dimensions": {
              "width": 0.14,
              "height": 0.17
            }
          },
          {
            "type": "Door",
            "id": 16,
            "location": {
              "x": 5.54,
              "y": 3.56
            },
            "dimensions": {
              "width": 0.14,
              "height": 0.17
            }
          },
          {
            "type": "Door",
            "id": 24,
            "location": {
              "x": 5.64,
              "y": 2.83
            },
            "dimensions": {
              "width": 0.27,
              "height": 0.31
            }
          }
        ],
        "connected_to": []
      },
      {
        "id": 2,
        "name": "Text_38",
        "shape": "Irregular",
        "dimensions": {
          "width": 1.05,
          "length": 1.9,
          "height": 1.52
        },
        "position": {
          "x": 1.61,
          "y": 2.77
        },
        "windows": [],
        "doors": [
          {
            "type": "Door",
            "id": 7,
            "location": {
              "x": 2.09,
              "y": 4.67
            },
            "dimensions": {
              "width": 0.05,
              "height": 0.63
            }
          },
          {
            "type": "Door",
            "id": 23,
            "location": {
              "x": 2.19,
              "y": 2.84
            },
            "dimensions": {
              "width": 0.12,
              "height": 0.17
            }
          },
          {
            "type": "Door",
            "id": 25,
            "location": {
              "x": 2.34,
              "y": 2.83
            },
            "dimensions": {
              "width": 0.21,
              "height": 0.16
            }
          }
        ],
        "connected_to": []
      },
      {
        "id": 3,
        "name": "Text_118",
        "shape": "Irregular",
        "dimensions": {
          "width": 0.34,
          "length": 0.58,
          "height": 0.46
        },
        "position": {
          "x": 2.98,
          "y": 1.8
        },
        "windows": [],
        "doors": [
          {
            "type": "Door",
            "id": 35,
            "location": {
              "x": 3.23,
              "y": 2.3
            },
            "dimensions": {
              "width": 0.68,
              "height": 0.55
            }
          }
        ],
        "connected_to": []
      },
      {
        "id": 4,
        "name": "Text_87",
        "shape": "Irregular",
        "dimensions": {
          "width": 0.95,
          "length": 1.46,
          "height": 1.17
        },
        "position": {
          "x": 6.95,
          "y": 1.36
        },
        "windows": [],
        "doors": [],
        "connected_to": []
      },
      {
        "id": 5,
        "name": "Text_95",
        "shape": "Irregular",
        "dimensions": {
          "width": 1.16,
          "length": 1.46,
          "height": 1.17
        },
        "position": {
          "x": 0.79,
          "y": 1.36
        },
        "windows": [],
        "doors": [
          {
            "type": "Door",
            "id": 42,
            "location": {
              "x": 1.93,
              "y": 1.92
            },
            "dimensions": {
              "width": 0.16,
              "height": 0.17
            }
          },
          {
            "type": "Door",
            "id": 43,
            "location": {
              "x": 1.64,
              "y": 1.92
            },
            "dimensions": {
              "width": 0.14,
              "height": 0.17
            }
          },
          {
            "type": "Door",
            "id": 48,
            "location": {
              "x": 1.04,
              "y": 1.82
            },
            "dimensions": {
              "width": 0.14,
              "height": 0.12
            }
          },
          {
            "type": "Door",
            "id": 49,
            "location": {
              "x": 0.82,
              "y": 1.82
            },
            "dimensions": {
              "width": 3.48,
              "height": 3.04
            }
          }
        ],
        "connected_to": []
      }
    ],
    "doorsAndWindows": [
      {
        "type": "Window",
        "id": 1,
        "location": {
          "x": 4.76,
          "y": 5.3
        },
        "dimensions": {
          "width": 0.7,
          "height": 0.23
        }
      },
      {
        "type": "Window",
        "id": 2,
        "location": {
          "x": 2.66,
          "y": 5.25
        },
        "dimensions": {
          "width": 0.68,
          "height": 0.31
        }
      },
      {
        "type": "Window",
        "id": 3,
        "location": {
          "x": 2.2,
          "y": 5.21
        },
        "dimensions": {
          "width": 1.06,
          "height": 0.07
        }
      },
      {
        "type": "Door",
        "id": 4,
        "location": {
          "x": 4.28,
          "y": 5.11
        },
        "dimensions": {
          "width": 0.14,
          "height": 0.16
        }
      },
      {
        "type": "Door",
        "id": 5,
        "location": {
          "x": 4.12,
          "y": 5.11
        },
        "dimensions": {
          "width": 0.14,
          "height": 0.16
        }
      },
      {
        "type": "Door",
        "id": 6,
        "location": {
          "x": 3.91,
          "y": 4.88
        },
        "dimensions": {
          "width": 0.27,
          "height": 0.17
        }
      },
      {
        "type": "Door",
        "id": 7,
        "location": {
          "x": 2.09,
          "y": 4.67
        },
        "dimensions": {
          "width": 0.05,
          "height": 0.63
        }
      },
      {
        "type": "Window",
        "id": 8,
        "location": {
          "x": 0.22,
          "y": 4.13
        },
        "dimensions": {
          "width": 9.85,
          "height": 2.4
        }
      },
      {
        "type": "Window",
        "id": 9,
        "location": {
          "x": 3.79,
          "y": 4.04
        },
        "dimensions": {
          "width": 0.24,
          "height": 0.1
        }
      },
      {
        "type": "Door",
        "id": 10,
        "location": {
          "x": 3.0,
          "y": 3.92
        },
        "dimensions": {
          "width": 0.13,
          "height": 0.13
        }
      },
      {
        "type": "Door",
        "id": 11,
        "location": {
          "x": 5.32,
          "y": 3.79
        },
        "dimensions": {
          "width": 0.14,
          "height": 0.17
        }
      },
      {
        "type": "Door",
        "id": 12,
        "location": {
          "x": 5.16,
          "y": 3.79
        },
        "dimensions": {
          "width": 0.15,
          "height": 0.17
        }
      },
      {
        "type": "Door",
        "id": 13,
        "location": {
          "x": 3.1,
          "y": 3.77
        },
        "dimensions": {
          "width": 0.21,
          "height": 0.14
        }
      },
      {
        "type": "Door",
        "id": 14,
        "location": {
          "x": 0.91,
          "y": 3.64
        },
        "dimensions": {
          "width": 0.13,
          "height": 0.17
        }
      },
      {
        "type": "Door",
        "id": 15,
        "location": {
          "x": 1.29,
          "y": 3.57
        },
        "dimensions": {
          "width": 0.42,
          "height": 0.24
        }
      },
      {
        "type": "Door",
        "id": 16,
        "location": {
          "x": 5.54,
          "y": 3.56
        },
        "dimensions": {
          "width": 0.14,
          "height": 0.17
        }
      },
      {
        "type": "Door",
        "id": 17,
        "location": {
          "x": 4.94,
          "y": 3.56
        },
        "dimensions": {
          "width": 0.14,
          "height": 0.16
        }
      },
      {
        "type": "Door",
        "id": 18,
        "location": {
          "x": 3.47,
          "y": 3.53
        },
        "dimensions": {
          "width": 0.39,
          "height": 0.78
        }
      },
      {
        "type": "Door",
        "id": 19,
        "location": {
          "x": 7.48,
          "y": 3.19
        },
        "dimensions": {
          "width": 0.14,
          "height": 0.25
        }
      },
      {
        "type": "Window",
        "id": 20,
        "location": {
          "x": 4.62,
          "y": 3.13
        },
        "dimensions": {
          "width": 0.46,
          "height": 0.14
        }
      },
      {
        "type": "Window",
        "id": 21,
        "location": {
          "x": 1.43,
          "y": 2.96
        },
        "dimensions": {
          "width": 0.31,
          "height": 0.14
        }
      },
      {
        "type": "Window",
        "id": 22,
        "location": {
          "x": 7.44,
          "y": 2.95
        },
        "dimensions": {
          "width": 2.49,
          "height": 1.17
        }
      },
      {
        "type": "Door",
        "id": 23,
        "location": {
          "x": 2.19,
          "y": 2.84
        },
        "dimensions": {
          "width": 0.12,
          "height": 0.17
        }
      },
      {
        "type": "Door",
        "id": 24,
        "location": {
          "x": 5.64,
          "y": 2.83
        },
        "dimensions": {
          "width": 0.27,
          "height": 0.31
        }
      },
      {
        "type": "Door",
        "id": 25,
        "location": {
          "x": 2.34,
          "y": 2.83
        },
        "dimensions": {
          "width": 0.21,
          "height": 0.16
        }
      },
      {
        "type": "Door",
        "id": 26,
        "location": {
          "x": 7.91,
          "y": 2.8
        },
        "dimensions": {
          "width": 0.19,
          "height": 0.34
        }
      },
      {
        "type": "Door",
        "id": 27,
        "location": {
          "x": 8.55,
          "y": 2.73
        },
        "dimensions": {
          "width": 0.17,
          "height": 0.16
        }
      },
      {
        "type": "Door",
        "id": 28,
        "location": {
          "x": 4.3,
          "y": 2.61
        },
        "dimensions": {
          "width": 3.53,
          "height": 2.23
        }
      },
      {
        "type": "Door",
        "id": 29,
        "location": {
          "x": 8.97,
          "y": 2.49
        },
        "dimensions": {
          "width": 0.17,
          "height": 0.17
        }
      },
      {
        "type": "Door",
        "id": 30,
        "location": {
          "x": 9.5,
          "y": 2.47
        },
        "dimensions": {
          "width": 0.18,
          "height": 0.2
        }
      },
      {
        "type": "Door",
        "id": 31,
        "location": {
          "x": 8.79,
          "y": 2.47
        },
        "dimensions": {
          "width": 0.17,
          "height": 0.2
        }
      },
      {
        "type": "Door",
        "id": 32,
        "location": {
          "x": 8.2,
          "y": 2.47
        },
        "dimensions": {
          "width": 0.17,
          "height": 0.2
        }
      },
      {
        "type": "Door",
        "id": 33,
        "location": {
          "x": 4.9,
          "y": 2.47
        },
        "dimensions": {
          "width": 0.13,
          "height": 0.47
        }
      },
      {
        "type": "Door",
        "id": 34,
        "location": {
          "x": 2.63,
          "y": 2.38
        },
        "dimensions": {
          "width": 0.16,
          "height": 0.15
        }
      },
      {
        "type": "Door",
        "id": 35,
        "location": {
          "x": 3.23,
          "y": 2.3
        },
        "dimensions": {
          "width": 0.68,
          "height": 0.55
        }
      },
      {
        "type": "Door",
        "id": 36,
        "location": {
          "x": 4.13,
          "y": 2.28
        },
        "dimensions": {
          "width": 0.72,
          "height": 0.55
        }
      },
      {
        "type": "Door",
        "id": 37,
        "location": {
          "x": 3.83,
          "y": 2.28
        },
        "dimensions": {
          "width": 0.52,
          "height": 0.44
        }
      },
      {
        "type": "Door",
        "id": 38,
        "location": {
          "x": 4.54,
          "y": 2.13
        },
        "dimensions": {
          "width": 0.16,
          "height": 0.14
        }
      },
      {
        "type": "Door",
        "id": 39,
        "location": {
          "x": 4.3,
          "y": 1.95
        },
        "dimensions": {
          "width": 0.27,
          "height": 0.16
        }
      },
      {
        "type": "Door",
        "id": 40,
        "location": {
          "x": 2.57,
          "y": 1.92
        },
        "dimensions": {
          "width": 0.18,
          "height": 0.17
        }
      },
      {
        "type": "Door",
        "id": 41,
        "location": {
          "x": 2.4,
          "y": 1.92
        },
        "dimensions": {
          "width": 0.16,
          "height": 0.18
        }
      },
      {
        "type": "Door",
        "id": 42,
        "location": {
          "x": 1.93,
          "y": 1.92
        },
        "dimensions": {
          "width": 0.16,
          "height": 0.17
        }
      },
      {
        "type": "Door",
        "id": 43,
        "location": {
          "x": 1.64,
          "y": 1.92
        },
        "dimensions": {
          "width": 0.14,
          "height": 0.17
        }
      },
      {
        "type": "Door",
        "id": 44,
        "location": {
          "x": 2.24,
          "y": 1.9
        },
        "dimensions": {
          "width": 0.15,
          "height": 0.21
        }
      },
      {
        "type": "Door",
        "id": 45,
        "location": {
          "x": 2.85,
          "y": 1.84
        },
        "dimensions": {
          "width": 0.12,
          "height": 0.49
        }
      },
      {
        "type": "Door",
        "id": 46,
        "location": {
          "x": 5.75,
          "y": 1.82
        },
        "dimensions": {
          "width": 1.04,
          "height": 0.55
        }
      },
      {
        "type": "Door",
        "id": 47,
        "location": {
          "x": 4.49,
          "y": 1.82
        },
        "dimensions": {
          "width": 0.43,
          "height": 0.31
        }
      },
      {
        "type": "Door",
        "id": 48,
        "location": {
          "x": 1.04,
          "y": 1.82
        },
        "dimensions": {
          "width": 0.14,
          "height": 0.12
        }
      },
      {
        "type": "Door",
        "id": 49,
        "location": {
          "x": 0.82,
          "y": 1.82
        },
        "dimensions": {
          "width": 3.48,
          "height": 3.04
        }
      },
      {
        "type": "Door",
        "id": 50,
        "location": {
          "x": 2.5,
          "y": 1.67
        },
        "dimensions": {
          "width": 0.14,
          "height": 0.18
        }
      },
      {
        "type": "Door",
        "id": 51,
        "location": {
          "x": 4.01,
          "y": 1.41
        },
        "dimensions": {
          "width": 0.08,
          "height": 0.33
        }
      },
      {
        "type": "Door",
        "id": 52,
        "location": {
          "x": 2.76,
          "y": 1.35
        },
        "dimensions": {
          "width": 0.99,
          "height": 1.65
        }
      },
      {
        "type": "Window",
        "id": 53,
        "location": {
          "x": 2.14,
          "y": 1.34
        },
        "dimensions": {
          "width": 0.64,
          "height": 0.08
        }
      },
      {
        "type": "Window",
        "id": 54,
        "location": {
          "x": 3.73,
          "y": 1.28
        },
        "dimensions": {
          "width": 1.26,
          "height": 0.61
        }
      },
      {
        "type": "Window",
        "id": 55,
        "location": {
          "x": 7.22,
          "y": 1.22
        },
        "dimensions": {
          "width": 2.57,
          "height": 0.38
        }
      },
      {
        "type": "Door",
        "id": 56,
        "location": {
          "x": 3.26,
          "y": 1.13
        },
        "dimensions": {
          "width": 0.15,
          "height": 0.15
        }
      },
      {
        "type": "Door",
        "id": 57,
        "location": {
          "x": 0.23,
          "y": 1.05
        },
        "dimensions": {
          "width": 1.93,
          "height": 1.86
        }
      },
      {
        "type": "Window",
        "id": 58,
        "location": {
          "x": 5.03,
          "y": 0.94
        },
        "dimensions": {
          "width": 0.4,
          "height": 0.1
        }
      },
      {
        "type": "Door",
        "id": 59,
        "location": {
          "x": 3.01,
          "y": 0.64
        },
        "dimensions": {
          "width": 0.25,
          "height": 0.18
        }
      },
      {
        "type": "Door",
        "id": 60,
        "location": {
          "x": 2.57,
          "y": 0.64
        },
        "dimensions": {
          "width": 0.3,
          "height": 0.17
        }
      },
      {
        "type": "Door",
        "id": 61,
        "location": {
          "x": 5.67,
          "y": 0.58
        },
        "dimensions": {
          "width": 0.28,
          "height": 0.16
        }
      },
      {
        "type": "Door",
        "id": 62,
        "location": {
          "x": 4.89,
          "y": 0.31
        },
        "dimensions": {
          "width": 3.17,
          "height": 2.79
        }
      },
      {
        "type": "Window",
        "id": 63,
        "location": {
          "x": 3.31,
          "y": 0.19
        },
        "dimensions": {
          "width": 1.59,
          "height": 0.37
        }
      },
      {
        "type": "Window",
        "id": 64,
        "location": {
          "x": 0.2,
          "y": 0.03
        },
        "dimensions": {
          "width": 9.86,
          "height": 0.7
        }
      }
    ]
  }
}