{
  "floorPlan": {
    "name": "Floor Plan 1_12.jpg",
    "units": "feet",
    "totalArea": 0.4,
    "totalRooms": 1,
    "rooms": [
      {
        "id": 1,
        "name": "Text_5",
        "shape": "Irregular",
        "dimensions": {
          "width": 0.03,
          "length": 13.19,
          "height": 10.55
        },
        "position": {
          "x": 9.32,
          "y": 1.13
        },
        "windows": [],
        "doors": [],
        "connected_to": []
      }
    ],
    "doorsAndWindows": [
      {
        "type": "Door",
        "id": 1,
        "location": {
          "x": 5.25,
          "y": 15.63
        },
        "dimensions": {
          "width": 0.13,
          "height": 0.22
        }
      },
      {
        "type": "Door",
        "id": 2,
        "location": {
          "x": 4.8,
          "y": 15.63
        },
        "dimensions": {
          "width": 0.27,
          "height": 0.22
        }
      },
      {
        "type": "Window",
        "id": 3,
        "location": {
          "x": 4.39,
          "y": 15.18
        },
        "dimensions": {
          "width": 1.68,
          "height": 0.18
        }
      },
      {
        "type": "Window",
        "id": 4,
        "location": {
          "x": 1.66,
          "y": 14.68
        },
        "dimensions": {
          "width": 7.04,
          "height": 1.3
        }
      },
      {
        "type": "Door",
        "id": 5,
        "location": {
          "x": 3.86,
          "y": 14.54
        },
        "dimensions": {
          "width": 0.48,
          "height": 0.91
        }
      },
      {
        "type": "Window",
        "id": 6,
        "location": {
          "x": 4.35,
          "y": 14.41
        },
        "dimensions": {
          "width": 2.21,
          "height": 1.04
        }
      },
      {
        "type": "Window",
        "id": 7,
        "location": {
          "x": 7.43,
          "y": 14.36
        },
        "dimensions": {
          "width": 0.61,
          "height": 0.04
        }
      },
      {
        "type": "Window",
        "id": 8,
        "location": {
          "x": 6.73,
          "y": 14.36
        },
        "dimensions": {
          "width": 0.61,
          "height": 0.04
        }
      },
      {
        "type": "Window",
        "id": 9,
        "location": {
          "x": 7.39,
          "y": 14.3
        },
        "dimensions": {
          "width": 0.65,
          "height": 0.1
        }
      },
      {
        "type": "Window",
        "id": 10,
        "location": {
          "x": 6.73,
          "y": 14.3
        },
        "dimensions": {
          "width": 0.61,
          "height": 0.05
        }
      },
      {
        "type": "Door",
        "id": 11,
        "location": {
          "x": 1.58,
          "y": 14.17
        },
        "dimensions": {
          "width": 0.27,
          "height": 0.27
        }
      },
      {
        "type": "Door",
        "id": 12,
        "location": {
          "x": 1.52,
          "y": 14.11
        },
        "dimensions": {
          "width": 0.08,
          "height": 0.38
        }
      },
      {
        "type": "Door",
        "id": 13,
        "location": {
          "x": 3.98,
          "y": 14.06
        },
        "dimensions": {
          "width": 0.36,
          "height": 0.41
        }
      },
      {
        "type": "Door",
        "id": 14,
        "location": {
          "x": 3.85,
          "y": 14.06
        },
        "dimensions": {
          "width": 0.49,
          "height": 0.48
        }
      },
      {
        "type": "Door",
        "id": 15,
        "location": {
          "x": 1.59,
          "y": 14.06
        },
        "dimensions": {
          "width": 1.69,
          "height": 1.89
        }
      },
      {
        "type": "Door",
        "id": 16,
        "location": {
          "x": 1.47,
          "y": 14.06
        },
        "dimensions": {
          "width": 0.36,
          "height": 0.47
        }
      },
      {
        "type": "Door",
        "id": 17,
        "location": {
          "x": 8.24,
          "y": 13.9
        },
        "dimensions": {
          "width": 0.27,
          "height": 0.31
        }
      },
      {
        "type": "Door",
        "id": 18,
        "location": {
          "x": 5.36,
          "y": 13.5
        },
        "dimensions": {
          "width": 0.13,
          "height": 0.23
        }
      },
      {
        "type": "Door",
        "id": 19,
        "location": {
          "x": 5.21,
          "y": 13.5
        },
        "dimensions": {
          "width": 0.14,
          "height": 0.23
        }
      },
      {
        "type": "Door",
        "id": 20,
        "location": {
          "x": 5.06,
          "y": 13.5
        },
        "dimensions": {
          "width": 0.14,
          "height": 0.22
        }
      },
      {
        "type": "Door",
        "id": 21,
        "location": {
          "x": 4.9,
          "y": 13.5
        },
        "dimensions": {
          "width": 0.15,
          "height": 0.23
        }
      },
      {
        "type": "Door",
        "id": 22,
        "location": {
          "x": 4.76,
          "y": 13.5
        },
        "dimensions": {
          "width": 0.13,
          "height": 0.23
        }
      },
      {
        "type": "Door",
        "id": 23,
        "location": {
          "x": 1.87,
          "y": 13.31
        },
        "dimensions": {
          "width": 0.88,
          "height": 0.63
        }
      },
      {
        "type": "Door",
        "id": 24,
        "location": {
          "x": 3.17,
          "y": 13.3
        },
        "dimensions": {
          "width": 0.62,
          "height": 0.62
        }
      },
      {
        "type": "Door",
        "id": 25,
        "location": {
          "x": 8.22,
          "y": 13.22
        },
        "dimensions": {
          "width": 0.29,
          "height": 0.6
        }
      },
      {
        "type": "Door",
        "id": 26,
        "location": {
          "x": 4.99,
          "y": 13.15
        },
        "dimensions": {
          "width": 0.15,
          "height": 0.23
        }
      },
      {
        "type": "Door",
        "id": 27,
        "location": {
          "x": 4.85,
          "y": 13.15
        },
        "dimensions": {
          "width": 0.13,
          "height": 0.23
        }
      },
      {
        "type": "Door",
        "id": 28,
        "location": {
          "x": 2.61,
          "y": 12.89
        },
        "dimensions": {
          "width": 0.55,
          "height": 0.55
        }
      },
      {
        "type": "Door",
        "id": 29,
        "location": {
          "x": 7.07,
          "y": 12.41
        },
        "dimensions": {
          "width": 0.3,
          "height": 1.46
        }
      },
      {
        "type": "Door",
        "id": 30,
        "location": {
          "x": 6.84,
          "y": 12.41
        },
        "dimensions": {
          "width": 0.19,
          "height": 0.16
        }
      },
      {
        "type": "Door",
        "id": 31,
        "location": {
          "x": 8.22,
          "y": 12.18
        },
        "dimensions": {
          "width": 0.31,
          "height": 0.34
        }
      },
      {
        "type": "Window",
        "id": 32,
        "location": {
          "x": 2.25,
          "y": 12.14
        },
        "dimensions": {
          "width": 1.27,
          "height": 0.58
        }
      },
      {
        "type": "Door",
        "id": 33,
        "location": {
          "x": 1.85,
          "y": 12.08
        },
        "dimensions": {
          "width": 4.24,
          "height": 2.51
        }
      },
      {
        "type": "Door",
        "id": 34,
        "location": {
          "x": 1.61,
          "y": 12.08
        },
        "dimensions": {
          "width": 0.23,
          "height": 1.97
        }
      },
      {
        "type": "Door",
        "id": 35,
        "location": {
          "x": 5.67,
          "y": 11.99
        },
        "dimensions": {
          "width": 0.06,
          "height": 0.65
        }
      },
      {
        "type": "Window",
        "id": 36,
        "location": {
          "x": 3.32,
          "y": 11.99
        },
        "dimensions": {
          "width": 0.45,
          "height": 0.08
        }
      },
      {
        "type": "Window",
        "id": 37,
        "location": {
          "x": 2.57,
          "y": 11.99
        },
        "dimensions": {
          "width": 0.74,
          "height": 0.08
        }
      },
      {
        "type": "Window",
        "id": 38,
        "location": {
          "x": 2.5,
          "y": 11.99
        },
        "dimensions": {
          "width": 0.75,
          "height": 0.08
        }
      },
      {
        "type": "Window",
        "id": 39,
        "location": {
          "x": 2.04,
          "y": 11.99
        },
        "dimensions": {
          "width": 0.45,
          "height": 0.08
        }
      },
      {
        "type": "Door",
        "id": 40,
        "location": {
          "x": 4.14,
          "y": 11.52
        },
        "dimensions": {
          "width": 0.32,
          "height": 1.04
        }
      },
      {
        "type": "Door",
        "id": 41,
        "location": {
          "x": 6.81,
          "y": 11.31
        },
        "dimensions": {
          "width": 0.57,
          "height": 0.61
        }
      },
      {
        "type": "Door",
        "id": 42,
        "location": {
          "x": 3.02,
          "y": 10.86
        },
        "dimensions": {
          "width": 0.1,
          "height": 0.16
        }
      },
      {
        "type": "Door",
        "id": 43,
        "location": {
          "x": 2.92,
          "y": 10.62
        },
        "dimensions": {
          "width": 0.18,
          "height": 0.16
        }
      },
      {
        "type": "Door",
        "id": 44,
        "location": {
          "x": 2.79,
          "y": 10.62
        },
        "dimensions": {
          "width": 0.12,
          "height": 0.16
        }
      },
      {
        "type": "Door",
        "id": 45,
        "location": {
          "x": 2.6,
          "y": 10.62
        },
        "dimensions": {
          "width": 0.19,
          "height": 0.16
        }
      },
      {
        "type": "Door",
        "id": 46,
        "location": {
          "x": 1.61,
          "y": 10.56
        },
        "dimensions": {
          "width": 0.09,
          "height": 0.63
        }
      },
      {
        "type": "Door",
        "id": 47,
        "location": {
          "x": 7.44,
          "y": 10.41
        },
        "dimensions": {
          "width": 0.39,
          "height": 0.56
        }
      },
      {
        "type": "Door",
        "id": 48,
        "location": {
          "x": 8.01,
          "y": 10.39
        },
        "dimensions": {
          "width": 0.67,
          "height": 1.05
        }
      },
      {
        "type": "Door",
        "id": 49,
        "location": {
          "x": 6.61,
          "y": 10.39
        },
        "dimensions": {
          "width": 0.72,
          "height": 0.37
        }
      },
      {
        "type": "Window",
        "id": 50,
        "location": {
          "x": 5.74,
          "y": 10.39
        },
        "dimensions": {
          "width": 0.79,
          "height": 0.27
        }
      },
      {
        "type": "Door",
        "id": 51,
        "location": {
          "x": 5.2,
          "y": 10.39
        },
        "dimensions": {
          "width": 2.8,
          "height": 1.42
        }
      },
      {
        "type": "Window",
        "id": 52,
        "location": {
          "x": 0.85,
          "y": 10.21
        },
        "dimensions": {
          "width": 0.76,
          "height": 0.16
        }
      },
      {
        "type": "Window",
        "id": 53,
        "location": {
          "x": 0.85,
          "y": 10.03
        },
        "dimensions": {
          "width": 0.76,
          "height": 0.17
        }
      },
      {
        "type": "Window",
        "id": 54,
        "location": {
          "x": 0.85,
          "y": 9.86
        },
        "dimensions": {
          "width": 0.76,
          "height": 0.16
        }
      },
      {
        "type": "Window",
        "id": 55,
        "location": {
          "x": 0.85,
          "y": 9.7
        },
        "dimensions": {
          "width": 0.76,
          "height": 0.15
        }
      },
      {
        "type": "Door",
        "id": 56,
        "location": {
          "x": 3.49,
          "y": 9.18
        },
        "dimensions": {
          "width": 0.09,
          "height": 0.16
        }
      },
      {
        "type": "Door",
        "id": 57,
        "location": {
          "x": 2.99,
          "y": 9.18
        },
        "dimensions": {
          "width": 0.1,
          "height": 0.16
        }
      },
      {
        "type": "Door",
        "id": 58,
        "location": {
          "x": 5.86,
          "y": 9.0
        },
        "dimensions": {
          "width": 2.08,
          "height": 1.3
        }
      },
      {
        "type": "Door",
        "id": 59,
        "location": {
          "x": 8.59,
          "y": 8.75
        },
        "dimensions": {
          "width": 0.09,
          "height": 0.7
        }
      },
      {
        "type": "Door",
        "id": 60,
        "location": {
          "x": 8.0,
          "y": 8.72
        },
        "dimensions": {
          "width": 0.45,
          "height": 1.58
        }
      },
      {
        "type": "Door",
        "id": 61,
        "location": {
          "x": 6.65,
          "y": 8.64
        },
        "dimensions": {
          "width": 0.66,
          "height": 0.65
        }
      },
      {
        "type": "Door",
        "id": 62,
        "location": {
          "x": 1.59,
          "y": 8.21
        },
        "dimensions": {
          "width": 1.76,
          "height": 1.5
        }
      },
      {
        "type": "Window",
        "id": 63,
        "location": {
          "x": 2.76,
          "y": 7.88
        },
        "dimensions": {
          "width": 1.42,
          "height": 0.32
        }
      },
      {
        "type": "Door",
        "id": 64,
        "location": {
          "x": 8.97,
          "y": 7.81
        },
        "dimensions": {
          "width": 0.22,
          "height": 0.14
        }
      },
      {
        "type": "Window",
        "id": 65,
        "location": {
          "x": 6.44,
          "y": 7.71
        },
        "dimensions": {
          "width": 1.15,
          "height": 0.1
        }
      },
      {
        "type": "Door",
        "id": 66,
        "location": {
          "x": 8.97,
          "y": 7.5
        },
        "dimensions": {
          "width": 0.23,
          "height": 0.14
        }
      },
      {
        "type": "Door",
        "id": 67,
        "location": {
          "x": 3.53,
          "y": 7.15
        },
        "dimensions": {
          "width": 0.17,
          "height": 0.65
        }
      },
      {
        "type": "Door",
        "id": 68,
        "location": {
          "x": 3.32,
          "y": 7.15
        },
        "dimensions": {
          "width": 0.2,
          "height": 0.65
        }
      },
      {
        "type": "Door",
        "id": 69,
        "location": {
          "x": 2.95,
          "y": 7.15
        },
        "dimensions": {
          "width": 0.17,
          "height": 0.65
        }
      },
      {
        "type": "Door",
        "id": 70,
        "location": {
          "x": 1.68,
          "y": 7.15
        },
        "dimensions": {
          "width": 1.26,
          "height": 1.39
        }
      },
      {
        "type": "Door",
        "id": 71,
        "location": {
          "x": 1.7,
          "y": 7.06
        },
        "dimensions": {
          "width": 6.98,
          "height": 7.23
        }
      },
      {
        "type": "Door",
        "id": 72,
        "location": {
          "x": 2.51,
          "y": 7.03
        },
        "dimensions": {
          "width": 2.09,
          "height": 1.73
        }
      },
      {
        "type": "Door",
        "id": 73,
        "location": {
          "x": 8.59,
          "y": 6.68
        },
        "dimensions": {
          "width": 0.04,
          "height": 0.54
        }
      },
      {
        "type": "Door",
        "id": 74,
        "location": {
          "x": 7.28,
          "y": 6.67
        },
        "dimensions": {
          "width": 0.09,
          "height": 0.16
        }
      },
      {
        "type": "Door",
        "id": 75,
        "location": {
          "x": 7.09,
          "y": 6.43
        },
        "dimensions": {
          "width": 0.18,
          "height": 0.16
        }
      },
      {
        "type": "Door",
        "id": 76,
        "location": {
          "x": 6.88,
          "y": 6.43
        },
        "dimensions": {
          "width": 0.2,
          "height": 0.17
        }
      },
      {
        "type": "Door",
        "id": 77,
        "location": {
          "x": 6.66,
          "y": 6.43
        },
        "dimensions": {
          "width": 0.13,
          "height": 0.16
        }
      },
      {
        "type": "Door",
        "id": 78,
        "location": {
          "x": 2.89,
          "y": 6.16
        },
        "dimensions": {
          "width": 0.7,
          "height": 0.68
        }
      },
      {
        "type": "Door",
        "id": 79,
        "location": {
          "x": 1.67,
          "y": 6.09
        },
        "dimensions": {
          "width": 0.03,
          "height": 0.6
        }
      },
      {
        "type": "Door",
        "id": 80,
        "location": {
          "x": 3.88,
          "y": 5.8
        },
        "dimensions": {
          "width": 0.4,
          "height": 0.39
        }
      },
      {
        "type": "Door",
        "id": 81,
        "location": {
          "x": 2.42,
          "y": 5.78
        },
        "dimensions": {
          "width": 0.61,
          "height": 0.61
        }
      },
      {
        "type": "Door",
        "id": 82,
        "location": {
          "x": 2.59,
          "y": 5.17
        },
        "dimensions": {
          "width": 0.1,
          "height": 0.16
        }
      },
      {
        "type": "Door",
        "id": 83,
        "location": {
          "x": 2.45,
          "y": 5.17
        },
        "dimensions": {
          "width": 0.09,
          "height": 0.16
        }
      },
      {
        "type": "Door",
        "id": 84,
        "location": {
          "x": 8.59,
          "y": 4.99
        },
        "dimensions": {
          "width": 0.12,
          "height": 8.41
        }
      },
      {
        "type": "Door",
        "id": 85,
        "location": {
          "x": 3.77,
          "y": 4.46
        },
        "dimensions": {
          "width": 0.6,
          "height": 1.31
        }
      },
      {
        "type": "Door",
        "id": 86,
        "location": {
          "x": 6.36,
          "y": 4.33
        },
        "dimensions": {
          "width": 1.09,
          "height": 1.9
        }
      },
      {
        "type": "Door",
        "id": 87,
        "location": {
          "x": 3.88,
          "y": 4.05
        },
        "dimensions": {
          "width": 0.4,
          "height": 0.39
        }
      },
      {
        "type": "Door",
        "id": 88,
        "location": {
          "x": 3.12,
          "y": 3.96
        },
        "dimensions": {
          "width": 0.33,
          "height": 0.31
        }
      },
      {
        "type": "Door",
        "id": 89,
        "location": {
          "x": 1.67,
          "y": 3.83
        },
        "dimensions": {
          "width": 0.03,
          "height": 0.6
        }
      },
      {
        "type": "Door",
        "id": 90,
        "location": {
          "x": 1.61,
          "y": 3.82
        },
        "dimensions": {
          "width": 0.05,
          "height": 0.61
        }
      },
      {
        "type": "Door",
        "id": 91,
        "location": {
          "x": 0.76,
          "y": 3.81
        },
        "dimensions": {
          "width": 0.93,
          "height": 12.17
        }
      },
      {
        "type": "Door",
        "id": 92,
        "location": {
          "x": 3.12,
          "y": 3.78
        },
        "dimensions": {
          "width": 0.33,
          "height": 0.17
        }
      },
      {
        "type": "Door",
        "id": 93,
        "location": {
          "x": 3.05,
          "y": 3.76
        },
        "dimensions": {
          "width": 0.49,
          "height": 0.53
        }
      },
      {
        "type": "Door",
        "id": 94,
        "location": {
          "x": 2.36,
          "y": 3.76
        },
        "dimensions": {
          "width": 0.49,
          "height": 0.53
        }
      },
      {
        "type": "Door",
        "id": 95,
        "location": {
          "x": 8.13,
          "y": 3.53
        },
        "dimensions": {
          "width": 0.45,
          "height": 0.63
        }
      },
      {
        "type": "Door",
        "id": 96,
        "location": {
          "x": 5.36,
          "y": 3.48
        },
        "dimensions": {
          "width": 0.09,
          "height": 0.14
        }
      },
      {
        "type": "Door",
        "id": 97,
        "location": {
          "x": 5.14,
          "y": 3.35
        },
        "dimensions": {
          "width": 3.54,
          "height": 4.52
        }
      },
      {
        "type": "Door",
        "id": 98,
        "location": {
          "x": 1.3,
          "y": 3.35
        },
        "dimensions": {
          "width": 4.05,
          "height": 3.7
        }
      },
      {
        "type": "Door",
        "id": 99,
        "location": {
          "x": 7.17,
          "y": 3.27
        },
        "dimensions": {
          "width": 0.13,
          "height": 0.16
        }
      },
      {
        "type": "Window",
        "id": 100,
        "location": {
          "x": 6.84,
          "y": 3.27
        },
        "dimensions": {
          "width": 0.33,
          "height": 0.16
        }
      },
      {
        "type": "Window",
        "id": 101,
        "location": {
          "x": 6.69,
          "y": 3.04
        },
        "dimensions": {
          "width": 0.33,
          "height": 0.16
        }
      },
      {
        "type": "Door",
        "id": 102,
        "location": {
          "x": 4.67,
          "y": 2.62
        },
        "dimensions": {
          "width": 0.19,
          "height": 0.16
        }
      },
      {
        "type": "Door",
        "id": 103,
        "location": {
          "x": 4.39,
          "y": 2.62
        },
        "dimensions": {
          "width": 0.28,
          "height": 0.16
        }
      },
      {
        "type": "Door",
        "id": 104,
        "location": {
          "x": 7.4,
          "y": 2.56
        },
        "dimensions": {
          "width": 0.21,
          "height": 0.16
        }
      },
      {
        "type": "Door",
        "id": 105,
        "location": {
          "x": 6.91,
          "y": 2.56
        },
        "dimensions": {
          "width": 0.22,
          "height": 0.17
        }
      },
      {
        "type": "Door",
        "id": 106,
        "location": {
          "x": 6.43,
          "y": 2.56
        },
        "dimensions": {
          "width": 0.21,
          "height": 0.16
        }
      },
      {
        "type": "Door",
        "id": 107,
        "location": {
          "x": 7.75,
          "y": 2.16
        },
        "dimensions": {
          "width": 0.17,
          "height": 0.21
        }
      },
      {
        "type": "Door",
        "id": 108,
        "location": {
          "x": 1.73,
          "y": 2.12
        },
        "dimensions": {
          "width": 1.66,
          "height": 1.15
        }
      },
      {
        "type": "Door",
        "id": 109,
        "location": {
          "x": 7.4,
          "y": 1.81
        },
        "dimensions": {
          "width": 0.21,
          "height": 0.18
        }
      },
      {
        "type": "Door",
        "id": 110,
        "location": {
          "x": 6.91,
          "y": 1.79
        },
        "dimensions": {
          "width": 0.22,
          "height": 0.2
        }
      },
      {
        "type": "Window",
        "id": 111,
        "location": {
          "x": 6.05,
          "y": 1.74
        },
        "dimensions": {
          "width": 1.94,
          "height": 0.63
        }
      },
      {
        "type": "Door",
        "id": 112,
        "location": {
          "x": 8.59,
          "y": 1.66
        },
        "dimensions": {
          "width": 0.09,
          "height": 1.25
        }
      },
      {
        "type": "Window",
        "id": 113,
        "location": {
          "x": 1.73,
          "y": 1.24
        },
        "dimensions": {
          "width": 2.21,
          "height": 0.61
        }
      },
      {
        "type": "Door",
        "id": 114,
        "location": {
          "x": 1.63,
          "y": 1.23
        },
        "dimensions": {
          "width": 0.06,
          "height": 0.99
        }
      },
      {
        "type": "Door",
        "id": 115,
        "location": {
          "x": 5.34,
          "y": 1.18
        },
        "dimensions": {
          "width": 3.24,
          "height": 2.28
        }
      },
      {
        "type": "Door",
        "id": 116,
        "location": {
          "x": 1.61,
          "y": 1.08
        },
        "dimensions": {
          "width": 0.13,
          "height": 0.14
        }
      },
      {
        "type": "Door",
        "id": 117,
        "location": {
          "x": 1.62,
          "y": 0.87
        },
        "dimensions": {
          "width": 4.29,
          "height": 2.49
        }
      },
      {
        "type": "Window",
        "id": 118,
        "location": {
          "x": 6.08,
          "y": 0.81
        },
        "dimensions": {
          "width": 1.88,
          "height": 0.36
        }
      },
      {
        "type": "Door",
        "id": 119,
        "location": {
          "x": 1.59,
          "y": 0.44
        },
        "dimensions": {
          "width": 7.12,
          "height": 4.6
        }
      }
    ]
  }
}