{
  "floorPlan": {
    "name": "Floor Plan 1_15.jpg",
    "units": "feet",
    "totalArea": 0,
    "totalRooms": 0,
    "rooms": [],
    "doorsAndWindows": [
      {
        "type": "Window",
        "id": 1,
        "location": {
          "x": 3.12,
          "y": 6.17
        },
        "dimensions": {
          "width": 1.48,
          "height": 0.07
        }
      },
      {
        "type": "Door",
        "id": 2,
        "location": {
          "x": 1.25,
          "y": 0.17
        },
        "dimensions": {
          "width": 7.78,
          "height": 7.14
        }
      },
      {
        "type": "Door",
        "id": 3,
        "location": {
          "x": 7.71,
          "y": 0.16
        },
        "dimensions": {
          "width": 1.73,
          "height": 7.18
        }
      }
    ]
  }
}