{
  "floorPlan": {
    "name": "Floor Plan 1_18.jpg",
    "units": "feet",
    "totalArea": 83.42,
    "totalRooms": 19,
    "rooms": [
      {
        "id": 1,
        "name": "Room_1",
        "shape": "Hexagon",
        "dimensions": {
          "width": 1.0,
          "length": 1.42,
          "height": 1.14
        },
        "position": {
          "x": 0.7,
          "y": 20.45
        },
        "windows": [],
        "doors": [],
        "connected_to": []
      },
      {
        "id": 2,
        "name": "Room_2",
        "shape": "Octagon",
        "dimensions": {
          "width": 0.61,
          "length": 1.25,
          "height": 1.0
        },
        "position": {
          "x": 6.37,
          "y": 18.86
        },
        "windows": [],
        "doors": [],
        "connected_to": []
      },
      {
        "id": 3,
        "name": "Room_3",
        "shape": "Hexagon",
        "dimensions": {
          "width": 0.64,
          "length": 0.57,
          "height": 0.51
        },
        "position": {
          "x": 9.25,
          "y": 18.48
        },
        "windows": [],
        "doors": [],
        "connected_to": []
      },
      {
        "id": 4,
        "name": "Room_4",
        "shape": "Octagon",
        "dimensions": {
          "width": 1.29,
          "length": 5.13,
          "height": 4.1
        },
        "position": {
          "x": 3.96,
          "y": 16.74
        },
        "windows": [],
        "doors": [],
        "connected_to": []
      },
      {
        "id": 5,
        "name": "Room_5",
        "shape": "Irregular",
        "dimensions": {
          "width": 1.52,
          "length": 2.49,
          "height": 1.99
        },
        "position": {
          "x": 0.47,
          "y": 15.69
        },
        "windows": [],
        "doors": [
          {
            "type": "Door",
            "id": 33,
            "location": {
              "x": 1.55,
              "y": 16.18
            },
            "dimensions": {
              "width": 0.18,
              "height": 0.19
            }
          },
          {
            "type": "Door",
            "id": 35,
            "location": {
              "x": 0.56,
              "y": 15.79
            },
            "dimensions": {
              "width": 1.17,
              "height": 0.79
            }
          }
        ],
        "connected_to": []
      },
      {
        "id": 6,
        "name": "Room_6",
        "shape": "Irregular",
        "dimensions": {
          "width": 1.78,
          "length": 1.44,
          "height": 1.42
        },
        "position": {
          "x": 2.99,
          "y": 15.5
        },
        "windows": [],
        "doors": [
          {
            "type": "Door",
            "id": 38,
            "location": {
              "x": 3.12,
              "y": 15.52
            },
            "dimensions": {
              "width": 0.04,
              "height": 0.37
            }
          }
        ],
        "connected_to": [
          9
        ]
      },
      {
        "id": 7,
        "name": "Room_7",
        "shape": "Irregular",
        "dimensions": {
          "width": 0.73,
          "length": 2.57,
          "height": 2.06
        },
        "position": {
          "x": 9.51,
          "y": 14.79
        },
        "windows": [],
        "doors": [
          {
            "type": "Door",
            "id": 39,
            "location": {
              "x": 9.66,
              "y": 15.5
            },
            "dimensions": {
              "width": 0.32,
              "height": 0.32
            }
          },
          {
            "type": "Door",
            "id": 48,
            "location": {
              "x": 10.07,
              "y": 15.26
            },
            "dimensions": {
              "width": 0.06,
              "height": 0.86
            }
          }
        ],
        "connected_to": []
      },
      {
        "id": 8,
        "name": "Room_8",
        "shape": "Irregular",
        "dimensions": {
          "width": 4.41,
          "length": 0.77,
          "height": 3.53
        },
        "position": {
          "x": 0.4,
          "y": 13.87
        },
        "windows": [
          {
            "type": "Window",
            "id": 59,
            "location": {
              "x": 0.74,
              "y": 13.98
            },
            "dimensions": {
              "width": 0.63,
              "height": 0.24
            }
          }
        ],
        "doors": [
          {
            "type": "Door",
            "id": 56,
            "location": {
              "x": 1.95,
              "y": 14.56
            },
            "dimensions": {
              "width": 0.43,
              "height": 0.27
            }
          },
          {
            "type": "Door",
            "id": 57,
            "location": {
              "x": 0.42,
              "y": 14.27
            },
            "dimensions": {
              "width": 1.23,
              "height": 1.5
            }
          },
          {
            "type": "Door",
            "id": 58,
            "location": {
              "x": 2.13,
              "y": 13.98
            },
            "dimensions": {
              "width": 0.54,
              "height": 0.5
            }
          },
          {
            "type": "Door",
            "id": 60,
            "location": {
              "x": 0.53,
              "y": 13.92
            },
            "dimensions": {
              "width": 4.24,
              "height": 3.01
            }
          }
        ],
        "connected_to": [
          9,
          10
        ]
      },
      {
        "id": 9,
        "name": "Room_9",
        "shape": "Hexagon",
        "dimensions": {
          "width": 3.98,
          "length": 1.95,
          "height": 3.18
        },
        "position": {
          "x": 0.92,
          "y": 13.79
        },
        "windows": [],
        "doors": [
          {
            "type": "Door",
            "id": 36,
            "location": {
              "x": 1.72,
              "y": 15.66
            },
            "dimensions": {
              "width": 0.14,
              "height": 1.15
            }
          },
          {
            "type": "Door",
            "id": 38,
            "location": {
              "x": 3.12,
              "y": 15.52
            },
            "dimensions": {
              "width": 0.04,
              "height": 0.37
            }
          },
          {
            "type": "Door",
            "id": 47,
            "location": {
              "x": 1.85,
              "y": 15.39
            },
            "dimensions": {
              "width": 0.13,
              "height": 0.16
            }
          },
          {
            "type": "Door",
            "id": 50,
            "location": {
              "x": 1.81,
              "y": 14.97
            },
            "dimensions": {
              "width": 0.26,
              "height": 0.27
            }
          },
          {
            "type": "Door",
            "id": 51,
            "location": {
              "x": 1.24,
              "y": 14.97
            },
            "dimensions": {
              "width": 0.26,
              "height": 0.27
            }
          },
          {
            "type": "Door",
            "id": 52,
            "location": {
              "x": 2.09,
              "y": 14.96
            },
            "dimensions": {
              "width": 0.23,
              "height": 0.27
            }
          },
          {
            "type": "Door",
            "id": 53,
            "location": {
              "x": 1.52,
              "y": 14.96
            },
            "dimensions": {
              "width": 0.26,
              "height": 0.27
            }
          },
          {
            "type": "Door",
            "id": 54,
            "location": {
              "x": 3.68,
              "y": 14.94
            },
            "dimensions": {
              "width": 0.13,
              "height": 0.16
            }
          },
          {
            "type": "Door",
            "id": 55,
            "location": {
              "x": 2.87,
              "y": 14.87
            },
            "dimensions": {
              "width": 0.09,
              "height": 0.62
            }
          },
          {
            "type": "Door",
            "id": 56,
            "location": {
              "x": 1.95,
              "y": 14.56
            },
            "dimensions": {
              "width": 0.43,
              "height": 0.27
            }
          },
          {
            "type": "Door",
            "id": 58,
            "location": {
              "x": 2.13,
              "y": 13.98
            },
            "dimensions": {
              "width": 0.54,
              "height": 0.5
            }
          }
        ],
        "connected_to": [
          8,
          6
        ]
      },
      {
        "id": 10,
        "name": "Room_10",
        "shape": "Octagon",
        "dimensions": {
          "width": 0.56,
          "length": 2.25,
          "height": 1.8
        },
        "position": {
          "x": 0.35,
          "y": 11.98
        },
        "windows": [
          {
            "type": "Window",
            "id": 59,
            "location": {
              "x": 0.74,
              "y": 13.98
            },
            "dimensions": {
              "width": 0.63,
              "height": 0.24
            }
          }
        ],
        "doors": [
          {
            "type": "Door",
            "id": 60,
            "location": {
              "x": 0.53,
              "y": 13.92
            },
            "dimensions": {
              "width": 4.24,
              "height": 3.01
            }
          }
        ],
        "connected_to": [
          8
        ]
      },
      {
        "id": 11,
        "name": "Room_11",
        "shape": "Octagon",
        "dimensions": {
          "width": 1.92,
          "length": 1.39,
          "height": 1.54
        },
        "position": {
          "x": 7.97,
          "y": 10.01
        },
        "windows": [],
        "doors": [
          {
            "type": "Door",
            "id": 68,
            "location": {
              "x": 8.15,
              "y": 11.01
            },
            "dimensions": {
              "width": 0.28,
              "height": 0.28
            }
          }
        ],
        "connected_to": []
      },
      {
        "id": 12,
        "name": "Room_12",
        "shape": "Irregular",
        "dimensions": {
          "width": 1.13,
          "length": 2.29,
          "height": 1.83
        },
        "position": {
          "x": 0.7,
          "y": 8.57
        },
        "windows": [],
        "doors": [
          {
            "type": "Door",
            "id": 83,
            "location": {
              "x": 0.98,
              "y": 8.85
            },
            "dimensions": {
              "width": 0.76,
              "height": 0.86
            }
          }
        ],
        "connected_to": []
      },
      {
        "id": 13,
        "name": "Room_13",
        "shape": "Irregular",
        "dimensions": {
          "width": 2.97,
          "length": 3.2,
          "height": 2.56
        },
        "position": {
          "x": 3.22,
          "y": 7.59
        },
        "windows": [],
        "doors": [
          {
            "type": "Door",
            "id": 79,
            "location": {
              "x": 4.23,
              "y": 9.81
            },
            "dimensions": {
              "width": 0.99,
              "height": 0.9
            }
          },
          {
            "type": "Door",
            "id": 80,
            "location": {
              "x": 3.58,
              "y": 9.04
            },
            "dimensions": {
              "width": 0.56,
              "height": 0.44
            }
          },
          {
            "type": "Door",
            "id": 81,
            "location": {
              "x": 3.3,
              "y": 8.94
            },
            "dimensions": {
              "width": 0.26,
              "height": 0.66
            }
          },
          {
            "type": "Door",
            "id": 87,
            "location": {
              "x": 5.15,
              "y": 8.42
            },
            "dimensions": {
              "width": 0.13,
              "height": 0.16
            }
          },
          {
            "type": "Door",
            "id": 88,
            "location": {
              "x": 4.81,
              "y": 8.42
            },
            "dimensions": {
              "width": 0.13,
              "height": 0.16
            }
          },
          {
            "type": "Door",
            "id": 89,
            "location": {
              "x": 4.46,
              "y": 8.42
            },
            "dimensions": {
              "width": 0.13,
              "height": 0.16
            }
          },
          {
            "type": "Door",
            "id": 90,
            "location": {
              "x": 4.12,
              "y": 8.42
            },
            "dimensions": {
              "width": 0.14,
              "height": 0.16
            }
          },
          {
            "type": "Door",
            "id": 98,
            "location": {
              "x": 4.18,
              "y": 8.0
            },
            "dimensions": {
              "width": 0.25,
              "height": 0.27
            }
          },
          {
            "type": "Door",
            "id": 99,
            "location": {
              "x": 4.45,
              "y": 7.99
            },
            "dimensions": {
              "width": 0.27,
              "height": 0.27
            }
          }
        ],
        "connected_to": [
          17
        ]
      },
      {
        "id": 14,
        "name": "Room_14",
        "shape": "Hexagon",
        "dimensions": {
          "width": 1.25,
          "length": 0.88,
          "height": 1.0
        },
        "position": {
          "x": 8.64,
          "y": 6.87
        },
        "windows": [],
        "doors": [],
        "connected_to": []
      },
      {
        "id": 15,
        "name": "Room_15",
        "shape": "Irregular",
        "dimensions": {
          "width": 3.18,
          "length": 2.64,
          "height": 2.54
        },
        "position": {
          "x": 3.27,
          "y": 5.1
        },
        "windows": [],
        "doors": [
          {
            "type": "Door",
            "id": 106,
            "location": {
              "x": 6.19,
              "y": 5.13
            },
            "dimensions": {
              "width": 3.68,
              "height": 1.91
            }
          }
        ],
        "connected_to": [
          17
        ]
      },
      {
        "id": 16,
        "name": "Room_16",
        "shape": "Irregular",
        "dimensions": {
          "width": 1.32,
          "length": 3.18,
          "height": 2.54
        },
        "position": {
          "x": 0.7,
          "y": 4.63
        },
        "windows": [
          {
            "type": "Window",
            "id": 103,
            "location": {
              "x": 2.01,
              "y": 7.36
            },
            "dimensions": {
              "width": 1.02,
              "height": 0.21
            }
          }
        ],
        "doors": [
          {
            "type": "Door",
            "id": 101,
            "location": {
              "x": 0.72,
              "y": 7.58
            },
            "dimensions": {
              "width": 5.65,
              "height": 8.36
            }
          },
          {
            "type": "Door",
            "id": 102,
            "location": {
              "x": 1.58,
              "y": 7.5
            },
            "dimensions": {
              "width": 1.41,
              "height": 1.02
            }
          },
          {
            "type": "Door",
            "id": 105,
            "location": {
              "x": 1.04,
              "y": 5.27
            },
            "dimensions": {
              "width": 0.73,
              "height": 0.91
            }
          }
        ],
        "connected_to": []
      },
      {
        "id": 17,
        "name": "Room_17",
        "shape": "Irregular",
        "dimensions": {
          "width": 3.49,
          "length": 6.43,
          "height": 5.14
        },
        "position": {
          "x": 2.83,
          "y": 4.49
        },
        "windows": [],
        "doors": [
          {
            "type": "Door",
            "id": 78,
            "location": {
              "x": 2.95,
              "y": 9.93
            },
            "dimensions": {
              "width": 1.1,
              "height": 1.03
            }
          },
          {
            "type": "Door",
            "id": 79,
            "location": {
              "x": 4.23,
              "y": 9.81
            },
            "dimensions": {
              "width": 0.99,
              "height": 0.9
            }
          },
          {
            "type": "Door",
            "id": 80,
            "location": {
              "x": 3.58,
              "y": 9.04
            },
            "dimensions": {
              "width": 0.56,
              "height": 0.44
            }
          },
          {
            "type": "Door",
            "id": 81,
            "location": {
              "x": 3.3,
              "y": 8.94
            },
            "dimensions": {
              "width": 0.26,
              "height": 0.66
            }
          },
          {
            "type": "Door",
            "id": 87,
            "location": {
              "x": 5.15,
              "y": 8.42
            },
            "dimensions": {
              "width": 0.13,
              "height": 0.16
            }
          },
          {
            "type": "Door",
            "id": 88,
            "location": {
              "x": 4.81,
              "y": 8.42
            },
            "dimensions": {
              "width": 0.13,
              "height": 0.16
            }
          },
          {
            "type": "Door",
            "id": 89,
            "location": {
              "x": 4.46,
              "y": 8.42
            },
            "dimensions": {
              "width": 0.13,
              "height": 0.16
            }
          },
          {
            "type": "Door",
            "id": 90,
            "location": {
              "x": 4.12,
              "y": 8.42
            },
            "dimensions": {
              "width": 0.14,
              "height": 0.16
            }
          },
          {
            "type": "Door",
            "id": 98,
            "location": {
              "x": 4.18,
              "y": 8.0
            },
            "dimensions": {
              "width": 0.25,
              "height": 0.27
            }
          },
          {
            "type": "Door",
            "id": 99,
            "location": {
              "x": 4.45,
              "y": 7.99
            },
            "dimensions": {
              "width": 0.27,
              "height": 0.27
            }
          },
          {
            "type": "Door",
            "id": 106,
            "location": {
              "x": 6.19,
              "y": 5.13
            },
            "dimensions": {
              "width": 3.68,
              "height": 1.91
            }
          }
        ],
        "connected_to": [
          13,
          15
        ]
      },
      {
        "id": 18,
        "name": "Room_18",
        "shape": "Hexagon",
        "dimensions": {
          "width": 0.91,
          "length": 2.23,
          "height": 1.78
        },
        "position": {
          "x": 5.28,
          "y": 0.0
        },
        "windows": [],
        "doors": [],
        "connected_to": []
      },
      {
        "id": 19,
        "name": "Room_19",
        "shape": "Irregular",
        "dimensions": {
          "width": 0.19,
          "length": 3.63,
          "height": 2.9
        },
        "position": {
          "x": 1.23,
          "y": 0.0
        },
        "windows": [],
        "doors": [],
        "connected_to": []
      }
    ],
    "doorsAndWindows": [
      {
        "type": "Window",
        "id": 1,
        "location": {
          "x": 4.89,
          "y": 22.56
        },
        "dimensions": {
          "width": 1.84,
          "height": 0.7
        }
      },
      {
        "type": "Window",
        "id": 2,
        "location": {
          "x": 4.93,
          "y": 22.24
        },
        "dimensions": {
          "width": 1.76,
          "height": 0.31
        }
      },
      {
        "type": "Window",
        "id": 3,
        "location": {
          "x": 4.93,
          "y": 21.92
        },
        "dimensions": {
          "width": 1.76,
          "height": 0.31
        }
      },
      {
        "type": "Door",
        "id": 4,
        "location": {
          "x": 4.89,
          "y": 21.92
        },
        "dimensions": {
          "width": 0.03,
          "height": 0.63
        }
      },
      {
        "type": "Window",
        "id": 5,
        "location": {
          "x": 2.91,
          "y": 21.75
        },
        "dimensions": {
          "width": 0.98,
          "height": 0.05
        }
      },
      {
        "type": "Door",
        "id": 6,
        "location": {
          "x": 9.34,
          "y": 21.32
        },
        "dimensions": {
          "width": 0.82,
          "height": 0.81
        }
      },
      {
        "type": "Door",
        "id": 7,
        "location": {
          "x": 7.92,
          "y": 20.88
        },
        "dimensions": {
          "width": 0.13,
          "height": 0.16
        }
      },
      {
        "type": "Door",
        "id": 8,
        "location": {
          "x": 7.58,
          "y": 20.88
        },
        "dimensions": {
          "width": 0.13,
          "height": 0.16
        }
      },
      {
        "type": "Door",
        "id": 9,
        "location": {
          "x": 7.23,
          "y": 20.88
        },
        "dimensions": {
          "width": 0.14,
          "height": 0.16
        }
      },
      {
        "type": "Door",
        "id": 10,
        "location": {
          "x": 8.2,
          "y": 20.48
        },
        "dimensions": {
          "width": 0.18,
          "height": 0.11
        }
      },
      {
        "type": "Door",
        "id": 11,
        "location": {
          "x": 8.44,
          "y": 20.46
        },
        "dimensions": {
          "width": 0.25,
          "height": 0.27
        }
      },
      {
        "type": "Door",
        "id": 12,
        "location": {
          "x": 7.88,
          "y": 20.46
        },
        "dimensions": {
          "width": 0.26,
          "height": 0.27
        }
      },
      {
        "type": "Door",
        "id": 13,
        "location": {
          "x": 7.62,
          "y": 20.46
        },
        "dimensions": {
          "width": 0.23,
          "height": 0.28
        }
      },
      {
        "type": "Door",
        "id": 14,
        "location": {
          "x": 6.54,
          "y": 20.46
        },
        "dimensions": {
          "width": 0.27,
          "height": 0.27
        }
      },
      {
        "type": "Door",
        "id": 15,
        "location": {
          "x": 6.27,
          "y": 20.46
        },
        "dimensions": {
          "width": 0.25,
          "height": 0.28
        }
      },
      {
        "type": "Door",
        "id": 16,
        "location": {
          "x": 6.03,
          "y": 20.46
        },
        "dimensions": {
          "width": 0.2,
          "height": 0.28
        }
      },
      {
        "type": "Door",
        "id": 17,
        "location": {
          "x": 0.77,
          "y": 19.38
        },
        "dimensions": {
          "width": 0.05,
          "height": 1.0
        }
      },
      {
        "type": "Door",
        "id": 18,
        "location": {
          "x": 3.19,
          "y": 19.36
        },
        "dimensions": {
          "width": 0.13,
          "height": 0.16
        }
      },
      {
        "type": "Door",
        "id": 19,
        "location": {
          "x": 2.43,
          "y": 19.36
        },
        "dimensions": {
          "width": 0.14,
          "height": 0.16
        }
      },
      {
        "type": "Door",
        "id": 20,
        "location": {
          "x": 3.17,
          "y": 18.94
        },
        "dimensions": {
          "width": 0.27,
          "height": 0.26
        }
      },
      {
        "type": "Door",
        "id": 21,
        "location": {
          "x": 2.9,
          "y": 18.94
        },
        "dimensions": {
          "width": 0.26,
          "height": 0.26
        }
      },
      {
        "type": "Door",
        "id": 22,
        "location": {
          "x": 2.62,
          "y": 18.94
        },
        "dimensions": {
          "width": 0.26,
          "height": 0.27
        }
      },
      {
        "type": "Door",
        "id": 23,
        "location": {
          "x": 2.32,
          "y": 18.94
        },
        "dimensions": {
          "width": 0.26,
          "height": 0.27
        }
      },
      {
        "type": "Door",
        "id": 24,
        "location": {
          "x": 2.07,
          "y": 18.94
        },
        "dimensions": {
          "width": 0.21,
          "height": 0.27
        }
      },
      {
        "type": "Door",
        "id": 25,
        "location": {
          "x": 1.77,
          "y": 18.94
        },
        "dimensions": {
          "width": 0.26,
          "height": 0.27
        }
      },
      {
        "type": "Door",
        "id": 26,
        "location": {
          "x": 3.33,
          "y": 18.55
        },
        "dimensions": {
          "width": 0.26,
          "height": 0.27
        }
      },
      {
        "type": "Door",
        "id": 27,
        "location": {
          "x": 2.52,
          "y": 18.55
        },
        "dimensions": {
          "width": 0.24,
          "height": 0.26
        }
      },
      {
        "type": "Door",
        "id": 28,
        "location": {
          "x": 1.91,
          "y": 18.55
        },
        "dimensions": {
          "width": 0.28,
          "height": 0.26
        }
      },
      {
        "type": "Door",
        "id": 29,
        "location": {
          "x": 2.22,
          "y": 18.54
        },
        "dimensions": {
          "width": 0.27,
          "height": 0.27
        }
      },
      {
        "type": "Door",
        "id": 30,
        "location": {
          "x": 6.14,
          "y": 18.48
        },
        "dimensions": {
          "width": 0.26,
          "height": 0.28
        }
      },
      {
        "type": "Door",
        "id": 31,
        "location": {
          "x": 5.86,
          "y": 18.48
        },
        "dimensions": {
          "width": 0.26,
          "height": 0.27
        }
      },
      {
        "type": "Door",
        "id": 32,
        "location": {
          "x": 5.57,
          "y": 18.47
        },
        "dimensions": {
          "width": 0.26,
          "height": 0.28
        }
      },
      {
        "type": "Door",
        "id": 33,
        "location": {
          "x": 1.55,
          "y": 16.18
        },
        "dimensions": {
          "width": 0.18,
          "height": 0.19
        }
      },
      {
        "type": "Door",
        "id": 34,
        "location": {
          "x": 7.56,
          "y": 15.88
        },
        "dimensions": {
          "width": 0.13,
          "height": 0.16
        }
      },
      {
        "type": "Door",
        "id": 35,
        "location": {
          "x": 0.56,
          "y": 15.79
        },
        "dimensions": {
          "width": 1.17,
          "height": 0.79
        }
      },
      {
        "type": "Door",
        "id": 36,
        "location": {
          "x": 1.72,
          "y": 15.66
        },
        "dimensions": {
          "width": 0.14,
          "height": 1.15
        }
      },
      {
        "type": "Window",
        "id": 37,
        "location": {
          "x": 0.52,
          "y": 15.66
        },
        "dimensions": {
          "width": 0.4,
          "height": 0.1
        }
      },
      {
        "type": "Door",
        "id": 38,
        "location": {
          "x": 3.12,
          "y": 15.52
        },
        "dimensions": {
          "width": 0.04,
          "height": 0.37
        }
      },
      {
        "type": "Door",
        "id": 39,
        "location": {
          "x": 9.66,
          "y": 15.5
        },
        "dimensions": {
          "width": 0.32,
          "height": 0.32
        }
      },
      {
        "type": "Door",
        "id": 40,
        "location": {
          "x": 7.36,
          "y": 15.48
        },
        "dimensions": {
          "width": 0.18,
          "height": 0.1
        }
      },
      {
        "type": "Door",
        "id": 41,
        "location": {
          "x": 6.01,
          "y": 15.48
        },
        "dimensions": {
          "width": 0.18,
          "height": 0.1
        }
      },
      {
        "type": "Door",
        "id": 42,
        "location": {
          "x": 8.17,
          "y": 15.46
        },
        "dimensions": {
          "width": 0.28,
          "height": 0.26
        }
      },
      {
        "type": "Door",
        "id": 43,
        "location": {
          "x": 7.88,
          "y": 15.46
        },
        "dimensions": {
          "width": 0.27,
          "height": 0.26
        }
      },
      {
        "type": "Door",
        "id": 44,
        "location": {
          "x": 7.61,
          "y": 15.46
        },
        "dimensions": {
          "width": 0.26,
          "height": 0.27
        }
      },
      {
        "type": "Door",
        "id": 45,
        "location": {
          "x": 6.8,
          "y": 15.45
        },
        "dimensions": {
          "width": 0.26,
          "height": 0.28
        }
      },
      {
        "type": "Door",
        "id": 46,
        "location": {
          "x": 6.51,
          "y": 15.45
        },
        "dimensions": {
          "width": 0.26,
          "height": 0.27
        }
      },
      {
        "type": "Door",
        "id": 47,
        "location": {
          "x": 1.85,
          "y": 15.39
        },
        "dimensions": {
          "width": 0.13,
          "height": 0.16
        }
      },
      {
        "type": "Door",
        "id": 48,
        "location": {
          "x": 10.07,
          "y": 15.26
        },
        "dimensions": {
          "width": 0.06,
          "height": 0.86
        }
      },
      {
        "type": "Door",
        "id": 49,
        "location": {
          "x": 9.45,
          "y": 15.11
        },
        "dimensions": {
          "width": 0.59,
          "height": 1.16
        }
      },
      {
        "type": "Door",
        "id": 50,
        "location": {
          "x": 1.81,
          "y": 14.97
        },
        "dimensions": {
          "width": 0.26,
          "height": 0.27
        }
      },
      {
        "type": "Door",
        "id": 51,
        "location": {
          "x": 1.24,
          "y": 14.97
        },
        "dimensions": {
          "width": 0.26,
          "height": 0.27
        }
      },
      {
        "type": "Door",
        "id": 52,
        "location": {
          "x": 2.09,
          "y": 14.96
        },
        "dimensions": {
          "width": 0.23,
          "height": 0.27
        }
      },
      {
        "type": "Door",
        "id": 53,
        "location": {
          "x": 1.52,
          "y": 14.96
        },
        "dimensions": {
          "width": 0.26,
          "height": 0.27
        }
      },
      {
        "type": "Door",
        "id": 54,
        "location": {
          "x": 3.68,
          "y": 14.94
        },
        "dimensions": {
          "width": 0.13,
          "height": 0.16
        }
      },
      {
        "type": "Door",
        "id": 55,
        "location": {
          "x": 2.87,
          "y": 14.87
        },
        "dimensions": {
          "width": 0.09,
          "height": 0.62
        }
      },
      {
        "type": "Door",
        "id": 56,
        "location": {
          "x": 1.95,
          "y": 14.56
        },
        "dimensions": {
          "width": 0.43,
          "height": 0.27
        }
      },
      {
        "type": "Door",
        "id": 57,
        "location": {
          "x": 0.42,
          "y": 14.27
        },
        "dimensions": {
          "width": 1.23,
          "height": 1.5
        }
      },
      {
        "type": "Door",
        "id": 58,
        "location": {
          "x": 2.13,
          "y": 13.98
        },
        "dimensions": {
          "width": 0.54,
          "height": 0.5
        }
      },
      {
        "type": "Window",
        "id": 59,
        "location": {
          "x": 0.74,
          "y": 13.98
        },
        "dimensions": {
          "width": 0.63,
          "height": 0.24
        }
      },
      {
        "type": "Door",
        "id": 60,
        "location": {
          "x": 0.53,
          "y": 13.92
        },
        "dimensions": {
          "width": 4.24,
          "height": 3.01
        }
      },
      {
        "type": "Door",
        "id": 61,
        "location": {
          "x": 3.35,
          "y": 11.74
        },
        "dimensions": {
          "width": 0.13,
          "height": 0.16
        }
      },
      {
        "type": "Door",
        "id": 62,
        "location": {
          "x": 9.77,
          "y": 11.47
        },
        "dimensions": {
          "width": 0.05,
          "height": 0.98
        }
      },
      {
        "type": "Door",
        "id": 63,
        "location": {
          "x": 0.7,
          "y": 11.44
        },
        "dimensions": {
          "width": 9.54,
          "height": 11.83
        }
      },
      {
        "type": "Door",
        "id": 64,
        "location": {
          "x": 3.63,
          "y": 11.32
        },
        "dimensions": {
          "width": 0.21,
          "height": 0.27
        }
      },
      {
        "type": "Door",
        "id": 65,
        "location": {
          "x": 3.07,
          "y": 11.32
        },
        "dimensions": {
          "width": 0.25,
          "height": 0.26
        }
      },
      {
        "type": "Door",
        "id": 66,
        "location": {
          "x": 2.4,
          "y": 11.32
        },
        "dimensions": {
          "width": 0.24,
          "height": 0.27
        }
      },
      {
        "type": "Door",
        "id": 67,
        "location": {
          "x": 4.55,
          "y": 11.04
        },
        "dimensions": {
          "width": 0.29,
          "height": 0.29
        }
      },
      {
        "type": "Door",
        "id": 68,
        "location": {
          "x": 8.15,
          "y": 11.01
        },
        "dimensions": {
          "width": 0.28,
          "height": 0.28
        }
      },
      {
        "type": "Door",
        "id": 69,
        "location": {
          "x": 7.62,
          "y": 11.01
        },
        "dimensions": {
          "width": 0.26,
          "height": 0.28
        }
      },
      {
        "type": "Door",
        "id": 70,
        "location": {
          "x": 7.2,
          "y": 11.01
        },
        "dimensions": {
          "width": 0.26,
          "height": 0.27
        }
      },
      {
        "type": "Door",
        "id": 71,
        "location": {
          "x": 6.65,
          "y": 11.01
        },
        "dimensions": {
          "width": 0.24,
          "height": 0.27
        }
      },
      {
        "type": "Door",
        "id": 72,
        "location": {
          "x": 6.36,
          "y": 11.01
        },
        "dimensions": {
          "width": 0.27,
          "height": 0.27
        }
      },
      {
        "type": "Door",
        "id": 73,
        "location": {
          "x": 6.1,
          "y": 11.01
        },
        "dimensions": {
          "width": 0.24,
          "height": 0.27
        }
      },
      {
        "type": "Door",
        "id": 74,
        "location": {
          "x": 5.63,
          "y": 11.01
        },
        "dimensions": {
          "width": 0.21,
          "height": 0.27
        }
      },
      {
        "type": "Door",
        "id": 75,
        "location": {
          "x": 5.27,
          "y": 11.01
        },
        "dimensions": {
          "width": 0.21,
          "height": 0.27
        }
      },
      {
        "type": "Door",
        "id": 76,
        "location": {
          "x": 7.9,
          "y": 11.0
        },
        "dimensions": {
          "width": 0.23,
          "height": 0.27
        }
      },
      {
        "type": "Window",
        "id": 77,
        "location": {
          "x": 7.59,
          "y": 10.67
        },
        "dimensions": {
          "width": 1.75,
          "height": 0.04
        }
      },
      {
        "type": "Door",
        "id": 78,
        "location": {
          "x": 2.95,
          "y": 9.93
        },
        "dimensions": {
          "width": 1.1,
          "height": 1.03
        }
      },
      {
        "type": "Door",
        "id": 79,
        "location": {
          "x": 4.23,
          "y": 9.81
        },
        "dimensions": {
          "width": 0.99,
          "height": 0.9
        }
      },
      {
        "type": "Door",
        "id": 80,
        "location": {
          "x": 3.58,
          "y": 9.04
        },
        "dimensions": {
          "width": 0.56,
          "height": 0.44
        }
      },
      {
        "type": "Door",
        "id": 81,
        "location": {
          "x": 3.3,
          "y": 8.94
        },
        "dimensions": {
          "width": 0.26,
          "height": 0.66
        }
      },
      {
        "type": "Door",
        "id": 82,
        "location": {
          "x": 9.77,
          "y": 8.93
        },
        "dimensions": {
          "width": 0.05,
          "height": 1.05
        }
      },
      {
        "type": "Door",
        "id": 83,
        "location": {
          "x": 0.98,
          "y": 8.85
        },
        "dimensions": {
          "width": 0.76,
          "height": 0.86
        }
      },
      {
        "type": "Door",
        "id": 84,
        "location": {
          "x": 8.13,
          "y": 8.68
        },
        "dimensions": {
          "width": 0.14,
          "height": 0.16
        }
      },
      {
        "type": "Door",
        "id": 85,
        "location": {
          "x": 7.72,
          "y": 8.68
        },
        "dimensions": {
          "width": 0.14,
          "height": 0.16
        }
      },
      {
        "type": "Door",
        "id": 86,
        "location": {
          "x": 7.38,
          "y": 8.68
        },
        "dimensions": {
          "width": 0.13,
          "height": 0.16
        }
      },
      {
        "type": "Door",
        "id": 87,
        "location": {
          "x": 5.15,
          "y": 8.42
        },
        "dimensions": {
          "width": 0.13,
          "height": 0.16
        }
      },
      {
        "type": "Door",
        "id": 88,
        "location": {
          "x": 4.81,
          "y": 8.42
        },
        "dimensions": {
          "width": 0.13,
          "height": 0.16
        }
      },
      {
        "type": "Door",
        "id": 89,
        "location": {
          "x": 4.46,
          "y": 8.42
        },
        "dimensions": {
          "width": 0.13,
          "height": 0.16
        }
      },
      {
        "type": "Door",
        "id": 90,
        "location": {
          "x": 4.12,
          "y": 8.42
        },
        "dimensions": {
          "width": 0.14,
          "height": 0.16
        }
      },
      {
        "type": "Door",
        "id": 91,
        "location": {
          "x": 8.9,
          "y": 8.26
        },
        "dimensions": {
          "width": 0.28,
          "height": 0.26
        }
      },
      {
        "type": "Door",
        "id": 92,
        "location": {
          "x": 8.61,
          "y": 8.26
        },
        "dimensions": {
          "width": 0.27,
          "height": 0.26
        }
      },
      {
        "type": "Door",
        "id": 93,
        "location": {
          "x": 8.34,
          "y": 8.26
        },
        "dimensions": {
          "width": 0.26,
          "height": 0.26
        }
      },
      {
        "type": "Door",
        "id": 94,
        "location": {
          "x": 8.06,
          "y": 8.26
        },
        "dimensions": {
          "width": 0.26,
          "height": 0.27
        }
      },
      {
        "type": "Door",
        "id": 95,
        "location": {
          "x": 7.56,
          "y": 8.26
        },
        "dimensions": {
          "width": 0.23,
          "height": 0.27
        }
      },
      {
        "type": "Door",
        "id": 96,
        "location": {
          "x": 7.33,
          "y": 8.26
        },
        "dimensions": {
          "width": 0.21,
          "height": 0.27
        }
      },
      {
        "type": "Door",
        "id": 97,
        "location": {
          "x": 6.83,
          "y": 8.26
        },
        "dimensions": {
          "width": 0.21,
          "height": 0.27
        }
      },
      {
        "type": "Door",
        "id": 98,
        "location": {
          "x": 4.18,
          "y": 8.0
        },
        "dimensions": {
          "width": 0.25,
          "height": 0.27
        }
      },
      {
        "type": "Door",
        "id": 99,
        "location": {
          "x": 4.45,
          "y": 7.99
        },
        "dimensions": {
          "width": 0.27,
          "height": 0.27
        }
      },
      {
        "type": "Door",
        "id": 100,
        "location": {
          "x": 2.49,
          "y": 7.94
        },
        "dimensions": {
          "width": 0.26,
          "height": 0.29
        }
      },
      {
        "type": "Door",
        "id": 101,
        "location": {
          "x": 0.72,
          "y": 7.58
        },
        "dimensions": {
          "width": 5.65,
          "height": 8.36
        }
      },
      {
        "type": "Door",
        "id": 102,
        "location": {
          "x": 1.58,
          "y": 7.5
        },
        "dimensions": {
          "width": 1.41,
          "height": 1.02
        }
      },
      {
        "type": "Window",
        "id": 103,
        "location": {
          "x": 2.01,
          "y": 7.36
        },
        "dimensions": {
          "width": 1.02,
          "height": 0.21
        }
      },
      {
        "type": "Window",
        "id": 104,
        "location": {
          "x": 7.59,
          "y": 6.94
        },
        "dimensions": {
          "width": 1.02,
          "height": 0.05
        }
      },
      {
        "type": "Door",
        "id": 105,
        "location": {
          "x": 1.04,
          "y": 5.27
        },
        "dimensions": {
          "width": 0.73,
          "height": 0.91
        }
      },
      {
        "type": "Door",
        "id": 106,
        "location": {
          "x": 6.19,
          "y": 5.13
        },
        "dimensions": {
          "width": 3.68,
          "height": 1.91
        }
      },
      {
        "type": "Door",
        "id": 107,
        "location": {
          "x": 0.0,
          "y": 4.95
        },
        "dimensions": {
          "width": 1.58,
          "height": 6.99
        }
      },
      {
        "type": "Door",
        "id": 108,
        "location": {
          "x": 1.36,
          "y": 3.67
        },
        "dimensions": {
          "width": 0.69,
          "height": 0.68
        }
      },
      {
        "type": "Door",
        "id": 109,
        "location": {
          "x": 4.33,
          "y": 3.38
        },
        "dimensions": {
          "width": 0.14,
          "height": 0.16
        }
      },
      {
        "type": "Door",
        "id": 110,
        "location": {
          "x": 3.57,
          "y": 3.38
        },
        "dimensions": {
          "width": 0.14,
          "height": 0.16
        }
      },
      {
        "type": "Door",
        "id": 111,
        "location": {
          "x": 5.19,
          "y": 2.96
        },
        "dimensions": {
          "width": 0.2,
          "height": 0.27
        }
      },
      {
        "type": "Door",
        "id": 112,
        "location": {
          "x": 4.88,
          "y": 2.96
        },
        "dimensions": {
          "width": 0.26,
          "height": 0.28
        }
      },
      {
        "type": "Door",
        "id": 113,
        "location": {
          "x": 4.31,
          "y": 2.96
        },
        "dimensions": {
          "width": 0.26,
          "height": 0.27
        }
      },
      {
        "type": "Door",
        "id": 114,
        "location": {
          "x": 3.73,
          "y": 2.96
        },
        "dimensions": {
          "width": 0.26,
          "height": 0.28
        }
      },
      {
        "type": "Door",
        "id": 115,
        "location": {
          "x": 3.22,
          "y": 2.96
        },
        "dimensions": {
          "width": 0.24,
          "height": 0.27
        }
      },
      {
        "type": "Door",
        "id": 116,
        "location": {
          "x": 2.66,
          "y": 2.96
        },
        "dimensions": {
          "width": 0.24,
          "height": 0.26
        }
      },
      {
        "type": "Door",
        "id": 117,
        "location": {
          "x": 4.02,
          "y": 2.95
        },
        "dimensions": {
          "width": 0.26,
          "height": 0.27
        }
      },
      {
        "type": "Door",
        "id": 118,
        "location": {
          "x": 2.92,
          "y": 2.95
        },
        "dimensions": {
          "width": 0.26,
          "height": 0.27
        }
      },
      {
        "type": "Door",
        "id": 119,
        "location": {
          "x": 0.01,
          "y": 2.84
        },
        "dimensions": {
          "width": 1.23,
          "height": 2.1
        }
      },
      {
        "type": "Door",
        "id": 120,
        "location": {
          "x": 6.03,
          "y": 2.27
        },
        "dimensions": {
          "width": 0.09,
          "height": 1.04
        }
      },
      {
        "type": "Door",
        "id": 121,
        "location": {
          "x": 0.89,
          "y": 0.0
        },
        "dimensions": {
          "width": 9.01,
          "height": 8.93
        }
      }
    ]
  }
}