{
  "floorPlan": {
    "name": "Floor Plan 1_20.jpg",
    "units": "feet",
    "totalArea": 10.23,
    "totalRooms": 3,
    "rooms": [
      {
        "id": 1,
        "name": "WIC",
        "shape": "Irregular",
        "dimensions": {
          "width": 1.47,
          "length": 2.31,
          "height": 1.85
        },
        "position": {
          "x": 7.06,
          "y": 2.6
        },
        "windows": [],
        "doors": [
          {
            "type": "Door",
            "id": 44,
            "location": {
              "x": 7.53,
              "y": 4.62
            },
            "dimensions": {
              "width": 0.41,
              "height": 0.17
            }
          },
          {
            "type": "Door",
            "id": 45,
            "location": {
              "x": 8.52,
              "y": 4.49
            },
            "dimensions": {
              "width": 0.58,
              "height": 0.48
            }
          },
          {
            "type": "Door",
            "id": 56,
            "location": {
              "x": 7.21,
              "y": 3.16
            },
            "dimensions": {
              "width": 0.12,
              "height": 0.15
            }
          },
          {
            "type": "Door",
            "id": 59,
            "location": {
              "x": 7.61,
              "y": 2.76
            },
            "dimensions": {
              "width": 1.21,
              "height": 1.98
            }
          }
        ],
        "connected_to": []
      },
      {
        "id": 2,
        "name": "BATH",
        "shape": "Irregular",
        "dimensions": {
          "width": 2.23,
          "length": 2.69,
          "height": 2.15
        },
        "position": {
          "x": 3.18,
          "y": 2.26
        },
        "windows": [],
        "doors": [
          {
            "type": "Door",
            "id": 47,
            "location": {
              "x": 3.89,
              "y": 4.37
            },
            "dimensions": {
              "width": 2.06,
              "height": 1.37
            }
          },
          {
            "type": "Door",
            "id": 51,
            "location": {
              "x": 4.7,
              "y": 3.59
            },
            "dimensions": {
              "width": 0.15,
              "height": 0.1
            }
          },
          {
            "type": "Door",
            "id": 52,
            "location": {
              "x": 4.04,
              "y": 3.54
            },
            "dimensions": {
              "width": 0.21,
              "height": 0.47
            }
          },
          {
            "type": "Door",
            "id": 58,
            "location": {
              "x": 4.33,
              "y": 3.04
            },
            "dimensions": {
              "width": 0.2,
              "height": 0.12
            }
          },
          {
            "type": "Door",
            "id": 60,
            "location": {
              "x": 4.04,
              "y": 2.71
            },
            "dimensions": {
              "width": 0.2,
              "height": 0.26
            }
          }
        ],
        "connected_to": []
      },
      {
        "id": 3,
        "name": "Room_3",
        "shape": "Rectangle",
        "dimensions": {
          "width": 0.6,
          "length": 1.4,
          "height": 1.12
        },
        "position": {
          "x": 1.64,
          "y": 1.62
        },
        "windows": [],
        "doors": [],
        "connected_to": []
      }
    ],
    "doorsAndWindows": [
      {
        "type": "Window",
        "id": 1,
        "location": {
          "x": 6.49,
          "y": 7.67
        },
        "dimensions": {
          "width": 0.41,
          "height": 0.17
        }
      },
      {
        "type": "Window",
        "id": 2,
        "location": {
          "x": 7.64,
          "y": 7.56
        },
        "dimensions": {
          "width": 0.68,
          "height": 0.28
        }
      },
      {
        "type": "Door",
        "id": 3,
        "location": {
          "x": 6.67,
          "y": 7.53
        },
        "dimensions": {
          "width": 0.53,
          "height": 0.29
        }
      },
      {
        "type": "Door",
        "id": 4,
        "location": {
          "x": 7.92,
          "y": 7.28
        },
        "dimensions": {
          "width": 0.95,
          "height": 0.56
        }
      },
      {
        "type": "Door",
        "id": 5,
        "location": {
          "x": 5.74,
          "y": 7.28
        },
        "dimensions": {
          "width": 0.81,
          "height": 0.56
        }
      },
      {
        "type": "Door",
        "id": 6,
        "location": {
          "x": 8.55,
          "y": 7.25
        },
        "dimensions": {
          "width": 0.84,
          "height": 0.59
        }
      },
      {
        "type": "Door",
        "id": 7,
        "location": {
          "x": 3.03,
          "y": 7.24
        },
        "dimensions": {
          "width": 0.53,
          "height": 0.6
        }
      },
      {
        "type": "Window",
        "id": 8,
        "location": {
          "x": 6.86,
          "y": 7.22
        },
        "dimensions": {
          "width": 0.66,
          "height": 0.32
        }
      },
      {
        "type": "Door",
        "id": 9,
        "location": {
          "x": 2.67,
          "y": 7.22
        },
        "dimensions": {
          "width": 0.57,
          "height": 0.55
        }
      },
      {
        "type": "Door",
        "id": 10,
        "location": {
          "x": 5.35,
          "y": 7.17
        },
        "dimensions": {
          "width": 0.56,
          "height": 0.67
        }
      },
      {
        "type": "Door",
        "id": 11,
        "location": {
          "x": 4.56,
          "y": 7.02
        },
        "dimensions": {
          "width": 0.97,
          "height": 0.82
        }
      },
      {
        "type": "Door",
        "id": 12,
        "location": {
          "x": 5.75,
          "y": 7.0
        },
        "dimensions": {
          "width": 0.34,
          "height": 0.25
        }
      },
      {
        "type": "Door",
        "id": 13,
        "location": {
          "x": 7.47,
          "y": 6.75
        },
        "dimensions": {
          "width": 0.29,
          "height": 0.48
        }
      },
      {
        "type": "Door",
        "id": 14,
        "location": {
          "x": 2.6,
          "y": 6.7
        },
        "dimensions": {
          "width": 0.31,
          "height": 0.37
        }
      },
      {
        "type": "Door",
        "id": 15,
        "location": {
          "x": 7.81,
          "y": 6.69
        },
        "dimensions": {
          "width": 0.28,
          "height": 0.28
        }
      },
      {
        "type": "Door",
        "id": 16,
        "location": {
          "x": 6.74,
          "y": 6.69
        },
        "dimensions": {
          "width": 0.27,
          "height": 0.34
        }
      },
      {
        "type": "Door",
        "id": 17,
        "location": {
          "x": 7.71,
          "y": 6.68
        },
        "dimensions": {
          "width": 0.83,
          "height": 0.69
        }
      },
      {
        "type": "Door",
        "id": 18,
        "location": {
          "x": 5.72,
          "y": 6.62
        },
        "dimensions": {
          "width": 0.22,
          "height": 0.42
        }
      },
      {
        "type": "Door",
        "id": 19,
        "location": {
          "x": 4.66,
          "y": 6.52
        },
        "dimensions": {
          "width": 0.41,
          "height": 0.5
        }
      },
      {
        "type": "Door",
        "id": 20,
        "location": {
          "x": 2.36,
          "y": 6.5
        },
        "dimensions": {
          "width": 0.27,
          "height": 0.45
        }
      },
      {
        "type": "Door",
        "id": 21,
        "location": {
          "x": 2.12,
          "y": 6.45
        },
        "dimensions": {
          "width": 0.39,
          "height": 0.67
        }
      },
      {
        "type": "Door",
        "id": 22,
        "location": {
          "x": 3.25,
          "y": 6.39
        },
        "dimensions": {
          "width": 0.34,
          "height": 0.31
        }
      },
      {
        "type": "Door",
        "id": 23,
        "location": {
          "x": 5.82,
          "y": 6.34
        },
        "dimensions": {
          "width": 1.16,
          "height": 1.07
        }
      },
      {
        "type": "Door",
        "id": 24,
        "location": {
          "x": 6.63,
          "y": 6.14
        },
        "dimensions": {
          "width": 0.66,
          "height": 0.68
        }
      },
      {
        "type": "Door",
        "id": 25,
        "location": {
          "x": 5.8,
          "y": 6.14
        },
        "dimensions": {
          "width": 0.26,
          "height": 0.38
        }
      },
      {
        "type": "Door",
        "id": 26,
        "location": {
          "x": 3.15,
          "y": 6.13
        },
        "dimensions": {
          "width": 1.59,
          "height": 1.71
        }
      },
      {
        "type": "Door",
        "id": 27,
        "location": {
          "x": 2.24,
          "y": 6.09
        },
        "dimensions": {
          "width": 1.19,
          "height": 0.99
        }
      },
      {
        "type": "Door",
        "id": 28,
        "location": {
          "x": 3.23,
          "y": 6.03
        },
        "dimensions": {
          "width": 0.41,
          "height": 0.44
        }
      },
      {
        "type": "Door",
        "id": 29,
        "location": {
          "x": 7.09,
          "y": 6.01
        },
        "dimensions": {
          "width": 0.7,
          "height": 0.68
        }
      },
      {
        "type": "Door",
        "id": 30,
        "location": {
          "x": 5.78,
          "y": 5.95
        },
        "dimensions": {
          "width": 0.9,
          "height": 0.08
        }
      },
      {
        "type": "Door",
        "id": 31,
        "location": {
          "x": 2.66,
          "y": 5.95
        },
        "dimensions": {
          "width": 0.32,
          "height": 0.35
        }
      },
      {
        "type": "Door",
        "id": 32,
        "location": {
          "x": 4.81,
          "y": 5.9
        },
        "dimensions": {
          "width": 0.48,
          "height": 0.56
        }
      },
      {
        "type": "Door",
        "id": 33,
        "location": {
          "x": 8.23,
          "y": 5.85
        },
        "dimensions": {
          "width": 0.81,
          "height": 0.41
        }
      },
      {
        "type": "Door",
        "id": 34,
        "location": {
          "x": 5.79,
          "y": 5.84
        },
        "dimensions": {
          "width": 0.89,
          "height": 0.07
        }
      },
      {
        "type": "Door",
        "id": 35,
        "location": {
          "x": 6.84,
          "y": 5.73
        },
        "dimensions": {
          "width": 0.32,
          "height": 0.19
        }
      },
      {
        "type": "Door",
        "id": 36,
        "location": {
          "x": 1.4,
          "y": 5.43
        },
        "dimensions": {
          "width": 0.25,
          "height": 0.32
        }
      },
      {
        "type": "Door",
        "id": 37,
        "location": {
          "x": 5.61,
          "y": 5.37
        },
        "dimensions": {
          "width": 1.35,
          "height": 1.19
        }
      },
      {
        "type": "Door",
        "id": 38,
        "location": {
          "x": 5.15,
          "y": 5.37
        },
        "dimensions": {
          "width": 1.24,
          "height": 1.05
        }
      },
      {
        "type": "Door",
        "id": 39,
        "location": {
          "x": 1.94,
          "y": 5.36
        },
        "dimensions": {
          "width": 0.47,
          "height": 0.33
        }
      },
      {
        "type": "Door",
        "id": 40,
        "location": {
          "x": 8.9,
          "y": 4.9
        },
        "dimensions": {
          "width": 0.47,
          "height": 0.53
        }
      },
      {
        "type": "Door",
        "id": 41,
        "location": {
          "x": 2.04,
          "y": 4.84
        },
        "dimensions": {
          "width": 0.61,
          "height": 0.46
        }
      },
      {
        "type": "Door",
        "id": 42,
        "location": {
          "x": 2.76,
          "y": 4.73
        },
        "dimensions": {
          "width": 0.9,
          "height": 1.02
        }
      },
      {
        "type": "Door",
        "id": 43,
        "location": {
          "x": 3.05,
          "y": 4.73
        },
        "dimensions": {
          "width": 0.25,
          "height": 0.16
        }
      },
      {
        "type": "Door",
        "id": 44,
        "location": {
          "x": 7.53,
          "y": 4.62
        },
        "dimensions": {
          "width": 0.41,
          "height": 0.17
        }
      },
      {
        "type": "Door",
        "id": 45,
        "location": {
          "x": 8.52,
          "y": 4.49
        },
        "dimensions": {
          "width": 0.58,
          "height": 0.48
        }
      },
      {
        "type": "Door",
        "id": 46,
        "location": {
          "x": 1.27,
          "y": 4.48
        },
        "dimensions": {
          "width": 0.36,
          "height": 0.34
        }
      },
      {
        "type": "Door",
        "id": 47,
        "location": {
          "x": 3.89,
          "y": 4.37
        },
        "dimensions": {
          "width": 2.06,
          "height": 1.37
        }
      },
      {
        "type": "Door",
        "id": 48,
        "location": {
          "x": 5.83,
          "y": 4.36
        },
        "dimensions": {
          "width": 0.81,
          "height": 0.66
        }
      },
      {
        "type": "Door",
        "id": 49,
        "location": {
          "x": 5.43,
          "y": 3.99
        },
        "dimensions": {
          "width": 1.57,
          "height": 0.37
        }
      },
      {
        "type": "Door",
        "id": 50,
        "location": {
          "x": 1.8,
          "y": 3.74
        },
        "dimensions": {
          "width": 0.09,
          "height": 0.28
        }
      },
      {
        "type": "Door",
        "id": 51,
        "location": {
          "x": 4.7,
          "y": 3.59
        },
        "dimensions": {
          "width": 0.15,
          "height": 0.1
        }
      },
      {
        "type": "Door",
        "id": 52,
        "location": {
          "x": 4.04,
          "y": 3.54
        },
        "dimensions": {
          "width": 0.21,
          "height": 0.47
        }
      },
      {
        "type": "Door",
        "id": 53,
        "location": {
          "x": 2.98,
          "y": 3.27
        },
        "dimensions": {
          "width": 0.31,
          "height": 0.15
        }
      },
      {
        "type": "Door",
        "id": 54,
        "location": {
          "x": 2.75,
          "y": 3.27
        },
        "dimensions": {
          "width": 0.22,
          "height": 0.13
        }
      },
      {
        "type": "Door",
        "id": 55,
        "location": {
          "x": 2.4,
          "y": 3.27
        },
        "dimensions": {
          "width": 0.31,
          "height": 0.13
        }
      },
      {
        "type": "Door",
        "id": 56,
        "location": {
          "x": 7.21,
          "y": 3.16
        },
        "dimensions": {
          "width": 0.12,
          "height": 0.15
        }
      },
      {
        "type": "Door",
        "id": 57,
        "location": {
          "x": 0.4,
          "y": 3.05
        },
        "dimensions": {
          "width": 2.06,
          "height": 4.67
        }
      },
      {
        "type": "Door",
        "id": 58,
        "location": {
          "x": 4.33,
          "y": 3.04
        },
        "dimensions": {
          "width": 0.2,
          "height": 0.12
        }
      },
      {
        "type": "Door",
        "id": 59,
        "location": {
          "x": 7.61,
          "y": 2.76
        },
        "dimensions": {
          "width": 1.21,
          "height": 1.98
        }
      },
      {
        "type": "Door",
        "id": 60,
        "location": {
          "x": 4.04,
          "y": 2.71
        },
        "dimensions": {
          "width": 0.2,
          "height": 0.26
        }
      },
      {
        "type": "Door",
        "id": 61,
        "location": {
          "x": 5.93,
          "y": 2.36
        },
        "dimensions": {
          "width": 2.85,
          "height": 3.53
        }
      },
      {
        "type": "Door",
        "id": 62,
        "location": {
          "x": 5.56,
          "y": 2.35
        },
        "dimensions": {
          "width": 1.36,
          "height": 1.71
        }
      },
      {
        "type": "Door",
        "id": 63,
        "location": {
          "x": 0.58,
          "y": 2.35
        },
        "dimensions": {
          "width": 0.23,
          "height": 0.24
        }
      },
      {
        "type": "Door",
        "id": 64,
        "location": {
          "x": 4.66,
          "y": 2.23
        },
        "dimensions": {
          "width": 0.7,
          "height": 0.66
        }
      },
      {
        "type": "Door",
        "id": 65,
        "location": {
          "x": 9.2,
          "y": 2.12
        },
        "dimensions": {
          "width": 0.37,
          "height": 0.53
        }
      },
      {
        "type": "Door",
        "id": 66,
        "location": {
          "x": 3.56,
          "y": 2.04
        },
        "dimensions": {
          "width": 0.45,
          "height": 0.22
        }
      },
      {
        "type": "Door",
        "id": 67,
        "location": {
          "x": 8.8,
          "y": 1.86
        },
        "dimensions": {
          "width": 0.59,
          "height": 1.14
        }
      },
      {
        "type": "Door",
        "id": 68,
        "location": {
          "x": 7.78,
          "y": 1.72
        },
        "dimensions": {
          "width": 0.21,
          "height": 0.12
        }
      },
      {
        "type": "Door",
        "id": 69,
        "location": {
          "x": 8.94,
          "y": 1.64
        },
        "dimensions": {
          "width": 0.39,
          "height": 0.25
        }
      },
      {
        "type": "Door",
        "id": 70,
        "location": {
          "x": 4.46,
          "y": 1.53
        },
        "dimensions": {
          "width": 0.38,
          "height": 0.13
        }
      },
      {
        "type": "Door",
        "id": 71,
        "location": {
          "x": 1.34,
          "y": 1.53
        },
        "dimensions": {
          "width": 0.91,
          "height": 3.54
        }
      },
      {
        "type": "Door",
        "id": 72,
        "location": {
          "x": 0.34,
          "y": 1.49
        },
        "dimensions": {
          "width": 0.61,
          "height": 0.86
        }
      },
      {
        "type": "Door",
        "id": 73,
        "location": {
          "x": 6.24,
          "y": 1.21
        },
        "dimensions": {
          "width": 0.22,
          "height": 0.3
        }
      },
      {
        "type": "Door",
        "id": 74,
        "location": {
          "x": 3.2,
          "y": 1.19
        },
        "dimensions": {
          "width": 0.41,
          "height": 0.38
        }
      },
      {
        "type": "Door",
        "id": 75,
        "location": {
          "x": 3.01,
          "y": 1.06
        },
        "dimensions": {
          "width": 0.39,
          "height": 0.33
        }
      },
      {
        "type": "Door",
        "id": 76,
        "location": {
          "x": 5.93,
          "y": 0.89
        },
        "dimensions": {
          "width": 2.79,
          "height": 1.64
        }
      },
      {
        "type": "Door",
        "id": 77,
        "location": {
          "x": 8.52,
          "y": 0.62
        },
        "dimensions": {
          "width": 0.15,
          "height": 0.32
        }
      },
      {
        "type": "Door",
        "id": 78,
        "location": {
          "x": 0.46,
          "y": 0.6
        },
        "dimensions": {
          "width": 0.73,
          "height": 0.54
        }
      },
      {
        "type": "Door",
        "id": 79,
        "location": {
          "x": 1.72,
          "y": 0.5
        },
        "dimensions": {
          "width": 4.94,
          "height": 5.96
        }
      },
      {
        "type": "Door",
        "id": 80,
        "location": {
          "x": 1.0,
          "y": 0.47
        },
        "dimensions": {
          "width": 0.6,
          "height": 0.53
        }
      },
      {
        "type": "Door",
        "id": 81,
        "location": {
          "x": 5.81,
          "y": 0.4
        },
        "dimensions": {
          "width": 0.83,
          "height": 0.16
        }
      }
    ]
  }
}