{
  "floorPlan": {
    "name": "Floor Plan 1_22.jpg",
    "units": "feet",
    "totalArea": 0.54,
    "totalRooms": 1,
    "rooms": [
      {
        "id": 1,
        "name": "DECK",
        "shape": "Irregular",
        "dimensions": {
          "width": 0.59,
          "length": 0.91,
          "height": 0.73
        },
        "position": {
          "x": 4.23,
          "y": 1.39
        },
        "windows": [
          {
            "type": "Window",
            "id": 11,
            "location": {
              "x": 4.75,
              "y": 2.23
            },
            "dimensions": {
              "width": 0.84,
              "height": 0.08
            }
          }
        ],
        "doors": [
          {
            "type": "Door",
            "id": 13,
            "location": {
              "x": 4.36,
              "y": 1.91
            },
            "dimensions": {
              "width": 0.07,
              "height": 0.34
            }
          }
        ],
        "connected_to": []
      }
    ],
    "doorsAndWindows": [
      {
        "type": "Window",
        "id": 1,
        "location": {
          "x": 3.41,
          "y": 4.19
        },
        "dimensions": {
          "width": 0.56,
          "height": 0.18
        }
      },
      {
        "type": "Window",
        "id": 2,
        "location": {
          "x": 2.9,
          "y": 3.76
        },
        "dimensions": {
          "width": 1.11,
          "height": 0.45
        }
      },
      {
        "type": "Door",
        "id": 3,
        "location": {
          "x": 3.41,
          "y": 3.54
        },
        "dimensions": {
          "width": 0.91,
          "height": 0.83
        }
      },
      {
        "type": "Window",
        "id": 4,
        "location": {
          "x": 2.97,
          "y": 3.53
        },
        "dimensions": {
          "width": 0.74,
          "height": 0.23
        }
      },
      {
        "type": "Window",
        "id": 5,
        "location": {
          "x": 3.29,
          "y": 3.19
        },
        "dimensions": {
          "width": 0.62,
          "height": 0.24
        }
      },
      {
        "type": "Window",
        "id": 6,
        "location": {
          "x": 2.29,
          "y": 3.19
        },
        "dimensions": {
          "width": 0.43,
          "height": 0.19
        }
      },
      {
        "type": "Window",
        "id": 7,
        "location": {
          "x": 3.66,
          "y": 2.84
        },
        "dimensions": {
          "width": 0.25,
          "height": 0.07
        }
      },
      {
        "type": "Door",
        "id": 8,
        "location": {
          "x": 4.74,
          "y": 2.83
        },
        "dimensions": {
          "width": 0.76,
          "height": 0.39
        }
      },
      {
        "type": "Door",
        "id": 9,
        "location": {
          "x": 2.98,
          "y": 2.82
        },
        "dimensions": {
          "width": 0.04,
          "height": 0.57
        }
      },
      {
        "type": "Window",
        "id": 10,
        "location": {
          "x": 2.29,
          "y": 2.62
        },
        "dimensions": {
          "width": 0.43,
          "height": 0.19
        }
      },
      {
        "type": "Window",
        "id": 11,
        "location": {
          "x": 4.75,
          "y": 2.23
        },
        "dimensions": {
          "width": 0.84,
          "height": 0.08
        }
      },
      {
        "type": "Door",
        "id": 12,
        "location": {
          "x": 4.89,
          "y": 1.91
        },
        "dimensions": {
          "width": 0.46,
          "height": 0.31
        }
      },
      {
        "type": "Door",
        "id": 13,
        "location": {
          "x": 4.36,
          "y": 1.91
        },
        "dimensions": {
          "width": 0.07,
          "height": 0.34
        }
      },
      {
        "type": "Door",
        "id": 14,
        "location": {
          "x": 7.96,
          "y": 1.89
        },
        "dimensions": {
          "width": 0.16,
          "height": 0.3
        }
      },
      {
        "type": "Door",
        "id": 15,
        "location": {
          "x": 1.29,
          "y": 1.16
        },
        "dimensions": {
          "width": 0.7,
          "height": 0.5
        }
      },
      {
        "type": "Window",
        "id": 16,
        "location": {
          "x": 5.19,
          "y": 0.87
        },
        "dimensions": {
          "width": 0.47,
          "height": 0.07
        }
      },
      {
        "type": "Door",
        "id": 17,
        "location": {
          "x": 1.65,
          "y": 0.61
        },
        "dimensions": {
          "width": 0.26,
          "height": 0.22
        }
      },
      {
        "type": "Door",
        "id": 18,
        "location": {
          "x": 1.0,
          "y": 0.35
        },
        "dimensions": {
          "width": 0.93,
          "height": 1.12
        }
      },
      {
        "type": "Door",
        "id": 19,
        "location": {
          "x": 0.13,
          "y": 0.29
        },
        "dimensions": {
          "width": 7.19,
          "height": 4.23
        }
      },
      {
        "type": "Door",
        "id": 20,
        "location": {
          "x": 9.8,
          "y": 0.19
        },
        "dimensions": {
          "width": 0.44,
          "height": 2.35
        }
      },
      {
        "type": "Window",
        "id": 21,
        "location": {
          "x": 2.14,
          "y": 0.06
        },
        "dimensions": {
          "width": 2.39,
          "height": 0.82
        }
      },
      {
        "type": "Door",
        "id": 22,
        "location": {
          "x": 0.73,
          "y": 0.06
        },
        "dimensions": {
          "width": 9.32,
          "height": 4.91
        }
      }
    ]
  }
}