{
  "floorPlan": {
    "name": "Floor Plan 1_25.jpg",
    "units": "feet",
    "totalArea": 38.96,
    "totalRooms": 18,
    "rooms": [
      {
        "id": 1,
        "name": "plan",
        "shape": "Irregular",
        "dimensions": {
          "width": 0.46,
          "length": 0.52,
          "height": 0.42
        },
        "position": {
          "x": 7.44,
          "y": 14.82
        },
        "windows": [],
        "doors": [
          {
            "type": "Door",
            "id": 1,
            "location": {
              "x": 7.51,
              "y": 15.06
            },
            "dimensions": {
              "width": 0.33,
              "height": 0.19
            }
          }
        ],
        "connected_to": []
      },
      {
        "id": 2,
        "name": "plan",
        "shape": "Irregular",
        "dimensions": {
          "width": 0.5,
          "length": 0.73,
          "height": 0.58
        },
        "position": {
          "x": 6.63,
          "y": 14.82
        },
        "windows": [],
        "doors": [],
        "connected_to": []
      },
      {
        "id": 3,
        "name": "Floor",
        "shape": "Octagon",
        "dimensions": {
          "width": 0.55,
          "length": 0.52,
          "height": 0.44
        },
        "position": {
          "x": 4.23,
          "y": 14.82
        },
        "windows": [],
        "doors": [],
        "connected_to": []
      },
      {
        "id": 4,
        "name": "Floor",
        "shape": "Irregular",
        "dimensions": {
          "width": 0.55,
          "length": 0.52,
          "height": 0.44
        },
        "position": {
          "x": 3.57,
          "y": 14.82
        },
        "windows": [],
        "doors": [],
        "connected_to": []
      },
      {
        "id": 5,
        "name": "Room_5",
        "shape": "Octagon",
        "dimensions": {
          "width": 0.37,
          "length": 0.39,
          "height": 0.31
        },
        "position": {
          "x": 7.79,
          "y": 11.07
        },
        "windows": [],
        "doors": [],
        "connected_to": []
      },
      {
        "id": 6,
        "name": "Room_6",
        "shape": "Pentagon",
        "dimensions": {
          "width": 1.38,
          "length": 0.17,
          "height": 1.1
        },
        "position": {
          "x": 3.17,
          "y": 10.26
        },
        "windows": [],
        "doors": [],
        "connected_to": []
      },
      {
        "id": 7,
        "name": "Room_7",
        "shape": "Pentagon",
        "dimensions": {
          "width": 0.76,
          "length": 1.02,
          "height": 0.82
        },
        "position": {
          "x": 5.38,
          "y": 9.41
        },
        "windows": [],
        "doors": [],
        "connected_to": []
      },
      {
        "id": 8,
        "name": "12X1",
        "shape": "Irregular",
        "dimensions": {
          "width": 0.32,
          "length": 0.52,
          "height": 0.42
        },
        "position": {
          "x": 4.57,
          "y": 8.24
        },
        "windows": [],
        "doors": [],
        "connected_to": []
      },
      {
        "id": 9,
        "name": "Room_9",
        "shape": "Irregular",
        "dimensions": {
          "width": 0.18,
          "length": 2.55,
          "height": 2.04
        },
        "position": {
          "x": 2.61,
          "y": 7.45
        },
        "windows": [],
        "doors": [],
        "connected_to": []
      },
      {
        "id": 10,
        "name": "Room_10",
        "shape": "Irregular",
        "dimensions": {
          "width": 0.72,
          "length": 1.31,
          "height": 1.05
        },
        "position": {
          "x": 2.12,
          "y": 6.13
        },
        "windows": [],
        "doors": [],
        "connected_to": []
      },
      {
        "id": 11,
        "name": "8",
        "shape": "Octagon",
        "dimensions": {
          "width": 0.37,
          "length": 0.39,
          "height": 0.31
        },
        "position": {
          "x": 7.79,
          "y": 6.09
        },
        "windows": [],
        "doors": [],
        "connected_to": []
      },
      {
        "id": 12,
        "name": "8",
        "shape": "Irregular",
        "dimensions": {
          "width": 0.37,
          "length": 0.39,
          "height": 0.31
        },
        "position": {
          "x": 7.79,
          "y": 5.27
        },
        "windows": [],
        "doors": [],
        "connected_to": []
      },
      {
        "id": 13,
        "name": "Room_13",
        "shape": "Irregular",
        "dimensions": {
          "width": 1.07,
          "length": 6.02,
          "height": 4.82
        },
        "position": {
          "x": 6.26,
          "y": 4.41
        },
        "windows": [],
        "doors": [],
        "connected_to": []
      },
      {
        "id": 14,
        "name": "Room_14",
        "shape": "Irregular",
        "dimensions": {
          "width": 2.82,
          "length": 2.83,
          "height": 2.26
        },
        "position": {
          "x": 2.04,
          "y": 4.37
        },
        "windows": [],
        "doors": [],
        "connected_to": []
      },
      {
        "id": 15,
        "name": "Room_15",
        "shape": "Pentagon",
        "dimensions": {
          "width": 0.18,
          "length": 1.87,
          "height": 1.5
        },
        "position": {
          "x": 2.61,
          "y": 2.49
        },
        "windows": [],
        "doors": [],
        "connected_to": []
      },
      {
        "id": 16,
        "name": "8",
        "shape": "Irregular",
        "dimensions": {
          "width": 0.49,
          "length": 8.72,
          "height": 6.98
        },
        "position": {
          "x": 8.04,
          "y": 1.73
        },
        "windows": [],
        "doors": [],
        "connected_to": []
      },
      {
        "id": 17,
        "name": "1OX10",
        "shape": "Irregular",
        "dimensions": {
          "width": 4.71,
          "length": 3.31,
          "height": 3.77
        },
        "position": {
          "x": 2.62,
          "y": 1.61
        },
        "windows": [],
        "doors": [],
        "connected_to": []
      },
      {
        "id": 18,
        "name": "16'-0\"",
        "shape": "Irregular",
        "dimensions": {
          "width": 0.39,
          "length": 0.38,
          "height": 0.31
        },
        "position": {
          "x": 5.34,
          "y": 0.4
        },
        "windows": [],
        "doors": [],
        "connected_to": []
      }
    ],
    "doorsAndWindows": [
      {
        "type": "Door",
        "id": 1,
        "location": {
          "x": 7.51,
          "y": 15.06
        },
        "dimensions": {
          "width": 0.33,
          "height": 0.19
        }
      },
      {
        "type": "Door",
        "id": 2,
        "location": {
          "x": 8.03,
          "y": 14.82
        },
        "dimensions": {
          "width": 0.38,
          "height": 0.52
        }
      },
      {
        "type": "Door",
        "id": 3,
        "location": {
          "x": 4.88,
          "y": 14.82
        },
        "dimensions": {
          "width": 0.39,
          "height": 0.52
        }
      },
      {
        "type": "Door",
        "id": 4,
        "location": {
          "x": 6.62,
          "y": 14.81
        },
        "dimensions": {
          "width": 0.51,
          "height": 0.75
        }
      },
      {
        "type": "Door",
        "id": 5,
        "location": {
          "x": 4.22,
          "y": 14.81
        },
        "dimensions": {
          "width": 0.57,
          "height": 0.53
        }
      },
      {
        "type": "Door",
        "id": 6,
        "location": {
          "x": 3.56,
          "y": 14.81
        },
        "dimensions": {
          "width": 0.57,
          "height": 0.53
        }
      },
      {
        "type": "Door",
        "id": 7,
        "location": {
          "x": 5.83,
          "y": 14.7
        },
        "dimensions": {
          "width": 0.22,
          "height": 0.64
        }
      },
      {
        "type": "Door",
        "id": 8,
        "location": {
          "x": 2.75,
          "y": 14.69
        },
        "dimensions": {
          "width": 0.52,
          "height": 0.65
        }
      },
      {
        "type": "Door",
        "id": 9,
        "location": {
          "x": 7.24,
          "y": 14.67
        },
        "dimensions": {
          "width": 0.08,
          "height": 0.67
        }
      },
      {
        "type": "Door",
        "id": 10,
        "location": {
          "x": 3.37,
          "y": 14.66
        },
        "dimensions": {
          "width": 0.08,
          "height": 0.68
        }
      },
      {
        "type": "Door",
        "id": 11,
        "location": {
          "x": 7.78,
          "y": 11.9
        },
        "dimensions": {
          "width": 0.39,
          "height": 0.36
        }
      },
      {
        "type": "Door",
        "id": 12,
        "location": {
          "x": 7.78,
          "y": 11.07
        },
        "dimensions": {
          "width": 0.39,
          "height": 0.39
        }
      },
      {
        "type": "Door",
        "id": 13,
        "location": {
          "x": 7.79,
          "y": 6.57
        },
        "dimensions": {
          "width": 0.38,
          "height": 0.33
        }
      },
      {
        "type": "Door",
        "id": 14,
        "location": {
          "x": 7.78,
          "y": 6.08
        },
        "dimensions": {
          "width": 0.39,
          "height": 0.4
        }
      },
      {
        "type": "Door",
        "id": 15,
        "location": {
          "x": 7.78,
          "y": 5.27
        },
        "dimensions": {
          "width": 0.39,
          "height": 0.4
        }
      },
      {
        "type": "Door",
        "id": 16,
        "location": {
          "x": 7.58,
          "y": 1.65
        },
        "dimensions": {
          "width": 0.96,
          "height": 11.35
        }
      },
      {
        "type": "Door",
        "id": 17,
        "location": {
          "x": 1.99,
          "y": 1.61
        },
        "dimensions": {
          "width": 5.38,
          "height": 12.55
        }
      },
      {
        "type": "Window",
        "id": 18,
        "location": {
          "x": 2.39,
          "y": 0.56
        },
        "dimensions": {
          "width": 5.17,
          "height": 0.81
        }
      },
      {
        "type": "Door",
        "id": 19,
        "location": {
          "x": 5.33,
          "y": 0.4
        },
        "dimensions": {
          "width": 0.4,
          "height": 0.38
        }
      },
      {
        "type": "Door",
        "id": 20,
        "location": {
          "x": 4.54,
          "y": 0.4
        },
        "dimensions": {
          "width": 0.35,
          "height": 0.38
        }
      },
      {
        "type": "Door",
        "id": 21,
        "location": {
          "x": 4.2,
          "y": 0.4
        },
        "dimensions": {
          "width": 0.13,
          "height": 0.38
        }
      }
    ]
  }
}