{
  "floorPlan": {
    "name": "Floor Plan 1_8.jpg",
    "units": "feet",
    "totalArea": 23.49,
    "totalRooms": 9,
    "rooms": [
      {
        "id": 1,
        "name": "Text_61",
        "shape": "Irregular",
        "dimensions": {
          "width": 1.65,
          "length": 1.94,
          "height": 1.55
        },
        "position": {
          "x": 8.44,
          "y": 4.53
        },
        "windows": [],
        "doors": [
          {
            "type": "Door",
            "id": 16,
            "location": {
              "x": 8.62,
              "y": 4.81
            },
            "dimensions": {
              "width": 0.16,
              "height": 0.24
            }
          }
        ],
        "connected_to": []
      },
      {
        "id": 2,
        "name": "Room_2",
        "shape": "Irregular",
        "dimensions": {
          "width": 1.75,
          "length": 0.8,
          "height": 1.4
        },
        "position": {
          "x": 1.2,
          "y": 4.07
        },
        "windows": [],
        "doors": [],
        "connected_to": []
      },
      {
        "id": 3,
        "name": "Text_57",
        "shape": "Irregular",
        "dimensions": {
          "width": 1.08,
          "length": 4.55,
          "height": 3.64
        },
        "position": {
          "x": 3.07,
          "y": 3.32
        },
        "windows": [],
        "doors": [
          {
            "type": "Door",
            "id": 23,
            "location": {
              "x": 3.48,
              "y": 3.94
            },
            "dimensions": {
              "width": 0.25,
              "height": 0.45
            }
          }
        ],
        "connected_to": []
      },
      {
        "id": 4,
        "name": "Text_86",
        "shape": "Irregular",
        "dimensions": {
          "width": 1.31,
          "length": 2.85,
          "height": 2.28
        },
        "position": {
          "x": 7.26,
          "y": 3.28
        },
        "windows": [],
        "doors": [
          {
            "type": "Door",
            "id": 19,
            "location": {
              "x": 7.77,
              "y": 4.75
            },
            "dimensions": {
              "width": 0.34,
              "height": 0.34
            }
          },
          {
            "type": "Door",
            "id": 21,
            "location": {
              "x": 7.77,
              "y": 4.31
            },
            "dimensions": {
              "width": 0.23,
              "height": 0.22
            }
          },
          {
            "type": "Door",
            "id": 26,
            "location": {
              "x": 8.2,
              "y": 3.47
            },
            "dimensions": {
              "width": 0.22,
              "height": 0.23
            }
          }
        ],
        "connected_to": []
      },
      {
        "id": 5,
        "name": "Text_79",
        "shape": "Hexagon",
        "dimensions": {
          "width": 1.81,
          "length": 0.2,
          "height": 1.45
        },
        "position": {
          "x": 8.28,
          "y": 2.74
        },
        "windows": [],
        "doors": [],
        "connected_to": []
      },
      {
        "id": 6,
        "name": "Text_90",
        "shape": "Irregular",
        "dimensions": {
          "width": 2.73,
          "length": 2.23,
          "height": 2.18
        },
        "position": {
          "x": 0.2,
          "y": 2.09
        },
        "windows": [],
        "doors": [
          {
            "type": "Door",
            "id": 29,
            "location": {
              "x": 2.87,
              "y": 3.31
            },
            "dimensions": {
              "width": 0.54,
              "height": 4.61
            }
          },
          {
            "type": "Door",
            "id": 32,
            "location": {
              "x": 0.32,
              "y": 2.69
            },
            "dimensions": {
              "width": 0.06,
              "height": 1.35
            }
          },
          {
            "type": "Door",
            "id": 33,
            "location": {
              "x": 1.6,
              "y": 2.33
            },
            "dimensions": {
              "width": 0.37,
              "height": 0.37
            }
          }
        ],
        "connected_to": []
      },
      {
        "id": 7,
        "name": "Text_108",
        "shape": "Irregular",
        "dimensions": {
          "width": 0.61,
          "length": 2.68,
          "height": 2.14
        },
        "position": {
          "x": 3.08,
          "y": 0.22
        },
        "windows": [],
        "doors": [],
        "connected_to": []
      },
      {
        "id": 8,
        "name": "Text_115",
        "shape": "Irregular",
        "dimensions": {
          "width": 0.79,
          "length": 1.65,
          "height": 1.32
        },
        "position": {
          "x": 1.13,
          "y": 0.22
        },
        "windows": [],
        "doors": [],
        "connected_to": []
      },
      {
        "id": 9,
        "name": "Text_117",
        "shape": "Irregular",
        "dimensions": {
          "width": 0.66,
          "length": 1.29,
          "height": 1.03
        },
        "position": {
          "x": 0.2,
          "y": 0.22
        },
        "windows": [],
        "doors": [
          {
            "type": "Door",
            "id": 38,
            "location": {
              "x": 0.29,
              "y": 1.42
            },
            "dimensions": {
              "width": 0.51,
              "height": 0.78
            }
          }
        ],
        "connected_to": []
      }
    ],
    "doorsAndWindows": [
      {
        "type": "Door",
        "id": 1,
        "location": {
          "x": 6.38,
          "y": 7.65
        },
        "dimensions": {
          "width": 0.03,
          "height": 0.51
        }
      },
      {
        "type": "Door",
        "id": 2,
        "location": {
          "x": 7.97,
          "y": 7.64
        },
        "dimensions": {
          "width": 0.11,
          "height": 0.13
        }
      },
      {
        "type": "Door",
        "id": 3,
        "location": {
          "x": 6.86,
          "y": 7.62
        },
        "dimensions": {
          "width": 0.03,
          "height": 0.51
        }
      },
      {
        "type": "Door",
        "id": 4,
        "location": {
          "x": 6.79,
          "y": 7.6
        },
        "dimensions": {
          "width": 0.04,
          "height": 0.53
        }
      },
      {
        "type": "Door",
        "id": 5,
        "location": {
          "x": 6.24,
          "y": 7.6
        },
        "dimensions": {
          "width": 0.03,
          "height": 0.51
        }
      },
      {
        "type": "Door",
        "id": 6,
        "location": {
          "x": 8.65,
          "y": 7.46
        },
        "dimensions": {
          "width": 0.13,
          "height": 0.14
        }
      },
      {
        "type": "Door",
        "id": 7,
        "location": {
          "x": 8.38,
          "y": 7.46
        },
        "dimensions": {
          "width": 0.12,
          "height": 0.14
        }
      },
      {
        "type": "Door",
        "id": 8,
        "location": {
          "x": 8.35,
          "y": 6.4
        },
        "dimensions": {
          "width": 0.12,
          "height": 0.15
        }
      },
      {
        "type": "Door",
        "id": 9,
        "location": {
          "x": 7.04,
          "y": 6.34
        },
        "dimensions": {
          "width": 0.12,
          "height": 0.14
        }
      },
      {
        "type": "Door",
        "id": 10,
        "location": {
          "x": 6.64,
          "y": 6.34
        },
        "dimensions": {
          "width": 0.11,
          "height": 0.15
        }
      },
      {
        "type": "Door",
        "id": 11,
        "location": {
          "x": 8.43,
          "y": 6.23
        },
        "dimensions": {
          "width": 0.15,
          "height": 0.13
        }
      },
      {
        "type": "Door",
        "id": 12,
        "location": {
          "x": 8.3,
          "y": 6.22
        },
        "dimensions": {
          "width": 0.11,
          "height": 0.14
        }
      },
      {
        "type": "Door",
        "id": 13,
        "location": {
          "x": 8.18,
          "y": 6.22
        },
        "dimensions": {
          "width": 0.11,
          "height": 0.15
        }
      },
      {
        "type": "Door",
        "id": 14,
        "location": {
          "x": 7.9,
          "y": 6.22
        },
        "dimensions": {
          "width": 0.13,
          "height": 0.14
        }
      },
      {
        "type": "Door",
        "id": 15,
        "location": {
          "x": 5.43,
          "y": 5.75
        },
        "dimensions": {
          "width": 0.65,
          "height": 0.62
        }
      },
      {
        "type": "Door",
        "id": 16,
        "location": {
          "x": 8.62,
          "y": 4.81
        },
        "dimensions": {
          "width": 0.16,
          "height": 0.24
        }
      },
      {
        "type": "Door",
        "id": 17,
        "location": {
          "x": 6.22,
          "y": 4.8
        },
        "dimensions": {
          "width": 0.1,
          "height": 0.14
        }
      },
      {
        "type": "Door",
        "id": 18,
        "location": {
          "x": 6.1,
          "y": 4.8
        },
        "dimensions": {
          "width": 0.12,
          "height": 0.16
        }
      },
      {
        "type": "Door",
        "id": 19,
        "location": {
          "x": 7.77,
          "y": 4.75
        },
        "dimensions": {
          "width": 0.34,
          "height": 0.34
        }
      },
      {
        "type": "Door",
        "id": 20,
        "location": {
          "x": 0.36,
          "y": 4.72
        },
        "dimensions": {
          "width": 2.7,
          "height": 3.48
        }
      },
      {
        "type": "Door",
        "id": 21,
        "location": {
          "x": 7.77,
          "y": 4.31
        },
        "dimensions": {
          "width": 0.23,
          "height": 0.22
        }
      },
      {
        "type": "Door",
        "id": 22,
        "location": {
          "x": 6.17,
          "y": 3.97
        },
        "dimensions": {
          "width": 4.0,
          "height": 4.88
        }
      },
      {
        "type": "Door",
        "id": 23,
        "location": {
          "x": 3.48,
          "y": 3.94
        },
        "dimensions": {
          "width": 0.25,
          "height": 0.45
        }
      },
      {
        "type": "Door",
        "id": 24,
        "location": {
          "x": 8.98,
          "y": 3.59
        },
        "dimensions": {
          "width": 0.12,
          "height": 0.14
        }
      },
      {
        "type": "Door",
        "id": 25,
        "location": {
          "x": 5.82,
          "y": 3.52
        },
        "dimensions": {
          "width": 0.25,
          "height": 0.25
        }
      },
      {
        "type": "Door",
        "id": 26,
        "location": {
          "x": 8.2,
          "y": 3.47
        },
        "dimensions": {
          "width": 0.22,
          "height": 0.23
        }
      },
      {
        "type": "Door",
        "id": 27,
        "location": {
          "x": 4.92,
          "y": 3.39
        },
        "dimensions": {
          "width": 0.28,
          "height": 1.67
        }
      },
      {
        "type": "Door",
        "id": 28,
        "location": {
          "x": 4.56,
          "y": 3.37
        },
        "dimensions": {
          "width": 0.4,
          "height": 1.7
        }
      },
      {
        "type": "Door",
        "id": 29,
        "location": {
          "x": 2.87,
          "y": 3.31
        },
        "dimensions": {
          "width": 0.54,
          "height": 4.61
        }
      },
      {
        "type": "Door",
        "id": 30,
        "location": {
          "x": 3.42,
          "y": 3.13
        },
        "dimensions": {
          "width": 3.1,
          "height": 3.43
        }
      },
      {
        "type": "Door",
        "id": 31,
        "location": {
          "x": 4.96,
          "y": 2.71
        },
        "dimensions": {
          "width": 2.96,
          "height": 0.23
        }
      },
      {
        "type": "Door",
        "id": 32,
        "location": {
          "x": 0.32,
          "y": 2.69
        },
        "dimensions": {
          "width": 0.06,
          "height": 1.35
        }
      },
      {
        "type": "Door",
        "id": 33,
        "location": {
          "x": 1.6,
          "y": 2.33
        },
        "dimensions": {
          "width": 0.37,
          "height": 0.37
        }
      },
      {
        "type": "Door",
        "id": 34,
        "location": {
          "x": 7.69,
          "y": 1.99
        },
        "dimensions": {
          "width": 0.03,
          "height": 0.52
        }
      },
      {
        "type": "Door",
        "id": 35,
        "location": {
          "x": 3.92,
          "y": 1.87
        },
        "dimensions": {
          "width": 0.12,
          "height": 0.14
        }
      },
      {
        "type": "Door",
        "id": 36,
        "location": {
          "x": 6.7,
          "y": 1.82
        },
        "dimensions": {
          "width": 0.11,
          "height": 0.13
        }
      },
      {
        "type": "Door",
        "id": 37,
        "location": {
          "x": 7.83,
          "y": 1.48
        },
        "dimensions": {
          "width": 0.14,
          "height": 0.52
        }
      },
      {
        "type": "Door",
        "id": 38,
        "location": {
          "x": 0.29,
          "y": 1.42
        },
        "dimensions": {
          "width": 0.51,
          "height": 0.78
        }
      },
      {
        "type": "Door",
        "id": 39,
        "location": {
          "x": 7.69,
          "y": 1.0
        },
        "dimensions": {
          "width": 0.03,
          "height": 0.51
        }
      },
      {
        "type": "Door",
        "id": 40,
        "location": {
          "x": 1.95,
          "y": 0.99
        },
        "dimensions": {
          "width": 0.45,
          "height": 0.11
        }
      },
      {
        "type": "Door",
        "id": 41,
        "location": {
          "x": 2.61,
          "y": 0.98
        },
        "dimensions": {
          "width": 0.44,
          "height": 0.12
        }
      },
      {
        "type": "Door",
        "id": 42,
        "location": {
          "x": 6.45,
          "y": 0.85
        },
        "dimensions": {
          "width": 0.03,
          "height": 0.51
        }
      },
      {
        "type": "Door",
        "id": 43,
        "location": {
          "x": 5.19,
          "y": 0.43
        },
        "dimensions": {
          "width": 4.96,
          "height": 5.89
        }
      },
      {
        "type": "Door",
        "id": 44,
        "location": {
          "x": 0.15,
          "y": 0.35
        },
        "dimensions": {
          "width": 3.2,
          "height": 4.7
        }
      },
      {
        "type": "Door",
        "id": 45,
        "location": {
          "x": 3.38,
          "y": 0.2
        },
        "dimensions": {
          "width": 1.83,
          "height": 2.75
        }
      },
      {
        "type": "Door",
        "id": 46,
        "location": {
          "x": 0.29,
          "y": 0.16
        },
        "dimensions": {
          "width": 3.23,
          "height": 2.75
        }
      }
    ]
  }
}