{
  "floorPlan": {
    "name": "Floor Plan 20_19.jpg",
    "units": "feet",
    "totalArea": 23.88,
    "totalRooms": 8,
    "rooms": [
      {
        "id": 1,
        "name": "BATH",
        "shape": "Irregular",
        "dimensions": {
          "width": 1.49,
          "length": 0.71,
          "height": 1.19
        },
        "position": {
          "x": 8.27,
          "y": 5.75
        },
        "windows": [],
        "doors": [
          {
            "type": "Door",
            "id": 46,
            "location": {
              "x": 9.36,
              "y": 6.41
            },
            "dimensions": {
              "width": 0.33,
              "height": 0.19
            }
          },
          {
            "type": "Door",
            "id": 66,
            "location": {
              "x": 8.43,
              "y": 5.76
            },
            "dimensions": {
              "width": 0.27,
              "height": 0.24
            }
          }
        ],
        "connected_to": [
          2,
          5
        ]
      },
      {
        "id": 2,
        "name": "BEDROOM 2",
        "shape": "Pentagon",
        "dimensions": {
          "width": 1.11,
          "length": 2.59,
          "height": 2.07
        },
        "position": {
          "x": 7.49,
          "y": 5.6
        },
        "windows": [
          {
            "type": "Window",
            "id": 31,
            "location": {
              "x": 8.42,
              "y": 7.3
            },
            "dimensions": {
              "width": 0.38,
              "height": 0.18
            }
          }
        ],
        "doors": [
          {
            "type": "Door",
            "id": 43,
            "location": {
              "x": 8.5,
              "y": 7.0
            },
            "dimensions": {
              "width": 0.15,
              "height": 0.17
            }
          },
          {
            "type": "Door",
            "id": 44,
            "location": {
              "x": 8.34,
              "y": 7.0
            },
            "dimensions": {
              "width": 0.14,
              "height": 0.17
            }
          },
          {
            "type": "Door",
            "id": 45,
            "location": {
              "x": 8.17,
              "y": 7.0
            },
            "dimensions": {
              "width": 0.15,
              "height": 0.17
            }
          },
          {
            "type": "Door",
            "id": 54,
            "location": {
              "x": 7.82,
              "y": 6.1
            },
            "dimensions": {
              "width": 1.95,
              "height": 2.11
            }
          },
          {
            "type": "Door",
            "id": 66,
            "location": {
              "x": 8.43,
              "y": 5.76
            },
            "dimensions": {
              "width": 0.27,
              "height": 0.24
            }
          }
        ],
        "connected_to": [
          1,
          5
        ]
      },
      {
        "id": 3,
        "name": "Room_3",
        "shape": "Irregular",
        "dimensions": {
          "width": 1.58,
          "length": 3.36,
          "height": 2.69
        },
        "position": {
          "x": 4.5,
          "y": 4.84
        },
        "windows": [],
        "doors": [
          {
            "type": "Door",
            "id": 35,
            "location": {
              "x": 5.92,
              "y": 7.3
            },
            "dimensions": {
              "width": 0.16,
              "height": 0.16
            }
          },
          {
            "type": "Door",
            "id": 38,
            "location": {
              "x": 5.74,
              "y": 7.29
            },
            "dimensions": {
              "width": 0.16,
              "height": 0.17
            }
          },
          {
            "type": "Door",
            "id": 39,
            "location": {
              "x": 4.97,
              "y": 7.14
            },
            "dimensions": {
              "width": 1.2,
              "height": 1.04
            }
          },
          {
            "type": "Door",
            "id": 47,
            "location": {
              "x": 4.97,
              "y": 6.41
            },
            "dimensions": {
              "width": 0.3,
              "height": 0.65
            }
          },
          {
            "type": "Door",
            "id": 48,
            "location": {
              "x": 5.28,
              "y": 6.33
            },
            "dimensions": {
              "width": 0.05,
              "height": 0.82
            }
          }
        ],
        "connected_to": []
      },
      {
        "id": 4,
        "name": "LAUNDRY",
        "shape": "Irregular",
        "dimensions": {
          "width": 2.84,
          "length": 1.38,
          "height": 2.27
        },
        "position": {
          "x": 1.64,
          "y": 3.88
        },
        "windows": [],
        "doors": [
          {
            "type": "Door",
            "id": 78,
            "location": {
              "x": 3.41,
              "y": 4.49
            },
            "dimensions": {
              "width": 0.16,
              "height": 0.17
            }
          },
          {
            "type": "Door",
            "id": 79,
            "location": {
              "x": 1.92,
              "y": 4.36
            },
            "dimensions": {
              "width": 0.33,
              "height": 0.49
            }
          },
          {
            "type": "Door",
            "id": 80,
            "location": {
              "x": 3.42,
              "y": 4.11
            },
            "dimensions": {
              "width": 0.35,
              "height": 0.19
            }
          },
          {
            "type": "Door",
            "id": 81,
            "location": {
              "x": 3.11,
              "y": 4.0
            },
            "dimensions": {
              "width": 0.31,
              "height": 0.3
            }
          },
          {
            "type": "Door",
            "id": 82,
            "location": {
              "x": 3.91,
              "y": 3.99
            },
            "dimensions": {
              "width": 0.33,
              "height": 0.3
            }
          },
          {
            "type": "Door",
            "id": 87,
            "location": {
              "x": 3.78,
              "y": 3.97
            },
            "dimensions": {
              "width": 0.69,
              "height": 0.69
            }
          },
          {
            "type": "Door",
            "id": 88,
            "location": {
              "x": 3.07,
              "y": 3.97
            },
            "dimensions": {
              "width": 1.31,
              "height": 0.97
            }
          }
        ],
        "connected_to": []
      },
      {
        "id": 5,
        "name": "BATH",
        "shape": "Irregular",
        "dimensions": {
          "width": 1.59,
          "length": 5.06,
          "height": 4.05
        },
        "position": {
          "x": 8.27,
          "y": 3.13
        },
        "windows": [
          {
            "type": "Window",
            "id": 31,
            "location": {
              "x": 8.42,
              "y": 7.3
            },
            "dimensions": {
              "width": 0.38,
              "height": 0.18
            }
          },
          {
            "type": "Window",
            "id": 92,
            "location": {
              "x": 8.43,
              "y": 3.91
            },
            "dimensions": {
              "width": 0.37,
              "height": 0.17
            }
          }
        ],
        "doors": [
          {
            "type": "Door",
            "id": 28,
            "location": {
              "x": 8.81,
              "y": 7.31
            },
            "dimensions": {
              "width": 0.16,
              "height": 0.19
            }
          },
          {
            "type": "Door",
            "id": 29,
            "location": {
              "x": 9.35,
              "y": 7.3
            },
            "dimensions": {
              "width": 0.14,
              "height": 0.18
            }
          },
          {
            "type": "Door",
            "id": 30,
            "location": {
              "x": 9.12,
              "y": 7.3
            },
            "dimensions": {
              "width": 0.14,
              "height": 0.18
            }
          },
          {
            "type": "Door",
            "id": 40,
            "location": {
              "x": 9.02,
              "y": 7.0
            },
            "dimensions": {
              "width": 0.17,
              "height": 0.17
            }
          },
          {
            "type": "Door",
            "id": 41,
            "location": {
              "x": 8.83,
              "y": 7.0
            },
            "dimensions": {
              "width": 0.17,
              "height": 0.17
            }
          },
          {
            "type": "Door",
            "id": 42,
            "location": {
              "x": 8.67,
              "y": 7.0
            },
            "dimensions": {
              "width": 0.16,
              "height": 0.17
            }
          },
          {
            "type": "Door",
            "id": 43,
            "location": {
              "x": 8.5,
              "y": 7.0
            },
            "dimensions": {
              "width": 0.15,
              "height": 0.17
            }
          },
          {
            "type": "Door",
            "id": 44,
            "location": {
              "x": 8.34,
              "y": 7.0
            },
            "dimensions": {
              "width": 0.14,
              "height": 0.17
            }
          },
          {
            "type": "Door",
            "id": 46,
            "location": {
              "x": 9.36,
              "y": 6.41
            },
            "dimensions": {
              "width": 0.33,
              "height": 0.19
            }
          },
          {
            "type": "Door",
            "id": 66,
            "location": {
              "x": 8.43,
              "y": 5.76
            },
            "dimensions": {
              "width": 0.27,
              "height": 0.24
            }
          },
          {
            "type": "Door",
            "id": 68,
            "location": {
              "x": 9.08,
              "y": 5.39
            },
            "dimensions": {
              "width": 0.16,
              "height": 0.16
            }
          },
          {
            "type": "Door",
            "id": 69,
            "location": {
              "x": 8.91,
              "y": 5.38
            },
            "dimensions": {
              "width": 0.15,
              "height": 0.17
            }
          },
          {
            "type": "Door",
            "id": 70,
            "location": {
              "x": 8.75,
              "y": 5.38
            },
            "dimensions": {
              "width": 0.17,
              "height": 0.18
            }
          },
          {
            "type": "Door",
            "id": 77,
            "location": {
              "x": 9.32,
              "y": 4.71
            },
            "dimensions": {
              "width": 0.35,
              "height": 0.19
            }
          },
          {
            "type": "Door",
            "id": 89,
            "location": {
              "x": 9.35,
              "y": 3.91
            },
            "dimensions": {
              "width": 0.14,
              "height": 0.17
            }
          },
          {
            "type": "Door",
            "id": 90,
            "location": {
              "x": 9.12,
              "y": 3.91
            },
            "dimensions": {
              "width": 0.14,
              "height": 0.17
            }
          },
          {
            "type": "Door",
            "id": 91,
            "location": {
              "x": 8.81,
              "y": 3.91
            },
            "dimensions": {
              "width": 0.16,
              "height": 0.17
            }
          },
          {
            "type": "Door",
            "id": 105,
            "location": {
              "x": 8.67,
              "y": 3.6
            },
            "dimensions": {
              "width": 0.16,
              "height": 0.17
            }
          },
          {
            "type": "Door",
            "id": 106,
            "location": {
              "x": 8.5,
              "y": 3.6
            },
            "dimensions": {
              "width": 0.15,
              "height": 0.17
            }
          },
          {
            "type": "Door",
            "id": 107,
            "location": {
              "x": 8.34,
              "y": 3.6
            },
            "dimensions": {
              "width": 0.14,
              "height": 0.17
            }
          },
          {
            "type": "Door",
            "id": 109,
            "location": {
              "x": 9.01,
              "y": 3.59
            },
            "dimensions": {
              "width": 0.18,
              "height": 0.18
            }
          },
          {
            "type": "Door",
            "id": 110,
            "location": {
              "x": 8.83,
              "y": 3.59
            },
            "dimensions": {
              "width": 0.17,
              "height": 0.18
            }
          }
        ],
        "connected_to": [
          1,
          2
        ]
      },
      {
        "id": 6,
        "name": "Room_6",
        "shape": "Pentagon",
        "dimensions": {
          "width": 0.15,
          "length": 1.87,
          "height": 1.5
        },
        "position": {
          "x": 7.7,
          "y": 3.13
        },
        "windows": [],
        "doors": [],
        "connected_to": []
      },
      {
        "id": 7,
        "name": "SHOWER",
        "shape": "Octagon",
        "dimensions": {
          "width": 1.0,
          "length": 2.26,
          "height": 1.81
        },
        "position": {
          "x": 1.64,
          "y": 2.02
        },
        "windows": [],
        "doors": [
          {
            "type": "Door",
            "id": 93,
            "location": {
              "x": 2.24,
              "y": 3.8
            },
            "dimensions": {
              "width": 2.27,
              "height": 1.14
            }
          },
          {
            "type": "Door",
            "id": 102,
            "location": {
              "x": 2.31,
              "y": 3.66
            },
            "dimensions": {
              "width": 0.36,
              "height": 0.53
            }
          },
          {
            "type": "Door",
            "id": 104,
            "location": {
              "x": 1.94,
              "y": 3.65
            },
            "dimensions": {
              "width": 0.38,
              "height": 0.55
            }
          },
          {
            "type": "Door",
            "id": 120,
            "location": {
              "x": 1.73,
              "y": 2.91
            },
            "dimensions": {
              "width": 0.84,
              "height": 1.54
            }
          },
          {
            "type": "Door",
            "id": 133,
            "location": {
              "x": 2.15,
              "y": 2.38
            },
            "dimensions": {
              "width": 0.13,
              "height": 0.17
            }
          },
          {
            "type": "Door",
            "id": 134,
            "location": {
              "x": 1.98,
              "y": 2.38
            },
            "dimensions": {
              "width": 0.15,
              "height": 0.17
            }
          },
          {
            "type": "Door",
            "id": 135,
            "location": {
              "x": 2.29,
              "y": 2.37
            },
            "dimensions": {
              "width": 0.17,
              "height": 0.18
            }
          },
          {
            "type": "Door",
            "id": 148,
            "location": {
              "x": 1.73,
              "y": 2.11
            },
            "dimensions": {
              "width": 0.91,
              "height": 0.78
            }
          }
        ],
        "connected_to": []
      },
      {
        "id": 8,
        "name": "56'-0\"",
        "shape": "Octagon",
        "dimensions": {
          "width": 0.32,
          "length": 0.41,
          "height": 0.33
        },
        "position": {
          "x": 5.99,
          "y": 0.4
        },
        "windows": [],
        "doors": [
          {
            "type": "Door",
            "id": 160,
            "location": {
              "x": 5.99,
              "y": 0.4
            },
            "dimensions": {
              "width": 0.32,
              "height": 0.41
            }
          }
        ],
        "connected_to": []
      }
    ],
    "doorsAndWindows": [
      {
        "type": "Window",
        "id": 1,
        "location": {
          "x": 8.17,
          "y": 9.59
        },
        "dimensions": {
          "width": 1.48,
          "height": 0.06
        }
      },
      {
        "type": "Window",
        "id": 2,
        "location": {
          "x": 6.51,
          "y": 9.55
        },
        "dimensions": {
          "width": 1.48,
          "height": 0.08
        }
      },
      {
        "type": "Door",
        "id": 3,
        "location": {
          "x": 9.66,
          "y": 9.49
        },
        "dimensions": {
          "width": 0.16,
          "height": 0.16
        }
      },
      {
        "type": "Door",
        "id": 4,
        "location": {
          "x": 8.0,
          "y": 9.49
        },
        "dimensions": {
          "width": 0.16,
          "height": 0.16
        }
      },
      {
        "type": "Window",
        "id": 5,
        "location": {
          "x": 0.48,
          "y": 9.2
        },
        "dimensions": {
          "width": 1.07,
          "height": 0.45
        }
      },
      {
        "type": "Door",
        "id": 6,
        "location": {
          "x": 6.15,
          "y": 8.89
        },
        "dimensions": {
          "width": 0.14,
          "height": 0.17
        }
      },
      {
        "type": "Door",
        "id": 7,
        "location": {
          "x": 5.98,
          "y": 8.89
        },
        "dimensions": {
          "width": 0.14,
          "height": 0.17
        }
      },
      {
        "type": "Door",
        "id": 8,
        "location": {
          "x": 5.81,
          "y": 8.89
        },
        "dimensions": {
          "width": 0.16,
          "height": 0.17
        }
      },
      {
        "type": "Door",
        "id": 9,
        "location": {
          "x": 5.53,
          "y": 8.89
        },
        "dimensions": {
          "width": 0.15,
          "height": 0.17
        }
      },
      {
        "type": "Door",
        "id": 10,
        "location": {
          "x": 5.39,
          "y": 8.89
        },
        "dimensions": {
          "width": 0.13,
          "height": 0.17
        }
      },
      {
        "type": "Door",
        "id": 11,
        "location": {
          "x": 5.16,
          "y": 8.89
        },
        "dimensions": {
          "width": 0.14,
          "height": 0.17
        }
      },
      {
        "type": "Door",
        "id": 12,
        "location": {
          "x": 6.3,
          "y": 8.78
        },
        "dimensions": {
          "width": 0.14,
          "height": 0.28
        }
      },
      {
        "type": "Door",
        "id": 13,
        "location": {
          "x": 6.51,
          "y": 8.58
        },
        "dimensions": {
          "width": 0.16,
          "height": 0.17
        }
      },
      {
        "type": "Door",
        "id": 14,
        "location": {
          "x": 6.33,
          "y": 8.58
        },
        "dimensions": {
          "width": 0.16,
          "height": 0.17
        }
      },
      {
        "type": "Door",
        "id": 15,
        "location": {
          "x": 5.98,
          "y": 8.58
        },
        "dimensions": {
          "width": 0.17,
          "height": 0.17
        }
      },
      {
        "type": "Door",
        "id": 16,
        "location": {
          "x": 6.17,
          "y": 8.21
        },
        "dimensions": {
          "width": 0.16,
          "height": 0.54
        }
      },
      {
        "type": "Door",
        "id": 17,
        "location": {
          "x": 5.81,
          "y": 8.21
        },
        "dimensions": {
          "width": 0.16,
          "height": 0.54
        }
      },
      {
        "type": "Door",
        "id": 18,
        "location": {
          "x": 5.74,
          "y": 8.21
        },
        "dimensions": {
          "width": 0.05,
          "height": 1.36
        }
      },
      {
        "type": "Door",
        "id": 19,
        "location": {
          "x": 5.58,
          "y": 8.21
        },
        "dimensions": {
          "width": 0.16,
          "height": 0.54
        }
      },
      {
        "type": "Door",
        "id": 20,
        "location": {
          "x": 5.41,
          "y": 8.21
        },
        "dimensions": {
          "width": 0.15,
          "height": 0.54
        }
      },
      {
        "type": "Door",
        "id": 21,
        "location": {
          "x": 5.25,
          "y": 8.21
        },
        "dimensions": {
          "width": 0.16,
          "height": 0.54
        }
      },
      {
        "type": "Door",
        "id": 22,
        "location": {
          "x": 5.08,
          "y": 8.21
        },
        "dimensions": {
          "width": 0.15,
          "height": 0.54
        }
      },
      {
        "type": "Door",
        "id": 23,
        "location": {
          "x": 4.74,
          "y": 8.21
        },
        "dimensions": {
          "width": 0.17,
          "height": 0.54
        }
      },
      {
        "type": "Door",
        "id": 24,
        "location": {
          "x": 6.47,
          "y": 7.61
        },
        "dimensions": {
          "width": 0.16,
          "height": 0.17
        }
      },
      {
        "type": "Door",
        "id": 25,
        "location": {
          "x": 6.32,
          "y": 7.61
        },
        "dimensions": {
          "width": 0.14,
          "height": 0.17
        }
      },
      {
        "type": "Door",
        "id": 26,
        "location": {
          "x": 6.1,
          "y": 7.61
        },
        "dimensions": {
          "width": 0.14,
          "height": 0.17
        }
      },
      {
        "type": "Door",
        "id": 27,
        "location": {
          "x": 6.79,
          "y": 7.6
        },
        "dimensions": {
          "width": 0.21,
          "height": 0.18
        }
      },
      {
        "type": "Door",
        "id": 28,
        "location": {
          "x": 8.81,
          "y": 7.31
        },
        "dimensions": {
          "width": 0.16,
          "height": 0.19
        }
      },
      {
        "type": "Door",
        "id": 29,
        "location": {
          "x": 9.35,
          "y": 7.3
        },
        "dimensions": {
          "width": 0.14,
          "height": 0.18
        }
      },
      {
        "type": "Door",
        "id": 30,
        "location": {
          "x": 9.12,
          "y": 7.3
        },
        "dimensions": {
          "width": 0.14,
          "height": 0.18
        }
      },
      {
        "type": "Window",
        "id": 31,
        "location": {
          "x": 8.42,
          "y": 7.3
        },
        "dimensions": {
          "width": 0.38,
          "height": 0.18
        }
      },
      {
        "type": "Door",
        "id": 32,
        "location": {
          "x": 6.64,
          "y": 7.3
        },
        "dimensions": {
          "width": 0.16,
          "height": 0.16
        }
      },
      {
        "type": "Door",
        "id": 33,
        "location": {
          "x": 6.4,
          "y": 7.3
        },
        "dimensions": {
          "width": 0.15,
          "height": 0.16
        }
      },
      {
        "type": "Door",
        "id": 34,
        "location": {
          "x": 6.09,
          "y": 7.3
        },
        "dimensions": {
          "width": 0.32,
          "height": 0.16
        }
      },
      {
        "type": "Door",
        "id": 35,
        "location": {
          "x": 5.92,
          "y": 7.3
        },
        "dimensions": {
          "width": 0.16,
          "height": 0.16
        }
      },
      {
        "type": "Door",
        "id": 36,
        "location": {
          "x": 6.99,
          "y": 7.29
        },
        "dimensions": {
          "width": 0.17,
          "height": 0.17
        }
      },
      {
        "type": "Door",
        "id": 37,
        "location": {
          "x": 6.81,
          "y": 7.29
        },
        "dimensions": {
          "width": 0.17,
          "height": 0.17
        }
      },
      {
        "type": "Door",
        "id": 38,
        "location": {
          "x": 5.74,
          "y": 7.29
        },
        "dimensions": {
          "width": 0.16,
          "height": 0.17
        }
      },
      {
        "type": "Door",
        "id": 39,
        "location": {
          "x": 4.97,
          "y": 7.14
        },
        "dimensions": {
          "width": 1.2,
          "height": 1.04
        }
      },
      {
        "type": "Door",
        "id": 40,
        "location": {
          "x": 9.02,
          "y": 7.0
        },
        "dimensions": {
          "width": 0.17,
          "height": 0.17
        }
      },
      {
        "type": "Door",
        "id": 41,
        "location": {
          "x": 8.83,
          "y": 7.0
        },
        "dimensions": {
          "width": 0.17,
          "height": 0.17
        }
      },
      {
        "type": "Door",
        "id": 42,
        "location": {
          "x": 8.67,
          "y": 7.0
        },
        "dimensions": {
          "width": 0.16,
          "height": 0.17
        }
      },
      {
        "type": "Door",
        "id": 43,
        "location": {
          "x": 8.5,
          "y": 7.0
        },
        "dimensions": {
          "width": 0.15,
          "height": 0.17
        }
      },
      {
        "type": "Door",
        "id": 44,
        "location": {
          "x": 8.34,
          "y": 7.0
        },
        "dimensions": {
          "width": 0.14,
          "height": 0.17
        }
      },
      {
        "type": "Door",
        "id": 45,
        "location": {
          "x": 8.17,
          "y": 7.0
        },
        "dimensions": {
          "width": 0.15,
          "height": 0.17
        }
      },
      {
        "type": "Door",
        "id": 46,
        "location": {
          "x": 9.36,
          "y": 6.41
        },
        "dimensions": {
          "width": 0.33,
          "height": 0.19
        }
      },
      {
        "type": "Door",
        "id": 47,
        "location": {
          "x": 4.97,
          "y": 6.41
        },
        "dimensions": {
          "width": 0.3,
          "height": 0.65
        }
      },
      {
        "type": "Door",
        "id": 48,
        "location": {
          "x": 5.28,
          "y": 6.33
        },
        "dimensions": {
          "width": 0.05,
          "height": 0.82
        }
      },
      {
        "type": "Door",
        "id": 49,
        "location": {
          "x": 0.3,
          "y": 6.33
        },
        "dimensions": {
          "width": 0.41,
          "height": 0.34
        }
      },
      {
        "type": "Door",
        "id": 50,
        "location": {
          "x": 3.87,
          "y": 6.22
        },
        "dimensions": {
          "width": 0.15,
          "height": 0.17
        }
      },
      {
        "type": "Door",
        "id": 51,
        "location": {
          "x": 3.11,
          "y": 6.22
        },
        "dimensions": {
          "width": 0.17,
          "height": 0.17
        }
      },
      {
        "type": "Door",
        "id": 52,
        "location": {
          "x": 2.9,
          "y": 6.22
        },
        "dimensions": {
          "width": 0.14,
          "height": 0.17
        }
      },
      {
        "type": "Door",
        "id": 53,
        "location": {
          "x": 2.53,
          "y": 6.22
        },
        "dimensions": {
          "width": 0.14,
          "height": 0.17
        }
      },
      {
        "type": "Door",
        "id": 54,
        "location": {
          "x": 7.82,
          "y": 6.1
        },
        "dimensions": {
          "width": 1.95,
          "height": 2.11
        }
      },
      {
        "type": "Door",
        "id": 55,
        "location": {
          "x": 0.29,
          "y": 5.98
        },
        "dimensions": {
          "width": 0.41,
          "height": 0.33
        }
      },
      {
        "type": "Door",
        "id": 56,
        "location": {
          "x": 4.19,
          "y": 5.91
        },
        "dimensions": {
          "width": 0.14,
          "height": 0.17
        }
      },
      {
        "type": "Door",
        "id": 57,
        "location": {
          "x": 4.0,
          "y": 5.91
        },
        "dimensions": {
          "width": 0.17,
          "height": 0.17
        }
      },
      {
        "type": "Window",
        "id": 58,
        "location": {
          "x": 3.49,
          "y": 5.91
        },
        "dimensions": {
          "width": 0.5,
          "height": 0.17
        }
      },
      {
        "type": "Door",
        "id": 59,
        "location": {
          "x": 3.08,
          "y": 5.91
        },
        "dimensions": {
          "width": 0.14,
          "height": 0.17
        }
      },
      {
        "type": "Door",
        "id": 60,
        "location": {
          "x": 2.93,
          "y": 5.91
        },
        "dimensions": {
          "width": 0.13,
          "height": 0.17
        }
      },
      {
        "type": "Door",
        "id": 61,
        "location": {
          "x": 2.57,
          "y": 5.91
        },
        "dimensions": {
          "width": 0.17,
          "height": 0.17
        }
      },
      {
        "type": "Door",
        "id": 62,
        "location": {
          "x": 2.39,
          "y": 5.91
        },
        "dimensions": {
          "width": 0.17,
          "height": 0.17
        }
      },
      {
        "type": "Door",
        "id": 63,
        "location": {
          "x": 2.22,
          "y": 5.91
        },
        "dimensions": {
          "width": 0.16,
          "height": 0.17
        }
      },
      {
        "type": "Door",
        "id": 64,
        "location": {
          "x": 2.76,
          "y": 5.9
        },
        "dimensions": {
          "width": 0.16,
          "height": 0.22
        }
      },
      {
        "type": "Door",
        "id": 65,
        "location": {
          "x": 0.3,
          "y": 5.82
        },
        "dimensions": {
          "width": 0.15,
          "height": 0.12
        }
      },
      {
        "type": "Door",
        "id": 66,
        "location": {
          "x": 8.43,
          "y": 5.76
        },
        "dimensions": {
          "width": 0.27,
          "height": 0.24
        }
      },
      {
        "type": "Door",
        "id": 67,
        "location": {
          "x": 0.51,
          "y": 5.63
        },
        "dimensions": {
          "width": 0.09,
          "height": 0.17
        }
      },
      {
        "type": "Door",
        "id": 68,
        "location": {
          "x": 9.08,
          "y": 5.39
        },
        "dimensions": {
          "width": 0.16,
          "height": 0.16
        }
      },
      {
        "type": "Door",
        "id": 69,
        "location": {
          "x": 8.91,
          "y": 5.38
        },
        "dimensions": {
          "width": 0.15,
          "height": 0.17
        }
      },
      {
        "type": "Door",
        "id": 70,
        "location": {
          "x": 8.75,
          "y": 5.38
        },
        "dimensions": {
          "width": 0.17,
          "height": 0.18
        }
      },
      {
        "type": "Door",
        "id": 71,
        "location": {
          "x": 8.12,
          "y": 5.28
        },
        "dimensions": {
          "width": 1.65,
          "height": 1.49
        }
      },
      {
        "type": "Door",
        "id": 72,
        "location": {
          "x": 0.29,
          "y": 5.28
        },
        "dimensions": {
          "width": 0.41,
          "height": 0.32
        }
      },
      {
        "type": "Door",
        "id": 73,
        "location": {
          "x": 0.3,
          "y": 5.13
        },
        "dimensions": {
          "width": 0.15,
          "height": 0.12
        }
      },
      {
        "type": "Door",
        "id": 74,
        "location": {
          "x": 0.3,
          "y": 4.99
        },
        "dimensions": {
          "width": 0.15,
          "height": 0.12
        }
      },
      {
        "type": "Door",
        "id": 75,
        "location": {
          "x": 8.12,
          "y": 4.92
        },
        "dimensions": {
          "width": 0.53,
          "height": 0.39
        }
      },
      {
        "type": "Door",
        "id": 76,
        "location": {
          "x": 4.91,
          "y": 4.72
        },
        "dimensions": {
          "width": 2.2,
          "height": 2.45
        }
      },
      {
        "type": "Door",
        "id": 77,
        "location": {
          "x": 9.32,
          "y": 4.71
        },
        "dimensions": {
          "width": 0.35,
          "height": 0.19
        }
      },
      {
        "type": "Door",
        "id": 78,
        "location": {
          "x": 3.41,
          "y": 4.49
        },
        "dimensions": {
          "width": 0.16,
          "height": 0.17
        }
      },
      {
        "type": "Door",
        "id": 79,
        "location": {
          "x": 1.92,
          "y": 4.36
        },
        "dimensions": {
          "width": 0.33,
          "height": 0.49
        }
      },
      {
        "type": "Door",
        "id": 80,
        "location": {
          "x": 3.42,
          "y": 4.11
        },
        "dimensions": {
          "width": 0.35,
          "height": 0.19
        }
      },
      {
        "type": "Door",
        "id": 81,
        "location": {
          "x": 3.11,
          "y": 4.0
        },
        "dimensions": {
          "width": 0.31,
          "height": 0.3
        }
      },
      {
        "type": "Door",
        "id": 82,
        "location": {
          "x": 3.91,
          "y": 3.99
        },
        "dimensions": {
          "width": 0.33,
          "height": 0.3
        }
      },
      {
        "type": "Door",
        "id": 83,
        "location": {
          "x": 6.86,
          "y": 3.98
        },
        "dimensions": {
          "width": 0.14,
          "height": 0.16
        }
      },
      {
        "type": "Door",
        "id": 84,
        "location": {
          "x": 6.47,
          "y": 3.98
        },
        "dimensions": {
          "width": 0.16,
          "height": 0.16
        }
      },
      {
        "type": "Door",
        "id": 85,
        "location": {
          "x": 6.25,
          "y": 3.97
        },
        "dimensions": {
          "width": 0.14,
          "height": 0.19
        }
      },
      {
        "type": "Door",
        "id": 86,
        "location": {
          "x": 5.6,
          "y": 3.97
        },
        "dimensions": {
          "width": 0.56,
          "height": 0.43
        }
      },
      {
        "type": "Door",
        "id": 87,
        "location": {
          "x": 3.78,
          "y": 3.97
        },
        "dimensions": {
          "width": 0.69,
          "height": 0.69
        }
      },
      {
        "type": "Door",
        "id": 88,
        "location": {
          "x": 3.07,
          "y": 3.97
        },
        "dimensions": {
          "width": 1.31,
          "height": 0.97
        }
      },
      {
        "type": "Door",
        "id": 89,
        "location": {
          "x": 9.35,
          "y": 3.91
        },
        "dimensions": {
          "width": 0.14,
          "height": 0.17
        }
      },
      {
        "type": "Door",
        "id": 90,
        "location": {
          "x": 9.12,
          "y": 3.91
        },
        "dimensions": {
          "width": 0.14,
          "height": 0.17
        }
      },
      {
        "type": "Door",
        "id": 91,
        "location": {
          "x": 8.81,
          "y": 3.91
        },
        "dimensions": {
          "width": 0.16,
          "height": 0.17
        }
      },
      {
        "type": "Window",
        "id": 92,
        "location": {
          "x": 8.43,
          "y": 3.91
        },
        "dimensions": {
          "width": 0.37,
          "height": 0.17
        }
      },
      {
        "type": "Door",
        "id": 93,
        "location": {
          "x": 2.24,
          "y": 3.8
        },
        "dimensions": {
          "width": 2.27,
          "height": 1.14
        }
      },
      {
        "type": "Door",
        "id": 94,
        "location": {
          "x": 6.85,
          "y": 3.66
        },
        "dimensions": {
          "width": 0.15,
          "height": 0.17
        }
      },
      {
        "type": "Door",
        "id": 95,
        "location": {
          "x": 6.58,
          "y": 3.66
        },
        "dimensions": {
          "width": 0.17,
          "height": 0.17
        }
      },
      {
        "type": "Door",
        "id": 96,
        "location": {
          "x": 6.32,
          "y": 3.66
        },
        "dimensions": {
          "width": 0.16,
          "height": 0.19
        }
      },
      {
        "type": "Door",
        "id": 97,
        "location": {
          "x": 6.16,
          "y": 3.66
        },
        "dimensions": {
          "width": 0.14,
          "height": 0.17
        }
      },
      {
        "type": "Door",
        "id": 98,
        "location": {
          "x": 5.98,
          "y": 3.66
        },
        "dimensions": {
          "width": 0.16,
          "height": 0.17
        }
      },
      {
        "type": "Door",
        "id": 99,
        "location": {
          "x": 5.8,
          "y": 3.66
        },
        "dimensions": {
          "width": 0.16,
          "height": 0.17
        }
      },
      {
        "type": "Door",
        "id": 100,
        "location": {
          "x": 5.64,
          "y": 3.66
        },
        "dimensions": {
          "width": 0.16,
          "height": 0.17
        }
      },
      {
        "type": "Door",
        "id": 101,
        "location": {
          "x": 2.68,
          "y": 3.66
        },
        "dimensions": {
          "width": 0.16,
          "height": 0.17
        }
      },
      {
        "type": "Door",
        "id": 102,
        "location": {
          "x": 2.31,
          "y": 3.66
        },
        "dimensions": {
          "width": 0.36,
          "height": 0.53
        }
      },
      {
        "type": "Door",
        "id": 103,
        "location": {
          "x": 5.38,
          "y": 3.65
        },
        "dimensions": {
          "width": 0.17,
          "height": 0.18
        }
      },
      {
        "type": "Door",
        "id": 104,
        "location": {
          "x": 1.94,
          "y": 3.65
        },
        "dimensions": {
          "width": 0.38,
          "height": 0.55
        }
      },
      {
        "type": "Door",
        "id": 105,
        "location": {
          "x": 8.67,
          "y": 3.6
        },
        "dimensions": {
          "width": 0.16,
          "height": 0.17
        }
      },
      {
        "type": "Door",
        "id": 106,
        "location": {
          "x": 8.5,
          "y": 3.6
        },
        "dimensions": {
          "width": 0.15,
          "height": 0.17
        }
      },
      {
        "type": "Door",
        "id": 107,
        "location": {
          "x": 8.34,
          "y": 3.6
        },
        "dimensions": {
          "width": 0.14,
          "height": 0.17
        }
      },
      {
        "type": "Door",
        "id": 108,
        "location": {
          "x": 8.17,
          "y": 3.6
        },
        "dimensions": {
          "width": 0.15,
          "height": 0.17
        }
      },
      {
        "type": "Door",
        "id": 109,
        "location": {
          "x": 9.01,
          "y": 3.59
        },
        "dimensions": {
          "width": 0.18,
          "height": 0.18
        }
      },
      {
        "type": "Door",
        "id": 110,
        "location": {
          "x": 8.83,
          "y": 3.59
        },
        "dimensions": {
          "width": 0.17,
          "height": 0.18
        }
      },
      {
        "type": "Door",
        "id": 111,
        "location": {
          "x": 5.05,
          "y": 3.29
        },
        "dimensions": {
          "width": 0.54,
          "height": 1.06
        }
      },
      {
        "type": "Window",
        "id": 112,
        "location": {
          "x": 5.57,
          "y": 3.23
        },
        "dimensions": {
          "width": 0.57,
          "height": 0.27
        }
      },
      {
        "type": "Door",
        "id": 113,
        "location": {
          "x": 8.14,
          "y": 3.21
        },
        "dimensions": {
          "width": 1.63,
          "height": 2.02
        }
      },
      {
        "type": "Door",
        "id": 114,
        "location": {
          "x": 7.82,
          "y": 3.09
        },
        "dimensions": {
          "width": 1.25,
          "height": 1.85
        }
      },
      {
        "type": "Door",
        "id": 115,
        "location": {
          "x": 4.3,
          "y": 2.98
        },
        "dimensions": {
          "width": 0.14,
          "height": 0.17
        }
      },
      {
        "type": "Door",
        "id": 116,
        "location": {
          "x": 4.08,
          "y": 2.98
        },
        "dimensions": {
          "width": 0.21,
          "height": 0.17
        }
      },
      {
        "type": "Door",
        "id": 117,
        "location": {
          "x": 3.66,
          "y": 2.98
        },
        "dimensions": {
          "width": 0.19,
          "height": 0.17
        }
      },
      {
        "type": "Door",
        "id": 118,
        "location": {
          "x": 3.24,
          "y": 2.98
        },
        "dimensions": {
          "width": 0.15,
          "height": 0.17
        }
      },
      {
        "type": "Door",
        "id": 119,
        "location": {
          "x": 3.39,
          "y": 2.96
        },
        "dimensions": {
          "width": 0.21,
          "height": 0.19
        }
      },
      {
        "type": "Door",
        "id": 120,
        "location": {
          "x": 1.73,
          "y": 2.91
        },
        "dimensions": {
          "width": 0.84,
          "height": 1.54
        }
      },
      {
        "type": "Door",
        "id": 121,
        "location": {
          "x": 3.59,
          "y": 2.67
        },
        "dimensions": {
          "width": 0.23,
          "height": 0.22
        }
      },
      {
        "type": "Door",
        "id": 122,
        "location": {
          "x": 3.45,
          "y": 2.67
        },
        "dimensions": {
          "width": 0.16,
          "height": 0.17
        }
      },
      {
        "type": "Door",
        "id": 123,
        "location": {
          "x": 3.29,
          "y": 2.67
        },
        "dimensions": {
          "width": 0.14,
          "height": 0.17
        }
      },
      {
        "type": "Door",
        "id": 124,
        "location": {
          "x": 3.12,
          "y": 2.67
        },
        "dimensions": {
          "width": 0.16,
          "height": 0.17
        }
      },
      {
        "type": "Door",
        "id": 125,
        "location": {
          "x": 3.97,
          "y": 2.66
        },
        "dimensions": {
          "width": 0.17,
          "height": 0.18
        }
      },
      {
        "type": "Door",
        "id": 126,
        "location": {
          "x": 3.79,
          "y": 2.66
        },
        "dimensions": {
          "width": 0.17,
          "height": 0.18
        }
      },
      {
        "type": "Door",
        "id": 127,
        "location": {
          "x": 7.95,
          "y": 2.59
        },
        "dimensions": {
          "width": 0.14,
          "height": 0.16
        }
      },
      {
        "type": "Door",
        "id": 128,
        "location": {
          "x": 7.79,
          "y": 2.59
        },
        "dimensions": {
          "width": 0.14,
          "height": 0.16
        }
      },
      {
        "type": "Door",
        "id": 129,
        "location": {
          "x": 7.63,
          "y": 2.59
        },
        "dimensions": {
          "width": 0.14,
          "height": 0.16
        }
      },
      {
        "type": "Door",
        "id": 130,
        "location": {
          "x": 6.84,
          "y": 2.59
        },
        "dimensions": {
          "width": 0.2,
          "height": 0.18
        }
      },
      {
        "type": "Door",
        "id": 131,
        "location": {
          "x": 7.04,
          "y": 2.58
        },
        "dimensions": {
          "width": 0.22,
          "height": 0.17
        }
      },
      {
        "type": "Door",
        "id": 132,
        "location": {
          "x": 7.46,
          "y": 2.45
        },
        "dimensions": {
          "width": 0.16,
          "height": 0.3
        }
      },
      {
        "type": "Door",
        "id": 133,
        "location": {
          "x": 2.15,
          "y": 2.38
        },
        "dimensions": {
          "width": 0.13,
          "height": 0.17
        }
      },
      {
        "type": "Door",
        "id": 134,
        "location": {
          "x": 1.98,
          "y": 2.38
        },
        "dimensions": {
          "width": 0.15,
          "height": 0.17
        }
      },
      {
        "type": "Door",
        "id": 135,
        "location": {
          "x": 2.29,
          "y": 2.37
        },
        "dimensions": {
          "width": 0.17,
          "height": 0.18
        }
      },
      {
        "type": "Door",
        "id": 136,
        "location": {
          "x": 4.13,
          "y": 2.36
        },
        "dimensions": {
          "width": 0.15,
          "height": 0.17
        }
      },
      {
        "type": "Door",
        "id": 137,
        "location": {
          "x": 3.96,
          "y": 2.36
        },
        "dimensions": {
          "width": 0.14,
          "height": 0.17
        }
      },
      {
        "type": "Door",
        "id": 138,
        "location": {
          "x": 3.79,
          "y": 2.36
        },
        "dimensions": {
          "width": 0.16,
          "height": 0.17
        }
      },
      {
        "type": "Window",
        "id": 139,
        "location": {
          "x": 3.26,
          "y": 2.36
        },
        "dimensions": {
          "width": 0.37,
          "height": 0.17
        }
      },
      {
        "type": "Door",
        "id": 140,
        "location": {
          "x": 3.64,
          "y": 2.35
        },
        "dimensions": {
          "width": 0.15,
          "height": 0.18
        }
      },
      {
        "type": "Door",
        "id": 141,
        "location": {
          "x": 7.91,
          "y": 2.27
        },
        "dimensions": {
          "width": 0.15,
          "height": 0.17
        }
      },
      {
        "type": "Door",
        "id": 142,
        "location": {
          "x": 6.99,
          "y": 2.27
        },
        "dimensions": {
          "width": 0.16,
          "height": 0.17
        }
      },
      {
        "type": "Door",
        "id": 143,
        "location": {
          "x": 6.82,
          "y": 2.27
        },
        "dimensions": {
          "width": 0.15,
          "height": 0.17
        }
      },
      {
        "type": "Door",
        "id": 144,
        "location": {
          "x": 6.47,
          "y": 2.27
        },
        "dimensions": {
          "width": 0.18,
          "height": 0.17
        }
      },
      {
        "type": "Door",
        "id": 145,
        "location": {
          "x": 7.13,
          "y": 2.23
        },
        "dimensions": {
          "width": 0.17,
          "height": 0.21
        }
      },
      {
        "type": "Door",
        "id": 146,
        "location": {
          "x": 8.07,
          "y": 2.11
        },
        "dimensions": {
          "width": 0.16,
          "height": 0.33
        }
      },
      {
        "type": "Door",
        "id": 147,
        "location": {
          "x": 6.3,
          "y": 2.11
        },
        "dimensions": {
          "width": 0.16,
          "height": 0.33
        }
      },
      {
        "type": "Door",
        "id": 148,
        "location": {
          "x": 1.73,
          "y": 2.11
        },
        "dimensions": {
          "width": 0.91,
          "height": 0.78
        }
      },
      {
        "type": "Door",
        "id": 149,
        "location": {
          "x": 0.28,
          "y": 2.03
        },
        "dimensions": {
          "width": 1.1,
          "height": 7.16
        }
      },
      {
        "type": "Door",
        "id": 150,
        "location": {
          "x": 8.8,
          "y": 2.0
        },
        "dimensions": {
          "width": 0.11,
          "height": 0.12
        }
      },
      {
        "type": "Door",
        "id": 151,
        "location": {
          "x": 6.85,
          "y": 2.0
        },
        "dimensions": {
          "width": 0.14,
          "height": 0.26
        }
      },
      {
        "type": "Window",
        "id": 152,
        "location": {
          "x": 7.98,
          "y": 1.99
        },
        "dimensions": {
          "width": 0.82,
          "height": 0.09
        }
      },
      {
        "type": "Door",
        "id": 153,
        "location": {
          "x": 4.84,
          "y": 1.99
        },
        "dimensions": {
          "width": 2.92,
          "height": 2.42
        }
      },
      {
        "type": "Door",
        "id": 154,
        "location": {
          "x": 1.58,
          "y": 1.59
        },
        "dimensions": {
          "width": 8.31,
          "height": 8.47
        }
      },
      {
        "type": "Door",
        "id": 155,
        "location": {
          "x": 5.79,
          "y": 0.61
        },
        "dimensions": {
          "width": 0.17,
          "height": 0.09
        }
      },
      {
        "type": "Window",
        "id": 156,
        "location": {
          "x": 1.62,
          "y": 0.46
        },
        "dimensions": {
          "width": 8.24,
          "height": 1.14
        }
      },
      {
        "type": "Door",
        "id": 157,
        "location": {
          "x": 6.48,
          "y": 0.41
        },
        "dimensions": {
          "width": 0.12,
          "height": 0.15
        }
      },
      {
        "type": "Door",
        "id": 158,
        "location": {
          "x": 5.65,
          "y": 0.41
        },
        "dimensions": {
          "width": 0.12,
          "height": 0.15
        }
      },
      {
        "type": "Door",
        "id": 159,
        "location": {
          "x": 6.34,
          "y": 0.4
        },
        "dimensions": {
          "width": 0.12,
          "height": 0.16
        }
      },
      {
        "type": "Door",
        "id": 160,
        "location": {
          "x": 5.99,
          "y": 0.4
        },
        "dimensions": {
          "width": 0.32,
          "height": 0.41
        }
      },
      {
        "type": "Door",
        "id": 161,
        "location": {
          "x": 5.29,
          "y": 0.4
        },
        "dimensions": {
          "width": 0.33,
          "height": 0.41
        }
      },
      {
        "type": "Door",
        "id": 162,
        "location": {
          "x": 4.92,
          "y": 0.4
        },
        "dimensions": {
          "width": 0.34,
          "height": 0.41
        }
      }
    ]
  }
}