{
  "floorPlan": {
    "name": "Floor Plan 20_20.jpg",
    "units": "feet",
    "totalArea": 15.94,
    "totalRooms": 9,
    "rooms": [
      {
        "id": 1,
        "name": "Room_1",
        "shape": "Pentagon",
        "dimensions": {
          "width": 0.34,
          "length": 1.57,
          "height": 1.26
        },
        "position": {
          "x": 7.9,
          "y": 3.11
        },
        "windows": [],
        "doors": [],
        "connected_to": []
      },
      {
        "id": 2,
        "name": "(vaulted clg)",
        "shape": "Hexagon",
        "dimensions": {
          "width": 0.8,
          "length": 1.66,
          "height": 1.33
        },
        "position": {
          "x": 3.3,
          "y": 3.11
        },
        "windows": [],
        "doors": [
          {
            "type": "Door",
            "id": 6,
            "location": {
              "x": 3.36,
              "y": 4.34
            },
            "dimensions": {
              "width": 0.34,
              "height": 0.34
            }
          },
          {
            "type": "Door",
            "id": 12,
            "location": {
              "x": 3.87,
              "y": 3.59
            },
            "dimensions": {
              "width": 0.67,
              "height": 0.9
            }
          }
        ],
        "connected_to": []
      },
      {
        "id": 3,
        "name": "Room_3",
        "shape": "Irregular",
        "dimensions": {
          "width": 0.91,
          "length": 1.43,
          "height": 1.14
        },
        "position": {
          "x": 9.06,
          "y": 1.78
        },
        "windows": [],
        "doors": [],
        "connected_to": []
      },
      {
        "id": 4,
        "name": "BEDROOM =1",
        "shape": "Hexagon",
        "dimensions": {
          "width": 1.27,
          "length": 0.51,
          "height": 1.02
        },
        "position": {
          "x": 7.88,
          "y": 1.78
        },
        "windows": [
          {
            "type": "Window",
            "id": 17,
            "location": {
              "x": 8.13,
              "y": 2.25
            },
            "dimensions": {
              "width": 0.48,
              "height": 0.09
            }
          }
        ],
        "doors": [
          {
            "type": "Door",
            "id": 19,
            "location": {
              "x": 7.89,
              "y": 1.9
            },
            "dimensions": {
              "width": 1.15,
              "height": 0.91
            }
          }
        ],
        "connected_to": []
      },
      {
        "id": 5,
        "name": "BEDROOM =2",
        "shape": "Octagon",
        "dimensions": {
          "width": 1.32,
          "length": 1.42,
          "height": 1.14
        },
        "position": {
          "x": 6.25,
          "y": 1.78
        },
        "windows": [],
        "doors": [
          {
            "type": "Door",
            "id": 14,
            "location": {
              "x": 6.38,
              "y": 2.57
            },
            "dimensions": {
              "width": 0.44,
              "height": 0.14
            }
          },
          {
            "type": "Door",
            "id": 20,
            "location": {
              "x": 6.42,
              "y": 1.9
            },
            "dimensions": {
              "width": 0.81,
              "height": 0.42
            }
          }
        ],
        "connected_to": []
      },
      {
        "id": 6,
        "name": "Room_6",
        "shape": "Irregular",
        "dimensions": {
          "width": 0.82,
          "length": 1.42,
          "height": 1.14
        },
        "position": {
          "x": 5.12,
          "y": 1.78
        },
        "windows": [],
        "doors": [],
        "connected_to": []
      },
      {
        "id": 7,
        "name": "FOYER",
        "shape": "Irregular",
        "dimensions": {
          "width": 1.57,
          "length": 1.42,
          "height": 1.26
        },
        "position": {
          "x": 3.25,
          "y": 1.78
        },
        "windows": [],
        "doors": [
          {
            "type": "Door",
            "id": 15,
            "location": {
              "x": 4.52,
              "y": 2.35
            },
            "dimensions": {
              "width": 0.17,
              "height": 0.26
            }
          },
          {
            "type": "Door",
            "id": 16,
            "location": {
              "x": 4.14,
              "y": 2.31
            },
            "dimensions": {
              "width": 0.22,
              "height": 0.22
            }
          },
          {
            "type": "Door",
            "id": 18,
            "location": {
              "x": 4.79,
              "y": 2.17
            },
            "dimensions": {
              "width": 0.4,
              "height": 0.34
            }
          },
          {
            "type": "Door",
            "id": 21,
            "location": {
              "x": 4.77,
              "y": 1.87
            },
            "dimensions": {
              "width": 1.24,
              "height": 1.33
            }
          }
        ],
        "connected_to": []
      },
      {
        "id": 8,
        "name": "ENTRY DECK",
        "shape": "Octagon",
        "dimensions": {
          "width": 0.33,
          "length": 1.47,
          "height": 1.18
        },
        "position": {
          "x": 1.69,
          "y": 1.22
        },
        "windows": [],
        "doors": [],
        "connected_to": []
      },
      {
        "id": 9,
        "name": "Room_9",
        "shape": "Irregular",
        "dimensions": {
          "width": 1.79,
          "length": 3.56,
          "height": 2.85
        },
        "position": {
          "x": 0.23,
          "y": 1.22
        },
        "windows": [],
        "doors": [],
        "connected_to": []
      }
    ],
    "doorsAndWindows": [
      {
        "type": "Door",
        "id": 1,
        "location": {
          "x": 9.77,
          "y": 6.33
        },
        "dimensions": {
          "width": 0.39,
          "height": 0.4
        }
      },
      {
        "type": "Door",
        "id": 2,
        "location": {
          "x": 5.08,
          "y": 5.46
        },
        "dimensions": {
          "width": 0.28,
          "height": 0.22
        }
      },
      {
        "type": "Door",
        "id": 3,
        "location": {
          "x": 6.14,
          "y": 5.29
        },
        "dimensions": {
          "width": 0.8,
          "height": 0.43
        }
      },
      {
        "type": "Door",
        "id": 4,
        "location": {
          "x": 2.59,
          "y": 4.98
        },
        "dimensions": {
          "width": 0.31,
          "height": 0.47
        }
      },
      {
        "type": "Door",
        "id": 5,
        "location": {
          "x": 2.86,
          "y": 4.47
        },
        "dimensions": {
          "width": 0.37,
          "height": 1.36
        }
      },
      {
        "type": "Door",
        "id": 6,
        "location": {
          "x": 3.36,
          "y": 4.34
        },
        "dimensions": {
          "width": 0.34,
          "height": 0.34
        }
      },
      {
        "type": "Window",
        "id": 7,
        "location": {
          "x": 6.67,
          "y": 4.06
        },
        "dimensions": {
          "width": 0.47,
          "height": 0.2
        }
      },
      {
        "type": "Door",
        "id": 8,
        "location": {
          "x": 7.16,
          "y": 3.95
        },
        "dimensions": {
          "width": 0.28,
          "height": 0.45
        }
      },
      {
        "type": "Door",
        "id": 9,
        "location": {
          "x": 5.03,
          "y": 3.7
        },
        "dimensions": {
          "width": 1.03,
          "height": 0.71
        }
      },
      {
        "type": "Door",
        "id": 10,
        "location": {
          "x": 7.45,
          "y": 3.69
        },
        "dimensions": {
          "width": 0.5,
          "height": 0.97
        }
      },
      {
        "type": "Door",
        "id": 11,
        "location": {
          "x": 6.55,
          "y": 3.65
        },
        "dimensions": {
          "width": 0.36,
          "height": 0.37
        }
      },
      {
        "type": "Door",
        "id": 12,
        "location": {
          "x": 3.87,
          "y": 3.59
        },
        "dimensions": {
          "width": 0.67,
          "height": 0.9
        }
      },
      {
        "type": "Door",
        "id": 13,
        "location": {
          "x": 8.59,
          "y": 3.23
        },
        "dimensions": {
          "width": 1.28,
          "height": 0.79
        }
      },
      {
        "type": "Door",
        "id": 14,
        "location": {
          "x": 6.38,
          "y": 2.57
        },
        "dimensions": {
          "width": 0.44,
          "height": 0.14
        }
      },
      {
        "type": "Door",
        "id": 15,
        "location": {
          "x": 4.52,
          "y": 2.35
        },
        "dimensions": {
          "width": 0.17,
          "height": 0.26
        }
      },
      {
        "type": "Door",
        "id": 16,
        "location": {
          "x": 4.14,
          "y": 2.31
        },
        "dimensions": {
          "width": 0.22,
          "height": 0.22
        }
      },
      {
        "type": "Window",
        "id": 17,
        "location": {
          "x": 8.13,
          "y": 2.25
        },
        "dimensions": {
          "width": 0.48,
          "height": 0.09
        }
      },
      {
        "type": "Door",
        "id": 18,
        "location": {
          "x": 4.79,
          "y": 2.17
        },
        "dimensions": {
          "width": 0.4,
          "height": 0.34
        }
      },
      {
        "type": "Door",
        "id": 19,
        "location": {
          "x": 7.89,
          "y": 1.9
        },
        "dimensions": {
          "width": 1.15,
          "height": 0.91
        }
      },
      {
        "type": "Door",
        "id": 20,
        "location": {
          "x": 6.42,
          "y": 1.9
        },
        "dimensions": {
          "width": 0.81,
          "height": 0.42
        }
      },
      {
        "type": "Door",
        "id": 21,
        "location": {
          "x": 4.77,
          "y": 1.87
        },
        "dimensions": {
          "width": 1.24,
          "height": 1.33
        }
      },
      {
        "type": "Window",
        "id": 22,
        "location": {
          "x": 8.87,
          "y": 1.39
        },
        "dimensions": {
          "width": 0.35,
          "height": 0.13
        }
      },
      {
        "type": "Window",
        "id": 23,
        "location": {
          "x": 5.42,
          "y": 1.38
        },
        "dimensions": {
          "width": 0.35,
          "height": 0.14
        }
      },
      {
        "type": "Window",
        "id": 24,
        "location": {
          "x": 3.99,
          "y": 1.38
        },
        "dimensions": {
          "width": 0.35,
          "height": 0.14
        }
      },
      {
        "type": "Window",
        "id": 25,
        "location": {
          "x": 5.28,
          "y": 1.14
        },
        "dimensions": {
          "width": 0.57,
          "height": 0.1
        }
      },
      {
        "type": "Window",
        "id": 26,
        "location": {
          "x": 2.32,
          "y": 0.59
        },
        "dimensions": {
          "width": 0.23,
          "height": 0.1
        }
      },
      {
        "type": "Door",
        "id": 27,
        "location": {
          "x": 0.21,
          "y": 0.45
        },
        "dimensions": {
          "width": 9.77,
          "height": 5.42
        }
      }
    ]
  }
}