{
  "floorPlan": {
    "name": "Floor Plan 21_16.jpg",
    "units": "feet",
    "totalArea": 23.18,
    "totalRooms": 8,
    "rooms": [
      {
        "id": 1,
        "name": "11-4x5-6",
        "shape": "Irregular",
        "dimensions": {
          "width": 1.09,
          "length": 1.74,
          "height": 1.39
        },
        "position": {
          "x": 5.26,
          "y": 5.83
        },
        "windows": [],
        "doors": [],
        "connected_to": []
      },
      {
        "id": 2,
        "name": "CLOs",
        "shape": "Irregular",
        "dimensions": {
          "width": 0.86,
          "length": 1.06,
          "height": 0.85
        },
        "position": {
          "x": 0.77,
          "y": 5.8
        },
        "windows": [],
        "doors": [],
        "connected_to": []
      },
      {
        "id": 3,
        "name": "X",
        "shape": "Irregular",
        "dimensions": {
          "width": 0.77,
          "length": 1.01,
          "height": 0.81
        },
        "position": {
          "x": 1.92,
          "y": 5.11
        },
        "windows": [],
        "doors": [],
        "connected_to": []
      },
      {
        "id": 4,
        "name": "11-4x5-6",
        "shape": "Irregular",
        "dimensions": {
          "width": 1.01,
          "length": 4.27,
          "height": 3.42
        },
        "position": {
          "x": 6.48,
          "y": 4.42
        },
        "windows": [],
        "doors": [],
        "connected_to": []
      },
      {
        "id": 5,
        "name": "CLos",
        "shape": "Irregular",
        "dimensions": {
          "width": 1.23,
          "length": 1.9,
          "height": 1.52
        },
        "position": {
          "x": 0.77,
          "y": 3.67
        },
        "windows": [],
        "doors": [],
        "connected_to": []
      },
      {
        "id": 6,
        "name": "11-",
        "shape": "Irregular",
        "dimensions": {
          "width": 0.78,
          "length": 2.0,
          "height": 1.6
        },
        "position": {
          "x": 2.67,
          "y": 3.66
        },
        "windows": [],
        "doors": [],
        "connected_to": []
      },
      {
        "id": 7,
        "name": "3",
        "shape": "Irregular",
        "dimensions": {
          "width": 2.61,
          "length": 3.76,
          "height": 3.01
        },
        "position": {
          "x": 7.53,
          "y": 1.85
        },
        "windows": [],
        "doors": [],
        "connected_to": []
      },
      {
        "id": 8,
        "name": "13-10 * 18-5",
        "shape": "Rectangle",
        "dimensions": {
          "width": 0.56,
          "length": 2.81,
          "height": 2.25
        },
        "position": {
          "x": 7.05,
          "y": 0.12
        },
        "windows": [],
        "doors": [],
        "connected_to": []
      }
    ],
    "doorsAndWindows": [
      {
        "type": "Door",
        "id": 1,
        "location": {
          "x": 0.09,
          "y": 0.07
        },
        "dimensions": {
          "width": 10.1,
          "height": 8.67
        }
      }
    ]
  }
}