{
  "floorPlan": {
    "name": "Floor Plan 21_11.jpg",
    "units": "feet",
    "totalArea": 39.19,
    "totalRooms": 15,
    "rooms": [
      {
        "id": 1,
        "name": "plan",
        "shape": "Irregular",
        "dimensions": {
          "width": 0.42,
          "length": 0.43,
          "height": 0.34
        },
        "position": {
          "x": 6.85,
          "y": 11.32
        },
        "windows": [],
        "doors": [],
        "connected_to": []
      },
      {
        "id": 2,
        "name": "plan",
        "shape": "Irregular",
        "dimensions": {
          "width": 0.42,
          "length": 0.65,
          "height": 0.52
        },
        "position": {
          "x": 6.18,
          "y": 11.32
        },
        "windows": [],
        "doors": [],
        "connected_to": []
      },
      {
        "id": 3,
        "name": "Room_3",
        "shape": "Octagon",
        "dimensions": {
          "width": 0.43,
          "length": 0.43,
          "height": 0.34
        },
        "position": {
          "x": 5.18,
          "y": 11.32
        },
        "windows": [],
        "doors": [],
        "connected_to": []
      },
      {
        "id": 4,
        "name": "first floor",
        "shape": "Octagon",
        "dimensions": {
          "width": 0.43,
          "length": 0.43,
          "height": 0.34
        },
        "position": {
          "x": 4.7,
          "y": 11.32
        },
        "windows": [],
        "doors": [],
        "connected_to": []
      },
      {
        "id": 5,
        "name": "11-0x12-4",
        "shape": "Hexagon",
        "dimensions": {
          "width": 1.4,
          "length": 1.37,
          "height": 1.12
        },
        "position": {
          "x": 4.19,
          "y": 7.73
        },
        "windows": [],
        "doors": [
          {
            "type": "Door",
            "id": 27,
            "location": {
              "x": 4.5,
              "y": 9.02
            },
            "dimensions": {
              "width": 1.16,
              "height": 0.13
            }
          },
          {
            "type": "Door",
            "id": 33,
            "location": {
              "x": 5.58,
              "y": 8.04
            },
            "dimensions": {
              "width": 0.15,
              "height": 0.19
            }
          },
          {
            "type": "Door",
            "id": 36,
            "location": {
              "x": 5.36,
              "y": 7.95
            },
            "dimensions": {
              "width": 0.21,
              "height": 0.29
            }
          },
          {
            "type": "Door",
            "id": 37,
            "location": {
              "x": 4.54,
              "y": 7.92
            },
            "dimensions": {
              "width": 3.63,
              "height": 2.47
            }
          }
        ],
        "connected_to": []
      },
      {
        "id": 6,
        "name": "bedrm",
        "shape": "Irregular",
        "dimensions": {
          "width": 1.82,
          "length": 2.59,
          "height": 2.07
        },
        "position": {
          "x": 1.72,
          "y": 7.52
        },
        "windows": [
          {
            "type": "Window",
            "id": 40,
            "location": {
              "x": 2.92,
              "y": 7.78
            },
            "dimensions": {
              "width": 3.32,
              "height": 1.39
            }
          }
        ],
        "doors": [
          {
            "type": "Door",
            "id": 17,
            "location": {
              "x": 3.31,
              "y": 9.48
            },
            "dimensions": {
              "width": 0.23,
              "height": 0.23
            }
          },
          {
            "type": "Door",
            "id": 25,
            "location": {
              "x": 2.16,
              "y": 9.08
            },
            "dimensions": {
              "width": 0.21,
              "height": 0.28
            }
          },
          {
            "type": "Door",
            "id": 28,
            "location": {
              "x": 2.1,
              "y": 8.63
            },
            "dimensions": {
              "width": 0.41,
              "height": 0.31
            }
          },
          {
            "type": "Door",
            "id": 29,
            "location": {
              "x": 1.91,
              "y": 8.63
            },
            "dimensions": {
              "width": 0.15,
              "height": 0.31
            }
          }
        ],
        "connected_to": [
          8
        ]
      },
      {
        "id": 7,
        "name": "util",
        "shape": "Irregular",
        "dimensions": {
          "width": 0.77,
          "length": 0.87,
          "height": 0.7
        },
        "position": {
          "x": 7.5,
          "y": 7.06
        },
        "windows": [],
        "doors": [
          {
            "type": "Door",
            "id": 48,
            "location": {
              "x": 7.97,
              "y": 7.26
            },
            "dimensions": {
              "width": 0.53,
              "height": 0.48
            }
          },
          {
            "type": "Door",
            "id": 50,
            "location": {
              "x": 7.68,
              "y": 7.06
            },
            "dimensions": {
              "width": 0.9,
              "height": 0.8
            }
          }
        ],
        "connected_to": []
      },
      {
        "id": 8,
        "name": "bedrm",
        "shape": "Irregular",
        "dimensions": {
          "width": 1.77,
          "length": 3.5,
          "height": 2.8
        },
        "position": {
          "x": 0.45,
          "y": 6.63
        },
        "windows": [
          {
            "type": "Window",
            "id": 15,
            "location": {
              "x": 1.68,
              "y": 10.02
            },
            "dimensions": {
              "width": 0.55,
              "height": 0.06
            }
          },
          {
            "type": "Window",
            "id": 16,
            "location": {
              "x": 1.07,
              "y": 10.02
            },
            "dimensions": {
              "width": 0.6,
              "height": 0.05
            }
          }
        ],
        "doors": [
          {
            "type": "Door",
            "id": 25,
            "location": {
              "x": 2.16,
              "y": 9.08
            },
            "dimensions": {
              "width": 0.21,
              "height": 0.28
            }
          },
          {
            "type": "Door",
            "id": 26,
            "location": {
              "x": 1.37,
              "y": 9.08
            },
            "dimensions": {
              "width": 0.21,
              "height": 0.28
            }
          },
          {
            "type": "Door",
            "id": 28,
            "location": {
              "x": 2.1,
              "y": 8.63
            },
            "dimensions": {
              "width": 0.41,
              "height": 0.31
            }
          },
          {
            "type": "Door",
            "id": 29,
            "location": {
              "x": 1.91,
              "y": 8.63
            },
            "dimensions": {
              "width": 0.15,
              "height": 0.31
            }
          },
          {
            "type": "Door",
            "id": 30,
            "location": {
              "x": 1.19,
              "y": 8.62
            },
            "dimensions": {
              "width": 0.3,
              "height": 0.33
            }
          },
          {
            "type": "Door",
            "id": 31,
            "location": {
              "x": 1.52,
              "y": 8.42
            },
            "dimensions": {
              "width": 0.32,
              "height": 0.53
            }
          },
          {
            "type": "Door",
            "id": 32,
            "location": {
              "x": 0.85,
              "y": 8.42
            },
            "dimensions": {
              "width": 0.31,
              "height": 0.53
            }
          },
          {
            "type": "Door",
            "id": 41,
            "location": {
              "x": 1.4,
              "y": 7.63
            },
            "dimensions": {
              "width": 0.19,
              "height": 0.19
            }
          },
          {
            "type": "Door",
            "id": 45,
            "location": {
              "x": 2.19,
              "y": 7.4
            },
            "dimensions": {
              "width": 0.96,
              "height": 2.61
            }
          },
          {
            "type": "Door",
            "id": 54,
            "location": {
              "x": 1.64,
              "y": 6.93
            },
            "dimensions": {
              "width": 0.36,
              "height": 0.29
            }
          },
          {
            "type": "Door",
            "id": 59,
            "location": {
              "x": 1.16,
              "y": 6.64
            },
            "dimensions": {
              "width": 0.91,
              "height": 0.64
            }
          }
        ],
        "connected_to": [
          6
        ]
      },
      {
        "id": 9,
        "name": "pan",
        "shape": "Irregular",
        "dimensions": {
          "width": 1.01,
          "length": 2.73,
          "height": 2.18
        },
        "position": {
          "x": 6.2,
          "y": 6.41
        },
        "windows": [
          {
            "type": "Window",
            "id": 39,
            "location": {
              "x": 7.16,
              "y": 7.82
            },
            "dimensions": {
              "width": 0.39,
              "height": 0.05
            }
          }
        ],
        "doors": [
          {
            "type": "Door",
            "id": 34,
            "location": {
              "x": 6.24,
              "y": 7.95
            },
            "dimensions": {
              "width": 0.19,
              "height": 0.28
            }
          },
          {
            "type": "Door",
            "id": 42,
            "location": {
              "x": 6.22,
              "y": 7.5
            },
            "dimensions": {
              "width": 0.22,
              "height": 0.24
            }
          },
          {
            "type": "Door",
            "id": 46,
            "location": {
              "x": 7.16,
              "y": 7.34
            },
            "dimensions": {
              "width": 0.13,
              "height": 0.14
            }
          },
          {
            "type": "Door",
            "id": 60,
            "location": {
              "x": 6.83,
              "y": 6.43
            },
            "dimensions": {
              "width": 0.85,
              "height": 1.39
            }
          }
        ],
        "connected_to": [
          13
        ]
      },
      {
        "id": 10,
        "name": "Room_10",
        "shape": "Irregular",
        "dimensions": {
          "width": 0.57,
          "length": 2.2,
          "height": 1.76
        },
        "position": {
          "x": 3.36,
          "y": 4.37
        },
        "windows": [],
        "doors": [],
        "connected_to": []
      },
      {
        "id": 11,
        "name": "clo",
        "shape": "Irregular",
        "dimensions": {
          "width": 1.76,
          "length": 2.56,
          "height": 2.05
        },
        "position": {
          "x": 0.47,
          "y": 3.79
        },
        "windows": [],
        "doors": [
          {
            "type": "Door",
            "id": 62,
            "location": {
              "x": 0.5,
              "y": 6.28
            },
            "dimensions": {
              "width": 0.06,
              "height": 0.79
            }
          },
          {
            "type": "Door",
            "id": 63,
            "location": {
              "x": 0.55,
              "y": 6.17
            },
            "dimensions": {
              "width": 0.61,
              "height": 1.11
            }
          },
          {
            "type": "Door",
            "id": 64,
            "location": {
              "x": 0.55,
              "y": 6.07
            },
            "dimensions": {
              "width": 1.7,
              "height": 3.94
            }
          },
          {
            "type": "Door",
            "id": 65,
            "location": {
              "x": 1.37,
              "y": 5.58
            },
            "dimensions": {
              "width": 0.19,
              "height": 0.19
            }
          },
          {
            "type": "Door",
            "id": 71,
            "location": {
              "x": 1.56,
              "y": 4.71
            },
            "dimensions": {
              "width": 0.15,
              "height": 0.18
            }
          },
          {
            "type": "Door",
            "id": 75,
            "location": {
              "x": 2.22,
              "y": 4.61
            },
            "dimensions": {
              "width": 0.21,
              "height": 0.28
            }
          },
          {
            "type": "Door",
            "id": 76,
            "location": {
              "x": 1.34,
              "y": 4.61
            },
            "dimensions": {
              "width": 0.21,
              "height": 0.28
            }
          },
          {
            "type": "Door",
            "id": 81,
            "location": {
              "x": 0.9,
              "y": 4.21
            },
            "dimensions": {
              "width": 0.23,
              "height": 0.24
            }
          },
          {
            "type": "Door",
            "id": 84,
            "location": {
              "x": 1.92,
              "y": 4.17
            },
            "dimensions": {
              "width": 0.15,
              "height": 0.31
            }
          },
          {
            "type": "Door",
            "id": 85,
            "location": {
              "x": 1.2,
              "y": 4.17
            },
            "dimensions": {
              "width": 0.31,
              "height": 0.32
            }
          },
          {
            "type": "Door",
            "id": 94,
            "location": {
              "x": 1.54,
              "y": 3.96
            },
            "dimensions": {
              "width": 0.31,
              "height": 0.53
            }
          }
        ],
        "connected_to": []
      },
      {
        "id": 12,
        "name": "Room_12",
        "shape": "Rectangle",
        "dimensions": {
          "width": 1.17,
          "length": 3.26,
          "height": 2.61
        },
        "position": {
          "x": 2.67,
          "y": 3.54
        },
        "windows": [],
        "doors": [
          {
            "type": "Door",
            "id": 89,
            "location": {
              "x": 3.7,
              "y": 4.03
            },
            "dimensions": {
              "width": 0.14,
              "height": 0.13
            }
          },
          {
            "type": "Door",
            "id": 98,
            "location": {
              "x": 2.83,
              "y": 3.74
            },
            "dimensions": {
              "width": 1.39,
              "height": 3.5
            }
          }
        ],
        "connected_to": []
      },
      {
        "id": 13,
        "name": "wic",
        "shape": "Irregular",
        "dimensions": {
          "width": 3.08,
          "length": 3.23,
          "height": 2.58
        },
        "position": {
          "x": 6.65,
          "y": 3.36
        },
        "windows": [],
        "doors": [
          {
            "type": "Door",
            "id": 60,
            "location": {
              "x": 6.83,
              "y": 6.43
            },
            "dimensions": {
              "width": 0.85,
              "height": 1.39
            }
          },
          {
            "type": "Door",
            "id": 66,
            "location": {
              "x": 7.64,
              "y": 5.49
            },
            "dimensions": {
              "width": 0.15,
              "height": 0.24
            }
          },
          {
            "type": "Door",
            "id": 67,
            "location": {
              "x": 7.23,
              "y": 5.47
            },
            "dimensions": {
              "width": 0.2,
              "height": 0.28
            }
          },
          {
            "type": "Door",
            "id": 68,
            "location": {
              "x": 8.11,
              "y": 5.25
            },
            "dimensions": {
              "width": 1.52,
              "height": 1.17
            }
          },
          {
            "type": "Door",
            "id": 69,
            "location": {
              "x": 6.79,
              "y": 5.09
            },
            "dimensions": {
              "width": 0.2,
              "height": 0.23
            }
          },
          {
            "type": "Door",
            "id": 77,
            "location": {
              "x": 8.83,
              "y": 4.52
            },
            "dimensions": {
              "width": 0.95,
              "height": 2.15
            }
          },
          {
            "type": "Door",
            "id": 78,
            "location": {
              "x": 8.94,
              "y": 4.47
            },
            "dimensions": {
              "width": 0.69,
              "height": 0.77
            }
          },
          {
            "type": "Door",
            "id": 79,
            "location": {
              "x": 9.14,
              "y": 4.39
            },
            "dimensions": {
              "width": 0.12,
              "height": 0.22
            }
          },
          {
            "type": "Door",
            "id": 80,
            "location": {
              "x": 8.74,
              "y": 4.37
            },
            "dimensions": {
              "width": 0.19,
              "height": 0.28
            }
          },
          {
            "type": "Door",
            "id": 88,
            "location": {
              "x": 8.84,
              "y": 4.03
            },
            "dimensions": {
              "width": 0.23,
              "height": 0.25
            }
          },
          {
            "type": "Door",
            "id": 93,
            "location": {
              "x": 9.15,
              "y": 3.99
            },
            "dimensions": {
              "width": 0.3,
              "height": 0.32
            }
          },
          {
            "type": "Door",
            "id": 99,
            "location": {
              "x": 9.16,
              "y": 3.64
            },
            "dimensions": {
              "width": 0.44,
              "height": 0.85
            }
          },
          {
            "type": "Door",
            "id": 100,
            "location": {
              "x": 9.03,
              "y": 3.61
            },
            "dimensions": {
              "width": 0.65,
              "height": 1.0
            }
          },
          {
            "type": "Door",
            "id": 102,
            "location": {
              "x": 8.11,
              "y": 3.56
            },
            "dimensions": {
              "width": 1.0,
              "height": 1.7
            }
          }
        ],
        "connected_to": [
          9,
          15
        ]
      },
      {
        "id": 14,
        "name": "Room_14",
        "shape": "Octagon",
        "dimensions": {
          "width": 0.48,
          "length": 1.02,
          "height": 0.82
        },
        "position": {
          "x": 1.01,
          "y": 1.43
        },
        "windows": [],
        "doors": [],
        "connected_to": []
      },
      {
        "id": 15,
        "name": "Room_15",
        "shape": "Rectangle",
        "dimensions": {
          "width": 0.69,
          "length": 3.04,
          "height": 2.43
        },
        "position": {
          "x": 9.03,
          "y": 0.72
        },
        "windows": [],
        "doors": [
          {
            "type": "Door",
            "id": 99,
            "location": {
              "x": 9.16,
              "y": 3.64
            },
            "dimensions": {
              "width": 0.44,
              "height": 0.85
            }
          },
          {
            "type": "Door",
            "id": 100,
            "location": {
              "x": 9.03,
              "y": 3.61
            },
            "dimensions": {
              "width": 0.65,
              "height": 1.0
            }
          }
        ],
        "connected_to": [
          13
        ]
      }
    ],
    "doorsAndWindows": [
      {
        "type": "Door",
        "id": 1,
        "location": {
          "x": 3.06,
          "y": 11.32
        },
        "dimensions": {
          "width": 0.07,
          "height": 0.42
        }
      },
      {
        "type": "Door",
        "id": 2,
        "location": {
          "x": 6.85,
          "y": 11.31
        },
        "dimensions": {
          "width": 0.42,
          "height": 0.44
        }
      },
      {
        "type": "Door",
        "id": 3,
        "location": {
          "x": 6.18,
          "y": 11.31
        },
        "dimensions": {
          "width": 0.42,
          "height": 0.66
        }
      },
      {
        "type": "Door",
        "id": 4,
        "location": {
          "x": 5.69,
          "y": 11.31
        },
        "dimensions": {
          "width": 0.21,
          "height": 0.43
        }
      },
      {
        "type": "Door",
        "id": 5,
        "location": {
          "x": 5.18,
          "y": 11.31
        },
        "dimensions": {
          "width": 0.44,
          "height": 0.44
        }
      },
      {
        "type": "Door",
        "id": 6,
        "location": {
          "x": 4.69,
          "y": 11.31
        },
        "dimensions": {
          "width": 0.44,
          "height": 0.44
        }
      },
      {
        "type": "Door",
        "id": 7,
        "location": {
          "x": 3.48,
          "y": 11.31
        },
        "dimensions": {
          "width": 0.29,
          "height": 0.44
        }
      },
      {
        "type": "Door",
        "id": 8,
        "location": {
          "x": 3.25,
          "y": 11.31
        },
        "dimensions": {
          "width": 0.2,
          "height": 0.43
        }
      },
      {
        "type": "Door",
        "id": 9,
        "location": {
          "x": 3.83,
          "y": 11.18
        },
        "dimensions": {
          "width": 0.19,
          "height": 0.56
        }
      },
      {
        "type": "Door",
        "id": 10,
        "location": {
          "x": 6.69,
          "y": 11.03
        },
        "dimensions": {
          "width": 0.07,
          "height": 0.71
        }
      },
      {
        "type": "Door",
        "id": 11,
        "location": {
          "x": 4.54,
          "y": 11.03
        },
        "dimensions": {
          "width": 0.07,
          "height": 0.71
        }
      },
      {
        "type": "Door",
        "id": 12,
        "location": {
          "x": 4.26,
          "y": 11.02
        },
        "dimensions": {
          "width": 0.22,
          "height": 0.72
        }
      },
      {
        "type": "Door",
        "id": 13,
        "location": {
          "x": 2.78,
          "y": 11.02
        },
        "dimensions": {
          "width": 0.22,
          "height": 0.72
        }
      },
      {
        "type": "Door",
        "id": 14,
        "location": {
          "x": 2.83,
          "y": 10.4
        },
        "dimensions": {
          "width": 0.34,
          "height": 0.35
        }
      },
      {
        "type": "Window",
        "id": 15,
        "location": {
          "x": 1.68,
          "y": 10.02
        },
        "dimensions": {
          "width": 0.55,
          "height": 0.06
        }
      },
      {
        "type": "Window",
        "id": 16,
        "location": {
          "x": 1.07,
          "y": 10.02
        },
        "dimensions": {
          "width": 0.6,
          "height": 0.05
        }
      },
      {
        "type": "Door",
        "id": 17,
        "location": {
          "x": 3.31,
          "y": 9.48
        },
        "dimensions": {
          "width": 0.23,
          "height": 0.23
        }
      },
      {
        "type": "Door",
        "id": 18,
        "location": {
          "x": 6.95,
          "y": 9.47
        },
        "dimensions": {
          "width": 0.18,
          "height": 0.19
        }
      },
      {
        "type": "Door",
        "id": 19,
        "location": {
          "x": 6.39,
          "y": 9.47
        },
        "dimensions": {
          "width": 0.27,
          "height": 0.19
        }
      },
      {
        "type": "Door",
        "id": 20,
        "location": {
          "x": 3.98,
          "y": 9.44
        },
        "dimensions": {
          "width": 0.15,
          "height": 0.31
        }
      },
      {
        "type": "Door",
        "id": 21,
        "location": {
          "x": 4.16,
          "y": 9.43
        },
        "dimensions": {
          "width": 0.26,
          "height": 0.33
        }
      },
      {
        "type": "Door",
        "id": 22,
        "location": {
          "x": 3.61,
          "y": 9.43
        },
        "dimensions": {
          "width": 0.32,
          "height": 0.33
        }
      },
      {
        "type": "Door",
        "id": 23,
        "location": {
          "x": 5.99,
          "y": 9.38
        },
        "dimensions": {
          "width": 0.2,
          "height": 0.28
        }
      },
      {
        "type": "Door",
        "id": 24,
        "location": {
          "x": 6.75,
          "y": 9.35
        },
        "dimensions": {
          "width": 0.18,
          "height": 0.31
        }
      },
      {
        "type": "Door",
        "id": 25,
        "location": {
          "x": 2.16,
          "y": 9.08
        },
        "dimensions": {
          "width": 0.21,
          "height": 0.28
        }
      },
      {
        "type": "Door",
        "id": 26,
        "location": {
          "x": 1.37,
          "y": 9.08
        },
        "dimensions": {
          "width": 0.21,
          "height": 0.28
        }
      },
      {
        "type": "Door",
        "id": 27,
        "location": {
          "x": 4.5,
          "y": 9.02
        },
        "dimensions": {
          "width": 1.16,
          "height": 0.13
        }
      },
      {
        "type": "Door",
        "id": 28,
        "location": {
          "x": 2.1,
          "y": 8.63
        },
        "dimensions": {
          "width": 0.41,
          "height": 0.31
        }
      },
      {
        "type": "Door",
        "id": 29,
        "location": {
          "x": 1.91,
          "y": 8.63
        },
        "dimensions": {
          "width": 0.15,
          "height": 0.31
        }
      },
      {
        "type": "Door",
        "id": 30,
        "location": {
          "x": 1.19,
          "y": 8.62
        },
        "dimensions": {
          "width": 0.3,
          "height": 0.33
        }
      },
      {
        "type": "Door",
        "id": 31,
        "location": {
          "x": 1.52,
          "y": 8.42
        },
        "dimensions": {
          "width": 0.32,
          "height": 0.53
        }
      },
      {
        "type": "Door",
        "id": 32,
        "location": {
          "x": 0.85,
          "y": 8.42
        },
        "dimensions": {
          "width": 0.31,
          "height": 0.53
        }
      },
      {
        "type": "Door",
        "id": 33,
        "location": {
          "x": 5.58,
          "y": 8.04
        },
        "dimensions": {
          "width": 0.15,
          "height": 0.19
        }
      },
      {
        "type": "Door",
        "id": 34,
        "location": {
          "x": 6.24,
          "y": 7.95
        },
        "dimensions": {
          "width": 0.19,
          "height": 0.28
        }
      },
      {
        "type": "Door",
        "id": 35,
        "location": {
          "x": 5.88,
          "y": 7.95
        },
        "dimensions": {
          "width": 0.18,
          "height": 0.28
        }
      },
      {
        "type": "Door",
        "id": 36,
        "location": {
          "x": 5.36,
          "y": 7.95
        },
        "dimensions": {
          "width": 0.21,
          "height": 0.29
        }
      },
      {
        "type": "Door",
        "id": 37,
        "location": {
          "x": 4.54,
          "y": 7.92
        },
        "dimensions": {
          "width": 3.63,
          "height": 2.47
        }
      },
      {
        "type": "Window",
        "id": 38,
        "location": {
          "x": 5.67,
          "y": 7.88
        },
        "dimensions": {
          "width": 2.64,
          "height": 1.3
        }
      },
      {
        "type": "Window",
        "id": 39,
        "location": {
          "x": 7.16,
          "y": 7.82
        },
        "dimensions": {
          "width": 0.39,
          "height": 0.05
        }
      },
      {
        "type": "Window",
        "id": 40,
        "location": {
          "x": 2.92,
          "y": 7.78
        },
        "dimensions": {
          "width": 3.32,
          "height": 1.39
        }
      },
      {
        "type": "Door",
        "id": 41,
        "location": {
          "x": 1.4,
          "y": 7.63
        },
        "dimensions": {
          "width": 0.19,
          "height": 0.19
        }
      },
      {
        "type": "Door",
        "id": 42,
        "location": {
          "x": 6.22,
          "y": 7.5
        },
        "dimensions": {
          "width": 0.22,
          "height": 0.24
        }
      },
      {
        "type": "Door",
        "id": 43,
        "location": {
          "x": 5.74,
          "y": 7.47
        },
        "dimensions": {
          "width": 0.06,
          "height": 0.31
        }
      },
      {
        "type": "Door",
        "id": 44,
        "location": {
          "x": 5.28,
          "y": 7.47
        },
        "dimensions": {
          "width": 0.06,
          "height": 0.31
        }
      },
      {
        "type": "Door",
        "id": 45,
        "location": {
          "x": 2.19,
          "y": 7.4
        },
        "dimensions": {
          "width": 0.96,
          "height": 2.61
        }
      },
      {
        "type": "Door",
        "id": 46,
        "location": {
          "x": 7.16,
          "y": 7.34
        },
        "dimensions": {
          "width": 0.13,
          "height": 0.14
        }
      },
      {
        "type": "Door",
        "id": 47,
        "location": {
          "x": 7.35,
          "y": 7.32
        },
        "dimensions": {
          "width": 0.15,
          "height": 0.18
        }
      },
      {
        "type": "Door",
        "id": 48,
        "location": {
          "x": 7.97,
          "y": 7.26
        },
        "dimensions": {
          "width": 0.53,
          "height": 0.48
        }
      },
      {
        "type": "Door",
        "id": 49,
        "location": {
          "x": 4.89,
          "y": 7.26
        },
        "dimensions": {
          "width": 0.31,
          "height": 0.52
        }
      },
      {
        "type": "Door",
        "id": 50,
        "location": {
          "x": 7.68,
          "y": 7.06
        },
        "dimensions": {
          "width": 0.9,
          "height": 0.8
        }
      },
      {
        "type": "Door",
        "id": 51,
        "location": {
          "x": 9.36,
          "y": 6.99
        },
        "dimensions": {
          "width": 0.18,
          "height": 0.18
        }
      },
      {
        "type": "Door",
        "id": 52,
        "location": {
          "x": 9.16,
          "y": 6.99
        },
        "dimensions": {
          "width": 0.18,
          "height": 0.28
        }
      },
      {
        "type": "Door",
        "id": 53,
        "location": {
          "x": 3.76,
          "y": 6.93
        },
        "dimensions": {
          "width": 0.46,
          "height": 0.81
        }
      },
      {
        "type": "Door",
        "id": 54,
        "location": {
          "x": 1.64,
          "y": 6.93
        },
        "dimensions": {
          "width": 0.36,
          "height": 0.29
        }
      },
      {
        "type": "Door",
        "id": 55,
        "location": {
          "x": 3.43,
          "y": 6.92
        },
        "dimensions": {
          "width": 0.32,
          "height": 0.82
        }
      },
      {
        "type": "Door",
        "id": 56,
        "location": {
          "x": 9.85,
          "y": 6.87
        },
        "dimensions": {
          "width": 0.15,
          "height": 0.3
        }
      },
      {
        "type": "Door",
        "id": 57,
        "location": {
          "x": 8.26,
          "y": 6.76
        },
        "dimensions": {
          "width": 0.16,
          "height": 0.31
        }
      },
      {
        "type": "Door",
        "id": 58,
        "location": {
          "x": 7.8,
          "y": 6.76
        },
        "dimensions": {
          "width": 0.25,
          "height": 0.32
        }
      },
      {
        "type": "Door",
        "id": 59,
        "location": {
          "x": 1.16,
          "y": 6.64
        },
        "dimensions": {
          "width": 0.91,
          "height": 0.64
        }
      },
      {
        "type": "Door",
        "id": 60,
        "location": {
          "x": 6.83,
          "y": 6.43
        },
        "dimensions": {
          "width": 0.85,
          "height": 1.39
        }
      },
      {
        "type": "Door",
        "id": 61,
        "location": {
          "x": 1.21,
          "y": 6.4
        },
        "dimensions": {
          "width": 0.23,
          "height": 0.25
        }
      },
      {
        "type": "Door",
        "id": 62,
        "location": {
          "x": 0.5,
          "y": 6.28
        },
        "dimensions": {
          "width": 0.06,
          "height": 0.79
        }
      },
      {
        "type": "Door",
        "id": 63,
        "location": {
          "x": 0.55,
          "y": 6.17
        },
        "dimensions": {
          "width": 0.61,
          "height": 1.11
        }
      },
      {
        "type": "Door",
        "id": 64,
        "location": {
          "x": 0.55,
          "y": 6.07
        },
        "dimensions": {
          "width": 1.7,
          "height": 3.94
        }
      },
      {
        "type": "Door",
        "id": 65,
        "location": {
          "x": 1.37,
          "y": 5.58
        },
        "dimensions": {
          "width": 0.19,
          "height": 0.19
        }
      },
      {
        "type": "Door",
        "id": 66,
        "location": {
          "x": 7.64,
          "y": 5.49
        },
        "dimensions": {
          "width": 0.15,
          "height": 0.24
        }
      },
      {
        "type": "Door",
        "id": 67,
        "location": {
          "x": 7.23,
          "y": 5.47
        },
        "dimensions": {
          "width": 0.2,
          "height": 0.28
        }
      },
      {
        "type": "Door",
        "id": 68,
        "location": {
          "x": 8.11,
          "y": 5.25
        },
        "dimensions": {
          "width": 1.52,
          "height": 1.17
        }
      },
      {
        "type": "Door",
        "id": 69,
        "location": {
          "x": 6.79,
          "y": 5.09
        },
        "dimensions": {
          "width": 0.2,
          "height": 0.23
        }
      },
      {
        "type": "Door",
        "id": 70,
        "location": {
          "x": 5.2,
          "y": 4.76
        },
        "dimensions": {
          "width": 0.15,
          "height": 0.18
        }
      },
      {
        "type": "Door",
        "id": 71,
        "location": {
          "x": 1.56,
          "y": 4.71
        },
        "dimensions": {
          "width": 0.15,
          "height": 0.18
        }
      },
      {
        "type": "Door",
        "id": 72,
        "location": {
          "x": 5.5,
          "y": 4.66
        },
        "dimensions": {
          "width": 0.17,
          "height": 0.28
        }
      },
      {
        "type": "Door",
        "id": 73,
        "location": {
          "x": 5.01,
          "y": 4.66
        },
        "dimensions": {
          "width": 0.17,
          "height": 0.28
        }
      },
      {
        "type": "Door",
        "id": 74,
        "location": {
          "x": 4.65,
          "y": 4.66
        },
        "dimensions": {
          "width": 0.19,
          "height": 0.28
        }
      },
      {
        "type": "Door",
        "id": 75,
        "location": {
          "x": 2.22,
          "y": 4.61
        },
        "dimensions": {
          "width": 0.21,
          "height": 0.28
        }
      },
      {
        "type": "Door",
        "id": 76,
        "location": {
          "x": 1.34,
          "y": 4.61
        },
        "dimensions": {
          "width": 0.21,
          "height": 0.28
        }
      },
      {
        "type": "Door",
        "id": 77,
        "location": {
          "x": 8.83,
          "y": 4.52
        },
        "dimensions": {
          "width": 0.95,
          "height": 2.15
        }
      },
      {
        "type": "Door",
        "id": 78,
        "location": {
          "x": 8.94,
          "y": 4.47
        },
        "dimensions": {
          "width": 0.69,
          "height": 0.77
        }
      },
      {
        "type": "Door",
        "id": 79,
        "location": {
          "x": 9.14,
          "y": 4.39
        },
        "dimensions": {
          "width": 0.12,
          "height": 0.22
        }
      },
      {
        "type": "Door",
        "id": 80,
        "location": {
          "x": 8.74,
          "y": 4.37
        },
        "dimensions": {
          "width": 0.19,
          "height": 0.28
        }
      },
      {
        "type": "Door",
        "id": 81,
        "location": {
          "x": 0.9,
          "y": 4.21
        },
        "dimensions": {
          "width": 0.23,
          "height": 0.24
        }
      },
      {
        "type": "Door",
        "id": 82,
        "location": {
          "x": 6.18,
          "y": 4.2
        },
        "dimensions": {
          "width": 0.91,
          "height": 1.64
        }
      },
      {
        "type": "Door",
        "id": 83,
        "location": {
          "x": 4.77,
          "y": 4.18
        },
        "dimensions": {
          "width": 0.22,
          "height": 0.25
        }
      },
      {
        "type": "Door",
        "id": 84,
        "location": {
          "x": 1.92,
          "y": 4.17
        },
        "dimensions": {
          "width": 0.15,
          "height": 0.31
        }
      },
      {
        "type": "Door",
        "id": 85,
        "location": {
          "x": 1.2,
          "y": 4.17
        },
        "dimensions": {
          "width": 0.31,
          "height": 0.32
        }
      },
      {
        "type": "Door",
        "id": 86,
        "location": {
          "x": 5.83,
          "y": 4.15
        },
        "dimensions": {
          "width": 0.31,
          "height": 0.48
        }
      },
      {
        "type": "Door",
        "id": 87,
        "location": {
          "x": 5.59,
          "y": 4.15
        },
        "dimensions": {
          "width": 0.06,
          "height": 0.31
        }
      },
      {
        "type": "Door",
        "id": 88,
        "location": {
          "x": 8.84,
          "y": 4.03
        },
        "dimensions": {
          "width": 0.23,
          "height": 0.25
        }
      },
      {
        "type": "Door",
        "id": 89,
        "location": {
          "x": 3.7,
          "y": 4.03
        },
        "dimensions": {
          "width": 0.14,
          "height": 0.13
        }
      },
      {
        "type": "Door",
        "id": 90,
        "location": {
          "x": 4.07,
          "y": 4.01
        },
        "dimensions": {
          "width": 0.15,
          "height": 0.18
        }
      },
      {
        "type": "Door",
        "id": 91,
        "location": {
          "x": 4.24,
          "y": 4.0
        },
        "dimensions": {
          "width": 0.12,
          "height": 0.19
        }
      },
      {
        "type": "Door",
        "id": 92,
        "location": {
          "x": 3.89,
          "y": 4.0
        },
        "dimensions": {
          "width": 0.15,
          "height": 0.19
        }
      },
      {
        "type": "Door",
        "id": 93,
        "location": {
          "x": 9.15,
          "y": 3.99
        },
        "dimensions": {
          "width": 0.3,
          "height": 0.32
        }
      },
      {
        "type": "Door",
        "id": 94,
        "location": {
          "x": 1.54,
          "y": 3.96
        },
        "dimensions": {
          "width": 0.31,
          "height": 0.53
        }
      },
      {
        "type": "Door",
        "id": 95,
        "location": {
          "x": 5.73,
          "y": 3.94
        },
        "dimensions": {
          "width": 0.06,
          "height": 0.52
        }
      },
      {
        "type": "Door",
        "id": 96,
        "location": {
          "x": 4.55,
          "y": 3.93
        },
        "dimensions": {
          "width": 0.17,
          "height": 0.53
        }
      },
      {
        "type": "Door",
        "id": 97,
        "location": {
          "x": 0.37,
          "y": 3.84
        },
        "dimensions": {
          "width": 4.65,
          "height": 6.97
        }
      },
      {
        "type": "Door",
        "id": 98,
        "location": {
          "x": 2.83,
          "y": 3.74
        },
        "dimensions": {
          "width": 1.39,
          "height": 3.5
        }
      },
      {
        "type": "Door",
        "id": 99,
        "location": {
          "x": 9.16,
          "y": 3.64
        },
        "dimensions": {
          "width": 0.44,
          "height": 0.85
        }
      },
      {
        "type": "Door",
        "id": 100,
        "location": {
          "x": 9.03,
          "y": 3.61
        },
        "dimensions": {
          "width": 0.65,
          "height": 1.0
        }
      },
      {
        "type": "Door",
        "id": 101,
        "location": {
          "x": 6.59,
          "y": 3.61
        },
        "dimensions": {
          "width": 2.23,
          "height": 4.21
        }
      },
      {
        "type": "Door",
        "id": 102,
        "location": {
          "x": 8.11,
          "y": 3.56
        },
        "dimensions": {
          "width": 1.0,
          "height": 1.7
        }
      },
      {
        "type": "Door",
        "id": 103,
        "location": {
          "x": 0.5,
          "y": 3.25
        },
        "dimensions": {
          "width": 2.38,
          "height": 3.59
        }
      },
      {
        "type": "Door",
        "id": 104,
        "location": {
          "x": 8.25,
          "y": 2.03
        },
        "dimensions": {
          "width": 0.16,
          "height": 0.18
        }
      },
      {
        "type": "Door",
        "id": 105,
        "location": {
          "x": 5.17,
          "y": 1.98
        },
        "dimensions": {
          "width": 0.95,
          "height": 0.65
        }
      },
      {
        "type": "Door",
        "id": 106,
        "location": {
          "x": 3.32,
          "y": 1.95
        },
        "dimensions": {
          "width": 1.85,
          "height": 1.79
        }
      },
      {
        "type": "Door",
        "id": 107,
        "location": {
          "x": 8.55,
          "y": 1.94
        },
        "dimensions": {
          "width": 0.2,
          "height": 0.27
        }
      },
      {
        "type": "Door",
        "id": 108,
        "location": {
          "x": 8.93,
          "y": 1.93
        },
        "dimensions": {
          "width": 0.2,
          "height": 0.28
        }
      },
      {
        "type": "Door",
        "id": 109,
        "location": {
          "x": 8.04,
          "y": 1.93
        },
        "dimensions": {
          "width": 0.2,
          "height": 0.29
        }
      },
      {
        "type": "Door",
        "id": 110,
        "location": {
          "x": 3.15,
          "y": 1.91
        },
        "dimensions": {
          "width": 0.15,
          "height": 0.18
        }
      },
      {
        "type": "Door",
        "id": 111,
        "location": {
          "x": 5.75,
          "y": 1.88
        },
        "dimensions": {
          "width": 2.87,
          "height": 1.72
        }
      },
      {
        "type": "Door",
        "id": 112,
        "location": {
          "x": 2.93,
          "y": 1.81
        },
        "dimensions": {
          "width": 0.21,
          "height": 0.28
        }
      },
      {
        "type": "Door",
        "id": 113,
        "location": {
          "x": 2.56,
          "y": 1.81
        },
        "dimensions": {
          "width": 0.2,
          "height": 0.28
        }
      },
      {
        "type": "Door",
        "id": 114,
        "location": {
          "x": 3.8,
          "y": 1.8
        },
        "dimensions": {
          "width": 0.17,
          "height": 0.29
        }
      },
      {
        "type": "Door",
        "id": 115,
        "location": {
          "x": 3.45,
          "y": 1.8
        },
        "dimensions": {
          "width": 0.18,
          "height": 0.29
        }
      },
      {
        "type": "Door",
        "id": 116,
        "location": {
          "x": 9.01,
          "y": 1.51
        },
        "dimensions": {
          "width": 0.31,
          "height": 0.33
        }
      },
      {
        "type": "Door",
        "id": 117,
        "location": {
          "x": 8.61,
          "y": 1.51
        },
        "dimensions": {
          "width": 0.21,
          "height": 0.33
        }
      },
      {
        "type": "Door",
        "id": 118,
        "location": {
          "x": 7.84,
          "y": 1.51
        },
        "dimensions": {
          "width": 0.22,
          "height": 0.33
        }
      },
      {
        "type": "Door",
        "id": 119,
        "location": {
          "x": 0.36,
          "y": 1.44
        },
        "dimensions": {
          "width": 3.41,
          "height": 2.66
        }
      },
      {
        "type": "Door",
        "id": 120,
        "location": {
          "x": 8.86,
          "y": 1.42
        },
        "dimensions": {
          "width": 0.14,
          "height": 0.41
        }
      },
      {
        "type": "Door",
        "id": 121,
        "location": {
          "x": 8.09,
          "y": 1.42
        },
        "dimensions": {
          "width": 0.14,
          "height": 0.41
        }
      },
      {
        "type": "Door",
        "id": 122,
        "location": {
          "x": 3.39,
          "y": 1.39
        },
        "dimensions": {
          "width": 0.22,
          "height": 0.24
        }
      },
      {
        "type": "Door",
        "id": 123,
        "location": {
          "x": 3.73,
          "y": 1.36
        },
        "dimensions": {
          "width": 0.05,
          "height": 0.3
        }
      },
      {
        "type": "Door",
        "id": 124,
        "location": {
          "x": 3.04,
          "y": 1.35
        },
        "dimensions": {
          "width": 0.25,
          "height": 0.31
        }
      },
      {
        "type": "Door",
        "id": 125,
        "location": {
          "x": 2.66,
          "y": 1.35
        },
        "dimensions": {
          "width": 0.31,
          "height": 0.32
        }
      },
      {
        "type": "Door",
        "id": 126,
        "location": {
          "x": 2.55,
          "y": 1.14
        },
        "dimensions": {
          "width": 0.05,
          "height": 0.52
        }
      },
      {
        "type": "Door",
        "id": 127,
        "location": {
          "x": 1.46,
          "y": 0.51
        },
        "dimensions": {
          "width": 0.3,
          "height": 0.35
        }
      },
      {
        "type": "Door",
        "id": 128,
        "location": {
          "x": 9.15,
          "y": 0.44
        },
        "dimensions": {
          "width": 0.39,
          "height": 0.35
        }
      },
      {
        "type": "Window",
        "id": 129,
        "location": {
          "x": 0.95,
          "y": 0.44
        },
        "dimensions": {
          "width": 4.08,
          "height": 2.02
        }
      },
      {
        "type": "Door",
        "id": 130,
        "location": {
          "x": 4.58,
          "y": 0.15
        },
        "dimensions": {
          "width": 5.27,
          "height": 7.87
        }
      }
    ]
  }
}