{
  "floorPlan": {
    "name": "Floor Plan 21_21.jpg",
    "units": "feet",
    "totalArea": 22.94,
    "totalRooms": 9,
    "rooms": [
      {
        "id": 1,
        "name": "9' CEIL'G",
        "shape": "Irregular",
        "dimensions": {
          "width": 1.34,
          "length": 1.13,
          "height": 1.07
        },
        "position": {
          "x": 2.27,
          "y": 6.12
        },
        "windows": [],
        "doors": [
          {
            "type": "Door",
            "id": 5,
            "location": {
              "x": 2.4,
              "y": 6.33
            },
            "dimensions": {
              "width": 0.2,
              "height": 0.24
            }
          }
        ],
        "connected_to": []
      },
      {
        "id": 2,
        "name": "9' CEIL'G",
        "shape": "Irregular",
        "dimensions": {
          "width": 1.3,
          "length": 2.17,
          "height": 1.74
        },
        "position": {
          "x": 3.74,
          "y": 5.08
        },
        "windows": [],
        "doors": [],
        "connected_to": []
      },
      {
        "id": 3,
        "name": "BEDROOM #3",
        "shape": "Irregular",
        "dimensions": {
          "width": 1.0,
          "length": 2.31,
          "height": 1.85
        },
        "position": {
          "x": 6.87,
          "y": 4.94
        },
        "windows": [
          {
            "type": "Window",
            "id": 7,
            "location": {
              "x": 7.53,
              "y": 6.11
            },
            "dimensions": {
              "width": 0.63,
              "height": 0.17
            }
          }
        ],
        "doors": [],
        "connected_to": []
      },
      {
        "id": 4,
        "name": "9' CEIL'G",
        "shape": "Octagon",
        "dimensions": {
          "width": 1.14,
          "length": 1.77,
          "height": 1.42
        },
        "position": {
          "x": 2.26,
          "y": 4.0
        },
        "windows": [],
        "doors": [
          {
            "type": "Door",
            "id": 13,
            "location": {
              "x": 2.4,
              "y": 5.31
            },
            "dimensions": {
              "width": 0.2,
              "height": 0.24
            }
          },
          {
            "type": "Door",
            "id": 15,
            "location": {
              "x": 3.38,
              "y": 5.01
            },
            "dimensions": {
              "width": 2.79,
              "height": 2.31
            }
          },
          {
            "type": "Door",
            "id": 16,
            "location": {
              "x": 2.63,
              "y": 4.27
            },
            "dimensions": {
              "width": 0.25,
              "height": 0.3
            }
          },
          {
            "type": "Door",
            "id": 17,
            "location": {
              "x": 3.36,
              "y": 4.24
            },
            "dimensions": {
              "width": 0.23,
              "height": 0.29
            }
          }
        ],
        "connected_to": [
          6
        ]
      },
      {
        "id": 5,
        "name": "9' CEIL'G",
        "shape": "Irregular",
        "dimensions": {
          "width": 0.56,
          "length": 1.86,
          "height": 1.49
        },
        "position": {
          "x": 1.4,
          "y": 3.99
        },
        "windows": [],
        "doors": [
          {
            "type": "Door",
            "id": 12,
            "location": {
              "x": 1.47,
              "y": 5.78
            },
            "dimensions": {
              "width": 0.43,
              "height": 0.67
            }
          }
        ],
        "connected_to": []
      },
      {
        "id": 6,
        "name": "9'-0\" X 5'-4",
        "shape": "Irregular",
        "dimensions": {
          "width": 2.67,
          "length": 0.81,
          "height": 2.14
        },
        "position": {
          "x": 1.4,
          "y": 3.86
        },
        "windows": [],
        "doors": [
          {
            "type": "Door",
            "id": 16,
            "location": {
              "x": 2.63,
              "y": 4.27
            },
            "dimensions": {
              "width": 0.25,
              "height": 0.3
            }
          },
          {
            "type": "Door",
            "id": 17,
            "location": {
              "x": 3.36,
              "y": 4.24
            },
            "dimensions": {
              "width": 0.23,
              "height": 0.29
            }
          },
          {
            "type": "Door",
            "id": 19,
            "location": {
              "x": 3.37,
              "y": 3.96
            },
            "dimensions": {
              "width": 0.07,
              "height": 0.23
            }
          },
          {
            "type": "Door",
            "id": 20,
            "location": {
              "x": 3.36,
              "y": 3.93
            },
            "dimensions": {
              "width": 0.34,
              "height": 0.28
            }
          },
          {
            "type": "Door",
            "id": 21,
            "location": {
              "x": 1.41,
              "y": 3.9
            },
            "dimensions": {
              "width": 2.56,
              "height": 1.86
            }
          }
        ],
        "connected_to": [
          4
        ]
      },
      {
        "id": 7,
        "name": "BATH #2",
        "shape": "Irregular",
        "dimensions": {
          "width": 1.56,
          "length": 4.18,
          "height": 3.34
        },
        "position": {
          "x": 7.69,
          "y": 2.8
        },
        "windows": [],
        "doors": [
          {
            "type": "Door",
            "id": 6,
            "location": {
              "x": 7.93,
              "y": 6.3
            },
            "dimensions": {
              "width": 0.16,
              "height": 0.12
            }
          },
          {
            "type": "Door",
            "id": 27,
            "location": {
              "x": 8.03,
              "y": 3.37
            },
            "dimensions": {
              "width": 0.11,
              "height": 0.13
            }
          },
          {
            "type": "Door",
            "id": 28,
            "location": {
              "x": 7.9,
              "y": 3.37
            },
            "dimensions": {
              "width": 0.13,
              "height": 0.13
            }
          }
        ],
        "connected_to": []
      },
      {
        "id": 8,
        "name": "BEDROQM #2",
        "shape": "Pentagon",
        "dimensions": {
          "width": 0.64,
          "length": 2.28,
          "height": 1.82
        },
        "position": {
          "x": 7.18,
          "y": 2.26
        },
        "windows": [],
        "doors": [],
        "connected_to": []
      },
      {
        "id": 9,
        "name": "REF' G",
        "shape": "Irregular",
        "dimensions": {
          "width": 1.28,
          "length": 2.42,
          "height": 1.94
        },
        "position": {
          "x": 4.46,
          "y": 2.26
        },
        "windows": [],
        "doors": [
          {
            "type": "Door",
            "id": 18,
            "location": {
              "x": 5.6,
              "y": 4.18
            },
            "dimensions": {
              "width": 1.31,
              "height": 1.13
            }
          },
          {
            "type": "Door",
            "id": 22,
            "location": {
              "x": 4.48,
              "y": 3.74
            },
            "dimensions": {
              "width": 0.87,
              "height": 1.07
            }
          },
          {
            "type": "Door",
            "id": 29,
            "location": {
              "x": 5.73,
              "y": 3.11
            },
            "dimensions": {
              "width": 0.98,
              "height": 0.59
            }
          },
          {
            "type": "Door",
            "id": 30,
            "location": {
              "x": 4.6,
              "y": 3.06
            },
            "dimensions": {
              "width": 0.12,
              "height": 0.26
            }
          },
          {
            "type": "Door",
            "id": 31,
            "location": {
              "x": 4.73,
              "y": 2.7
            },
            "dimensions": {
              "width": 0.03,
              "height": 0.63
            }
          }
        ],
        "connected_to": []
      }
    ],
    "doorsAndWindows": [
      {
        "type": "Window",
        "id": 1,
        "location": {
          "x": 5.64,
          "y": 7.93
        },
        "dimensions": {
          "width": 0.39,
          "height": 0.15
        }
      },
      {
        "type": "Window",
        "id": 2,
        "location": {
          "x": 5.26,
          "y": 7.44
        },
        "dimensions": {
          "width": 0.3,
          "height": 0.13
        }
      },
      {
        "type": "Door",
        "id": 3,
        "location": {
          "x": 4.79,
          "y": 7.44
        },
        "dimensions": {
          "width": 0.21,
          "height": 0.13
        }
      },
      {
        "type": "Door",
        "id": 4,
        "location": {
          "x": 1.5,
          "y": 6.6
        },
        "dimensions": {
          "width": 0.35,
          "height": 0.29
        }
      },
      {
        "type": "Door",
        "id": 5,
        "location": {
          "x": 2.4,
          "y": 6.33
        },
        "dimensions": {
          "width": 0.2,
          "height": 0.24
        }
      },
      {
        "type": "Door",
        "id": 6,
        "location": {
          "x": 7.93,
          "y": 6.3
        },
        "dimensions": {
          "width": 0.16,
          "height": 0.12
        }
      },
      {
        "type": "Window",
        "id": 7,
        "location": {
          "x": 7.53,
          "y": 6.11
        },
        "dimensions": {
          "width": 0.63,
          "height": 0.17
        }
      },
      {
        "type": "Door",
        "id": 8,
        "location": {
          "x": 3.68,
          "y": 6.09
        },
        "dimensions": {
          "width": 0.12,
          "height": 0.14
        }
      },
      {
        "type": "Window",
        "id": 9,
        "location": {
          "x": 5.54,
          "y": 6.04
        },
        "dimensions": {
          "width": 1.02,
          "height": 0.03
        }
      },
      {
        "type": "Window",
        "id": 10,
        "location": {
          "x": 3.37,
          "y": 6.04
        },
        "dimensions": {
          "width": 0.61,
          "height": 0.04
        }
      },
      {
        "type": "Door",
        "id": 11,
        "location": {
          "x": 6.17,
          "y": 5.89
        },
        "dimensions": {
          "width": 0.24,
          "height": 0.13
        }
      },
      {
        "type": "Door",
        "id": 12,
        "location": {
          "x": 1.47,
          "y": 5.78
        },
        "dimensions": {
          "width": 0.43,
          "height": 0.67
        }
      },
      {
        "type": "Door",
        "id": 13,
        "location": {
          "x": 2.4,
          "y": 5.31
        },
        "dimensions": {
          "width": 0.2,
          "height": 0.24
        }
      },
      {
        "type": "Door",
        "id": 14,
        "location": {
          "x": 6.15,
          "y": 5.21
        },
        "dimensions": {
          "width": 0.1,
          "height": 0.13
        }
      },
      {
        "type": "Door",
        "id": 15,
        "location": {
          "x": 3.38,
          "y": 5.01
        },
        "dimensions": {
          "width": 2.79,
          "height": 2.31
        }
      },
      {
        "type": "Door",
        "id": 16,
        "location": {
          "x": 2.63,
          "y": 4.27
        },
        "dimensions": {
          "width": 0.25,
          "height": 0.3
        }
      },
      {
        "type": "Door",
        "id": 17,
        "location": {
          "x": 3.36,
          "y": 4.24
        },
        "dimensions": {
          "width": 0.23,
          "height": 0.29
        }
      },
      {
        "type": "Door",
        "id": 18,
        "location": {
          "x": 5.6,
          "y": 4.18
        },
        "dimensions": {
          "width": 1.31,
          "height": 1.13
        }
      },
      {
        "type": "Door",
        "id": 19,
        "location": {
          "x": 3.37,
          "y": 3.96
        },
        "dimensions": {
          "width": 0.07,
          "height": 0.23
        }
      },
      {
        "type": "Door",
        "id": 20,
        "location": {
          "x": 3.36,
          "y": 3.93
        },
        "dimensions": {
          "width": 0.34,
          "height": 0.28
        }
      },
      {
        "type": "Door",
        "id": 21,
        "location": {
          "x": 1.41,
          "y": 3.9
        },
        "dimensions": {
          "width": 2.56,
          "height": 1.86
        }
      },
      {
        "type": "Door",
        "id": 22,
        "location": {
          "x": 4.48,
          "y": 3.74
        },
        "dimensions": {
          "width": 0.87,
          "height": 1.07
        }
      },
      {
        "type": "Window",
        "id": 23,
        "location": {
          "x": 3.7,
          "y": 3.55
        },
        "dimensions": {
          "width": 0.67,
          "height": 0.03
        }
      },
      {
        "type": "Window",
        "id": 24,
        "location": {
          "x": 2.24,
          "y": 3.55
        },
        "dimensions": {
          "width": 0.73,
          "height": 0.03
        }
      },
      {
        "type": "Window",
        "id": 25,
        "location": {
          "x": 3.72,
          "y": 3.4
        },
        "dimensions": {
          "width": 0.35,
          "height": 0.14
        }
      },
      {
        "type": "Door",
        "id": 26,
        "location": {
          "x": 2.67,
          "y": 3.4
        },
        "dimensions": {
          "width": 0.1,
          "height": 0.14
        }
      },
      {
        "type": "Door",
        "id": 27,
        "location": {
          "x": 8.03,
          "y": 3.37
        },
        "dimensions": {
          "width": 0.11,
          "height": 0.13
        }
      },
      {
        "type": "Door",
        "id": 28,
        "location": {
          "x": 7.9,
          "y": 3.37
        },
        "dimensions": {
          "width": 0.13,
          "height": 0.13
        }
      },
      {
        "type": "Door",
        "id": 29,
        "location": {
          "x": 5.73,
          "y": 3.11
        },
        "dimensions": {
          "width": 0.98,
          "height": 0.59
        }
      },
      {
        "type": "Door",
        "id": 30,
        "location": {
          "x": 4.6,
          "y": 3.06
        },
        "dimensions": {
          "width": 0.12,
          "height": 0.26
        }
      },
      {
        "type": "Door",
        "id": 31,
        "location": {
          "x": 4.73,
          "y": 2.7
        },
        "dimensions": {
          "width": 0.03,
          "height": 0.63
        }
      },
      {
        "type": "Door",
        "id": 32,
        "location": {
          "x": 2.88,
          "y": 2.48
        },
        "dimensions": {
          "width": 0.16,
          "height": 0.12
        }
      },
      {
        "type": "Door",
        "id": 33,
        "location": {
          "x": 2.94,
          "y": 2.29
        },
        "dimensions": {
          "width": 0.2,
          "height": 0.13
        }
      },
      {
        "type": "Window",
        "id": 34,
        "location": {
          "x": 6.4,
          "y": 1.68
        },
        "dimensions": {
          "width": 0.96,
          "height": 0.03
        }
      },
      {
        "type": "Door",
        "id": 35,
        "location": {
          "x": 6.82,
          "y": 1.53
        },
        "dimensions": {
          "width": 0.22,
          "height": 0.14
        }
      },
      {
        "type": "Door",
        "id": 36,
        "location": {
          "x": 2.27,
          "y": 1.19
        },
        "dimensions": {
          "width": 6.93,
          "height": 7.24
        }
      },
      {
        "type": "Door",
        "id": 37,
        "location": {
          "x": 7.88,
          "y": 1.18
        },
        "dimensions": {
          "width": 1.38,
          "height": 5.8
        }
      },
      {
        "type": "Door",
        "id": 38,
        "location": {
          "x": 1.18,
          "y": 0.74
        },
        "dimensions": {
          "width": 5.52,
          "height": 6.24
        }
      }
    ]
  }
}