{
  "floorPlan": {
    "name": "Floor Plan 21_4.jpg",
    "units": "feet",
    "totalArea": 47.9,
    "totalRooms": 15,
    "rooms": [
      {
        "id": 1,
        "name": "Room_1",
        "shape": "Irregular",
        "dimensions": {
          "width": 9.61,
          "length": 0.03,
          "height": 7.69
        },
        "position": {
          "x": 0.32,
          "y": 15.61
        },
        "windows": [],
        "doors": [],
        "connected_to": []
      },
      {
        "id": 2,
        "name": "Room_2",
        "shape": "Irregular",
        "dimensions": {
          "width": 1.35,
          "length": 0.35,
          "height": 1.08
        },
        "position": {
          "x": 4.14,
          "y": 13.63
        },
        "windows": [],
        "doors": [],
        "connected_to": []
      },
      {
        "id": 3,
        "name": "Room_3",
        "shape": "Irregular",
        "dimensions": {
          "width": 1.74,
          "length": 0.85,
          "height": 1.39
        },
        "position": {
          "x": 2.92,
          "y": 12.16
        },
        "windows": [],
        "doors": [
          {
            "type": "Door",
            "id": 2,
            "location": {
              "x": 3.79,
              "y": 12.39
            },
            "dimensions": {
              "width": 0.25,
              "height": 0.14
            }
          }
        ],
        "connected_to": []
      },
      {
        "id": 4,
        "name": "Room_4",
        "shape": "Irregular",
        "dimensions": {
          "width": 1.35,
          "length": 0.3,
          "height": 1.08
        },
        "position": {
          "x": 2.29,
          "y": 11.18
        },
        "windows": [],
        "doors": [
          {
            "type": "Door",
            "id": 19,
            "location": {
              "x": 3.05,
              "y": 11.18
            },
            "dimensions": {
              "width": 0.86,
              "height": 0.28
            }
          }
        ],
        "connected_to": []
      },
      {
        "id": 5,
        "name": "Room_5",
        "shape": "Hexagon",
        "dimensions": {
          "width": 0.85,
          "length": 2.74,
          "height": 2.19
        },
        "position": {
          "x": 9.04,
          "y": 10.27
        },
        "windows": [],
        "doors": [
          {
            "type": "Door",
            "id": 26,
            "location": {
              "x": 9.88,
              "y": 10.29
            },
            "dimensions": {
              "width": 0.09,
              "height": 2.68
            }
          }
        ],
        "connected_to": []
      },
      {
        "id": 6,
        "name": "Room_6",
        "shape": "Octagon",
        "dimensions": {
          "width": 0.84,
          "length": 4.79,
          "height": 3.83
        },
        "position": {
          "x": 0.36,
          "y": 8.22
        },
        "windows": [],
        "doors": [
          {
            "type": "Door",
            "id": 4,
            "location": {
              "x": 1.03,
              "y": 12.25
            },
            "dimensions": {
              "width": 2.24,
              "height": 0.77
            }
          },
          {
            "type": "Door",
            "id": 17,
            "location": {
              "x": 0.89,
              "y": 11.2
            },
            "dimensions": {
              "width": 0.18,
              "height": 0.19
            }
          },
          {
            "type": "Door",
            "id": 18,
            "location": {
              "x": 0.58,
              "y": 11.19
            },
            "dimensions": {
              "width": 0.24,
              "height": 0.22
            }
          },
          {
            "type": "Door",
            "id": 22,
            "location": {
              "x": 0.81,
              "y": 10.78
            },
            "dimensions": {
              "width": 0.25,
              "height": 0.3
            }
          },
          {
            "type": "Door",
            "id": 23,
            "location": {
              "x": 0.59,
              "y": 10.75
            },
            "dimensions": {
              "width": 0.18,
              "height": 0.17
            }
          },
          {
            "type": "Door",
            "id": 30,
            "location": {
              "x": 0.48,
              "y": 8.93
            },
            "dimensions": {
              "width": 0.77,
              "height": 0.92
            }
          }
        ],
        "connected_to": []
      },
      {
        "id": 7,
        "name": "Room_7",
        "shape": "Irregular",
        "dimensions": {
          "width": 1.74,
          "length": 4.87,
          "height": 3.9
        },
        "position": {
          "x": 5.58,
          "y": 8.14
        },
        "windows": [],
        "doors": [
          {
            "type": "Door",
            "id": 37,
            "location": {
              "x": 7.31,
              "y": 8.29
            },
            "dimensions": {
              "width": 0.16,
              "height": 0.62
            }
          }
        ],
        "connected_to": [
          8
        ]
      },
      {
        "id": 8,
        "name": "Room_8",
        "shape": "Irregular",
        "dimensions": {
          "width": 3.17,
          "length": 1.6,
          "height": 2.54
        },
        "position": {
          "x": 6.82,
          "y": 7.86
        },
        "windows": [],
        "doors": [
          {
            "type": "Door",
            "id": 33,
            "location": {
              "x": 8.91,
              "y": 8.62
            },
            "dimensions": {
              "width": 0.2,
              "height": 0.18
            }
          },
          {
            "type": "Door",
            "id": 34,
            "location": {
              "x": 8.77,
              "y": 8.62
            },
            "dimensions": {
              "width": 0.13,
              "height": 0.18
            }
          },
          {
            "type": "Door",
            "id": 35,
            "location": {
              "x": 7.8,
              "y": 8.42
            },
            "dimensions": {
              "width": 0.14,
              "height": 0.12
            }
          },
          {
            "type": "Door",
            "id": 36,
            "location": {
              "x": 7.37,
              "y": 8.34
            },
            "dimensions": {
              "width": 0.25,
              "height": 0.57
            }
          },
          {
            "type": "Door",
            "id": 37,
            "location": {
              "x": 7.31,
              "y": 8.29
            },
            "dimensions": {
              "width": 0.16,
              "height": 0.62
            }
          },
          {
            "type": "Door",
            "id": 39,
            "location": {
              "x": 9.88,
              "y": 7.97
            },
            "dimensions": {
              "width": 0.09,
              "height": 1.46
            }
          }
        ],
        "connected_to": [
          7
        ]
      },
      {
        "id": 9,
        "name": "Room_9",
        "shape": "Irregular",
        "dimensions": {
          "width": 0.34,
          "length": 1.08,
          "height": 0.86
        },
        "position": {
          "x": 6.27,
          "y": 7.21
        },
        "windows": [],
        "doors": [
          {
            "type": "Door",
            "id": 47,
            "location": {
              "x": 6.27,
              "y": 7.21
            },
            "dimensions": {
              "width": 0.35,
              "height": 1.08
            }
          }
        ],
        "connected_to": [
          15
        ]
      },
      {
        "id": 10,
        "name": "Room_10",
        "shape": "Irregular",
        "dimensions": {
          "width": 1.14,
          "length": 0.34,
          "height": 0.91
        },
        "position": {
          "x": 7.85,
          "y": 7.16
        },
        "windows": [],
        "doors": [
          {
            "type": "Door",
            "id": 45,
            "location": {
              "x": 8.75,
              "y": 7.34
            },
            "dimensions": {
              "width": 0.19,
              "height": 0.13
            }
          },
          {
            "type": "Door",
            "id": 46,
            "location": {
              "x": 7.93,
              "y": 7.31
            },
            "dimensions": {
              "width": 0.16,
              "height": 0.1
            }
          }
        ],
        "connected_to": []
      },
      {
        "id": 11,
        "name": "Room_11",
        "shape": "Hexagon",
        "dimensions": {
          "width": 0.35,
          "length": 2.66,
          "height": 2.13
        },
        "position": {
          "x": 0.35,
          "y": 4.47
        },
        "windows": [],
        "doors": [],
        "connected_to": []
      },
      {
        "id": 12,
        "name": "Room_12",
        "shape": "Irregular",
        "dimensions": {
          "width": 1.13,
          "length": 0.3,
          "height": 0.9
        },
        "position": {
          "x": 2.75,
          "y": 4.33
        },
        "windows": [],
        "doors": [],
        "connected_to": []
      },
      {
        "id": 13,
        "name": "Room_13",
        "shape": "Irregular",
        "dimensions": {
          "width": 2.06,
          "length": 0.34,
          "height": 1.65
        },
        "position": {
          "x": 7.41,
          "y": 4.13
        },
        "windows": [],
        "doors": [
          {
            "type": "Door",
            "id": 80,
            "location": {
              "x": 7.56,
              "y": 4.19
            },
            "dimensions": {
              "width": 0.16,
              "height": 0.2
            }
          },
          {
            "type": "Door",
            "id": 81,
            "location": {
              "x": 8.47,
              "y": 4.17
            },
            "dimensions": {
              "width": 0.23,
              "height": 0.23
            }
          },
          {
            "type": "Door",
            "id": 82,
            "location": {
              "x": 8.14,
              "y": 4.17
            },
            "dimensions": {
              "width": 0.23,
              "height": 0.23
            }
          }
        ],
        "connected_to": [
          14,
          15
        ]
      },
      {
        "id": 14,
        "name": "Room_14",
        "shape": "Irregular",
        "dimensions": {
          "width": 3.07,
          "length": 4.32,
          "height": 3.46
        },
        "position": {
          "x": 6.82,
          "y": 2.83
        },
        "windows": [],
        "doors": [
          {
            "type": "Door",
            "id": 49,
            "location": {
              "x": 9.09,
              "y": 6.66
            },
            "dimensions": {
              "width": 0.43,
              "height": 0.48
            }
          },
          {
            "type": "Door",
            "id": 50,
            "location": {
              "x": 9.05,
              "y": 6.41
            },
            "dimensions": {
              "width": 0.54,
              "height": 0.22
            }
          },
          {
            "type": "Door",
            "id": 51,
            "location": {
              "x": 7.08,
              "y": 6.39
            },
            "dimensions": {
              "width": 1.97,
              "height": 0.59
            }
          },
          {
            "type": "Door",
            "id": 52,
            "location": {
              "x": 9.06,
              "y": 6.38
            },
            "dimensions": {
              "width": 0.91,
              "height": 1.89
            }
          },
          {
            "type": "Door",
            "id": 62,
            "location": {
              "x": 8.2,
              "y": 4.94
            },
            "dimensions": {
              "width": 0.2,
              "height": 0.2
            }
          },
          {
            "type": "Door",
            "id": 63,
            "location": {
              "x": 7.86,
              "y": 4.94
            },
            "dimensions": {
              "width": 0.19,
              "height": 0.2
            }
          },
          {
            "type": "Door",
            "id": 64,
            "location": {
              "x": 7.58,
              "y": 4.94
            },
            "dimensions": {
              "width": 0.17,
              "height": 0.2
            }
          },
          {
            "type": "Door",
            "id": 70,
            "location": {
              "x": 8.1,
              "y": 4.64
            },
            "dimensions": {
              "width": 0.19,
              "height": 0.19
            }
          },
          {
            "type": "Door",
            "id": 71,
            "location": {
              "x": 8.87,
              "y": 4.58
            },
            "dimensions": {
              "width": 0.18,
              "height": 0.27
            }
          },
          {
            "type": "Door",
            "id": 72,
            "location": {
              "x": 8.56,
              "y": 4.58
            },
            "dimensions": {
              "width": 0.18,
              "height": 0.26
            }
          },
          {
            "type": "Door",
            "id": 73,
            "location": {
              "x": 7.82,
              "y": 4.58
            },
            "dimensions": {
              "width": 0.17,
              "height": 0.26
            }
          },
          {
            "type": "Door",
            "id": 74,
            "location": {
              "x": 7.51,
              "y": 4.58
            },
            "dimensions": {
              "width": 0.18,
              "height": 0.26
            }
          },
          {
            "type": "Door",
            "id": 79,
            "location": {
              "x": 6.98,
              "y": 4.29
            },
            "dimensions": {
              "width": 0.15,
              "height": 0.1
            }
          },
          {
            "type": "Door",
            "id": 80,
            "location": {
              "x": 7.56,
              "y": 4.19
            },
            "dimensions": {
              "width": 0.16,
              "height": 0.2
            }
          },
          {
            "type": "Door",
            "id": 81,
            "location": {
              "x": 8.47,
              "y": 4.17
            },
            "dimensions": {
              "width": 0.23,
              "height": 0.23
            }
          },
          {
            "type": "Door",
            "id": 82,
            "location": {
              "x": 8.14,
              "y": 4.17
            },
            "dimensions": {
              "width": 0.23,
              "height": 0.23
            }
          },
          {
            "type": "Door",
            "id": 83,
            "location": {
              "x": 6.9,
              "y": 4.11
            },
            "dimensions": {
              "width": 2.57,
              "height": 0.36
            }
          },
          {
            "type": "Door",
            "id": 86,
            "location": {
              "x": 9.88,
              "y": 2.85
            },
            "dimensions": {
              "width": 0.09,
              "height": 4.26
            }
          }
        ],
        "connected_to": [
          13,
          15
        ]
      },
      {
        "id": 15,
        "name": "Room_15",
        "shape": "Irregular",
        "dimensions": {
          "width": 2.14,
          "length": 4.38,
          "height": 3.5
        },
        "position": {
          "x": 5.58,
          "y": 2.83
        },
        "windows": [],
        "doors": [
          {
            "type": "Door",
            "id": 47,
            "location": {
              "x": 6.27,
              "y": 7.21
            },
            "dimensions": {
              "width": 0.35,
              "height": 1.08
            }
          },
          {
            "type": "Door",
            "id": 51,
            "location": {
              "x": 7.08,
              "y": 6.39
            },
            "dimensions": {
              "width": 1.97,
              "height": 0.59
            }
          },
          {
            "type": "Door",
            "id": 64,
            "location": {
              "x": 7.58,
              "y": 4.94
            },
            "dimensions": {
              "width": 0.17,
              "height": 0.2
            }
          },
          {
            "type": "Door",
            "id": 74,
            "location": {
              "x": 7.51,
              "y": 4.58
            },
            "dimensions": {
              "width": 0.18,
              "height": 0.26
            }
          },
          {
            "type": "Door",
            "id": 79,
            "location": {
              "x": 6.98,
              "y": 4.29
            },
            "dimensions": {
              "width": 0.15,
              "height": 0.1
            }
          },
          {
            "type": "Door",
            "id": 80,
            "location": {
              "x": 7.56,
              "y": 4.19
            },
            "dimensions": {
              "width": 0.16,
              "height": 0.2
            }
          },
          {
            "type": "Door",
            "id": 83,
            "location": {
              "x": 6.9,
              "y": 4.11
            },
            "dimensions": {
              "width": 2.57,
              "height": 0.36
            }
          }
        ],
        "connected_to": [
          9,
          13,
          14
        ]
      }
    ],
    "doorsAndWindows": [
      {
        "type": "Window",
        "id": 1,
        "location": {
          "x": 0.27,
          "y": 12.88
        },
        "dimensions": {
          "width": 9.7,
          "height": 2.73
        }
      },
      {
        "type": "Door",
        "id": 2,
        "location": {
          "x": 3.79,
          "y": 12.39
        },
        "dimensions": {
          "width": 0.25,
          "height": 0.14
        }
      },
      {
        "type": "Door",
        "id": 3,
        "location": {
          "x": 2.76,
          "y": 12.35
        },
        "dimensions": {
          "width": 0.11,
          "height": 0.14
        }
      },
      {
        "type": "Door",
        "id": 4,
        "location": {
          "x": 1.03,
          "y": 12.25
        },
        "dimensions": {
          "width": 2.24,
          "height": 0.77
        }
      },
      {
        "type": "Door",
        "id": 5,
        "location": {
          "x": 3.48,
          "y": 11.92
        },
        "dimensions": {
          "width": 0.21,
          "height": 0.19
        }
      },
      {
        "type": "Door",
        "id": 6,
        "location": {
          "x": 2.51,
          "y": 11.92
        },
        "dimensions": {
          "width": 0.23,
          "height": 0.2
        }
      },
      {
        "type": "Door",
        "id": 7,
        "location": {
          "x": 3.13,
          "y": 11.91
        },
        "dimensions": {
          "width": 0.2,
          "height": 0.21
        }
      },
      {
        "type": "Door",
        "id": 8,
        "location": {
          "x": 2.79,
          "y": 11.91
        },
        "dimensions": {
          "width": 0.18,
          "height": 0.21
        }
      },
      {
        "type": "Door",
        "id": 9,
        "location": {
          "x": 3.03,
          "y": 11.64
        },
        "dimensions": {
          "width": 0.17,
          "height": 0.17
        }
      },
      {
        "type": "Door",
        "id": 10,
        "location": {
          "x": 3.75,
          "y": 11.58
        },
        "dimensions": {
          "width": 0.16,
          "height": 0.24
        }
      },
      {
        "type": "Door",
        "id": 11,
        "location": {
          "x": 3.46,
          "y": 11.58
        },
        "dimensions": {
          "width": 0.17,
          "height": 0.24
        }
      },
      {
        "type": "Door",
        "id": 12,
        "location": {
          "x": 2.78,
          "y": 11.58
        },
        "dimensions": {
          "width": 0.16,
          "height": 0.24
        }
      },
      {
        "type": "Door",
        "id": 13,
        "location": {
          "x": 2.5,
          "y": 11.58
        },
        "dimensions": {
          "width": 0.16,
          "height": 0.25
        }
      },
      {
        "type": "Door",
        "id": 14,
        "location": {
          "x": 1.55,
          "y": 11.49
        },
        "dimensions": {
          "width": 0.17,
          "height": 0.17
        }
      },
      {
        "type": "Door",
        "id": 15,
        "location": {
          "x": 1.55,
          "y": 11.32
        },
        "dimensions": {
          "width": 0.19,
          "height": 0.19
        }
      },
      {
        "type": "Door",
        "id": 16,
        "location": {
          "x": 1.3,
          "y": 11.28
        },
        "dimensions": {
          "width": 0.17,
          "height": 0.17
        }
      },
      {
        "type": "Door",
        "id": 17,
        "location": {
          "x": 0.89,
          "y": 11.2
        },
        "dimensions": {
          "width": 0.18,
          "height": 0.19
        }
      },
      {
        "type": "Door",
        "id": 18,
        "location": {
          "x": 0.58,
          "y": 11.19
        },
        "dimensions": {
          "width": 0.24,
          "height": 0.22
        }
      },
      {
        "type": "Door",
        "id": 19,
        "location": {
          "x": 3.05,
          "y": 11.18
        },
        "dimensions": {
          "width": 0.86,
          "height": 0.28
        }
      },
      {
        "type": "Door",
        "id": 20,
        "location": {
          "x": 1.55,
          "y": 11.17
        },
        "dimensions": {
          "width": 0.17,
          "height": 0.14
        }
      },
      {
        "type": "Door",
        "id": 21,
        "location": {
          "x": 1.55,
          "y": 10.81
        },
        "dimensions": {
          "width": 0.17,
          "height": 0.13
        }
      },
      {
        "type": "Door",
        "id": 22,
        "location": {
          "x": 0.81,
          "y": 10.78
        },
        "dimensions": {
          "width": 0.25,
          "height": 0.3
        }
      },
      {
        "type": "Door",
        "id": 23,
        "location": {
          "x": 0.59,
          "y": 10.75
        },
        "dimensions": {
          "width": 0.18,
          "height": 0.17
        }
      },
      {
        "type": "Door",
        "id": 24,
        "location": {
          "x": 3.66,
          "y": 10.63
        },
        "dimensions": {
          "width": 0.17,
          "height": 0.18
        }
      },
      {
        "type": "Door",
        "id": 25,
        "location": {
          "x": 1.55,
          "y": 10.48
        },
        "dimensions": {
          "width": 0.17,
          "height": 0.32
        }
      },
      {
        "type": "Door",
        "id": 26,
        "location": {
          "x": 9.88,
          "y": 10.29
        },
        "dimensions": {
          "width": 0.09,
          "height": 2.68
        }
      },
      {
        "type": "Door",
        "id": 27,
        "location": {
          "x": 3.66,
          "y": 9.91
        },
        "dimensions": {
          "width": 0.17,
          "height": 0.12
        }
      },
      {
        "type": "Door",
        "id": 28,
        "location": {
          "x": 3.65,
          "y": 9.36
        },
        "dimensions": {
          "width": 0.18,
          "height": 0.29
        }
      },
      {
        "type": "Door",
        "id": 29,
        "location": {
          "x": 3.66,
          "y": 9.05
        },
        "dimensions": {
          "width": 0.17,
          "height": 0.14
        }
      },
      {
        "type": "Door",
        "id": 30,
        "location": {
          "x": 0.48,
          "y": 8.93
        },
        "dimensions": {
          "width": 0.77,
          "height": 0.92
        }
      },
      {
        "type": "Door",
        "id": 31,
        "location": {
          "x": 2.31,
          "y": 8.87
        },
        "dimensions": {
          "width": 1.29,
          "height": 2.25
        }
      },
      {
        "type": "Door",
        "id": 32,
        "location": {
          "x": 3.95,
          "y": 8.85
        },
        "dimensions": {
          "width": 0.34,
          "height": 0.15
        }
      },
      {
        "type": "Door",
        "id": 33,
        "location": {
          "x": 8.91,
          "y": 8.62
        },
        "dimensions": {
          "width": 0.2,
          "height": 0.18
        }
      },
      {
        "type": "Door",
        "id": 34,
        "location": {
          "x": 8.77,
          "y": 8.62
        },
        "dimensions": {
          "width": 0.13,
          "height": 0.18
        }
      },
      {
        "type": "Door",
        "id": 35,
        "location": {
          "x": 7.8,
          "y": 8.42
        },
        "dimensions": {
          "width": 0.14,
          "height": 0.12
        }
      },
      {
        "type": "Door",
        "id": 36,
        "location": {
          "x": 7.37,
          "y": 8.34
        },
        "dimensions": {
          "width": 0.25,
          "height": 0.57
        }
      },
      {
        "type": "Door",
        "id": 37,
        "location": {
          "x": 7.31,
          "y": 8.29
        },
        "dimensions": {
          "width": 0.16,
          "height": 0.62
        }
      },
      {
        "type": "Door",
        "id": 38,
        "location": {
          "x": 0.27,
          "y": 8.23
        },
        "dimensions": {
          "width": 0.09,
          "height": 4.74
        }
      },
      {
        "type": "Door",
        "id": 39,
        "location": {
          "x": 9.88,
          "y": 7.97
        },
        "dimensions": {
          "width": 0.09,
          "height": 1.46
        }
      },
      {
        "type": "Door",
        "id": 40,
        "location": {
          "x": 8.33,
          "y": 7.68
        },
        "dimensions": {
          "width": 0.18,
          "height": 0.18
        }
      },
      {
        "type": "Door",
        "id": 41,
        "location": {
          "x": 8.92,
          "y": 7.6
        },
        "dimensions": {
          "width": 0.17,
          "height": 0.27
        }
      },
      {
        "type": "Door",
        "id": 42,
        "location": {
          "x": 8.62,
          "y": 7.6
        },
        "dimensions": {
          "width": 0.16,
          "height": 0.27
        }
      },
      {
        "type": "Door",
        "id": 43,
        "location": {
          "x": 7.76,
          "y": 7.6
        },
        "dimensions": {
          "width": 0.17,
          "height": 0.27
        }
      },
      {
        "type": "Door",
        "id": 44,
        "location": {
          "x": 4.04,
          "y": 7.36
        },
        "dimensions": {
          "width": 0.25,
          "height": 0.21
        }
      },
      {
        "type": "Door",
        "id": 45,
        "location": {
          "x": 8.75,
          "y": 7.34
        },
        "dimensions": {
          "width": 0.19,
          "height": 0.13
        }
      },
      {
        "type": "Door",
        "id": 46,
        "location": {
          "x": 7.93,
          "y": 7.31
        },
        "dimensions": {
          "width": 0.16,
          "height": 0.1
        }
      },
      {
        "type": "Door",
        "id": 47,
        "location": {
          "x": 6.27,
          "y": 7.21
        },
        "dimensions": {
          "width": 0.35,
          "height": 1.08
        }
      },
      {
        "type": "Door",
        "id": 48,
        "location": {
          "x": 0.43,
          "y": 7.18
        },
        "dimensions": {
          "width": 0.04,
          "height": 0.99
        }
      },
      {
        "type": "Door",
        "id": 49,
        "location": {
          "x": 9.09,
          "y": 6.66
        },
        "dimensions": {
          "width": 0.43,
          "height": 0.48
        }
      },
      {
        "type": "Door",
        "id": 50,
        "location": {
          "x": 9.05,
          "y": 6.41
        },
        "dimensions": {
          "width": 0.54,
          "height": 0.22
        }
      },
      {
        "type": "Door",
        "id": 51,
        "location": {
          "x": 7.08,
          "y": 6.39
        },
        "dimensions": {
          "width": 1.97,
          "height": 0.59
        }
      },
      {
        "type": "Door",
        "id": 52,
        "location": {
          "x": 9.06,
          "y": 6.38
        },
        "dimensions": {
          "width": 0.91,
          "height": 1.89
        }
      },
      {
        "type": "Door",
        "id": 53,
        "location": {
          "x": 3.53,
          "y": 5.72
        },
        "dimensions": {
          "width": 0.16,
          "height": 0.16
        }
      },
      {
        "type": "Door",
        "id": 54,
        "location": {
          "x": 2.98,
          "y": 5.72
        },
        "dimensions": {
          "width": 0.24,
          "height": 0.21
        }
      },
      {
        "type": "Door",
        "id": 55,
        "location": {
          "x": 2.85,
          "y": 5.72
        },
        "dimensions": {
          "width": 0.16,
          "height": 0.17
        }
      },
      {
        "type": "Door",
        "id": 56,
        "location": {
          "x": 2.39,
          "y": 5.72
        },
        "dimensions": {
          "width": 0.14,
          "height": 0.17
        }
      },
      {
        "type": "Door",
        "id": 57,
        "location": {
          "x": 0.77,
          "y": 5.7
        },
        "dimensions": {
          "width": 0.17,
          "height": 0.15
        }
      },
      {
        "type": "Door",
        "id": 58,
        "location": {
          "x": 3.21,
          "y": 5.07
        },
        "dimensions": {
          "width": 0.21,
          "height": 0.2
        }
      },
      {
        "type": "Door",
        "id": 59,
        "location": {
          "x": 2.54,
          "y": 5.07
        },
        "dimensions": {
          "width": 0.21,
          "height": 0.2
        }
      },
      {
        "type": "Door",
        "id": 60,
        "location": {
          "x": 2.34,
          "y": 5.07
        },
        "dimensions": {
          "width": 0.19,
          "height": 0.19
        }
      },
      {
        "type": "Door",
        "id": 61,
        "location": {
          "x": 3.48,
          "y": 5.06
        },
        "dimensions": {
          "width": 0.18,
          "height": 0.2
        }
      },
      {
        "type": "Door",
        "id": 62,
        "location": {
          "x": 8.2,
          "y": 4.94
        },
        "dimensions": {
          "width": 0.2,
          "height": 0.2
        }
      },
      {
        "type": "Door",
        "id": 63,
        "location": {
          "x": 7.86,
          "y": 4.94
        },
        "dimensions": {
          "width": 0.19,
          "height": 0.2
        }
      },
      {
        "type": "Door",
        "id": 64,
        "location": {
          "x": 7.58,
          "y": 4.94
        },
        "dimensions": {
          "width": 0.17,
          "height": 0.2
        }
      },
      {
        "type": "Door",
        "id": 65,
        "location": {
          "x": 0.77,
          "y": 4.84
        },
        "dimensions": {
          "width": 0.17,
          "height": 0.13
        }
      },
      {
        "type": "Door",
        "id": 66,
        "location": {
          "x": 3.75,
          "y": 4.73
        },
        "dimensions": {
          "width": 0.16,
          "height": 0.24
        }
      },
      {
        "type": "Door",
        "id": 67,
        "location": {
          "x": 3.47,
          "y": 4.73
        },
        "dimensions": {
          "width": 0.16,
          "height": 0.24
        }
      },
      {
        "type": "Door",
        "id": 68,
        "location": {
          "x": 2.78,
          "y": 4.73
        },
        "dimensions": {
          "width": 0.16,
          "height": 0.24
        }
      },
      {
        "type": "Door",
        "id": 69,
        "location": {
          "x": 2.5,
          "y": 4.73
        },
        "dimensions": {
          "width": 0.17,
          "height": 0.25
        }
      },
      {
        "type": "Door",
        "id": 70,
        "location": {
          "x": 8.1,
          "y": 4.64
        },
        "dimensions": {
          "width": 0.19,
          "height": 0.19
        }
      },
      {
        "type": "Door",
        "id": 71,
        "location": {
          "x": 8.87,
          "y": 4.58
        },
        "dimensions": {
          "width": 0.18,
          "height": 0.27
        }
      },
      {
        "type": "Door",
        "id": 72,
        "location": {
          "x": 8.56,
          "y": 4.58
        },
        "dimensions": {
          "width": 0.18,
          "height": 0.26
        }
      },
      {
        "type": "Door",
        "id": 73,
        "location": {
          "x": 7.82,
          "y": 4.58
        },
        "dimensions": {
          "width": 0.17,
          "height": 0.26
        }
      },
      {
        "type": "Door",
        "id": 74,
        "location": {
          "x": 7.51,
          "y": 4.58
        },
        "dimensions": {
          "width": 0.18,
          "height": 0.26
        }
      },
      {
        "type": "Door",
        "id": 75,
        "location": {
          "x": 0.27,
          "y": 4.49
        },
        "dimensions": {
          "width": 0.09,
          "height": 2.62
        }
      },
      {
        "type": "Door",
        "id": 76,
        "location": {
          "x": 4.61,
          "y": 4.37
        },
        "dimensions": {
          "width": 0.2,
          "height": 0.2
        }
      },
      {
        "type": "Door",
        "id": 77,
        "location": {
          "x": 4.32,
          "y": 4.37
        },
        "dimensions": {
          "width": 0.2,
          "height": 0.2
        }
      },
      {
        "type": "Door",
        "id": 78,
        "location": {
          "x": 1.06,
          "y": 4.33
        },
        "dimensions": {
          "width": 4.11,
          "height": 0.3
        }
      },
      {
        "type": "Door",
        "id": 79,
        "location": {
          "x": 6.98,
          "y": 4.29
        },
        "dimensions": {
          "width": 0.15,
          "height": 0.1
        }
      },
      {
        "type": "Door",
        "id": 80,
        "location": {
          "x": 7.56,
          "y": 4.19
        },
        "dimensions": {
          "width": 0.16,
          "height": 0.2
        }
      },
      {
        "type": "Door",
        "id": 81,
        "location": {
          "x": 8.47,
          "y": 4.17
        },
        "dimensions": {
          "width": 0.23,
          "height": 0.23
        }
      },
      {
        "type": "Door",
        "id": 82,
        "location": {
          "x": 8.14,
          "y": 4.17
        },
        "dimensions": {
          "width": 0.23,
          "height": 0.23
        }
      },
      {
        "type": "Door",
        "id": 83,
        "location": {
          "x": 6.9,
          "y": 4.11
        },
        "dimensions": {
          "width": 2.57,
          "height": 0.36
        }
      },
      {
        "type": "Door",
        "id": 84,
        "location": {
          "x": 0.43,
          "y": 3.43
        },
        "dimensions": {
          "width": 0.04,
          "height": 0.99
        }
      },
      {
        "type": "Door",
        "id": 85,
        "location": {
          "x": 0.48,
          "y": 2.95
        },
        "dimensions": {
          "width": 6.01,
          "height": 10.03
        }
      },
      {
        "type": "Door",
        "id": 86,
        "location": {
          "x": 9.88,
          "y": 2.85
        },
        "dimensions": {
          "width": 0.09,
          "height": 4.26
        }
      },
      {
        "type": "Door",
        "id": 87,
        "location": {
          "x": 0.27,
          "y": 2.85
        },
        "dimensions": {
          "width": 0.09,
          "height": 0.51
        }
      },
      {
        "type": "Door",
        "id": 88,
        "location": {
          "x": 1.85,
          "y": 2.84
        },
        "dimensions": {
          "width": 0.2,
          "height": 0.1
        }
      },
      {
        "type": "Door",
        "id": 89,
        "location": {
          "x": 0.64,
          "y": 2.76
        },
        "dimensions": {
          "width": 9.33,
          "height": 10.11
        }
      },
      {
        "type": "Door",
        "id": 90,
        "location": {
          "x": 4.64,
          "y": 2.04
        },
        "dimensions": {
          "width": 0.16,
          "height": 0.2
        }
      },
      {
        "type": "Door",
        "id": 91,
        "location": {
          "x": 4.36,
          "y": 2.04
        },
        "dimensions": {
          "width": 0.16,
          "height": 0.2
        }
      },
      {
        "type": "Door",
        "id": 92,
        "location": {
          "x": 5.3,
          "y": 2.03
        },
        "dimensions": {
          "width": 0.2,
          "height": 0.21
        }
      },
      {
        "type": "Door",
        "id": 93,
        "location": {
          "x": 4.96,
          "y": 2.03
        },
        "dimensions": {
          "width": 0.18,
          "height": 0.21
        }
      },
      {
        "type": "Door",
        "id": 94,
        "location": {
          "x": 5.13,
          "y": 1.75
        },
        "dimensions": {
          "width": 0.17,
          "height": 0.18
        }
      },
      {
        "type": "Door",
        "id": 95,
        "location": {
          "x": 5.71,
          "y": 1.68
        },
        "dimensions": {
          "width": 0.17,
          "height": 0.26
        }
      },
      {
        "type": "Door",
        "id": 96,
        "location": {
          "x": 5.41,
          "y": 1.68
        },
        "dimensions": {
          "width": 0.17,
          "height": 0.26
        }
      },
      {
        "type": "Door",
        "id": 97,
        "location": {
          "x": 4.85,
          "y": 1.68
        },
        "dimensions": {
          "width": 0.18,
          "height": 0.26
        }
      },
      {
        "type": "Door",
        "id": 98,
        "location": {
          "x": 4.55,
          "y": 1.68
        },
        "dimensions": {
          "width": 0.17,
          "height": 0.26
        }
      },
      {
        "type": "Door",
        "id": 99,
        "location": {
          "x": 4.36,
          "y": 1.67
        },
        "dimensions": {
          "width": 0.17,
          "height": 0.27
        }
      },
      {
        "type": "Door",
        "id": 100,
        "location": {
          "x": 5.34,
          "y": 1.26
        },
        "dimensions": {
          "width": 0.23,
          "height": 0.24
        }
      },
      {
        "type": "Door",
        "id": 101,
        "location": {
          "x": 6.48,
          "y": 0.29
        },
        "dimensions": {
          "width": 0.29,
          "height": 0.29
        }
      },
      {
        "type": "Door",
        "id": 102,
        "location": {
          "x": 3.38,
          "y": 0.29
        },
        "dimensions": {
          "width": 0.5,
          "height": 0.29
        }
      },
      {
        "type": "Door",
        "id": 103,
        "location": {
          "x": 0.24,
          "y": 0.18
        },
        "dimensions": {
          "width": 9.76,
          "height": 15.46
        }
      }
    ]
  }
}