{
  "floorPlan": {
    "name": "Floor Plan 21_5.jpg",
    "units": "feet",
    "totalArea": 0,
    "totalRooms": 0,
    "rooms": [],
    "doorsAndWindows": [
      {
        "type": "Door",
        "id": 1,
        "location": {
          "x": 6.34,
          "y": 6.54
        },
        "dimensions": {
          "width": 0.14,
          "height": 0.21
        }
      },
      {
        "type": "Door",
        "id": 2,
        "location": {
          "x": 6.92,
          "y": 6.24
        },
        "dimensions": {
          "width": 0.22,
          "height": 0.73
        }
      },
      {
        "type": "Door",
        "id": 3,
        "location": {
          "x": 6.75,
          "y": 6.15
        },
        "dimensions": {
          "width": 0.16,
          "height": 0.53
        }
      },
      {
        "type": "Door",
        "id": 4,
        "location": {
          "x": 6.23,
          "y": 6.13
        },
        "dimensions": {
          "width": 0.27,
          "height": 0.95
        }
      },
      {
        "type": "Door",
        "id": 5,
        "location": {
          "x": 7.28,
          "y": 1.42
        },
        "dimensions": {
          "width": 0.34,
          "height": 2.42
        }
      },
      {
        "type": "Door",
        "id": 6,
        "location": {
          "x": 8.4,
          "y": 0.85
        },
        "dimensions": {
          "width": 0.17,
          "height": 0.9
        }
      },
      {
        "type": "Door",
        "id": 7,
        "location": {
          "x": 0.6,
          "y": 0.41
        },
        "dimensions": {
          "width": 9.37,
          "height": 7.81
        }
      }
    ]
  }
}