{
  "floorPlan": {
    "name": "Floor Plan 22_18.jpg",
    "units": "feet",
    "totalArea": 12.27,
    "totalRooms": 4,
    "rooms": [
      {
        "id": 1,
        "name": "Text_17",
        "shape": "Irregular",
        "dimensions": {
          "width": 0.9,
          "length": 1.01,
          "height": 0.81
        },
        "position": {
          "x": 3.28,
          "y": 6.23
        },
        "windows": [],
        "doors": [],
        "connected_to": []
      },
      {
        "id": 2,
        "name": "Room_2",
        "shape": "Irregular",
        "dimensions": {
          "width": 0.82,
          "length": 1.73,
          "height": 1.38
        },
        "position": {
          "x": 7.05,
          "y": 5.91
        },
        "windows": [],
        "doors": [],
        "connected_to": []
      },
      {
        "id": 3,
        "name": "Text_11",
        "shape": "Irregular",
        "dimensions": {
          "width": 2.08,
          "length": 3.65,
          "height": 2.92
        },
        "position": {
          "x": 4.66,
          "y": 5.65
        },
        "windows": [],
        "doors": [
          {
            "type": "Door",
            "id": 1,
            "location": {
              "x": 6.03,
              "y": 8.94
            },
            "dimensions": {
              "width": 0.27,
              "height": 0.16
            }
          },
          {
            "type": "Door",
            "id": 3,
            "location": {
              "x": 6.05,
              "y": 8.78
            },
            "dimensions": {
              "width": 0.11,
              "height": 0.13
            }
          },
          {
            "type": "Door",
            "id": 7,
            "location": {
              "x": 6.51,
              "y": 7.61
            },
            "dimensions": {
              "width": 0.15,
              "height": 0.18
            }
          },
          {
            "type": "Door",
            "id": 8,
            "location": {
              "x": 6.2,
              "y": 7.61
            },
            "dimensions": {
              "width": 0.3,
              "height": 0.18
            }
          },
          {
            "type": "Door",
            "id": 9,
            "location": {
              "x": 6.67,
              "y": 7.6
            },
            "dimensions": {
              "width": 0.27,
              "height": 0.19
            }
          },
          {
            "type": "Door",
            "id": 10,
            "location": {
              "x": 6.03,
              "y": 7.6
            },
            "dimensions": {
              "width": 0.17,
              "height": 0.19
            }
          }
        ],
        "connected_to": []
      },
      {
        "id": 4,
        "name": "Text_31",
        "shape": "Pentagon",
        "dimensions": {
          "width": 1.06,
          "length": 2.22,
          "height": 1.78
        },
        "position": {
          "x": 6.81,
          "y": 3.42
        },
        "windows": [],
        "doors": [],
        "connected_to": []
      }
    ],
    "doorsAndWindows": [
      {
        "type": "Door",
        "id": 1,
        "location": {
          "x": 6.03,
          "y": 8.94
        },
        "dimensions": {
          "width": 0.27,
          "height": 0.16
        }
      },
      {
        "type": "Door",
        "id": 2,
        "location": {
          "x": 7.12,
          "y": 8.78
        },
        "dimensions": {
          "width": 0.2,
          "height": 0.13
        }
      },
      {
        "type": "Door",
        "id": 3,
        "location": {
          "x": 6.05,
          "y": 8.78
        },
        "dimensions": {
          "width": 0.11,
          "height": 0.13
        }
      },
      {
        "type": "Window",
        "id": 4,
        "location": {
          "x": 3.96,
          "y": 8.07
        },
        "dimensions": {
          "width": 1.13,
          "height": 0.23
        }
      },
      {
        "type": "Door",
        "id": 5,
        "location": {
          "x": 2.47,
          "y": 8.05
        },
        "dimensions": {
          "width": 0.22,
          "height": 0.19
        }
      },
      {
        "type": "Window",
        "id": 6,
        "location": {
          "x": 2.72,
          "y": 8.03
        },
        "dimensions": {
          "width": 2.37,
          "height": 0.39
        }
      },
      {
        "type": "Door",
        "id": 7,
        "location": {
          "x": 6.51,
          "y": 7.61
        },
        "dimensions": {
          "width": 0.15,
          "height": 0.18
        }
      },
      {
        "type": "Door",
        "id": 8,
        "location": {
          "x": 6.2,
          "y": 7.61
        },
        "dimensions": {
          "width": 0.3,
          "height": 0.18
        }
      },
      {
        "type": "Door",
        "id": 9,
        "location": {
          "x": 6.67,
          "y": 7.6
        },
        "dimensions": {
          "width": 0.27,
          "height": 0.19
        }
      },
      {
        "type": "Door",
        "id": 10,
        "location": {
          "x": 6.03,
          "y": 7.6
        },
        "dimensions": {
          "width": 0.17,
          "height": 0.19
        }
      },
      {
        "type": "Door",
        "id": 11,
        "location": {
          "x": 3.51,
          "y": 7.6
        },
        "dimensions": {
          "width": 0.15,
          "height": 0.18
        }
      },
      {
        "type": "Door",
        "id": 12,
        "location": {
          "x": 3.34,
          "y": 7.6
        },
        "dimensions": {
          "width": 0.16,
          "height": 0.18
        }
      },
      {
        "type": "Door",
        "id": 13,
        "location": {
          "x": 3.2,
          "y": 7.6
        },
        "dimensions": {
          "width": 0.14,
          "height": 0.18
        }
      },
      {
        "type": "Door",
        "id": 14,
        "location": {
          "x": 2.89,
          "y": 7.6
        },
        "dimensions": {
          "width": 0.12,
          "height": 0.18
        }
      },
      {
        "type": "Door",
        "id": 15,
        "location": {
          "x": 3.02,
          "y": 7.59
        },
        "dimensions": {
          "width": 0.18,
          "height": 0.19
        }
      },
      {
        "type": "Door",
        "id": 16,
        "location": {
          "x": 5.28,
          "y": 2.41
        },
        "dimensions": {
          "width": 0.32,
          "height": 0.19
        }
      },
      {
        "type": "Door",
        "id": 17,
        "location": {
          "x": 5.15,
          "y": 2.41
        },
        "dimensions": {
          "width": 0.13,
          "height": 0.19
        }
      },
      {
        "type": "Door",
        "id": 18,
        "location": {
          "x": 4.95,
          "y": 2.41
        },
        "dimensions": {
          "width": 0.19,
          "height": 0.19
        }
      },
      {
        "type": "Door",
        "id": 19,
        "location": {
          "x": 5.91,
          "y": 1.67
        },
        "dimensions": {
          "width": 0.19,
          "height": 0.18
        }
      },
      {
        "type": "Door",
        "id": 20,
        "location": {
          "x": 5.72,
          "y": 1.67
        },
        "dimensions": {
          "width": 0.18,
          "height": 0.18
        }
      },
      {
        "type": "Door",
        "id": 21,
        "location": {
          "x": 5.56,
          "y": 1.67
        },
        "dimensions": {
          "width": 0.16,
          "height": 0.18
        }
      },
      {
        "type": "Door",
        "id": 22,
        "location": {
          "x": 5.43,
          "y": 1.67
        },
        "dimensions": {
          "width": 0.12,
          "height": 0.18
        }
      },
      {
        "type": "Door",
        "id": 23,
        "location": {
          "x": 2.36,
          "y": 0.54
        },
        "dimensions": {
          "width": 5.55,
          "height": 8.77
        }
      }
    ]
  }
}