{
  "floorPlan": {
    "name": "Floor Plan 22_19.jpg",
    "units": "feet",
    "totalArea": 12.53,
    "totalRooms": 5,
    "rooms": [
      {
        "id": 1,
        "name": "Room_1",
        "shape": "Irregular",
        "dimensions": {
          "width": 0.97,
          "length": 0.32,
          "height": 0.78
        },
        "position": {
          "x": 3.05,
          "y": 3.76
        },
        "windows": [],
        "doors": [],
        "connected_to": []
      },
      {
        "id": 2,
        "name": "Room_2",
        "shape": "Irregular",
        "dimensions": {
          "width": 3.39,
          "length": 2.74,
          "height": 2.71
        },
        "position": {
          "x": 3.42,
          "y": 1.34
        },
        "windows": [],
        "doors": [
          {
            "type": "Door",
            "id": 1,
            "location": {
              "x": 5.75,
              "y": 3.64
            },
            "dimensions": {
              "width": 0.21,
              "height": 0.24
            }
          },
          {
            "type": "Door",
            "id": 2,
            "location": {
              "x": 4.27,
              "y": 3.64
            },
            "dimensions": {
              "width": 0.23,
              "height": 0.28
            }
          },
          {
            "type": "Door",
            "id": 3,
            "location": {
              "x": 4.02,
              "y": 3.62
            },
            "dimensions": {
              "width": 0.48,
              "height": 0.3
            }
          },
          {
            "type": "Door",
            "id": 8,
            "location": {
              "x": 4.21,
              "y": 1.94
            },
            "dimensions": {
              "width": 0.35,
              "height": 0.3
            }
          },
          {
            "type": "Door",
            "id": 9,
            "location": {
              "x": 6.19,
              "y": 1.89
            },
            "dimensions": {
              "width": 0.52,
              "height": 0.49
            }
          },
          {
            "type": "Door",
            "id": 10,
            "location": {
              "x": 3.52,
              "y": 1.87
            },
            "dimensions": {
              "width": 0.53,
              "height": 0.52
            }
          },
          {
            "type": "Door",
            "id": 11,
            "location": {
              "x": 4.88,
              "y": 1.74
            },
            "dimensions": {
              "width": 0.11,
              "height": 0.31
            }
          },
          {
            "type": "Door",
            "id": 12,
            "location": {
              "x": 4.25,
              "y": 1.55
            },
            "dimensions": {
              "width": 0.3,
              "height": 0.33
            }
          }
        ],
        "connected_to": [
          5
        ]
      },
      {
        "id": 3,
        "name": "Room_3",
        "shape": "Triangle",
        "dimensions": {
          "width": 2.42,
          "length": 0.12,
          "height": 1.94
        },
        "position": {
          "x": 5.79,
          "y": 0.65
        },
        "windows": [],
        "doors": [],
        "connected_to": []
      },
      {
        "id": 4,
        "name": "Room_4",
        "shape": "Triangle",
        "dimensions": {
          "width": 2.43,
          "length": 0.12,
          "height": 1.94
        },
        "position": {
          "x": 2.02,
          "y": 0.65
        },
        "windows": [],
        "doors": [],
        "connected_to": []
      },
      {
        "id": 5,
        "name": "Room_5",
        "shape": "Irregular",
        "dimensions": {
          "width": 1.02,
          "length": 2.3,
          "height": 1.84
        },
        "position": {
          "x": 4.61,
          "y": 0.0
        },
        "windows": [],
        "doors": [
          {
            "type": "Door",
            "id": 11,
            "location": {
              "x": 4.88,
              "y": 1.74
            },
            "dimensions": {
              "width": 0.11,
              "height": 0.31
            }
          },
          {
            "type": "Door",
            "id": 14,
            "location": {
              "x": 5.19,
              "y": 0.0
            },
            "dimensions": {
              "width": 5.05,
              "height": 4.08
            }
          }
        ],
        "connected_to": [
          2
        ]
      }
    ],
    "doorsAndWindows": [
      {
        "type": "Door",
        "id": 1,
        "location": {
          "x": 5.75,
          "y": 3.64
        },
        "dimensions": {
          "width": 0.21,
          "height": 0.24
        }
      },
      {
        "type": "Door",
        "id": 2,
        "location": {
          "x": 4.27,
          "y": 3.64
        },
        "dimensions": {
          "width": 0.23,
          "height": 0.28
        }
      },
      {
        "type": "Door",
        "id": 3,
        "location": {
          "x": 4.02,
          "y": 3.62
        },
        "dimensions": {
          "width": 0.48,
          "height": 0.3
        }
      },
      {
        "type": "Door",
        "id": 4,
        "location": {
          "x": 2.69,
          "y": 2.32
        },
        "dimensions": {
          "width": 0.12,
          "height": 0.14
        }
      },
      {
        "type": "Door",
        "id": 5,
        "location": {
          "x": 8.13,
          "y": 2.3
        },
        "dimensions": {
          "width": 0.12,
          "height": 0.14
        }
      },
      {
        "type": "Door",
        "id": 6,
        "location": {
          "x": 7.99,
          "y": 2.3
        },
        "dimensions": {
          "width": 0.13,
          "height": 0.14
        }
      },
      {
        "type": "Door",
        "id": 7,
        "location": {
          "x": 7.87,
          "y": 2.3
        },
        "dimensions": {
          "width": 0.12,
          "height": 0.14
        }
      },
      {
        "type": "Door",
        "id": 8,
        "location": {
          "x": 4.21,
          "y": 1.94
        },
        "dimensions": {
          "width": 0.35,
          "height": 0.3
        }
      },
      {
        "type": "Door",
        "id": 9,
        "location": {
          "x": 6.19,
          "y": 1.89
        },
        "dimensions": {
          "width": 0.52,
          "height": 0.49
        }
      },
      {
        "type": "Door",
        "id": 10,
        "location": {
          "x": 3.52,
          "y": 1.87
        },
        "dimensions": {
          "width": 0.53,
          "height": 0.52
        }
      },
      {
        "type": "Door",
        "id": 11,
        "location": {
          "x": 4.88,
          "y": 1.74
        },
        "dimensions": {
          "width": 0.11,
          "height": 0.31
        }
      },
      {
        "type": "Door",
        "id": 12,
        "location": {
          "x": 4.25,
          "y": 1.55
        },
        "dimensions": {
          "width": 0.3,
          "height": 0.33
        }
      },
      {
        "type": "Door",
        "id": 13,
        "location": {
          "x": 7.24,
          "y": 0.18
        },
        "dimensions": {
          "width": 0.15,
          "height": 0.22
        }
      },
      {
        "type": "Door",
        "id": 14,
        "location": {
          "x": 5.19,
          "y": 0.0
        },
        "dimensions": {
          "width": 5.05,
          "height": 4.08
        }
      },
      {
        "type": "Door",
        "id": 15,
        "location": {
          "x": 0.0,
          "y": 0.0
        },
        "dimensions": {
          "width": 5.05,
          "height": 4.08
        }
      }
    ]
  }
}