{
  "floorPlan": {
    "name": "Floor Plan 22_22.jpg",
    "units": "feet",
    "totalArea": 7.12,
    "totalRooms": 5,
    "rooms": [
      {
        "id": 1,
        "name": "8-6 * 10",
        "shape": "Irregular",
        "dimensions": {
          "width": 1.22,
          "length": 1.78,
          "height": 1.42
        },
        "position": {
          "x": 8.26,
          "y": 3.5
        },
        "windows": [],
        "doors": [],
        "connected_to": []
      },
      {
        "id": 2,
        "name": "616 sq. ft:",
        "shape": "Pentagon",
        "dimensions": {
          "width": 0.45,
          "length": 3.0,
          "height": 2.4
        },
        "position": {
          "x": 3.21,
          "y": 2.26
        },
        "windows": [],
        "doors": [],
        "connected_to": []
      },
      {
        "id": 3,
        "name": "fp",
        "shape": "Pentagon",
        "dimensions": {
          "width": 0.27,
          "length": 2.08,
          "height": 1.66
        },
        "position": {
          "x": 7.41,
          "y": 2.05
        },
        "windows": [],
        "doors": [],
        "connected_to": []
      },
      {
        "id": 4,
        "name": "10 * 8",
        "shape": "Hexagon",
        "dimensions": {
          "width": 0.52,
          "length": 3.3,
          "height": 2.64
        },
        "position": {
          "x": 0.2,
          "y": 1.98
        },
        "windows": [],
        "doors": [],
        "connected_to": []
      },
      {
        "id": 5,
        "name": "LAUND",
        "shape": "Irregular",
        "dimensions": {
          "width": 0.99,
          "length": 1.33,
          "height": 1.06
        },
        "position": {
          "x": 1.37,
          "y": 0.73
        },
        "windows": [],
        "doors": [],
        "connected_to": []
      }
    ],
    "doorsAndWindows": [
      {
        "type": "Door",
        "id": 1,
        "location": {
          "x": 4.98,
          "y": 7.63
        },
        "dimensions": {
          "width": 0.11,
          "height": 0.16
        }
      },
      {
        "type": "Door",
        "id": 2,
        "location": {
          "x": 1.9,
          "y": 7.42
        },
        "dimensions": {
          "width": 0.18,
          "height": 0.26
        }
      },
      {
        "type": "Door",
        "id": 3,
        "location": {
          "x": 1.7,
          "y": 7.42
        },
        "dimensions": {
          "width": 0.18,
          "height": 0.2
        }
      },
      {
        "type": "Door",
        "id": 4,
        "location": {
          "x": 1.41,
          "y": 7.36
        },
        "dimensions": {
          "width": 0.18,
          "height": 0.26
        }
      },
      {
        "type": "Door",
        "id": 5,
        "location": {
          "x": 2.29,
          "y": 7.35
        },
        "dimensions": {
          "width": 0.24,
          "height": 0.28
        }
      },
      {
        "type": "Door",
        "id": 6,
        "location": {
          "x": 1.02,
          "y": 7.35
        },
        "dimensions": {
          "width": 0.18,
          "height": 0.27
        }
      },
      {
        "type": "Door",
        "id": 7,
        "location": {
          "x": 0.74,
          "y": 7.35
        },
        "dimensions": {
          "width": 0.12,
          "height": 0.26
        }
      },
      {
        "type": "Door",
        "id": 8,
        "location": {
          "x": 2.6,
          "y": 6.95
        },
        "dimensions": {
          "width": 0.23,
          "height": 0.26
        }
      },
      {
        "type": "Door",
        "id": 9,
        "location": {
          "x": 2.32,
          "y": 6.95
        },
        "dimensions": {
          "width": 0.25,
          "height": 0.27
        }
      },
      {
        "type": "Door",
        "id": 10,
        "location": {
          "x": 2.05,
          "y": 6.95
        },
        "dimensions": {
          "width": 0.25,
          "height": 0.27
        }
      },
      {
        "type": "Door",
        "id": 11,
        "location": {
          "x": 1.85,
          "y": 6.95
        },
        "dimensions": {
          "width": 0.19,
          "height": 0.26
        }
      },
      {
        "type": "Door",
        "id": 12,
        "location": {
          "x": 1.63,
          "y": 6.95
        },
        "dimensions": {
          "width": 0.19,
          "height": 0.26
        }
      },
      {
        "type": "Door",
        "id": 13,
        "location": {
          "x": 1.3,
          "y": 6.95
        },
        "dimensions": {
          "width": 0.22,
          "height": 0.26
        }
      },
      {
        "type": "Door",
        "id": 14,
        "location": {
          "x": 1.08,
          "y": 6.95
        },
        "dimensions": {
          "width": 0.21,
          "height": 0.27
        }
      },
      {
        "type": "Door",
        "id": 15,
        "location": {
          "x": 0.84,
          "y": 6.95
        },
        "dimensions": {
          "width": 0.23,
          "height": 0.26
        }
      },
      {
        "type": "Door",
        "id": 16,
        "location": {
          "x": 0.74,
          "y": 6.95
        },
        "dimensions": {
          "width": 0.06,
          "height": 0.26
        }
      },
      {
        "type": "Door",
        "id": 17,
        "location": {
          "x": 0.53,
          "y": 6.95
        },
        "dimensions": {
          "width": 0.18,
          "height": 0.26
        }
      },
      {
        "type": "Door",
        "id": 18,
        "location": {
          "x": 9.68,
          "y": 3.49
        },
        "dimensions": {
          "width": 0.15,
          "height": 0.1
        }
      },
      {
        "type": "Door",
        "id": 19,
        "location": {
          "x": 0.19,
          "y": 0.72
        },
        "dimensions": {
          "width": 9.77,
          "height": 7.19
        }
      },
      {
        "type": "Door",
        "id": 20,
        "location": {
          "x": 0.19,
          "y": 0.28
        },
        "dimensions": {
          "width": 9.3,
          "height": 7.17
        }
      }
    ]
  }
}