{
  "floorPlan": {
    "name": "Floor Plan 22_24.jpg",
    "units": "feet",
    "totalArea": 0,
    "totalRooms": 0,
    "rooms": [],
    "doorsAndWindows": [
      {
        "type": "Door",
        "id": 1,
        "location": {
          "x": 2.17,
          "y": 2.52
        },
        "dimensions": {
          "width": 0.34,
          "height": 0.22
        }
      },
      {
        "type": "Window",
        "id": 2,
        "location": {
          "x": 5.73,
          "y": 2.5
        },
        "dimensions": {
          "width": 0.24,
          "height": 0.08
        }
      },
      {
        "type": "Window",
        "id": 3,
        "location": {
          "x": 1.7,
          "y": 2.39
        },
        "dimensions": {
          "width": 0.41,
          "height": 0.17
        }
      },
      {
        "type": "Window",
        "id": 4,
        "location": {
          "x": 1.24,
          "y": 2.25
        },
        "dimensions": {
          "width": 0.51,
          "height": 0.21
        }
      },
      {
        "type": "Window",
        "id": 5,
        "location": {
          "x": 0.4,
          "y": 2.0
        },
        "dimensions": {
          "width": 0.73,
          "height": 0.28
        }
      },
      {
        "type": "Window",
        "id": 6,
        "location": {
          "x": 3.85,
          "y": 1.89
        },
        "dimensions": {
          "width": 0.92,
          "height": 0.24
        }
      },
      {
        "type": "Window",
        "id": 7,
        "location": {
          "x": 4.1,
          "y": 1.68
        },
        "dimensions": {
          "width": 0.41,
          "height": 0.12
        }
      },
      {
        "type": "Window",
        "id": 8,
        "location": {
          "x": 7.38,
          "y": 1.66
        },
        "dimensions": {
          "width": 0.26,
          "height": 0.11
        }
      },
      {
        "type": "Door",
        "id": 9,
        "location": {
          "x": 7.14,
          "y": 1.66
        },
        "dimensions": {
          "width": 0.22,
          "height": 0.11
        }
      },
      {
        "type": "Window",
        "id": 10,
        "location": {
          "x": 1.04,
          "y": 0.88
        },
        "dimensions": {
          "width": 0.77,
          "height": 0.1
        }
      },
      {
        "type": "Window",
        "id": 11,
        "location": {
          "x": 0.41,
          "y": 0.86
        },
        "dimensions": {
          "width": 0.38,
          "height": 0.11
        }
      },
      {
        "type": "Window",
        "id": 12,
        "location": {
          "x": 1.96,
          "y": 0.84
        },
        "dimensions": {
          "width": 0.54,
          "height": 0.16
        }
      },
      {
        "type": "Door",
        "id": 13,
        "location": {
          "x": 2.5,
          "y": 0.76
        },
        "dimensions": {
          "width": 0.22,
          "height": 1.67
        }
      },
      {
        "type": "Door",
        "id": 14,
        "location": {
          "x": 9.43,
          "y": 0.73
        },
        "dimensions": {
          "width": 0.29,
          "height": 0.77
        }
      },
      {
        "type": "Door",
        "id": 15,
        "location": {
          "x": 2.63,
          "y": 0.48
        },
        "dimensions": {
          "width": 3.52,
          "height": 1.9
        }
      },
      {
        "type": "Door",
        "id": 16,
        "location": {
          "x": 2.48,
          "y": 0.39
        },
        "dimensions": {
          "width": 3.76,
          "height": 4.41
        }
      }
    ]
  }
}