{
  "floorPlan": {
    "name": "Floor Plan 22_27.jpg",
    "units": "feet",
    "totalArea": 23.51,
    "totalRooms": 8,
    "rooms": [
      {
        "id": 1,
        "name": "Room_1",
        "shape": "Rectangle",
        "dimensions": {
          "width": 0.97,
          "length": 1.81,
          "height": 1.45
        },
        "position": {
          "x": 4.13,
          "y": 4.3
        },
        "windows": [],
        "doors": [
          {
            "type": "Door",
            "id": 19,
            "location": {
              "x": 4.27,
              "y": 5.59
            },
            "dimensions": {
              "width": 0.16,
              "height": 0.14
            }
          }
        ],
        "connected_to": []
      },
      {
        "id": 2,
        "name": "LCAR GARAGE",
        "shape": "Irregular",
        "dimensions": {
          "width": 2.53,
          "length": 3.0,
          "height": 2.4
        },
        "position": {
          "x": 5.31,
          "y": 4.18
        },
        "windows": [],
        "doors": [],
        "connected_to": []
      },
      {
        "id": 3,
        "name": "KITCHE",
        "shape": "Irregular",
        "dimensions": {
          "width": 2.02,
          "length": 0.62,
          "height": 1.62
        },
        "position": {
          "x": 5.98,
          "y": 3.56
        },
        "windows": [],
        "doors": [],
        "connected_to": []
      },
      {
        "id": 4,
        "name": "BEDROQL",
        "shape": "Irregular",
        "dimensions": {
          "width": 1.68,
          "length": 4.1,
          "height": 3.28
        },
        "position": {
          "x": 2.58,
          "y": 2.69
        },
        "windows": [],
        "doors": [
          {
            "type": "Door",
            "id": 17,
            "location": {
              "x": 2.63,
              "y": 6.55
            },
            "dimensions": {
              "width": 0.08,
              "height": 0.2
            }
          },
          {
            "type": "Door",
            "id": 20,
            "location": {
              "x": 3.38,
              "y": 5.53
            },
            "dimensions": {
              "width": 0.13,
              "height": 0.25
            }
          },
          {
            "type": "Door",
            "id": 21,
            "location": {
              "x": 3.77,
              "y": 4.74
            },
            "dimensions": {
              "width": 0.1,
              "height": 0.48
            }
          },
          {
            "type": "Door",
            "id": 22,
            "location": {
              "x": 3.18,
              "y": 4.73
            },
            "dimensions": {
              "width": 0.61,
              "height": 0.49
            }
          },
          {
            "type": "Door",
            "id": 25,
            "location": {
              "x": 4.26,
              "y": 3.71
            },
            "dimensions": {
              "width": 0.17,
              "height": 0.12
            }
          },
          {
            "type": "Door",
            "id": 29,
            "location": {
              "x": 4.23,
              "y": 2.91
            },
            "dimensions": {
              "width": 0.28,
              "height": 0.27
            }
          }
        ],
        "connected_to": [
          5
        ]
      },
      {
        "id": 5,
        "name": "Room_5",
        "shape": "Hexagon",
        "dimensions": {
          "width": 0.89,
          "length": 1.85,
          "height": 1.48
        },
        "position": {
          "x": 3.56,
          "y": 2.03
        },
        "windows": [],
        "doors": [
          {
            "type": "Door",
            "id": 25,
            "location": {
              "x": 4.26,
              "y": 3.71
            },
            "dimensions": {
              "width": 0.17,
              "height": 0.12
            }
          },
          {
            "type": "Door",
            "id": 28,
            "location": {
              "x": 4.3,
              "y": 3.26
            },
            "dimensions": {
              "width": 0.25,
              "height": 0.24
            }
          },
          {
            "type": "Door",
            "id": 29,
            "location": {
              "x": 4.23,
              "y": 2.91
            },
            "dimensions": {
              "width": 0.28,
              "height": 0.27
            }
          },
          {
            "type": "Door",
            "id": 36,
            "location": {
              "x": 4.3,
              "y": 2.59
            },
            "dimensions": {
              "width": 0.25,
              "height": 0.25
            }
          },
          {
            "type": "Door",
            "id": 39,
            "location": {
              "x": 3.63,
              "y": 2.07
            },
            "dimensions": {
              "width": 0.31,
              "height": 0.26
            }
          }
        ],
        "connected_to": [
          4
        ]
      },
      {
        "id": 6,
        "name": "Room_6",
        "shape": "Irregular",
        "dimensions": {
          "width": 0.41,
          "length": 1.35,
          "height": 1.08
        },
        "position": {
          "x": 6.54,
          "y": 1.15
        },
        "windows": [],
        "doors": [],
        "connected_to": []
      },
      {
        "id": 7,
        "name": "Room_7",
        "shape": "Irregular",
        "dimensions": {
          "width": 0.76,
          "length": 2.3,
          "height": 1.84
        },
        "position": {
          "x": 7.19,
          "y": 0.3
        },
        "windows": [],
        "doors": [
          {
            "type": "Door",
            "id": 40,
            "location": {
              "x": 7.7,
              "y": 0.78
            },
            "dimensions": {
              "width": 0.21,
              "height": 0.37
            }
          }
        ],
        "connected_to": []
      },
      {
        "id": 8,
        "name": "GUEST",
        "shape": "Irregular",
        "dimensions": {
          "width": 1.39,
          "length": 1.49,
          "height": 1.19
        },
        "position": {
          "x": 1.58,
          "y": 0.28
        },
        "windows": [],
        "doors": [],
        "connected_to": []
      }
    ],
    "doorsAndWindows": [
      {
        "type": "Door",
        "id": 1,
        "location": {
          "x": 4.46,
          "y": 8.4
        },
        "dimensions": {
          "width": 0.26,
          "height": 0.15
        }
      },
      {
        "type": "Door",
        "id": 2,
        "location": {
          "x": 4.32,
          "y": 8.4
        },
        "dimensions": {
          "width": 0.13,
          "height": 0.15
        }
      },
      {
        "type": "Door",
        "id": 3,
        "location": {
          "x": 4.23,
          "y": 8.22
        },
        "dimensions": {
          "width": 0.25,
          "height": 0.15
        }
      },
      {
        "type": "Door",
        "id": 4,
        "location": {
          "x": 5.53,
          "y": 8.06
        },
        "dimensions": {
          "width": 0.2,
          "height": 0.14
        }
      },
      {
        "type": "Door",
        "id": 5,
        "location": {
          "x": 4.73,
          "y": 8.06
        },
        "dimensions": {
          "width": 0.12,
          "height": 0.14
        }
      },
      {
        "type": "Door",
        "id": 6,
        "location": {
          "x": 4.42,
          "y": 8.06
        },
        "dimensions": {
          "width": 0.13,
          "height": 0.14
        }
      },
      {
        "type": "Door",
        "id": 7,
        "location": {
          "x": 5.6,
          "y": 7.87
        },
        "dimensions": {
          "width": 0.13,
          "height": 0.16
        }
      },
      {
        "type": "Door",
        "id": 8,
        "location": {
          "x": 5.01,
          "y": 7.87
        },
        "dimensions": {
          "width": 0.13,
          "height": 0.16
        }
      },
      {
        "type": "Door",
        "id": 9,
        "location": {
          "x": 4.46,
          "y": 7.87
        },
        "dimensions": {
          "width": 0.14,
          "height": 0.16
        }
      },
      {
        "type": "Door",
        "id": 10,
        "location": {
          "x": 4.31,
          "y": 7.87
        },
        "dimensions": {
          "width": 0.14,
          "height": 0.16
        }
      },
      {
        "type": "Door",
        "id": 11,
        "location": {
          "x": 4.78,
          "y": 7.82
        },
        "dimensions": {
          "width": 0.16,
          "height": 0.2
        }
      },
      {
        "type": "Door",
        "id": 12,
        "location": {
          "x": 4.1,
          "y": 7.82
        },
        "dimensions": {
          "width": 0.14,
          "height": 0.2
        }
      },
      {
        "type": "Door",
        "id": 13,
        "location": {
          "x": 6.85,
          "y": 7.59
        },
        "dimensions": {
          "width": 0.16,
          "height": 0.21
        }
      },
      {
        "type": "Door",
        "id": 14,
        "location": {
          "x": 6.46,
          "y": 7.24
        },
        "dimensions": {
          "width": 0.18,
          "height": 0.19
        }
      },
      {
        "type": "Door",
        "id": 15,
        "location": {
          "x": 7.28,
          "y": 7.2
        },
        "dimensions": {
          "width": 0.88,
          "height": 1.15
        }
      },
      {
        "type": "Window",
        "id": 16,
        "location": {
          "x": 2.43,
          "y": 6.75
        },
        "dimensions": {
          "width": 2.64,
          "height": 1.17
        }
      },
      {
        "type": "Door",
        "id": 17,
        "location": {
          "x": 2.63,
          "y": 6.55
        },
        "dimensions": {
          "width": 0.08,
          "height": 0.2
        }
      },
      {
        "type": "Door",
        "id": 18,
        "location": {
          "x": 2.1,
          "y": 6.51
        },
        "dimensions": {
          "width": 0.3,
          "height": 0.27
        }
      },
      {
        "type": "Door",
        "id": 19,
        "location": {
          "x": 4.27,
          "y": 5.59
        },
        "dimensions": {
          "width": 0.16,
          "height": 0.14
        }
      },
      {
        "type": "Door",
        "id": 20,
        "location": {
          "x": 3.38,
          "y": 5.53
        },
        "dimensions": {
          "width": 0.13,
          "height": 0.25
        }
      },
      {
        "type": "Door",
        "id": 21,
        "location": {
          "x": 3.77,
          "y": 4.74
        },
        "dimensions": {
          "width": 0.1,
          "height": 0.48
        }
      },
      {
        "type": "Door",
        "id": 22,
        "location": {
          "x": 3.18,
          "y": 4.73
        },
        "dimensions": {
          "width": 0.61,
          "height": 0.49
        }
      },
      {
        "type": "Door",
        "id": 23,
        "location": {
          "x": 5.4,
          "y": 3.71
        },
        "dimensions": {
          "width": 0.18,
          "height": 0.12
        }
      },
      {
        "type": "Door",
        "id": 24,
        "location": {
          "x": 4.83,
          "y": 3.71
        },
        "dimensions": {
          "width": 0.18,
          "height": 0.12
        }
      },
      {
        "type": "Door",
        "id": 25,
        "location": {
          "x": 4.26,
          "y": 3.71
        },
        "dimensions": {
          "width": 0.17,
          "height": 0.12
        }
      },
      {
        "type": "Window",
        "id": 26,
        "location": {
          "x": 6.21,
          "y": 3.46
        },
        "dimensions": {
          "width": 0.43,
          "height": 0.11
        }
      },
      {
        "type": "Door",
        "id": 27,
        "location": {
          "x": 4.58,
          "y": 3.3
        },
        "dimensions": {
          "width": 0.21,
          "height": 0.22
        }
      },
      {
        "type": "Door",
        "id": 28,
        "location": {
          "x": 4.3,
          "y": 3.26
        },
        "dimensions": {
          "width": 0.25,
          "height": 0.24
        }
      },
      {
        "type": "Door",
        "id": 29,
        "location": {
          "x": 4.23,
          "y": 2.91
        },
        "dimensions": {
          "width": 0.28,
          "height": 0.27
        }
      },
      {
        "type": "Door",
        "id": 30,
        "location": {
          "x": 4.99,
          "y": 2.88
        },
        "dimensions": {
          "width": 0.52,
          "height": 0.59
        }
      },
      {
        "type": "Door",
        "id": 31,
        "location": {
          "x": 4.58,
          "y": 2.81
        },
        "dimensions": {
          "width": 0.31,
          "height": 0.47
        }
      },
      {
        "type": "Door",
        "id": 32,
        "location": {
          "x": 6.24,
          "y": 2.75
        },
        "dimensions": {
          "width": 0.35,
          "height": 0.6
        }
      },
      {
        "type": "Door",
        "id": 33,
        "location": {
          "x": 6.83,
          "y": 2.73
        },
        "dimensions": {
          "width": 0.33,
          "height": 0.63
        }
      },
      {
        "type": "Door",
        "id": 34,
        "location": {
          "x": 5.57,
          "y": 2.72
        },
        "dimensions": {
          "width": 0.5,
          "height": 0.68
        }
      },
      {
        "type": "Door",
        "id": 35,
        "location": {
          "x": 5.16,
          "y": 2.69
        },
        "dimensions": {
          "width": 0.25,
          "height": 0.24
        }
      },
      {
        "type": "Door",
        "id": 36,
        "location": {
          "x": 4.3,
          "y": 2.59
        },
        "dimensions": {
          "width": 0.25,
          "height": 0.25
        }
      },
      {
        "type": "Door",
        "id": 37,
        "location": {
          "x": 4.58,
          "y": 2.56
        },
        "dimensions": {
          "width": 0.23,
          "height": 0.23
        }
      },
      {
        "type": "Window",
        "id": 38,
        "location": {
          "x": 4.64,
          "y": 2.28
        },
        "dimensions": {
          "width": 1.71,
          "height": 0.27
        }
      },
      {
        "type": "Door",
        "id": 39,
        "location": {
          "x": 3.63,
          "y": 2.07
        },
        "dimensions": {
          "width": 0.31,
          "height": 0.26
        }
      },
      {
        "type": "Door",
        "id": 40,
        "location": {
          "x": 7.7,
          "y": 0.78
        },
        "dimensions": {
          "width": 0.21,
          "height": 0.37
        }
      },
      {
        "type": "Door",
        "id": 41,
        "location": {
          "x": 7.13,
          "y": 0.51
        },
        "dimensions": {
          "width": 0.35,
          "height": 0.38
        }
      },
      {
        "type": "Door",
        "id": 42,
        "location": {
          "x": 1.57,
          "y": 0.07
        },
        "dimensions": {
          "width": 6.43,
          "height": 8.2
        }
      }
    ]
  }
}