{
  "floorPlan": {
    "name": "Floor Plan 22_4.jpg",
    "units": "feet",
    "totalArea": 17.3,
    "totalRooms": 5,
    "rooms": [
      {
        "id": 1,
        "name": "29 X 20",
        "shape": "Irregular",
        "dimensions": {
          "width": 1.67,
          "length": 2.16,
          "height": 1.73
        },
        "position": {
          "x": 5.49,
          "y": 4.03
        },
        "windows": [],
        "doors": [],
        "connected_to": []
      },
      {
        "id": 2,
        "name": "M. BEDRM",
        "shape": "Irregular",
        "dimensions": {
          "width": 0.82,
          "length": 1.46,
          "height": 1.17
        },
        "position": {
          "x": 3.02,
          "y": 3.63
        },
        "windows": [],
        "doors": [],
        "connected_to": []
      },
      {
        "id": 3,
        "name": "wiC",
        "shape": "Irregular",
        "dimensions": {
          "width": 0.58,
          "length": 1.63,
          "height": 1.3
        },
        "position": {
          "x": 2.31,
          "y": 2.18
        },
        "windows": [],
        "doors": [],
        "connected_to": []
      },
      {
        "id": 4,
        "name": "wic",
        "shape": "Irregular",
        "dimensions": {
          "width": 1.34,
          "length": 1.7,
          "height": 1.36
        },
        "position": {
          "x": 2.83,
          "y": 2.02
        },
        "windows": [],
        "doors": [],
        "connected_to": []
      },
      {
        "id": 5,
        "name": "GARAGE",
        "shape": "Irregular",
        "dimensions": {
          "width": 2.99,
          "length": 3.1,
          "height": 2.48
        },
        "position": {
          "x": 5.63,
          "y": 2.01
        },
        "windows": [],
        "doors": [],
        "connected_to": []
      }
    ],
    "doorsAndWindows": [
      {
        "type": "Window",
        "id": 1,
        "location": {
          "x": 3.6,
          "y": 6.57
        },
        "dimensions": {
          "width": 1.56,
          "height": 0.05
        }
      },
      {
        "type": "Door",
        "id": 2,
        "location": {
          "x": 1.48,
          "y": 0.33
        },
        "dimensions": {
          "width": 7.16,
          "height": 5.88
        }
      }
    ]
  }
}