{
  "floorPlan": {
    "name": "Floor Plan 22_7.jpg",
    "units": "feet",
    "totalArea": 7.65,
    "totalRooms": 3,
    "rooms": [
      {
        "id": 1,
        "name": "Text_28",
        "shape": "Irregular",
        "dimensions": {
          "width": 1.74,
          "length": 1.2,
          "height": 1.39
        },
        "position": {
          "x": 3.96,
          "y": 4.18
        },
        "windows": [],
        "doors": [
          {
            "type": "Door",
            "id": 7,
            "location": {
              "x": 4.55,
              "y": 4.78
            },
            "dimensions": {
              "width": 0.17,
              "height": 0.13
            }
          }
        ],
        "connected_to": []
      },
      {
        "id": 2,
        "name": "Text_66",
        "shape": "Irregular",
        "dimensions": {
          "width": 2.69,
          "length": 1.48,
          "height": 2.15
        },
        "position": {
          "x": 6.06,
          "y": 1.87
        },
        "windows": [
          {
            "type": "Window",
            "id": 30,
            "location": {
              "x": 7.25,
              "y": 1.92
            },
            "dimensions": {
              "width": 0.82,
              "height": 0.4
            }
          }
        ],
        "doors": [
          {
            "type": "Door",
            "id": 19,
            "location": {
              "x": 7.42,
              "y": 3.0
            },
            "dimensions": {
              "width": 0.25,
              "height": 0.17
            }
          },
          {
            "type": "Door",
            "id": 29,
            "location": {
              "x": 7.89,
              "y": 1.96
            },
            "dimensions": {
              "width": 0.24,
              "height": 0.3
            }
          }
        ],
        "connected_to": []
      },
      {
        "id": 3,
        "name": "Text_54",
        "shape": "Irregular",
        "dimensions": {
          "width": 0.71,
          "length": 2.22,
          "height": 1.78
        },
        "position": {
          "x": 1.5,
          "y": 1.87
        },
        "windows": [
          {
            "type": "Window",
            "id": 16,
            "location": {
              "x": 2.15,
              "y": 3.78
            },
            "dimensions": {
              "width": 0.93,
              "height": 0.1
            }
          }
        ],
        "doors": [
          {
            "type": "Door",
            "id": 28,
            "location": {
              "x": 1.67,
              "y": 2.0
            },
            "dimensions": {
              "width": 6.37,
              "height": 4.4
            }
          }
        ],
        "connected_to": []
      }
    ],
    "doorsAndWindows": [
      {
        "type": "Door",
        "id": 1,
        "location": {
          "x": 6.49,
          "y": 6.42
        },
        "dimensions": {
          "width": 0.17,
          "height": 0.16
        }
      },
      {
        "type": "Door",
        "id": 2,
        "location": {
          "x": 6.32,
          "y": 6.42
        },
        "dimensions": {
          "width": 0.16,
          "height": 0.16
        }
      },
      {
        "type": "Door",
        "id": 3,
        "location": {
          "x": 7.09,
          "y": 6.41
        },
        "dimensions": {
          "width": 0.16,
          "height": 0.17
        }
      },
      {
        "type": "Door",
        "id": 4,
        "location": {
          "x": 6.85,
          "y": 6.41
        },
        "dimensions": {
          "width": 0.16,
          "height": 0.25
        }
      },
      {
        "type": "Door",
        "id": 5,
        "location": {
          "x": 3.63,
          "y": 5.79
        },
        "dimensions": {
          "width": 0.26,
          "height": 0.16
        }
      },
      {
        "type": "Window",
        "id": 6,
        "location": {
          "x": 6.22,
          "y": 5.48
        },
        "dimensions": {
          "width": 2.56,
          "height": 0.39
        }
      },
      {
        "type": "Door",
        "id": 7,
        "location": {
          "x": 4.55,
          "y": 4.78
        },
        "dimensions": {
          "width": 0.17,
          "height": 0.13
        }
      },
      {
        "type": "Door",
        "id": 8,
        "location": {
          "x": 1.68,
          "y": 4.69
        },
        "dimensions": {
          "width": 0.49,
          "height": 1.4
        }
      },
      {
        "type": "Door",
        "id": 9,
        "location": {
          "x": 2.6,
          "y": 4.58
        },
        "dimensions": {
          "width": 0.24,
          "height": 0.14
        }
      },
      {
        "type": "Door",
        "id": 10,
        "location": {
          "x": 5.75,
          "y": 4.5
        },
        "dimensions": {
          "width": 0.21,
          "height": 0.16
        }
      },
      {
        "type": "Door",
        "id": 11,
        "location": {
          "x": 3.25,
          "y": 4.47
        },
        "dimensions": {
          "width": 0.71,
          "height": 0.68
        }
      },
      {
        "type": "Door",
        "id": 12,
        "location": {
          "x": 2.24,
          "y": 4.37
        },
        "dimensions": {
          "width": 0.11,
          "height": 0.16
        }
      },
      {
        "type": "Door",
        "id": 13,
        "location": {
          "x": 7.91,
          "y": 4.02
        },
        "dimensions": {
          "width": 0.09,
          "height": 0.31
        }
      },
      {
        "type": "Window",
        "id": 14,
        "location": {
          "x": 6.96,
          "y": 4.0
        },
        "dimensions": {
          "width": 0.33,
          "height": 0.15
        }
      },
      {
        "type": "Door",
        "id": 15,
        "location": {
          "x": 1.46,
          "y": 3.83
        },
        "dimensions": {
          "width": 0.28,
          "height": 0.73
        }
      },
      {
        "type": "Window",
        "id": 16,
        "location": {
          "x": 2.15,
          "y": 3.78
        },
        "dimensions": {
          "width": 0.93,
          "height": 0.1
        }
      },
      {
        "type": "Door",
        "id": 17,
        "location": {
          "x": 5.84,
          "y": 3.58
        },
        "dimensions": {
          "width": 0.44,
          "height": 0.81
        }
      },
      {
        "type": "Door",
        "id": 18,
        "location": {
          "x": 3.7,
          "y": 3.14
        },
        "dimensions": {
          "width": 0.26,
          "height": 0.42
        }
      },
      {
        "type": "Door",
        "id": 19,
        "location": {
          "x": 7.42,
          "y": 3.0
        },
        "dimensions": {
          "width": 0.25,
          "height": 0.17
        }
      },
      {
        "type": "Door",
        "id": 20,
        "location": {
          "x": 2.73,
          "y": 2.9
        },
        "dimensions": {
          "width": 0.22,
          "height": 0.15
        }
      },
      {
        "type": "Door",
        "id": 21,
        "location": {
          "x": 2.53,
          "y": 2.9
        },
        "dimensions": {
          "width": 0.19,
          "height": 0.15
        }
      },
      {
        "type": "Door",
        "id": 22,
        "location": {
          "x": 2.68,
          "y": 2.76
        },
        "dimensions": {
          "width": 0.26,
          "height": 0.11
        }
      },
      {
        "type": "Door",
        "id": 23,
        "location": {
          "x": 4.17,
          "y": 2.68
        },
        "dimensions": {
          "width": 0.5,
          "height": 0.31
        }
      },
      {
        "type": "Door",
        "id": 24,
        "location": {
          "x": 4.42,
          "y": 2.51
        },
        "dimensions": {
          "width": 0.2,
          "height": 0.17
        }
      },
      {
        "type": "Window",
        "id": 25,
        "location": {
          "x": 5.72,
          "y": 2.44
        },
        "dimensions": {
          "width": 2.47,
          "height": 0.83
        }
      },
      {
        "type": "Door",
        "id": 26,
        "location": {
          "x": 3.91,
          "y": 2.43
        },
        "dimensions": {
          "width": 0.03,
          "height": 0.53
        }
      },
      {
        "type": "Door",
        "id": 27,
        "location": {
          "x": 4.82,
          "y": 2.06
        },
        "dimensions": {
          "width": 0.51,
          "height": 1.24
        }
      },
      {
        "type": "Door",
        "id": 28,
        "location": {
          "x": 1.67,
          "y": 2.0
        },
        "dimensions": {
          "width": 6.37,
          "height": 4.4
        }
      },
      {
        "type": "Door",
        "id": 29,
        "location": {
          "x": 7.89,
          "y": 1.96
        },
        "dimensions": {
          "width": 0.24,
          "height": 0.3
        }
      },
      {
        "type": "Window",
        "id": 30,
        "location": {
          "x": 7.25,
          "y": 1.92
        },
        "dimensions": {
          "width": 0.82,
          "height": 0.4
        }
      },
      {
        "type": "Door",
        "id": 31,
        "location": {
          "x": 7.41,
          "y": 1.82
        },
        "dimensions": {
          "width": 1.41,
          "height": 3.82
        }
      },
      {
        "type": "Door",
        "id": 32,
        "location": {
          "x": 4.54,
          "y": 1.69
        },
        "dimensions": {
          "width": 0.32,
          "height": 0.22
        }
      },
      {
        "type": "Door",
        "id": 33,
        "location": {
          "x": 6.55,
          "y": 1.59
        },
        "dimensions": {
          "width": 0.27,
          "height": 0.14
        }
      },
      {
        "type": "Door",
        "id": 34,
        "location": {
          "x": 2.82,
          "y": 1.41
        },
        "dimensions": {
          "width": 0.23,
          "height": 0.14
        }
      },
      {
        "type": "Door",
        "id": 35,
        "location": {
          "x": 2.82,
          "y": 1.28
        },
        "dimensions": {
          "width": 0.21,
          "height": 0.11
        }
      },
      {
        "type": "Door",
        "id": 36,
        "location": {
          "x": 3.04,
          "y": 1.25
        },
        "dimensions": {
          "width": 0.15,
          "height": 0.14
        }
      },
      {
        "type": "Door",
        "id": 37,
        "location": {
          "x": 4.73,
          "y": 0.95
        },
        "dimensions": {
          "width": 1.01,
          "height": 2.25
        }
      },
      {
        "type": "Door",
        "id": 38,
        "location": {
          "x": 5.66,
          "y": 0.73
        },
        "dimensions": {
          "width": 1.7,
          "height": 1.84
        }
      },
      {
        "type": "Window",
        "id": 39,
        "location": {
          "x": 3.08,
          "y": 0.56
        },
        "dimensions": {
          "width": 0.6,
          "height": 0.23
        }
      },
      {
        "type": "Door",
        "id": 40,
        "location": {
          "x": 1.42,
          "y": 0.36
        },
        "dimensions": {
          "width": 7.35,
          "height": 4.35
        }
      }
    ]
  }
}