{
  "floorPlan": {
    "name": "Floor Plan 23_17.jpg",
    "units": "feet",
    "totalArea": 24.84,
    "totalRooms": 3,
    "rooms": [
      {
        "id": 1,
        "name": "Text_61",
        "shape": "Irregular",
        "dimensions": {
          "width": 4.77,
          "length": 4.2,
          "height": 3.82
        },
        "position": {
          "x": 4.24,
          "y": 0.95
        },
        "windows": [
          {
            "type": "Window",
            "id": 10,
            "location": {
              "x": 5.23,
              "y": 4.47
            },
            "dimensions": {
              "width": 0.59,
              "height": 0.03
            }
          },
          {
            "type": "Window",
            "id": 13,
            "location": {
              "x": 4.37,
              "y": 4.23
            },
            "dimensions": {
              "width": 0.54,
              "height": 0.14
            }
          }
        ],
        "doors": [
          {
            "type": "Door",
            "id": 11,
            "location": {
              "x": 5.24,
              "y": 4.32
            },
            "dimensions": {
              "width": 0.21,
              "height": 0.12
            }
          },
          {
            "type": "Door",
            "id": 12,
            "location": {
              "x": 5.85,
              "y": 4.24
            },
            "dimensions": {
              "width": 0.42,
              "height": 0.42
            }
          },
          {
            "type": "Door",
            "id": 17,
            "location": {
              "x": 5.55,
              "y": 3.9
            },
            "dimensions": {
              "width": 0.26,
              "height": 0.28
            }
          },
          {
            "type": "Door",
            "id": 23,
            "location": {
              "x": 5.89,
              "y": 2.94
            },
            "dimensions": {
              "width": 0.19,
              "height": 0.2
            }
          },
          {
            "type": "Door",
            "id": 24,
            "location": {
              "x": 5.9,
              "y": 2.7
            },
            "dimensions": {
              "width": 0.22,
              "height": 0.23
            }
          },
          {
            "type": "Door",
            "id": 25,
            "location": {
              "x": 7.45,
              "y": 2.63
            },
            "dimensions": {
              "width": 0.26,
              "height": 0.13
            }
          },
          {
            "type": "Door",
            "id": 26,
            "location": {
              "x": 7.22,
              "y": 2.63
            },
            "dimensions": {
              "width": 0.22,
              "height": 0.13
            }
          },
          {
            "type": "Door",
            "id": 27,
            "location": {
              "x": 5.89,
              "y": 2.39
            },
            "dimensions": {
              "width": 0.26,
              "height": 0.28
            }
          },
          {
            "type": "Door",
            "id": 28,
            "location": {
              "x": 5.9,
              "y": 2.08
            },
            "dimensions": {
              "width": 0.2,
              "height": 0.22
            }
          },
          {
            "type": "Door",
            "id": 31,
            "location": {
              "x": 4.98,
              "y": 1.5
            },
            "dimensions": {
              "width": 0.24,
              "height": 0.12
            }
          },
          {
            "type": "Door",
            "id": 32,
            "location": {
              "x": 4.84,
              "y": 1.5
            },
            "dimensions": {
              "width": 0.13,
              "height": 0.12
            }
          }
        ],
        "connected_to": [
          2
        ]
      },
      {
        "id": 2,
        "name": "Text_70",
        "shape": "Irregular",
        "dimensions": {
          "width": 1.81,
          "length": 1.17,
          "height": 1.45
        },
        "position": {
          "x": 3.17,
          "y": 0.95
        },
        "windows": [
          {
            "type": "Window",
            "id": 34,
            "location": {
              "x": 3.75,
              "y": 1.05
            },
            "dimensions": {
              "width": 0.6,
              "height": 0.27
            }
          }
        ],
        "doors": [
          {
            "type": "Door",
            "id": 29,
            "location": {
              "x": 4.18,
              "y": 1.81
            },
            "dimensions": {
              "width": 0.13,
              "height": 0.15
            }
          },
          {
            "type": "Door",
            "id": 31,
            "location": {
              "x": 4.98,
              "y": 1.5
            },
            "dimensions": {
              "width": 0.24,
              "height": 0.12
            }
          },
          {
            "type": "Door",
            "id": 32,
            "location": {
              "x": 4.84,
              "y": 1.5
            },
            "dimensions": {
              "width": 0.13,
              "height": 0.12
            }
          },
          {
            "type": "Door",
            "id": 33,
            "location": {
              "x": 3.95,
              "y": 1.45
            },
            "dimensions": {
              "width": 0.3,
              "height": 0.27
            }
          }
        ],
        "connected_to": [
          1
        ]
      },
      {
        "id": 3,
        "name": "Text_68",
        "shape": "Hexagon",
        "dimensions": {
          "width": 1.65,
          "length": 1.63,
          "height": 1.32
        },
        "position": {
          "x": 2.21,
          "y": 0.95
        },
        "windows": [
          {
            "type": "Window",
            "id": 30,
            "location": {
              "x": 2.71,
              "y": 1.62
            },
            "dimensions": {
              "width": 0.58,
              "height": 0.03
            }
          },
          {
            "type": "Window",
            "id": 34,
            "location": {
              "x": 3.75,
              "y": 1.05
            },
            "dimensions": {
              "width": 0.6,
              "height": 0.27
            }
          }
        ],
        "doors": [],
        "connected_to": []
      }
    ],
    "doorsAndWindows": [
      {
        "type": "Window",
        "id": 1,
        "location": {
          "x": 4.33,
          "y": 6.72
        },
        "dimensions": {
          "width": 2.0,
          "height": 0.03
        }
      },
      {
        "type": "Door",
        "id": 2,
        "location": {
          "x": 5.68,
          "y": 6.5
        },
        "dimensions": {
          "width": 0.18,
          "height": 0.16
        }
      },
      {
        "type": "Door",
        "id": 3,
        "location": {
          "x": 5.21,
          "y": 6.5
        },
        "dimensions": {
          "width": 0.18,
          "height": 0.16
        }
      },
      {
        "type": "Door",
        "id": 4,
        "location": {
          "x": 5.02,
          "y": 6.5
        },
        "dimensions": {
          "width": 0.18,
          "height": 0.16
        }
      },
      {
        "type": "Window",
        "id": 5,
        "location": {
          "x": 2.71,
          "y": 5.61
        },
        "dimensions": {
          "width": 1.6,
          "height": 0.04
        }
      },
      {
        "type": "Window",
        "id": 6,
        "location": {
          "x": 3.93,
          "y": 5.46
        },
        "dimensions": {
          "width": 0.37,
          "height": 0.13
        }
      },
      {
        "type": "Door",
        "id": 7,
        "location": {
          "x": 3.35,
          "y": 5.46
        },
        "dimensions": {
          "width": 0.23,
          "height": 0.13
        }
      },
      {
        "type": "Door",
        "id": 8,
        "location": {
          "x": 3.1,
          "y": 5.46
        },
        "dimensions": {
          "width": 0.24,
          "height": 0.13
        }
      },
      {
        "type": "Door",
        "id": 9,
        "location": {
          "x": 5.82,
          "y": 5.16
        },
        "dimensions": {
          "width": 0.07,
          "height": 0.88
        }
      },
      {
        "type": "Window",
        "id": 10,
        "location": {
          "x": 5.23,
          "y": 4.47
        },
        "dimensions": {
          "width": 0.59,
          "height": 0.03
        }
      },
      {
        "type": "Door",
        "id": 11,
        "location": {
          "x": 5.24,
          "y": 4.32
        },
        "dimensions": {
          "width": 0.21,
          "height": 0.12
        }
      },
      {
        "type": "Door",
        "id": 12,
        "location": {
          "x": 5.85,
          "y": 4.24
        },
        "dimensions": {
          "width": 0.42,
          "height": 0.42
        }
      },
      {
        "type": "Window",
        "id": 13,
        "location": {
          "x": 4.37,
          "y": 4.23
        },
        "dimensions": {
          "width": 0.54,
          "height": 0.14
        }
      },
      {
        "type": "Door",
        "id": 14,
        "location": {
          "x": 3.71,
          "y": 4.23
        },
        "dimensions": {
          "width": 0.13,
          "height": 0.13
        }
      },
      {
        "type": "Window",
        "id": 15,
        "location": {
          "x": 1.37,
          "y": 4.09
        },
        "dimensions": {
          "width": 0.7,
          "height": 0.12
        }
      },
      {
        "type": "Window",
        "id": 16,
        "location": {
          "x": 1.68,
          "y": 3.94
        },
        "dimensions": {
          "width": 0.26,
          "height": 0.12
        }
      },
      {
        "type": "Door",
        "id": 17,
        "location": {
          "x": 5.55,
          "y": 3.9
        },
        "dimensions": {
          "width": 0.26,
          "height": 0.28
        }
      },
      {
        "type": "Window",
        "id": 18,
        "location": {
          "x": 1.29,
          "y": 3.88
        },
        "dimensions": {
          "width": 0.89,
          "height": 0.03
        }
      },
      {
        "type": "Door",
        "id": 19,
        "location": {
          "x": 1.94,
          "y": 3.73
        },
        "dimensions": {
          "width": 0.23,
          "height": 0.13
        }
      },
      {
        "type": "Window",
        "id": 20,
        "location": {
          "x": 1.29,
          "y": 3.73
        },
        "dimensions": {
          "width": 0.39,
          "height": 0.13
        }
      },
      {
        "type": "Window",
        "id": 21,
        "location": {
          "x": 3.4,
          "y": 3.64
        },
        "dimensions": {
          "width": 0.26,
          "height": 0.12
        }
      },
      {
        "type": "Door",
        "id": 22,
        "location": {
          "x": 2.21,
          "y": 2.98
        },
        "dimensions": {
          "width": 3.18,
          "height": 2.17
        }
      },
      {
        "type": "Door",
        "id": 23,
        "location": {
          "x": 5.89,
          "y": 2.94
        },
        "dimensions": {
          "width": 0.19,
          "height": 0.2
        }
      },
      {
        "type": "Door",
        "id": 24,
        "location": {
          "x": 5.9,
          "y": 2.7
        },
        "dimensions": {
          "width": 0.22,
          "height": 0.23
        }
      },
      {
        "type": "Door",
        "id": 25,
        "location": {
          "x": 7.45,
          "y": 2.63
        },
        "dimensions": {
          "width": 0.26,
          "height": 0.13
        }
      },
      {
        "type": "Door",
        "id": 26,
        "location": {
          "x": 7.22,
          "y": 2.63
        },
        "dimensions": {
          "width": 0.22,
          "height": 0.13
        }
      },
      {
        "type": "Door",
        "id": 27,
        "location": {
          "x": 5.89,
          "y": 2.39
        },
        "dimensions": {
          "width": 0.26,
          "height": 0.28
        }
      },
      {
        "type": "Door",
        "id": 28,
        "location": {
          "x": 5.9,
          "y": 2.08
        },
        "dimensions": {
          "width": 0.2,
          "height": 0.22
        }
      },
      {
        "type": "Door",
        "id": 29,
        "location": {
          "x": 4.18,
          "y": 1.81
        },
        "dimensions": {
          "width": 0.13,
          "height": 0.15
        }
      },
      {
        "type": "Window",
        "id": 30,
        "location": {
          "x": 2.71,
          "y": 1.62
        },
        "dimensions": {
          "width": 0.58,
          "height": 0.03
        }
      },
      {
        "type": "Door",
        "id": 31,
        "location": {
          "x": 4.98,
          "y": 1.5
        },
        "dimensions": {
          "width": 0.24,
          "height": 0.12
        }
      },
      {
        "type": "Door",
        "id": 32,
        "location": {
          "x": 4.84,
          "y": 1.5
        },
        "dimensions": {
          "width": 0.13,
          "height": 0.12
        }
      },
      {
        "type": "Door",
        "id": 33,
        "location": {
          "x": 3.95,
          "y": 1.45
        },
        "dimensions": {
          "width": 0.3,
          "height": 0.27
        }
      },
      {
        "type": "Window",
        "id": 34,
        "location": {
          "x": 3.75,
          "y": 1.05
        },
        "dimensions": {
          "width": 0.6,
          "height": 0.27
        }
      },
      {
        "type": "Door",
        "id": 35,
        "location": {
          "x": 9.04,
          "y": 0.97
        },
        "dimensions": {
          "width": 0.23,
          "height": 4.22
        }
      },
      {
        "type": "Door",
        "id": 36,
        "location": {
          "x": 1.14,
          "y": 0.95
        },
        "dimensions": {
          "width": 7.87,
          "height": 5.26
        }
      },
      {
        "type": "Door",
        "id": 37,
        "location": {
          "x": 1.17,
          "y": 0.95
        },
        "dimensions": {
          "width": 2.69,
          "height": 2.02
        }
      },
      {
        "type": "Window",
        "id": 38,
        "location": {
          "x": 2.27,
          "y": 0.72
        },
        "dimensions": {
          "width": 6.72,
          "height": 0.12
        }
      }
    ]
  }
}