{
  "floorPlan": {
    "name": "Floor Plan 23_10.jpg",
    "units": "feet",
    "totalArea": 6.08,
    "totalRooms": 2,
    "rooms": [
      {
        "id": 1,
        "name": "Room_1",
        "shape": "Irregular",
        "dimensions": {
          "width": 0.04,
          "length": 4.05,
          "height": 3.24
        },
        "position": {
          "x": 9.95,
          "y": 1.5
        },
        "windows": [],
        "doors": [],
        "connected_to": []
      },
      {
        "id": 2,
        "name": "Room_2",
        "shape": "Rectangle",
        "dimensions": {
          "width": 1.14,
          "length": 5.19,
          "height": 4.15
        },
        "position": {
          "x": 1.69,
          "y": 0.36
        },
        "windows": [],
        "doors": [
          {
            "type": "Door",
            "id": 26,
            "location": {
              "x": 2.43,
              "y": 3.03
            },
            "dimensions": {
              "width": 0.1,
              "height": 0.14
            }
          },
          {
            "type": "Door",
            "id": 48,
            "location": {
              "x": 2.63,
              "y": 1.39
            },
            "dimensions": {
              "width": 0.1,
              "height": 0.14
            }
          },
          {
            "type": "Door",
            "id": 50,
            "location": {
              "x": 2.82,
              "y": 1.13
            },
            "dimensions": {
              "width": 0.12,
              "height": 0.15
            }
          },
          {
            "type": "Door",
            "id": 51,
            "location": {
              "x": 2.68,
              "y": 1.13
            },
            "dimensions": {
              "width": 0.11,
              "height": 0.15
            }
          },
          {
            "type": "Door",
            "id": 52,
            "location": {
              "x": 2.55,
              "y": 1.13
            },
            "dimensions": {
              "width": 0.1,
              "height": 0.15
            }
          },
          {
            "type": "Door",
            "id": 53,
            "location": {
              "x": 2.28,
              "y": 1.13
            },
            "dimensions": {
              "width": 0.11,
              "height": 0.15
            }
          }
        ],
        "connected_to": []
      }
    ],
    "doorsAndWindows": [
      {
        "type": "Door",
        "id": 1,
        "location": {
          "x": 5.92,
          "y": 7.38
        },
        "dimensions": {
          "width": 0.15,
          "height": 0.1
        }
      },
      {
        "type": "Door",
        "id": 2,
        "location": {
          "x": 6.1,
          "y": 7.16
        },
        "dimensions": {
          "width": 0.37,
          "height": 0.41
        }
      },
      {
        "type": "Door",
        "id": 3,
        "location": {
          "x": 5.82,
          "y": 7.16
        },
        "dimensions": {
          "width": 0.1,
          "height": 0.2
        }
      },
      {
        "type": "Door",
        "id": 4,
        "location": {
          "x": 5.06,
          "y": 7.16
        },
        "dimensions": {
          "width": 0.75,
          "height": 0.41
        }
      },
      {
        "type": "Window",
        "id": 5,
        "location": {
          "x": 5.86,
          "y": 6.88
        },
        "dimensions": {
          "width": 1.55,
          "height": 0.1
        }
      },
      {
        "type": "Window",
        "id": 6,
        "location": {
          "x": 1.7,
          "y": 6.77
        },
        "dimensions": {
          "width": 8.25,
          "height": 1.0
        }
      },
      {
        "type": "Door",
        "id": 7,
        "location": {
          "x": 8.45,
          "y": 4.51
        },
        "dimensions": {
          "width": 0.1,
          "height": 0.15
        }
      },
      {
        "type": "Door",
        "id": 8,
        "location": {
          "x": 9.43,
          "y": 4.29
        },
        "dimensions": {
          "width": 0.14,
          "height": 0.14
        }
      },
      {
        "type": "Door",
        "id": 9,
        "location": {
          "x": 9.28,
          "y": 4.29
        },
        "dimensions": {
          "width": 0.12,
          "height": 0.14
        }
      },
      {
        "type": "Door",
        "id": 10,
        "location": {
          "x": 9.14,
          "y": 4.29
        },
        "dimensions": {
          "width": 0.12,
          "height": 0.14
        }
      },
      {
        "type": "Door",
        "id": 11,
        "location": {
          "x": 9.0,
          "y": 4.29
        },
        "dimensions": {
          "width": 0.11,
          "height": 0.14
        }
      },
      {
        "type": "Door",
        "id": 12,
        "location": {
          "x": 8.87,
          "y": 4.29
        },
        "dimensions": {
          "width": 0.1,
          "height": 0.14
        }
      },
      {
        "type": "Door",
        "id": 13,
        "location": {
          "x": 8.41,
          "y": 4.29
        },
        "dimensions": {
          "width": 0.11,
          "height": 0.14
        }
      },
      {
        "type": "Door",
        "id": 14,
        "location": {
          "x": 7.73,
          "y": 4.29
        },
        "dimensions": {
          "width": 0.14,
          "height": 0.14
        }
      },
      {
        "type": "Door",
        "id": 15,
        "location": {
          "x": 6.22,
          "y": 4.16
        },
        "dimensions": {
          "width": 0.11,
          "height": 0.14
        }
      },
      {
        "type": "Door",
        "id": 16,
        "location": {
          "x": 6.07,
          "y": 4.16
        },
        "dimensions": {
          "width": 0.12,
          "height": 0.14
        }
      },
      {
        "type": "Door",
        "id": 17,
        "location": {
          "x": 5.94,
          "y": 4.16
        },
        "dimensions": {
          "width": 0.12,
          "height": 0.14
        }
      },
      {
        "type": "Door",
        "id": 18,
        "location": {
          "x": 5.49,
          "y": 4.16
        },
        "dimensions": {
          "width": 0.25,
          "height": 0.14
        }
      },
      {
        "type": "Door",
        "id": 19,
        "location": {
          "x": 5.35,
          "y": 4.16
        },
        "dimensions": {
          "width": 0.12,
          "height": 0.14
        }
      },
      {
        "type": "Door",
        "id": 20,
        "location": {
          "x": 5.21,
          "y": 4.16
        },
        "dimensions": {
          "width": 0.12,
          "height": 0.14
        }
      },
      {
        "type": "Door",
        "id": 21,
        "location": {
          "x": 0.2,
          "y": 3.96
        },
        "dimensions": {
          "width": 0.41,
          "height": 0.37
        }
      },
      {
        "type": "Door",
        "id": 22,
        "location": {
          "x": 0.2,
          "y": 3.58
        },
        "dimensions": {
          "width": 0.41,
          "height": 0.37
        }
      },
      {
        "type": "Door",
        "id": 23,
        "location": {
          "x": 0.2,
          "y": 3.47
        },
        "dimensions": {
          "width": 0.2,
          "height": 0.1
        }
      },
      {
        "type": "Door",
        "id": 24,
        "location": {
          "x": 0.42,
          "y": 3.32
        },
        "dimensions": {
          "width": 0.1,
          "height": 0.15
        }
      },
      {
        "type": "Door",
        "id": 25,
        "location": {
          "x": 8.15,
          "y": 3.08
        },
        "dimensions": {
          "width": 0.1,
          "height": 0.15
        }
      },
      {
        "type": "Door",
        "id": 26,
        "location": {
          "x": 2.43,
          "y": 3.03
        },
        "dimensions": {
          "width": 0.1,
          "height": 0.14
        }
      },
      {
        "type": "Door",
        "id": 27,
        "location": {
          "x": 0.2,
          "y": 2.95
        },
        "dimensions": {
          "width": 0.41,
          "height": 0.35
        }
      },
      {
        "type": "Door",
        "id": 28,
        "location": {
          "x": 8.4,
          "y": 2.89
        },
        "dimensions": {
          "width": 0.34,
          "height": 0.34
        }
      },
      {
        "type": "Door",
        "id": 29,
        "location": {
          "x": 0.2,
          "y": 2.75
        },
        "dimensions": {
          "width": 0.2,
          "height": 0.18
        }
      },
      {
        "type": "Window",
        "id": 30,
        "location": {
          "x": 4.54,
          "y": 2.66
        },
        "dimensions": {
          "width": 0.29,
          "height": 0.12
        }
      },
      {
        "type": "Door",
        "id": 31,
        "location": {
          "x": 7.38,
          "y": 2.58
        },
        "dimensions": {
          "width": 0.72,
          "height": 0.74
        }
      },
      {
        "type": "Door",
        "id": 32,
        "location": {
          "x": 2.84,
          "y": 2.49
        },
        "dimensions": {
          "width": 0.8,
          "height": 0.7
        }
      },
      {
        "type": "Door",
        "id": 33,
        "location": {
          "x": 6.22,
          "y": 2.45
        },
        "dimensions": {
          "width": 0.12,
          "height": 0.14
        }
      },
      {
        "type": "Door",
        "id": 34,
        "location": {
          "x": 5.95,
          "y": 2.45
        },
        "dimensions": {
          "width": 0.17,
          "height": 0.14
        }
      },
      {
        "type": "Door",
        "id": 35,
        "location": {
          "x": 5.69,
          "y": 2.45
        },
        "dimensions": {
          "width": 0.24,
          "height": 0.14
        }
      },
      {
        "type": "Door",
        "id": 36,
        "location": {
          "x": 5.54,
          "y": 2.45
        },
        "dimensions": {
          "width": 0.12,
          "height": 0.14
        }
      },
      {
        "type": "Door",
        "id": 37,
        "location": {
          "x": 5.07,
          "y": 2.45
        },
        "dimensions": {
          "width": 0.18,
          "height": 0.14
        }
      },
      {
        "type": "Door",
        "id": 38,
        "location": {
          "x": 8.4,
          "y": 2.2
        },
        "dimensions": {
          "width": 0.35,
          "height": 0.33
        }
      },
      {
        "type": "Door",
        "id": 39,
        "location": {
          "x": 4.56,
          "y": 2.19
        },
        "dimensions": {
          "width": 0.25,
          "height": 0.46
        }
      },
      {
        "type": "Door",
        "id": 40,
        "location": {
          "x": 7.24,
          "y": 2.06
        },
        "dimensions": {
          "width": 0.71,
          "height": 1.77
        }
      },
      {
        "type": "Window",
        "id": 41,
        "location": {
          "x": 5.4,
          "y": 2.0
        },
        "dimensions": {
          "width": 1.13,
          "height": 0.12
        }
      },
      {
        "type": "Window",
        "id": 42,
        "location": {
          "x": 5.95,
          "y": 1.9
        },
        "dimensions": {
          "width": 0.57,
          "height": 0.2
        }
      },
      {
        "type": "Door",
        "id": 43,
        "location": {
          "x": 9.37,
          "y": 1.81
        },
        "dimensions": {
          "width": 0.29,
          "height": 0.25
        }
      },
      {
        "type": "Door",
        "id": 44,
        "location": {
          "x": 9.65,
          "y": 1.75
        },
        "dimensions": {
          "width": 0.15,
          "height": 0.34
        }
      },
      {
        "type": "Door",
        "id": 45,
        "location": {
          "x": 7.87,
          "y": 1.62
        },
        "dimensions": {
          "width": 1.36,
          "height": 1.87
        }
      },
      {
        "type": "Window",
        "id": 46,
        "location": {
          "x": 5.02,
          "y": 1.53
        },
        "dimensions": {
          "width": 0.54,
          "height": 0.16
        }
      },
      {
        "type": "Window",
        "id": 47,
        "location": {
          "x": 5.01,
          "y": 1.47
        },
        "dimensions": {
          "width": 0.55,
          "height": 0.06
        }
      },
      {
        "type": "Door",
        "id": 48,
        "location": {
          "x": 2.63,
          "y": 1.39
        },
        "dimensions": {
          "width": 0.1,
          "height": 0.14
        }
      },
      {
        "type": "Door",
        "id": 49,
        "location": {
          "x": 2.96,
          "y": 1.13
        },
        "dimensions": {
          "width": 0.12,
          "height": 0.15
        }
      },
      {
        "type": "Door",
        "id": 50,
        "location": {
          "x": 2.82,
          "y": 1.13
        },
        "dimensions": {
          "width": 0.12,
          "height": 0.15
        }
      },
      {
        "type": "Door",
        "id": 51,
        "location": {
          "x": 2.68,
          "y": 1.13
        },
        "dimensions": {
          "width": 0.11,
          "height": 0.15
        }
      },
      {
        "type": "Door",
        "id": 52,
        "location": {
          "x": 2.55,
          "y": 1.13
        },
        "dimensions": {
          "width": 0.1,
          "height": 0.15
        }
      },
      {
        "type": "Door",
        "id": 53,
        "location": {
          "x": 2.28,
          "y": 1.13
        },
        "dimensions": {
          "width": 0.11,
          "height": 0.15
        }
      },
      {
        "type": "Door",
        "id": 54,
        "location": {
          "x": 9.03,
          "y": 1.11
        },
        "dimensions": {
          "width": 0.15,
          "height": 0.14
        }
      },
      {
        "type": "Door",
        "id": 55,
        "location": {
          "x": 7.7,
          "y": 1.08
        },
        "dimensions": {
          "width": 0.14,
          "height": 0.14
        }
      },
      {
        "type": "Door",
        "id": 56,
        "location": {
          "x": 7.48,
          "y": 1.08
        },
        "dimensions": {
          "width": 0.17,
          "height": 0.14
        }
      },
      {
        "type": "Door",
        "id": 57,
        "location": {
          "x": 6.15,
          "y": 0.98
        },
        "dimensions": {
          "width": 0.11,
          "height": 0.14
        }
      },
      {
        "type": "Door",
        "id": 58,
        "location": {
          "x": 6.01,
          "y": 0.98
        },
        "dimensions": {
          "width": 0.12,
          "height": 0.14
        }
      },
      {
        "type": "Door",
        "id": 59,
        "location": {
          "x": 5.69,
          "y": 0.98
        },
        "dimensions": {
          "width": 0.11,
          "height": 0.14
        }
      },
      {
        "type": "Door",
        "id": 60,
        "location": {
          "x": 5.43,
          "y": 0.98
        },
        "dimensions": {
          "width": 0.11,
          "height": 0.14
        }
      },
      {
        "type": "Door",
        "id": 61,
        "location": {
          "x": 5.01,
          "y": 0.98
        },
        "dimensions": {
          "width": 0.12,
          "height": 0.14
        }
      },
      {
        "type": "Door",
        "id": 62,
        "location": {
          "x": 8.97,
          "y": 0.96
        },
        "dimensions": {
          "width": 0.14,
          "height": 0.14
        }
      },
      {
        "type": "Door",
        "id": 63,
        "location": {
          "x": 7.99,
          "y": 0.85
        },
        "dimensions": {
          "width": 0.12,
          "height": 0.14
        }
      },
      {
        "type": "Door",
        "id": 64,
        "location": {
          "x": 7.86,
          "y": 0.85
        },
        "dimensions": {
          "width": 0.11,
          "height": 0.14
        }
      },
      {
        "type": "Door",
        "id": 65,
        "location": {
          "x": 7.7,
          "y": 0.85
        },
        "dimensions": {
          "width": 0.13,
          "height": 0.14
        }
      },
      {
        "type": "Door",
        "id": 66,
        "location": {
          "x": 5.71,
          "y": 0.79
        },
        "dimensions": {
          "width": 0.11,
          "height": 0.15
        }
      },
      {
        "type": "Door",
        "id": 67,
        "location": {
          "x": 5.38,
          "y": 0.79
        },
        "dimensions": {
          "width": 0.17,
          "height": 0.15
        }
      },
      {
        "type": "Window",
        "id": 68,
        "location": {
          "x": 9.12,
          "y": 0.76
        },
        "dimensions": {
          "width": 0.37,
          "height": 0.14
        }
      },
      {
        "type": "Door",
        "id": 69,
        "location": {
          "x": 9.01,
          "y": 0.76
        },
        "dimensions": {
          "width": 0.11,
          "height": 0.14
        }
      },
      {
        "type": "Door",
        "id": 70,
        "location": {
          "x": 8.7,
          "y": 0.76
        },
        "dimensions": {
          "width": 0.29,
          "height": 0.15
        }
      },
      {
        "type": "Door",
        "id": 71,
        "location": {
          "x": 0.53,
          "y": 0.37
        },
        "dimensions": {
          "width": 3.27,
          "height": 6.31
        }
      },
      {
        "type": "Door",
        "id": 72,
        "location": {
          "x": 1.68,
          "y": 0.32
        },
        "dimensions": {
          "width": 8.33,
          "height": 6.68
        }
      },
      {
        "type": "Window",
        "id": 73,
        "location": {
          "x": 5.39,
          "y": 0.08
        },
        "dimensions": {
          "width": 3.32,
          "height": 0.49
        }
      }
    ]
  }
}