{
  "floorPlan": {
    "name": "Floor Plan 23_1.jpg",
    "units": "feet",
    "totalArea": 1.5,
    "totalRooms": 5,
    "rooms": [
      {
        "id": 1,
        "name": "Room_1",
        "shape": "Irregular",
        "dimensions": {
          "width": 6.49,
          "length": 0.03,
          "height": 5.19
        },
        "position": {
          "x": 1.89,
          "y": 5.81
        },
        "windows": [],
        "doors": [],
        "connected_to": []
      },
      {
        "id": 2,
        "name": "Room_2",
        "shape": "Irregular",
        "dimensions": {
          "width": 1.25,
          "length": 0.64,
          "height": 1.0
        },
        "position": {
          "x": 6.53,
          "y": 1.44
        },
        "windows": [],
        "doors": [],
        "connected_to": []
      },
      {
        "id": 3,
        "name": "Room_3",
        "shape": "Irregular",
        "dimensions": {
          "width": 0.03,
          "length": 5.14,
          "height": 4.11
        },
        "position": {
          "x": 8.43,
          "y": 0.77
        },
        "windows": [],
        "doors": [],
        "connected_to": []
      },
      {
        "id": 4,
        "name": "Room_4",
        "shape": "Irregular",
        "dimensions": {
          "width": 6.55,
          "length": 0.03,
          "height": 5.24
        },
        "position": {
          "x": 1.86,
          "y": 0.77
        },
        "windows": [],
        "doors": [],
        "connected_to": []
      },
      {
        "id": 5,
        "name": "Room_5",
        "shape": "Irregular",
        "dimensions": {
          "width": 0.03,
          "length": 5.14,
          "height": 4.11
        },
        "position": {
          "x": 1.81,
          "y": 0.77
        },
        "windows": [],
        "doors": [],
        "connected_to": []
      }
    ],
    "doorsAndWindows": [
      {
        "type": "Door",
        "id": 1,
        "location": {
          "x": 0.24,
          "y": 0.11
        },
        "dimensions": {
          "width": 9.85,
          "height": 6.38
        }
      }
    ]
  }
}