{
  "floorPlan": {
    "name": "Floor Plan 23_27.jpg",
    "units": "feet",
    "totalArea": 60.63,
    "totalRooms": 5,
    "rooms": [
      {
        "id": 1,
        "name": "Text_49",
        "shape": "Hexagon",
        "dimensions": {
          "width": 1.43,
          "length": 0.8,
          "height": 1.14
        },
        "position": {
          "x": 1.28,
          "y": 8.24
        },
        "windows": [],
        "doors": [],
        "connected_to": []
      },
      {
        "id": 2,
        "name": "Text_50",
        "shape": "Hexagon",
        "dimensions": {
          "width": 1.43,
          "length": 0.9,
          "height": 1.14
        },
        "position": {
          "x": 7.77,
          "y": 8.14
        },
        "windows": [],
        "doors": [],
        "connected_to": []
      },
      {
        "id": 3,
        "name": "Text_87",
        "shape": "Hexagon",
        "dimensions": {
          "width": 0.48,
          "length": 1.66,
          "height": 1.33
        },
        "position": {
          "x": 7.44,
          "y": 2.88
        },
        "windows": [],
        "doors": [],
        "connected_to": []
      },
      {
        "id": 4,
        "name": "Room_4",
        "shape": "Irregular",
        "dimensions": {
          "width": 0.18,
          "length": 5.18,
          "height": 4.14
        },
        "position": {
          "x": 9.02,
          "y": 2.23
        },
        "windows": [],
        "doors": [],
        "connected_to": []
      },
      {
        "id": 5,
        "name": "Room_5",
        "shape": "Irregular",
        "dimensions": {
          "width": 7.92,
          "length": 7.13,
          "height": 6.34
        },
        "position": {
          "x": 1.28,
          "y": 0.17
        },
        "windows": [],
        "doors": [
          {
            "type": "Door",
            "id": 35,
            "location": {
              "x": 8.46,
              "y": 2.67
            },
            "dimensions": {
              "width": 0.14,
              "height": 0.2
            }
          },
          {
            "type": "Door",
            "id": 36,
            "location": {
              "x": 7.59,
              "y": 1.97
            },
            "dimensions": {
              "width": 0.17,
              "height": 0.2
            }
          },
          {
            "type": "Door",
            "id": 37,
            "location": {
              "x": 7.89,
              "y": 1.93
            },
            "dimensions": {
              "width": 0.2,
              "height": 0.25
            }
          },
          {
            "type": "Door",
            "id": 38,
            "location": {
              "x": 7.28,
              "y": 1.93
            },
            "dimensions": {
              "width": 0.19,
              "height": 0.25
            }
          },
          {
            "type": "Door",
            "id": 39,
            "location": {
              "x": 7.98,
              "y": 1.53
            },
            "dimensions": {
              "width": 0.21,
              "height": 0.25
            }
          },
          {
            "type": "Door",
            "id": 40,
            "location": {
              "x": 7.56,
              "y": 1.52
            },
            "dimensions": {
              "width": 0.42,
              "height": 0.26
            }
          },
          {
            "type": "Door",
            "id": 41,
            "location": {
              "x": 7.18,
              "y": 1.52
            },
            "dimensions": {
              "width": 0.18,
              "height": 0.27
            }
          },
          {
            "type": "Door",
            "id": 42,
            "location": {
              "x": 8.49,
              "y": 1.48
            },
            "dimensions": {
              "width": 0.42,
              "height": 0.64
            }
          },
          {
            "type": "Door",
            "id": 43,
            "location": {
              "x": 8.58,
              "y": 1.31
            },
            "dimensions": {
              "width": 0.49,
              "height": 0.88
            }
          }
        ],
        "connected_to": []
      }
    ],
    "doorsAndWindows": [
      {
        "type": "Door",
        "id": 1,
        "location": {
          "x": 6.88,
          "y": 12.32
        },
        "dimensions": {
          "width": 0.35,
          "height": 0.23
        }
      },
      {
        "type": "Door",
        "id": 2,
        "location": {
          "x": 6.68,
          "y": 12.32
        },
        "dimensions": {
          "width": 0.18,
          "height": 0.22
        }
      },
      {
        "type": "Door",
        "id": 3,
        "location": {
          "x": 5.9,
          "y": 12.32
        },
        "dimensions": {
          "width": 0.46,
          "height": 0.23
        }
      },
      {
        "type": "Door",
        "id": 4,
        "location": {
          "x": 4.91,
          "y": 12.32
        },
        "dimensions": {
          "width": 0.21,
          "height": 0.22
        }
      },
      {
        "type": "Door",
        "id": 5,
        "location": {
          "x": 3.89,
          "y": 12.32
        },
        "dimensions": {
          "width": 0.4,
          "height": 0.23
        }
      },
      {
        "type": "Door",
        "id": 6,
        "location": {
          "x": 3.47,
          "y": 12.32
        },
        "dimensions": {
          "width": 0.2,
          "height": 0.23
        }
      },
      {
        "type": "Door",
        "id": 7,
        "location": {
          "x": 3.25,
          "y": 12.32
        },
        "dimensions": {
          "width": 0.21,
          "height": 0.23
        }
      },
      {
        "type": "Door",
        "id": 8,
        "location": {
          "x": 5.57,
          "y": 12.31
        },
        "dimensions": {
          "width": 0.16,
          "height": 0.24
        }
      },
      {
        "type": "Door",
        "id": 9,
        "location": {
          "x": 5.13,
          "y": 12.31
        },
        "dimensions": {
          "width": 0.16,
          "height": 0.24
        }
      },
      {
        "type": "Door",
        "id": 10,
        "location": {
          "x": 4.31,
          "y": 12.31
        },
        "dimensions": {
          "width": 0.17,
          "height": 0.24
        }
      },
      {
        "type": "Door",
        "id": 11,
        "location": {
          "x": 6.12,
          "y": 11.8
        },
        "dimensions": {
          "width": 0.18,
          "height": 0.27
        }
      },
      {
        "type": "Door",
        "id": 12,
        "location": {
          "x": 5.74,
          "y": 11.8
        },
        "dimensions": {
          "width": 0.18,
          "height": 0.27
        }
      },
      {
        "type": "Door",
        "id": 13,
        "location": {
          "x": 5.53,
          "y": 11.8
        },
        "dimensions": {
          "width": 0.18,
          "height": 0.27
        }
      },
      {
        "type": "Door",
        "id": 14,
        "location": {
          "x": 5.14,
          "y": 11.8
        },
        "dimensions": {
          "width": 0.16,
          "height": 0.27
        }
      },
      {
        "type": "Door",
        "id": 15,
        "location": {
          "x": 4.82,
          "y": 11.8
        },
        "dimensions": {
          "width": 0.17,
          "height": 0.27
        }
      },
      {
        "type": "Door",
        "id": 16,
        "location": {
          "x": 5.15,
          "y": 11.16
        },
        "dimensions": {
          "width": 0.2,
          "height": 0.27
        }
      },
      {
        "type": "Door",
        "id": 17,
        "location": {
          "x": 6.04,
          "y": 10.26
        },
        "dimensions": {
          "width": 0.18,
          "height": 0.25
        }
      },
      {
        "type": "Door",
        "id": 18,
        "location": {
          "x": 5.55,
          "y": 10.26
        },
        "dimensions": {
          "width": 0.47,
          "height": 0.25
        }
      },
      {
        "type": "Door",
        "id": 19,
        "location": {
          "x": 5.1,
          "y": 10.26
        },
        "dimensions": {
          "width": 0.44,
          "height": 0.25
        }
      },
      {
        "type": "Door",
        "id": 20,
        "location": {
          "x": 4.77,
          "y": 10.26
        },
        "dimensions": {
          "width": 0.22,
          "height": 0.25
        }
      },
      {
        "type": "Door",
        "id": 21,
        "location": {
          "x": 4.54,
          "y": 10.26
        },
        "dimensions": {
          "width": 0.23,
          "height": 0.25
        }
      },
      {
        "type": "Door",
        "id": 22,
        "location": {
          "x": 4.11,
          "y": 10.26
        },
        "dimensions": {
          "width": 0.24,
          "height": 0.25
        }
      },
      {
        "type": "Door",
        "id": 23,
        "location": {
          "x": 4.36,
          "y": 10.25
        },
        "dimensions": {
          "width": 0.18,
          "height": 0.26
        }
      },
      {
        "type": "Door",
        "id": 24,
        "location": {
          "x": 0.78,
          "y": 6.67
        },
        "dimensions": {
          "width": 0.27,
          "height": 0.18
        }
      },
      {
        "type": "Door",
        "id": 25,
        "location": {
          "x": 0.85,
          "y": 6.46
        },
        "dimensions": {
          "width": 0.2,
          "height": 0.18
        }
      },
      {
        "type": "Door",
        "id": 26,
        "location": {
          "x": 0.85,
          "y": 6.26
        },
        "dimensions": {
          "width": 0.27,
          "height": 0.17
        }
      },
      {
        "type": "Door",
        "id": 27,
        "location": {
          "x": 0.78,
          "y": 5.97
        },
        "dimensions": {
          "width": 0.27,
          "height": 0.16
        }
      },
      {
        "type": "Door",
        "id": 28,
        "location": {
          "x": 0.78,
          "y": 5.56
        },
        "dimensions": {
          "width": 0.27,
          "height": 0.17
        }
      },
      {
        "type": "Door",
        "id": 29,
        "location": {
          "x": 0.78,
          "y": 5.35
        },
        "dimensions": {
          "width": 0.27,
          "height": 0.18
        }
      },
      {
        "type": "Door",
        "id": 30,
        "location": {
          "x": 0.78,
          "y": 4.96
        },
        "dimensions": {
          "width": 0.27,
          "height": 0.19
        }
      },
      {
        "type": "Door",
        "id": 31,
        "location": {
          "x": 0.78,
          "y": 4.22
        },
        "dimensions": {
          "width": 0.27,
          "height": 0.18
        }
      },
      {
        "type": "Door",
        "id": 32,
        "location": {
          "x": 0.78,
          "y": 3.78
        },
        "dimensions": {
          "width": 0.27,
          "height": 0.24
        }
      },
      {
        "type": "Door",
        "id": 33,
        "location": {
          "x": 0.78,
          "y": 3.55
        },
        "dimensions": {
          "width": 0.27,
          "height": 0.21
        }
      },
      {
        "type": "Door",
        "id": 34,
        "location": {
          "x": 0.78,
          "y": 3.28
        },
        "dimensions": {
          "width": 0.27,
          "height": 0.24
        }
      },
      {
        "type": "Door",
        "id": 35,
        "location": {
          "x": 8.46,
          "y": 2.67
        },
        "dimensions": {
          "width": 0.14,
          "height": 0.2
        }
      },
      {
        "type": "Door",
        "id": 36,
        "location": {
          "x": 7.59,
          "y": 1.97
        },
        "dimensions": {
          "width": 0.17,
          "height": 0.2
        }
      },
      {
        "type": "Door",
        "id": 37,
        "location": {
          "x": 7.89,
          "y": 1.93
        },
        "dimensions": {
          "width": 0.2,
          "height": 0.25
        }
      },
      {
        "type": "Door",
        "id": 38,
        "location": {
          "x": 7.28,
          "y": 1.93
        },
        "dimensions": {
          "width": 0.19,
          "height": 0.25
        }
      },
      {
        "type": "Door",
        "id": 39,
        "location": {
          "x": 7.98,
          "y": 1.53
        },
        "dimensions": {
          "width": 0.21,
          "height": 0.25
        }
      },
      {
        "type": "Door",
        "id": 40,
        "location": {
          "x": 7.56,
          "y": 1.52
        },
        "dimensions": {
          "width": 0.42,
          "height": 0.26
        }
      },
      {
        "type": "Door",
        "id": 41,
        "location": {
          "x": 7.18,
          "y": 1.52
        },
        "dimensions": {
          "width": 0.18,
          "height": 0.27
        }
      },
      {
        "type": "Door",
        "id": 42,
        "location": {
          "x": 8.49,
          "y": 1.48
        },
        "dimensions": {
          "width": 0.42,
          "height": 0.64
        }
      },
      {
        "type": "Door",
        "id": 43,
        "location": {
          "x": 8.58,
          "y": 1.31
        },
        "dimensions": {
          "width": 0.49,
          "height": 0.88
        }
      },
      {
        "type": "Door",
        "id": 44,
        "location": {
          "x": 1.16,
          "y": 0.17
        },
        "dimensions": {
          "width": 8.15,
          "height": 11.41
        }
      }
    ]
  }
}