{
  "floorPlan": {
    "name": "Floor Plan 23_28.jpg",
    "units": "feet",
    "totalArea": 0,
    "totalRooms": 0,
    "rooms": [],
    "doorsAndWindows": [
      {
        "type": "Door",
        "id": 1,
        "location": {
          "x": 0.78,
          "y": 4.6
        },
        "dimensions": {
          "width": 0.17,
          "height": 0.14
        }
      },
      {
        "type": "Door",
        "id": 2,
        "location": {
          "x": 9.8,
          "y": 4.22
        },
        "dimensions": {
          "width": 0.26,
          "height": 0.27
        }
      },
      {
        "type": "Door",
        "id": 3,
        "location": {
          "x": 1.4,
          "y": 4.22
        },
        "dimensions": {
          "width": 0.22,
          "height": 0.26
        }
      },
      {
        "type": "Door",
        "id": 4,
        "location": {
          "x": 9.38,
          "y": 4.21
        },
        "dimensions": {
          "width": 0.46,
          "height": 0.28
        }
      },
      {
        "type": "Window",
        "id": 5,
        "location": {
          "x": 0.5,
          "y": 4.21
        },
        "dimensions": {
          "width": 0.89,
          "height": 0.27
        }
      },
      {
        "type": "Window",
        "id": 6,
        "location": {
          "x": 0.17,
          "y": 3.63
        },
        "dimensions": {
          "width": 0.6,
          "height": 0.15
        }
      },
      {
        "type": "Window",
        "id": 7,
        "location": {
          "x": 0.78,
          "y": 3.4
        },
        "dimensions": {
          "width": 0.38,
          "height": 0.15
        }
      },
      {
        "type": "Door",
        "id": 8,
        "location": {
          "x": 0.01,
          "y": 3.4
        },
        "dimensions": {
          "width": 0.15,
          "height": 0.15
        }
      },
      {
        "type": "Window",
        "id": 9,
        "location": {
          "x": 1.94,
          "y": 3.34
        },
        "dimensions": {
          "width": 6.93,
          "height": 1.76
        }
      },
      {
        "type": "Door",
        "id": 10,
        "location": {
          "x": 0.96,
          "y": 2.96
        },
        "dimensions": {
          "width": 0.16,
          "height": 0.15
        }
      },
      {
        "type": "Window",
        "id": 11,
        "location": {
          "x": 0.64,
          "y": 2.96
        },
        "dimensions": {
          "width": 0.31,
          "height": 0.15
        }
      },
      {
        "type": "Window",
        "id": 12,
        "location": {
          "x": 0.3,
          "y": 2.96
        },
        "dimensions": {
          "width": 0.32,
          "height": 0.15
        }
      },
      {
        "type": "Door",
        "id": 13,
        "location": {
          "x": 0.14,
          "y": 2.95
        },
        "dimensions": {
          "width": 0.16,
          "height": 0.15
        }
      },
      {
        "type": "Door",
        "id": 14,
        "location": {
          "x": 5.17,
          "y": 2.91
        },
        "dimensions": {
          "width": 0.16,
          "height": 0.15
        }
      },
      {
        "type": "Door",
        "id": 15,
        "location": {
          "x": 4.98,
          "y": 2.91
        },
        "dimensions": {
          "width": 0.17,
          "height": 0.15
        }
      },
      {
        "type": "Door",
        "id": 16,
        "location": {
          "x": 6.64,
          "y": 2.83
        },
        "dimensions": {
          "width": 0.07,
          "height": 0.3
        }
      },
      {
        "type": "Door",
        "id": 17,
        "location": {
          "x": 2.03,
          "y": 2.81
        },
        "dimensions": {
          "width": 0.34,
          "height": 0.45
        }
      },
      {
        "type": "Door",
        "id": 18,
        "location": {
          "x": 8.29,
          "y": 2.5
        },
        "dimensions": {
          "width": 0.16,
          "height": 0.16
        }
      },
      {
        "type": "Door",
        "id": 19,
        "location": {
          "x": 5.21,
          "y": 2.5
        },
        "dimensions": {
          "width": 0.17,
          "height": 0.14
        }
      },
      {
        "type": "Door",
        "id": 20,
        "location": {
          "x": 7.77,
          "y": 2.27
        },
        "dimensions": {
          "width": 0.16,
          "height": 0.15
        }
      },
      {
        "type": "Door",
        "id": 21,
        "location": {
          "x": 5.27,
          "y": 2.27
        },
        "dimensions": {
          "width": 0.15,
          "height": 0.15
        }
      },
      {
        "type": "Door",
        "id": 22,
        "location": {
          "x": 0.31,
          "y": 2.21
        },
        "dimensions": {
          "width": 0.17,
          "height": 0.15
        }
      },
      {
        "type": "Door",
        "id": 23,
        "location": {
          "x": 2.6,
          "y": 1.94
        },
        "dimensions": {
          "width": 0.13,
          "height": 0.19
        }
      },
      {
        "type": "Door",
        "id": 24,
        "location": {
          "x": 3.14,
          "y": 1.9
        },
        "dimensions": {
          "width": 0.09,
          "height": 0.26
        }
      },
      {
        "type": "Door",
        "id": 25,
        "location": {
          "x": 5.54,
          "y": 1.88
        },
        "dimensions": {
          "width": 0.2,
          "height": 0.27
        }
      },
      {
        "type": "Door",
        "id": 26,
        "location": {
          "x": 5.02,
          "y": 1.88
        },
        "dimensions": {
          "width": 0.2,
          "height": 0.27
        }
      },
      {
        "type": "Door",
        "id": 27,
        "location": {
          "x": 7.59,
          "y": 1.86
        },
        "dimensions": {
          "width": 0.42,
          "height": 0.29
        }
      },
      {
        "type": "Door",
        "id": 28,
        "location": {
          "x": 2.03,
          "y": 1.76
        },
        "dimensions": {
          "width": 0.23,
          "height": 1.04
        }
      },
      {
        "type": "Door",
        "id": 29,
        "location": {
          "x": 0.96,
          "y": 1.59
        },
        "dimensions": {
          "width": 0.16,
          "height": 0.15
        }
      },
      {
        "type": "Door",
        "id": 30,
        "location": {
          "x": 0.79,
          "y": 1.59
        },
        "dimensions": {
          "width": 0.16,
          "height": 0.15
        }
      },
      {
        "type": "Window",
        "id": 31,
        "location": {
          "x": 0.3,
          "y": 1.59
        },
        "dimensions": {
          "width": 0.32,
          "height": 0.15
        }
      },
      {
        "type": "Door",
        "id": 32,
        "location": {
          "x": 0.0,
          "y": 1.59
        },
        "dimensions": {
          "width": 0.29,
          "height": 0.15
        }
      },
      {
        "type": "Door",
        "id": 33,
        "location": {
          "x": 2.03,
          "y": 1.57
        },
        "dimensions": {
          "width": 0.34,
          "height": 0.18
        }
      },
      {
        "type": "Door",
        "id": 34,
        "location": {
          "x": 3.82,
          "y": 1.51
        },
        "dimensions": {
          "width": 0.57,
          "height": 1.83
        }
      },
      {
        "type": "Door",
        "id": 35,
        "location": {
          "x": 1.94,
          "y": 1.45
        },
        "dimensions": {
          "width": 1.51,
          "height": 1.89
        }
      },
      {
        "type": "Door",
        "id": 36,
        "location": {
          "x": 10.05,
          "y": 1.12
        },
        "dimensions": {
          "width": 0.17,
          "height": 0.15
        }
      },
      {
        "type": "Door",
        "id": 37,
        "location": {
          "x": 0.85,
          "y": 0.76
        },
        "dimensions": {
          "width": 0.22,
          "height": 0.26
        }
      },
      {
        "type": "Door",
        "id": 38,
        "location": {
          "x": 9.4,
          "y": 0.74
        },
        "dimensions": {
          "width": 0.45,
          "height": 0.26
        }
      },
      {
        "type": "Door",
        "id": 39,
        "location": {
          "x": 0.66,
          "y": 0.73
        },
        "dimensions": {
          "width": 0.19,
          "height": 0.29
        }
      },
      {
        "type": "Door",
        "id": 40,
        "location": {
          "x": 7.56,
          "y": 0.63
        },
        "dimensions": {
          "width": 0.16,
          "height": 0.34
        }
      },
      {
        "type": "Door",
        "id": 41,
        "location": {
          "x": 4.4,
          "y": 0.63
        },
        "dimensions": {
          "width": 4.56,
          "height": 4.47
        }
      },
      {
        "type": "Door",
        "id": 42,
        "location": {
          "x": 6.62,
          "y": 0.63
        },
        "dimensions": {
          "width": 0.23,
          "height": 0.34
        }
      },
      {
        "type": "Door",
        "id": 43,
        "location": {
          "x": 5.87,
          "y": 0.63
        },
        "dimensions": {
          "width": 0.22,
          "height": 0.34
        }
      },
      {
        "type": "Door",
        "id": 44,
        "location": {
          "x": 5.7,
          "y": 0.63
        },
        "dimensions": {
          "width": 0.16,
          "height": 0.34
        }
      },
      {
        "type": "Window",
        "id": 45,
        "location": {
          "x": 1.95,
          "y": 0.55
        },
        "dimensions": {
          "width": 2.59,
          "height": 0.48
        }
      },
      {
        "type": "Window",
        "id": 46,
        "location": {
          "x": 4.99,
          "y": 0.54
        },
        "dimensions": {
          "width": 3.97,
          "height": 1.02
        }
      },
      {
        "type": "Door",
        "id": 47,
        "location": {
          "x": 0.94,
          "y": 0.12
        },
        "dimensions": {
          "width": 8.41,
          "height": 5.69
        }
      },
      {
        "type": "Door",
        "id": 48,
        "location": {
          "x": 5.29,
          "y": 0.0
        },
        "dimensions": {
          "width": 0.24,
          "height": 0.26
        }
      }
    ]
  }
}