{
  "floorPlan": {
    "name": "Floor Plan 23_6.jpg",
    "units": "feet",
    "totalArea": 80.81,
    "totalRooms": 21,
    "rooms": [
      {
        "id": 1,
        "name": "ERONL PORCH",
        "shape": "Irregular",
        "dimensions": {
          "width": 0.71,
          "length": 0.34,
          "height": 0.57
        },
        "position": {
          "x": 3.35,
          "y": 12.54
        },
        "windows": [],
        "doors": [
          {
            "type": "Door",
            "id": 12,
            "location": {
              "x": 3.38,
              "y": 12.58
            },
            "dimensions": {
              "width": 0.23,
              "height": 0.24
            }
          }
        ],
        "connected_to": [
          2
        ]
      },
      {
        "id": 2,
        "name": "ERONL PORCH",
        "shape": "Irregular",
        "dimensions": {
          "width": 1.19,
          "length": 0.34,
          "height": 0.95
        },
        "position": {
          "x": 2.2,
          "y": 12.54
        },
        "windows": [],
        "doors": [
          {
            "type": "Door",
            "id": 12,
            "location": {
              "x": 3.38,
              "y": 12.58
            },
            "dimensions": {
              "width": 0.23,
              "height": 0.24
            }
          }
        ],
        "connected_to": [
          1
        ]
      },
      {
        "id": 3,
        "name": "Room_3",
        "shape": "Rectangle",
        "dimensions": {
          "width": 1.14,
          "length": 0.13,
          "height": 0.91
        },
        "position": {
          "x": 7.21,
          "y": 12.05
        },
        "windows": [],
        "doors": [],
        "connected_to": []
      },
      {
        "id": 4,
        "name": "Room_4",
        "shape": "Hexagon",
        "dimensions": {
          "width": 0.91,
          "length": 0.72,
          "height": 0.73
        },
        "position": {
          "x": 0.25,
          "y": 11.46
        },
        "windows": [
          {
            "type": "Window",
            "id": 15,
            "location": {
              "x": 0.7,
              "y": 12.17
            },
            "dimensions": {
              "width": 4.64,
              "height": 2.03
            }
          },
          {
            "type": "Window",
            "id": 16,
            "location": {
              "x": 1.02,
              "y": 12.08
            },
            "dimensions": {
              "width": 1.89,
              "height": 0.13
            }
          }
        ],
        "doors": [],
        "connected_to": []
      },
      {
        "id": 5,
        "name": "BEDROOM2",
        "shape": "Irregular",
        "dimensions": {
          "width": 1.86,
          "length": 0.35,
          "height": 1.49
        },
        "position": {
          "x": 7.22,
          "y": 9.83
        },
        "windows": [],
        "doors": [],
        "connected_to": []
      },
      {
        "id": 6,
        "name": "LIYING",
        "shape": "Irregular",
        "dimensions": {
          "width": 1.41,
          "length": 0.34,
          "height": 1.13
        },
        "position": {
          "x": 2.3,
          "y": 9.48
        },
        "windows": [],
        "doors": [],
        "connected_to": []
      },
      {
        "id": 7,
        "name": "Room_7",
        "shape": "Rectangle",
        "dimensions": {
          "width": 0.14,
          "length": 1.66,
          "height": 1.33
        },
        "position": {
          "x": 0.25,
          "y": 8.97
        },
        "windows": [],
        "doors": [],
        "connected_to": []
      },
      {
        "id": 8,
        "name": "Room_8",
        "shape": "Pentagon",
        "dimensions": {
          "width": 1.86,
          "length": 3.99,
          "height": 3.19
        },
        "position": {
          "x": 4.52,
          "y": 8.19
        },
        "windows": [],
        "doors": [
          {
            "type": "Door",
            "id": 20,
            "location": {
              "x": 4.56,
              "y": 10.89
            },
            "dimensions": {
              "width": 0.27,
              "height": 0.33
            }
          },
          {
            "type": "Door",
            "id": 22,
            "location": {
              "x": 4.79,
              "y": 10.31
            },
            "dimensions": {
              "width": 0.04,
              "height": 0.51
            }
          },
          {
            "type": "Door",
            "id": 29,
            "location": {
              "x": 4.79,
              "y": 9.73
            },
            "dimensions": {
              "width": 0.04,
              "height": 0.51
            }
          },
          {
            "type": "Door",
            "id": 31,
            "location": {
              "x": 4.79,
              "y": 9.15
            },
            "dimensions": {
              "width": 0.04,
              "height": 0.51
            }
          },
          {
            "type": "Door",
            "id": 32,
            "location": {
              "x": 4.79,
              "y": 8.58
            },
            "dimensions": {
              "width": 0.04,
              "height": 0.51
            }
          },
          {
            "type": "Door",
            "id": 36,
            "location": {
              "x": 4.56,
              "y": 8.35
            },
            "dimensions": {
              "width": 0.27,
              "height": 0.16
            }
          }
        ],
        "connected_to": []
      },
      {
        "id": 9,
        "name": "WD",
        "shape": "Irregular",
        "dimensions": {
          "width": 2.11,
          "length": 1.53,
          "height": 1.69
        },
        "position": {
          "x": 6.78,
          "y": 7.17
        },
        "windows": [],
        "doors": [],
        "connected_to": []
      },
      {
        "id": 10,
        "name": "Room_10",
        "shape": "Rectangle",
        "dimensions": {
          "width": 0.13,
          "length": 1.01,
          "height": 0.81
        },
        "position": {
          "x": 0.25,
          "y": 7.13
        },
        "windows": [],
        "doors": [],
        "connected_to": []
      },
      {
        "id": 11,
        "name": "Room_11",
        "shape": "Octagon",
        "dimensions": {
          "width": 0.73,
          "length": 5.21,
          "height": 4.17
        },
        "position": {
          "x": 9.18,
          "y": 6.97
        },
        "windows": [],
        "doors": [],
        "connected_to": []
      },
      {
        "id": 12,
        "name": "8-6x3-8",
        "shape": "Irregular",
        "dimensions": {
          "width": 3.06,
          "length": 2.71,
          "height": 2.45
        },
        "position": {
          "x": 6.78,
          "y": 3.74
        },
        "windows": [],
        "doors": [
          {
            "type": "Door",
            "id": 54,
            "location": {
              "x": 9.12,
              "y": 5.92
            },
            "dimensions": {
              "width": 0.17,
              "height": 0.15
            }
          },
          {
            "type": "Door",
            "id": 55,
            "location": {
              "x": 9.44,
              "y": 5.76
            },
            "dimensions": {
              "width": 0.29,
              "height": 1.48
            }
          },
          {
            "type": "Door",
            "id": 66,
            "location": {
              "x": 9.23,
              "y": 4.27
            },
            "dimensions": {
              "width": 0.4,
              "height": 0.07
            }
          }
        ],
        "connected_to": [
          16,
          18
        ]
      },
      {
        "id": 13,
        "name": "Room_13",
        "shape": "Irregular",
        "dimensions": {
          "width": 0.35,
          "length": 0.88,
          "height": 0.7
        },
        "position": {
          "x": 7.99,
          "y": 3.01
        },
        "windows": [],
        "doors": [],
        "connected_to": []
      },
      {
        "id": 14,
        "name": "Room_14",
        "shape": "Irregular",
        "dimensions": {
          "width": 0.35,
          "length": 0.98,
          "height": 0.78
        },
        "position": {
          "x": 7.99,
          "y": 2.12
        },
        "windows": [],
        "doors": [],
        "connected_to": []
      },
      {
        "id": 15,
        "name": "REARPORCH",
        "shape": "Irregular",
        "dimensions": {
          "width": 1.11,
          "length": 0.35,
          "height": 0.89
        },
        "position": {
          "x": 1.16,
          "y": 1.89
        },
        "windows": [],
        "doors": [],
        "connected_to": []
      },
      {
        "id": 16,
        "name": "Room_16",
        "shape": "Rectangle",
        "dimensions": {
          "width": 0.99,
          "length": 2.63,
          "height": 2.1
        },
        "position": {
          "x": 8.81,
          "y": 1.74
        },
        "windows": [],
        "doors": [
          {
            "type": "Door",
            "id": 66,
            "location": {
              "x": 9.23,
              "y": 4.27
            },
            "dimensions": {
              "width": 0.4,
              "height": 0.07
            }
          },
          {
            "type": "Door",
            "id": 72,
            "location": {
              "x": 9.1,
              "y": 2.41
            },
            "dimensions": {
              "width": 0.62,
              "height": 1.83
            }
          }
        ],
        "connected_to": [
          18,
          12
        ]
      },
      {
        "id": 17,
        "name": "3",
        "shape": "Irregular",
        "dimensions": {
          "width": 0.88,
          "length": 1.11,
          "height": 0.89
        },
        "position": {
          "x": 8.97,
          "y": 0.43
        },
        "windows": [],
        "doors": [],
        "connected_to": []
      },
      {
        "id": 18,
        "name": "Room_18",
        "shape": "Hexagon",
        "dimensions": {
          "width": 2.84,
          "length": 5.75,
          "height": 4.6
        },
        "position": {
          "x": 7.07,
          "y": 0.28
        },
        "windows": [],
        "doors": [
          {
            "type": "Door",
            "id": 54,
            "location": {
              "x": 9.12,
              "y": 5.92
            },
            "dimensions": {
              "width": 0.17,
              "height": 0.15
            }
          },
          {
            "type": "Door",
            "id": 55,
            "location": {
              "x": 9.44,
              "y": 5.76
            },
            "dimensions": {
              "width": 0.29,
              "height": 1.48
            }
          },
          {
            "type": "Door",
            "id": 66,
            "location": {
              "x": 9.23,
              "y": 4.27
            },
            "dimensions": {
              "width": 0.4,
              "height": 0.07
            }
          },
          {
            "type": "Door",
            "id": 72,
            "location": {
              "x": 9.1,
              "y": 2.41
            },
            "dimensions": {
              "width": 0.62,
              "height": 1.83
            }
          },
          {
            "type": "Door",
            "id": 78,
            "location": {
              "x": 8.61,
              "y": 1.07
            },
            "dimensions": {
              "width": 0.22,
              "height": 0.17
            }
          },
          {
            "type": "Door",
            "id": 79,
            "location": {
              "x": 8.44,
              "y": 1.06
            },
            "dimensions": {
              "width": 0.17,
              "height": 0.18
            }
          },
          {
            "type": "Door",
            "id": 80,
            "location": {
              "x": 8.13,
              "y": 1.06
            },
            "dimensions": {
              "width": 0.14,
              "height": 0.18
            }
          },
          {
            "type": "Door",
            "id": 81,
            "location": {
              "x": 8.82,
              "y": 0.81
            },
            "dimensions": {
              "width": 0.12,
              "height": 0.18
            }
          },
          {
            "type": "Door",
            "id": 82,
            "location": {
              "x": 8.45,
              "y": 0.81
            },
            "dimensions": {
              "width": 0.36,
              "height": 0.18
            }
          },
          {
            "type": "Door",
            "id": 83,
            "location": {
              "x": 8.76,
              "y": 0.56
            },
            "dimensions": {
              "width": 0.17,
              "height": 0.18
            }
          },
          {
            "type": "Door",
            "id": 84,
            "location": {
              "x": 8.48,
              "y": 0.56
            },
            "dimensions": {
              "width": 0.14,
              "height": 0.18
            }
          }
        ],
        "connected_to": [
          16,
          19,
          12
        ]
      },
      {
        "id": 19,
        "name": "SHOWER",
        "shape": "Hexagon",
        "dimensions": {
          "width": 0.93,
          "length": 2.63,
          "height": 2.1
        },
        "position": {
          "x": 7.42,
          "y": 0.28
        },
        "windows": [],
        "doors": [
          {
            "type": "Door",
            "id": 80,
            "location": {
              "x": 8.13,
              "y": 1.06
            },
            "dimensions": {
              "width": 0.14,
              "height": 0.18
            }
          }
        ],
        "connected_to": [
          18
        ]
      },
      {
        "id": 20,
        "name": "Room_20",
        "shape": "Rectangle",
        "dimensions": {
          "width": 1.68,
          "length": 0.13,
          "height": 1.34
        },
        "position": {
          "x": 4.91,
          "y": 0.28
        },
        "windows": [],
        "doors": [],
        "connected_to": []
      },
      {
        "id": 21,
        "name": "Room_21",
        "shape": "Irregular",
        "dimensions": {
          "width": 4.52,
          "length": 6.97,
          "height": 5.58
        },
        "position": {
          "x": 1.43,
          "y": 0.28
        },
        "windows": [],
        "doors": [
          {
            "type": "Door",
            "id": 42,
            "location": {
              "x": 5.11,
              "y": 6.66
            },
            "dimensions": {
              "width": 0.17,
              "height": 0.15
            }
          },
          {
            "type": "Door",
            "id": 47,
            "location": {
              "x": 3.91,
              "y": 6.37
            },
            "dimensions": {
              "width": 0.17,
              "height": 0.14
            }
          },
          {
            "type": "Door",
            "id": 49,
            "location": {
              "x": 1.64,
              "y": 6.16
            },
            "dimensions": {
              "width": 2.17,
              "height": 1.16
            }
          },
          {
            "type": "Door",
            "id": 50,
            "location": {
              "x": 3.17,
              "y": 6.0
            },
            "dimensions": {
              "width": 0.44,
              "height": 0.17
            }
          },
          {
            "type": "Door",
            "id": 52,
            "location": {
              "x": 2.0,
              "y": 5.96
            },
            "dimensions": {
              "width": 0.21,
              "height": 0.18
            }
          },
          {
            "type": "Door",
            "id": 53,
            "location": {
              "x": 1.85,
              "y": 5.96
            },
            "dimensions": {
              "width": 0.14,
              "height": 0.17
            }
          },
          {
            "type": "Door",
            "id": 57,
            "location": {
              "x": 1.87,
              "y": 5.42
            },
            "dimensions": {
              "width": 0.16,
              "height": 0.16
            }
          },
          {
            "type": "Door",
            "id": 58,
            "location": {
              "x": 3.03,
              "y": 5.41
            },
            "dimensions": {
              "width": 0.32,
              "height": 0.18
            }
          },
          {
            "type": "Door",
            "id": 59,
            "location": {
              "x": 2.89,
              "y": 5.41
            },
            "dimensions": {
              "width": 0.13,
              "height": 0.17
            }
          },
          {
            "type": "Door",
            "id": 60,
            "location": {
              "x": 2.44,
              "y": 5.41
            },
            "dimensions": {
              "width": 0.16,
              "height": 0.18
            }
          },
          {
            "type": "Door",
            "id": 61,
            "location": {
              "x": 2.28,
              "y": 5.41
            },
            "dimensions": {
              "width": 0.15,
              "height": 0.18
            }
          },
          {
            "type": "Door",
            "id": 63,
            "location": {
              "x": 2.59,
              "y": 5.16
            },
            "dimensions": {
              "width": 0.16,
              "height": 0.18
            }
          },
          {
            "type": "Door",
            "id": 64,
            "location": {
              "x": 2.33,
              "y": 4.4
            },
            "dimensions": {
              "width": 0.79,
              "height": 0.65
            }
          },
          {
            "type": "Door",
            "id": 65,
            "location": {
              "x": 3.13,
              "y": 4.37
            },
            "dimensions": {
              "width": 2.53,
              "height": 1.68
            }
          },
          {
            "type": "Door",
            "id": 67,
            "location": {
              "x": 1.57,
              "y": 2.72
            },
            "dimensions": {
              "width": 0.15,
              "height": 0.2
            }
          },
          {
            "type": "Door",
            "id": 69,
            "location": {
              "x": 2.24,
              "y": 2.71
            },
            "dimensions": {
              "width": 0.2,
              "height": 0.21
            }
          },
          {
            "type": "Door",
            "id": 70,
            "location": {
              "x": 1.89,
              "y": 2.71
            },
            "dimensions": {
              "width": 0.19,
              "height": 0.21
            }
          },
          {
            "type": "Door",
            "id": 71,
            "location": {
              "x": 1.97,
              "y": 2.42
            },
            "dimensions": {
              "width": 0.17,
              "height": 0.19
            }
          },
          {
            "type": "Door",
            "id": 73,
            "location": {
              "x": 2.74,
              "y": 2.35
            },
            "dimensions": {
              "width": 0.18,
              "height": 0.26
            }
          },
          {
            "type": "Door",
            "id": 74,
            "location": {
              "x": 2.43,
              "y": 2.35
            },
            "dimensions": {
              "width": 0.18,
              "height": 0.27
            }
          },
          {
            "type": "Door",
            "id": 75,
            "location": {
              "x": 1.69,
              "y": 2.35
            },
            "dimensions": {
              "width": 0.17,
              "height": 0.27
            }
          },
          {
            "type": "Door",
            "id": 77,
            "location": {
              "x": 2.28,
              "y": 1.93
            },
            "dimensions": {
              "width": 0.23,
              "height": 0.24
            }
          },
          {
            "type": "Door",
            "id": 85,
            "location": {
              "x": 1.69,
              "y": 0.4
            },
            "dimensions": {
              "width": 8.09,
              "height": 11.76
            }
          }
        ],
        "connected_to": []
      }
    ],
    "doorsAndWindows": [
      {
        "type": "Door",
        "id": 1,
        "location": {
          "x": 3.32,
          "y": 13.36
        },
        "dimensions": {
          "width": 0.18,
          "height": 0.2
        }
      },
      {
        "type": "Door",
        "id": 2,
        "location": {
          "x": 3.04,
          "y": 13.36
        },
        "dimensions": {
          "width": 0.21,
          "height": 0.2
        }
      },
      {
        "type": "Door",
        "id": 3,
        "location": {
          "x": 2.86,
          "y": 13.36
        },
        "dimensions": {
          "width": 0.2,
          "height": 0.21
        }
      },
      {
        "type": "Door",
        "id": 4,
        "location": {
          "x": 2.69,
          "y": 13.36
        },
        "dimensions": {
          "width": 0.2,
          "height": 0.2
        }
      },
      {
        "type": "Door",
        "id": 5,
        "location": {
          "x": 2.48,
          "y": 13.36
        },
        "dimensions": {
          "width": 0.22,
          "height": 0.2
        }
      },
      {
        "type": "Door",
        "id": 6,
        "location": {
          "x": 2.15,
          "y": 13.36
        },
        "dimensions": {
          "width": 0.18,
          "height": 0.2
        }
      },
      {
        "type": "Door",
        "id": 7,
        "location": {
          "x": 3.12,
          "y": 13.07
        },
        "dimensions": {
          "width": 0.18,
          "height": 0.19
        }
      },
      {
        "type": "Door",
        "id": 8,
        "location": {
          "x": 3.71,
          "y": 13.0
        },
        "dimensions": {
          "width": 0.18,
          "height": 0.26
        }
      },
      {
        "type": "Door",
        "id": 9,
        "location": {
          "x": 3.4,
          "y": 13.0
        },
        "dimensions": {
          "width": 0.18,
          "height": 0.27
        }
      },
      {
        "type": "Door",
        "id": 10,
        "location": {
          "x": 2.84,
          "y": 13.0
        },
        "dimensions": {
          "width": 0.18,
          "height": 0.26
        }
      },
      {
        "type": "Door",
        "id": 11,
        "location": {
          "x": 2.34,
          "y": 12.99
        },
        "dimensions": {
          "width": 0.18,
          "height": 0.27
        }
      },
      {
        "type": "Door",
        "id": 12,
        "location": {
          "x": 3.38,
          "y": 12.58
        },
        "dimensions": {
          "width": 0.23,
          "height": 0.24
        }
      },
      {
        "type": "Door",
        "id": 13,
        "location": {
          "x": 2.06,
          "y": 12.58
        },
        "dimensions": {
          "width": 0.23,
          "height": 0.24
        }
      },
      {
        "type": "Window",
        "id": 14,
        "location": {
          "x": 1.43,
          "y": 12.53
        },
        "dimensions": {
          "width": 3.18,
          "height": 0.36
        }
      },
      {
        "type": "Window",
        "id": 15,
        "location": {
          "x": 0.7,
          "y": 12.17
        },
        "dimensions": {
          "width": 4.64,
          "height": 2.03
        }
      },
      {
        "type": "Window",
        "id": 16,
        "location": {
          "x": 1.02,
          "y": 12.08
        },
        "dimensions": {
          "width": 1.89,
          "height": 0.13
        }
      },
      {
        "type": "Door",
        "id": 17,
        "location": {
          "x": 3.09,
          "y": 11.3
        },
        "dimensions": {
          "width": 0.19,
          "height": 0.19
        }
      },
      {
        "type": "Door",
        "id": 18,
        "location": {
          "x": 3.34,
          "y": 11.28
        },
        "dimensions": {
          "width": 0.17,
          "height": 0.21
        }
      },
      {
        "type": "Door",
        "id": 19,
        "location": {
          "x": 2.25,
          "y": 11.09
        },
        "dimensions": {
          "width": 0.51,
          "height": 0.13
        }
      },
      {
        "type": "Door",
        "id": 20,
        "location": {
          "x": 4.56,
          "y": 10.89
        },
        "dimensions": {
          "width": 0.27,
          "height": 0.33
        }
      },
      {
        "type": "Door",
        "id": 21,
        "location": {
          "x": 1.21,
          "y": 10.89
        },
        "dimensions": {
          "width": 0.4,
          "height": 0.33
        }
      },
      {
        "type": "Door",
        "id": 22,
        "location": {
          "x": 4.79,
          "y": 10.31
        },
        "dimensions": {
          "width": 0.04,
          "height": 0.51
        }
      },
      {
        "type": "Door",
        "id": 23,
        "location": {
          "x": 2.83,
          "y": 10.01
        },
        "dimensions": {
          "width": 0.18,
          "height": 0.18
        }
      },
      {
        "type": "Door",
        "id": 24,
        "location": {
          "x": 3.3,
          "y": 9.94
        },
        "dimensions": {
          "width": 0.18,
          "height": 0.26
        }
      },
      {
        "type": "Door",
        "id": 25,
        "location": {
          "x": 3.81,
          "y": 9.93
        },
        "dimensions": {
          "width": 0.17,
          "height": 0.27
        }
      },
      {
        "type": "Door",
        "id": 26,
        "location": {
          "x": 2.55,
          "y": 9.93
        },
        "dimensions": {
          "width": 0.18,
          "height": 0.28
        }
      },
      {
        "type": "Door",
        "id": 27,
        "location": {
          "x": 2.09,
          "y": 9.93
        },
        "dimensions": {
          "width": 0.09,
          "height": 0.27
        }
      },
      {
        "type": "Door",
        "id": 28,
        "location": {
          "x": 1.25,
          "y": 9.91
        },
        "dimensions": {
          "width": 0.19,
          "height": 0.16
        }
      },
      {
        "type": "Door",
        "id": 29,
        "location": {
          "x": 4.79,
          "y": 9.73
        },
        "dimensions": {
          "width": 0.04,
          "height": 0.51
        }
      },
      {
        "type": "Door",
        "id": 30,
        "location": {
          "x": 1.21,
          "y": 9.73
        },
        "dimensions": {
          "width": 0.22,
          "height": 0.7
        }
      },
      {
        "type": "Door",
        "id": 31,
        "location": {
          "x": 4.79,
          "y": 9.15
        },
        "dimensions": {
          "width": 0.04,
          "height": 0.51
        }
      },
      {
        "type": "Door",
        "id": 32,
        "location": {
          "x": 4.79,
          "y": 8.58
        },
        "dimensions": {
          "width": 0.04,
          "height": 0.51
        }
      },
      {
        "type": "Door",
        "id": 33,
        "location": {
          "x": 1.21,
          "y": 8.58
        },
        "dimensions": {
          "width": 0.04,
          "height": 0.51
        }
      },
      {
        "type": "Door",
        "id": 34,
        "location": {
          "x": 2.47,
          "y": 8.5
        },
        "dimensions": {
          "width": 0.15,
          "height": 0.18
        }
      },
      {
        "type": "Door",
        "id": 35,
        "location": {
          "x": 2.72,
          "y": 8.49
        },
        "dimensions": {
          "width": 0.17,
          "height": 0.19
        }
      },
      {
        "type": "Door",
        "id": 36,
        "location": {
          "x": 4.56,
          "y": 8.35
        },
        "dimensions": {
          "width": 0.27,
          "height": 0.16
        }
      },
      {
        "type": "Door",
        "id": 37,
        "location": {
          "x": 2.66,
          "y": 8.08
        },
        "dimensions": {
          "width": 0.17,
          "height": 0.19
        }
      },
      {
        "type": "Door",
        "id": 38,
        "location": {
          "x": 2.42,
          "y": 8.08
        },
        "dimensions": {
          "width": 0.15,
          "height": 0.18
        }
      },
      {
        "type": "Door",
        "id": 39,
        "location": {
          "x": 6.51,
          "y": 7.61
        },
        "dimensions": {
          "width": 0.2,
          "height": 0.16
        }
      },
      {
        "type": "Door",
        "id": 40,
        "location": {
          "x": 6.5,
          "y": 7.33
        },
        "dimensions": {
          "width": 0.21,
          "height": 0.19
        }
      },
      {
        "type": "Door",
        "id": 41,
        "location": {
          "x": 6.5,
          "y": 6.97
        },
        "dimensions": {
          "width": 0.21,
          "height": 0.2
        }
      },
      {
        "type": "Door",
        "id": 42,
        "location": {
          "x": 5.11,
          "y": 6.66
        },
        "dimensions": {
          "width": 0.17,
          "height": 0.15
        }
      },
      {
        "type": "Door",
        "id": 43,
        "location": {
          "x": 9.12,
          "y": 6.65
        },
        "dimensions": {
          "width": 0.17,
          "height": 0.16
        }
      },
      {
        "type": "Door",
        "id": 44,
        "location": {
          "x": 6.51,
          "y": 6.6
        },
        "dimensions": {
          "width": 0.22,
          "height": 0.22
        }
      },
      {
        "type": "Door",
        "id": 45,
        "location": {
          "x": 6.07,
          "y": 6.56
        },
        "dimensions": {
          "width": 0.35,
          "height": 1.1
        }
      },
      {
        "type": "Door",
        "id": 46,
        "location": {
          "x": 7.03,
          "y": 6.53
        },
        "dimensions": {
          "width": 0.39,
          "height": 0.64
        }
      },
      {
        "type": "Door",
        "id": 47,
        "location": {
          "x": 3.91,
          "y": 6.37
        },
        "dimensions": {
          "width": 0.17,
          "height": 0.14
        }
      },
      {
        "type": "Door",
        "id": 48,
        "location": {
          "x": 1.0,
          "y": 6.34
        },
        "dimensions": {
          "width": 0.21,
          "height": 0.23
        }
      },
      {
        "type": "Door",
        "id": 49,
        "location": {
          "x": 1.64,
          "y": 6.16
        },
        "dimensions": {
          "width": 2.17,
          "height": 1.16
        }
      },
      {
        "type": "Door",
        "id": 50,
        "location": {
          "x": 3.17,
          "y": 6.0
        },
        "dimensions": {
          "width": 0.44,
          "height": 0.17
        }
      },
      {
        "type": "Door",
        "id": 51,
        "location": {
          "x": 1.28,
          "y": 5.99
        },
        "dimensions": {
          "width": 0.19,
          "height": 0.19
        }
      },
      {
        "type": "Door",
        "id": 52,
        "location": {
          "x": 2.0,
          "y": 5.96
        },
        "dimensions": {
          "width": 0.21,
          "height": 0.18
        }
      },
      {
        "type": "Door",
        "id": 53,
        "location": {
          "x": 1.85,
          "y": 5.96
        },
        "dimensions": {
          "width": 0.14,
          "height": 0.17
        }
      },
      {
        "type": "Door",
        "id": 54,
        "location": {
          "x": 9.12,
          "y": 5.92
        },
        "dimensions": {
          "width": 0.17,
          "height": 0.15
        }
      },
      {
        "type": "Door",
        "id": 55,
        "location": {
          "x": 9.44,
          "y": 5.76
        },
        "dimensions": {
          "width": 0.29,
          "height": 1.48
        }
      },
      {
        "type": "Door",
        "id": 56,
        "location": {
          "x": 0.99,
          "y": 5.52
        },
        "dimensions": {
          "width": 0.21,
          "height": 0.14
        }
      },
      {
        "type": "Door",
        "id": 57,
        "location": {
          "x": 1.87,
          "y": 5.42
        },
        "dimensions": {
          "width": 0.16,
          "height": 0.16
        }
      },
      {
        "type": "Door",
        "id": 58,
        "location": {
          "x": 3.03,
          "y": 5.41
        },
        "dimensions": {
          "width": 0.32,
          "height": 0.18
        }
      },
      {
        "type": "Door",
        "id": 59,
        "location": {
          "x": 2.89,
          "y": 5.41
        },
        "dimensions": {
          "width": 0.13,
          "height": 0.17
        }
      },
      {
        "type": "Door",
        "id": 60,
        "location": {
          "x": 2.44,
          "y": 5.41
        },
        "dimensions": {
          "width": 0.16,
          "height": 0.18
        }
      },
      {
        "type": "Door",
        "id": 61,
        "location": {
          "x": 2.28,
          "y": 5.41
        },
        "dimensions": {
          "width": 0.15,
          "height": 0.18
        }
      },
      {
        "type": "Door",
        "id": 62,
        "location": {
          "x": 0.57,
          "y": 5.23
        },
        "dimensions": {
          "width": 0.34,
          "height": 1.78
        }
      },
      {
        "type": "Door",
        "id": 63,
        "location": {
          "x": 2.59,
          "y": 5.16
        },
        "dimensions": {
          "width": 0.16,
          "height": 0.18
        }
      },
      {
        "type": "Door",
        "id": 64,
        "location": {
          "x": 2.33,
          "y": 4.4
        },
        "dimensions": {
          "width": 0.79,
          "height": 0.65
        }
      },
      {
        "type": "Door",
        "id": 65,
        "location": {
          "x": 3.13,
          "y": 4.37
        },
        "dimensions": {
          "width": 2.53,
          "height": 1.68
        }
      },
      {
        "type": "Door",
        "id": 66,
        "location": {
          "x": 9.23,
          "y": 4.27
        },
        "dimensions": {
          "width": 0.4,
          "height": 0.07
        }
      },
      {
        "type": "Door",
        "id": 67,
        "location": {
          "x": 1.57,
          "y": 2.72
        },
        "dimensions": {
          "width": 0.15,
          "height": 0.2
        }
      },
      {
        "type": "Door",
        "id": 68,
        "location": {
          "x": 1.3,
          "y": 2.72
        },
        "dimensions": {
          "width": 0.16,
          "height": 0.2
        }
      },
      {
        "type": "Door",
        "id": 69,
        "location": {
          "x": 2.24,
          "y": 2.71
        },
        "dimensions": {
          "width": 0.2,
          "height": 0.21
        }
      },
      {
        "type": "Door",
        "id": 70,
        "location": {
          "x": 1.89,
          "y": 2.71
        },
        "dimensions": {
          "width": 0.19,
          "height": 0.21
        }
      },
      {
        "type": "Door",
        "id": 71,
        "location": {
          "x": 1.97,
          "y": 2.42
        },
        "dimensions": {
          "width": 0.17,
          "height": 0.19
        }
      },
      {
        "type": "Door",
        "id": 72,
        "location": {
          "x": 9.1,
          "y": 2.41
        },
        "dimensions": {
          "width": 0.62,
          "height": 1.83
        }
      },
      {
        "type": "Door",
        "id": 73,
        "location": {
          "x": 2.74,
          "y": 2.35
        },
        "dimensions": {
          "width": 0.18,
          "height": 0.26
        }
      },
      {
        "type": "Door",
        "id": 74,
        "location": {
          "x": 2.43,
          "y": 2.35
        },
        "dimensions": {
          "width": 0.18,
          "height": 0.27
        }
      },
      {
        "type": "Door",
        "id": 75,
        "location": {
          "x": 1.69,
          "y": 2.35
        },
        "dimensions": {
          "width": 0.17,
          "height": 0.27
        }
      },
      {
        "type": "Door",
        "id": 76,
        "location": {
          "x": 1.37,
          "y": 2.35
        },
        "dimensions": {
          "width": 0.18,
          "height": 0.26
        }
      },
      {
        "type": "Door",
        "id": 77,
        "location": {
          "x": 2.28,
          "y": 1.93
        },
        "dimensions": {
          "width": 0.23,
          "height": 0.24
        }
      },
      {
        "type": "Door",
        "id": 78,
        "location": {
          "x": 8.61,
          "y": 1.07
        },
        "dimensions": {
          "width": 0.22,
          "height": 0.17
        }
      },
      {
        "type": "Door",
        "id": 79,
        "location": {
          "x": 8.44,
          "y": 1.06
        },
        "dimensions": {
          "width": 0.17,
          "height": 0.18
        }
      },
      {
        "type": "Door",
        "id": 80,
        "location": {
          "x": 8.13,
          "y": 1.06
        },
        "dimensions": {
          "width": 0.14,
          "height": 0.18
        }
      },
      {
        "type": "Door",
        "id": 81,
        "location": {
          "x": 8.82,
          "y": 0.81
        },
        "dimensions": {
          "width": 0.12,
          "height": 0.18
        }
      },
      {
        "type": "Door",
        "id": 82,
        "location": {
          "x": 8.45,
          "y": 0.81
        },
        "dimensions": {
          "width": 0.36,
          "height": 0.18
        }
      },
      {
        "type": "Door",
        "id": 83,
        "location": {
          "x": 8.76,
          "y": 0.56
        },
        "dimensions": {
          "width": 0.17,
          "height": 0.18
        }
      },
      {
        "type": "Door",
        "id": 84,
        "location": {
          "x": 8.48,
          "y": 0.56
        },
        "dimensions": {
          "width": 0.14,
          "height": 0.18
        }
      },
      {
        "type": "Door",
        "id": 85,
        "location": {
          "x": 1.69,
          "y": 0.4
        },
        "dimensions": {
          "width": 8.09,
          "height": 11.76
        }
      },
      {
        "type": "Door",
        "id": 86,
        "location": {
          "x": 0.15,
          "y": 0.17
        },
        "dimensions": {
          "width": 9.87,
          "height": 14.05
        }
      }
    ]
  }
}