{
  "floorPlan": {
    "name": "Floor Plan 23_9.jpg",
    "units": "feet",
    "totalArea": 34.07,
    "totalRooms": 8,
    "rooms": [
      {
        "id": 1,
        "name": "Room_1",
        "shape": "Rectangle",
        "dimensions": {
          "width": 0.72,
          "length": 0.16,
          "height": 0.58
        },
        "position": {
          "x": 2.26,
          "y": 7.8
        },
        "windows": [],
        "doors": [],
        "connected_to": []
      },
      {
        "id": 2,
        "name": "Room_2",
        "shape": "Rectangle",
        "dimensions": {
          "width": 0.72,
          "length": 1.9,
          "height": 1.52
        },
        "position": {
          "x": 9.36,
          "y": 6.06
        },
        "windows": [],
        "doors": [],
        "connected_to": []
      },
      {
        "id": 3,
        "name": "GARAGE",
        "shape": "Irregular",
        "dimensions": {
          "width": 1.68,
          "length": 0.32,
          "height": 1.34
        },
        "position": {
          "x": 5.15,
          "y": 3.23
        },
        "windows": [
          {
            "type": "Window",
            "id": 16,
            "location": {
              "x": 5.15,
              "y": 3.23
            },
            "dimensions": {
              "width": 1.68,
              "height": 0.32
            }
          }
        ],
        "doors": [
          {
            "type": "Door",
            "id": 15,
            "location": {
              "x": 5.79,
              "y": 3.4
            },
            "dimensions": {
              "width": 0.21,
              "height": 0.13
            }
          }
        ],
        "connected_to": []
      },
      {
        "id": 4,
        "name": "Room_4",
        "shape": "Rectangle",
        "dimensions": {
          "width": 0.12,
          "length": 2.34,
          "height": 1.87
        },
        "position": {
          "x": 9.96,
          "y": 2.87
        },
        "windows": [],
        "doors": [],
        "connected_to": []
      },
      {
        "id": 5,
        "name": "Room_5",
        "shape": "Rectangle",
        "dimensions": {
          "width": 0.32,
          "length": 3.94,
          "height": 3.15
        },
        "position": {
          "x": 2.18,
          "y": 2.38
        },
        "windows": [
          {
            "type": "Window",
            "id": 3,
            "location": {
              "x": 2.37,
              "y": 5.11
            },
            "dimensions": {
              "width": 7.75,
              "height": 2.9
            }
          }
        ],
        "doors": [],
        "connected_to": []
      },
      {
        "id": 6,
        "name": "Room_6",
        "shape": "Rectangle",
        "dimensions": {
          "width": 3.65,
          "length": 1.91,
          "height": 2.92
        },
        "position": {
          "x": 6.43,
          "y": 0.11
        },
        "windows": [],
        "doors": [],
        "connected_to": []
      },
      {
        "id": 7,
        "name": "Room_7",
        "shape": "Irregular",
        "dimensions": {
          "width": 3.53,
          "length": 0.12,
          "height": 2.82
        },
        "position": {
          "x": 1.19,
          "y": 0.11
        },
        "windows": [],
        "doors": [],
        "connected_to": []
      },
      {
        "id": 8,
        "name": "Room_8",
        "shape": "Rectangle",
        "dimensions": {
          "width": 3.54,
          "length": 6.53,
          "height": 5.22
        },
        "position": {
          "x": 1.07,
          "y": 0.11
        },
        "windows": [
          {
            "type": "Window",
            "id": 3,
            "location": {
              "x": 2.37,
              "y": 5.11
            },
            "dimensions": {
              "width": 7.75,
              "height": 2.9
            }
          },
          {
            "type": "Window",
            "id": 17,
            "location": {
              "x": 1.21,
              "y": 3.11
            },
            "dimensions": {
              "width": 1.1,
              "height": 0.14
            }
          },
          {
            "type": "Window",
            "id": 18,
            "location": {
              "x": 1.42,
              "y": 2.83
            },
            "dimensions": {
              "width": 0.69,
              "height": 0.25
            }
          }
        ],
        "doors": [
          {
            "type": "Door",
            "id": 2,
            "location": {
              "x": 1.19,
              "y": 5.35
            },
            "dimensions": {
              "width": 1.14,
              "height": 0.95
            }
          },
          {
            "type": "Door",
            "id": 4,
            "location": {
              "x": 1.19,
              "y": 4.62
            },
            "dimensions": {
              "width": 1.14,
              "height": 0.72
            }
          },
          {
            "type": "Door",
            "id": 9,
            "location": {
              "x": 1.19,
              "y": 3.9
            },
            "dimensions": {
              "width": 1.14,
              "height": 0.71
            }
          },
          {
            "type": "Door",
            "id": 19,
            "location": {
              "x": 2.99,
              "y": 2.47
            },
            "dimensions": {
              "width": 0.33,
              "height": 0.26
            }
          }
        ],
        "connected_to": []
      }
    ],
    "doorsAndWindows": [
      {
        "type": "Window",
        "id": 1,
        "location": {
          "x": 0.95,
          "y": 7.81
        },
        "dimensions": {
          "width": 1.41,
          "height": 0.18
        }
      },
      {
        "type": "Door",
        "id": 2,
        "location": {
          "x": 1.19,
          "y": 5.35
        },
        "dimensions": {
          "width": 1.14,
          "height": 0.95
        }
      },
      {
        "type": "Window",
        "id": 3,
        "location": {
          "x": 2.37,
          "y": 5.11
        },
        "dimensions": {
          "width": 7.75,
          "height": 2.9
        }
      },
      {
        "type": "Door",
        "id": 4,
        "location": {
          "x": 1.19,
          "y": 4.62
        },
        "dimensions": {
          "width": 1.14,
          "height": 0.72
        }
      },
      {
        "type": "Door",
        "id": 5,
        "location": {
          "x": 6.15,
          "y": 3.98
        },
        "dimensions": {
          "width": 0.18,
          "height": 0.18
        }
      },
      {
        "type": "Door",
        "id": 6,
        "location": {
          "x": 5.54,
          "y": 3.98
        },
        "dimensions": {
          "width": 0.15,
          "height": 0.18
        }
      },
      {
        "type": "Door",
        "id": 7,
        "location": {
          "x": 5.3,
          "y": 3.98
        },
        "dimensions": {
          "width": 0.15,
          "height": 0.18
        }
      },
      {
        "type": "Door",
        "id": 8,
        "location": {
          "x": 5.84,
          "y": 3.97
        },
        "dimensions": {
          "width": 0.29,
          "height": 0.19
        }
      },
      {
        "type": "Door",
        "id": 9,
        "location": {
          "x": 1.19,
          "y": 3.9
        },
        "dimensions": {
          "width": 1.14,
          "height": 0.71
        }
      },
      {
        "type": "Door",
        "id": 10,
        "location": {
          "x": 5.99,
          "y": 3.71
        },
        "dimensions": {
          "width": 0.17,
          "height": 0.17
        }
      },
      {
        "type": "Door",
        "id": 11,
        "location": {
          "x": 6.69,
          "y": 3.65
        },
        "dimensions": {
          "width": 0.17,
          "height": 0.24
        }
      },
      {
        "type": "Door",
        "id": 12,
        "location": {
          "x": 6.42,
          "y": 3.65
        },
        "dimensions": {
          "width": 0.16,
          "height": 0.25
        }
      },
      {
        "type": "Door",
        "id": 13,
        "location": {
          "x": 5.74,
          "y": 3.65
        },
        "dimensions": {
          "width": 0.16,
          "height": 0.24
        }
      },
      {
        "type": "Door",
        "id": 14,
        "location": {
          "x": 5.29,
          "y": 3.65
        },
        "dimensions": {
          "width": 0.26,
          "height": 0.24
        }
      },
      {
        "type": "Door",
        "id": 15,
        "location": {
          "x": 5.79,
          "y": 3.4
        },
        "dimensions": {
          "width": 0.21,
          "height": 0.13
        }
      },
      {
        "type": "Window",
        "id": 16,
        "location": {
          "x": 5.15,
          "y": 3.23
        },
        "dimensions": {
          "width": 1.68,
          "height": 0.32
        }
      },
      {
        "type": "Window",
        "id": 17,
        "location": {
          "x": 1.21,
          "y": 3.11
        },
        "dimensions": {
          "width": 1.1,
          "height": 0.14
        }
      },
      {
        "type": "Window",
        "id": 18,
        "location": {
          "x": 1.42,
          "y": 2.83
        },
        "dimensions": {
          "width": 0.69,
          "height": 0.25
        }
      },
      {
        "type": "Door",
        "id": 19,
        "location": {
          "x": 2.99,
          "y": 2.47
        },
        "dimensions": {
          "width": 0.33,
          "height": 0.26
        }
      },
      {
        "type": "Door",
        "id": 20,
        "location": {
          "x": 0.95,
          "y": 0.07
        },
        "dimensions": {
          "width": 9.11,
          "height": 7.88
        }
      },
      {
        "type": "Door",
        "id": 21,
        "location": {
          "x": 4.62,
          "y": 0.06
        },
        "dimensions": {
          "width": 5.51,
          "height": 6.09
        }
      }
    ]
  }
}