{
  "floorPlan": {
    "name": "Floor Plan 26_11.jpg",
    "units": "feet",
    "totalArea": 76.73,
    "totalRooms": 11,
    "rooms": [
      {
        "id": 1,
        "name": "Room_1",
        "shape": "Octagon",
        "dimensions": {
          "width": 0.95,
          "length": 0.25,
          "height": 0.76
        },
        "position": {
          "x": 4.69,
          "y": 11.47
        },
        "windows": [],
        "doors": [],
        "connected_to": []
      },
      {
        "id": 2,
        "name": "Room_2",
        "shape": "Hexagon",
        "dimensions": {
          "width": 1.35,
          "length": 2.14,
          "height": 1.71
        },
        "position": {
          "x": 2.64,
          "y": 11.47
        },
        "windows": [],
        "doors": [],
        "connected_to": []
      },
      {
        "id": 3,
        "name": "Room_3",
        "shape": "Pentagon",
        "dimensions": {
          "width": 1.03,
          "length": 0.64,
          "height": 0.82
        },
        "position": {
          "x": 6.43,
          "y": 11.08
        },
        "windows": [],
        "doors": [],
        "connected_to": []
      },
      {
        "id": 4,
        "name": "Room_4",
        "shape": "Octagon",
        "dimensions": {
          "width": 3.11,
          "length": 2.59,
          "height": 2.49
        },
        "position": {
          "x": 6.43,
          "y": 9.12
        },
        "windows": [],
        "doors": [],
        "connected_to": []
      },
      {
        "id": 5,
        "name": "Room_5",
        "shape": "Irregular",
        "dimensions": {
          "width": 5.37,
          "length": 5.84,
          "height": 4.67
        },
        "position": {
          "x": 0.27,
          "y": 7.77
        },
        "windows": [],
        "doors": [],
        "connected_to": []
      },
      {
        "id": 6,
        "name": "Room_6",
        "shape": "Irregular",
        "dimensions": {
          "width": 0.75,
          "length": 0.75,
          "height": 0.6
        },
        "position": {
          "x": 5.14,
          "y": 4.92
        },
        "windows": [],
        "doors": [],
        "connected_to": []
      },
      {
        "id": 7,
        "name": "Room_7",
        "shape": "Hexagon",
        "dimensions": {
          "width": 2.51,
          "length": 1.03,
          "height": 2.01
        },
        "position": {
          "x": 1.84,
          "y": 3.62
        },
        "windows": [],
        "doors": [],
        "connected_to": []
      },
      {
        "id": 8,
        "name": "Room_8",
        "shape": "Pentagon",
        "dimensions": {
          "width": 0.38,
          "length": 3.9,
          "height": 3.12
        },
        "position": {
          "x": 5.1,
          "y": 0.23
        },
        "windows": [],
        "doors": [],
        "connected_to": []
      },
      {
        "id": 9,
        "name": "Room_9",
        "shape": "Rectangle",
        "dimensions": {
          "width": 1.47,
          "length": 0.11,
          "height": 1.18
        },
        "position": {
          "x": 2.93,
          "y": 0.23
        },
        "windows": [],
        "doors": [],
        "connected_to": []
      },
      {
        "id": 10,
        "name": "Room_10",
        "shape": "Pentagon",
        "dimensions": {
          "width": 0.68,
          "length": 2.6,
          "height": 2.08
        },
        "position": {
          "x": 1.55,
          "y": 0.23
        },
        "windows": [],
        "doors": [],
        "connected_to": []
      },
      {
        "id": 11,
        "name": "Room_11",
        "shape": "Irregular",
        "dimensions": {
          "width": 4.08,
          "length": 6.61,
          "height": 5.29
        },
        "position": {
          "x": 0.27,
          "y": 0.23
        },
        "windows": [],
        "doors": [],
        "connected_to": []
      }
    ],
    "doorsAndWindows": [
      {
        "type": "Door",
        "id": 1,
        "location": {
          "x": 0.16,
          "y": 0.1
        },
        "dimensions": {
          "width": 9.96,
          "height": 13.63
        }
      }
    ]
  }
}