{
  "floorPlan": {
    "name": "Floor Plan 26_12.jpg",
    "units": "feet",
    "totalArea": 25.67,
    "totalRooms": 8,
    "rooms": [
      {
        "id": 1,
        "name": "Text_3",
        "shape": "Hexagon",
        "dimensions": {
          "width": 0.6,
          "length": 1.91,
          "height": 1.53
        },
        "position": {
          "x": 7.65,
          "y": 4.38
        },
        "windows": [],
        "doors": [
          {
            "type": "Door",
            "id": 2,
            "location": {
              "x": 8.05,
              "y": 5.12
            },
            "dimensions": {
              "width": 1.17,
              "height": 0.2
            }
          }
        ],
        "connected_to": []
      },
      {
        "id": 2,
        "name": "Text_5",
        "shape": "Irregular",
        "dimensions": {
          "width": 1.64,
          "length": 1.98,
          "height": 1.58
        },
        "position": {
          "x": 8.47,
          "y": 4.31
        },
        "windows": [],
        "doors": [
          {
            "type": "Door",
            "id": 5,
            "location": {
              "x": 9.6,
              "y": 4.61
            },
            "dimensions": {
              "width": 0.15,
              "height": 0.44
            }
          }
        ],
        "connected_to": []
      },
      {
        "id": 3,
        "name": "Text_8",
        "shape": "Irregular",
        "dimensions": {
          "width": 1.03,
          "length": 2.44,
          "height": 1.95
        },
        "position": {
          "x": 4.52,
          "y": 3.85
        },
        "windows": [],
        "doors": [
          {
            "type": "Door",
            "id": 6,
            "location": {
              "x": 5.35,
              "y": 4.58
            },
            "dimensions": {
              "width": 2.15,
              "height": 0.18
            }
          },
          {
            "type": "Door",
            "id": 12,
            "location": {
              "x": 4.52,
              "y": 3.94
            },
            "dimensions": {
              "width": 0.54,
              "height": 1.19
            }
          }
        ],
        "connected_to": []
      },
      {
        "id": 4,
        "name": "Text_8",
        "shape": "Irregular",
        "dimensions": {
          "width": 1.21,
          "length": 2.19,
          "height": 1.75
        },
        "position": {
          "x": 2.94,
          "y": 3.84
        },
        "windows": [],
        "doors": [
          {
            "type": "Door",
            "id": 3,
            "location": {
              "x": 3.66,
              "y": 4.66
            },
            "dimensions": {
              "width": 0.34,
              "height": 0.4
            }
          }
        ],
        "connected_to": []
      },
      {
        "id": 5,
        "name": "Text_21",
        "shape": "Irregular",
        "dimensions": {
          "width": 2.37,
          "length": 2.08,
          "height": 1.9
        },
        "position": {
          "x": 7.74,
          "y": 2.0
        },
        "windows": [],
        "doors": [
          {
            "type": "Door",
            "id": 11,
            "location": {
              "x": 8.0,
              "y": 4.04
            },
            "dimensions": {
              "width": 0.5,
              "height": 0.16
            }
          },
          {
            "type": "Door",
            "id": 13,
            "location": {
              "x": 8.86,
              "y": 3.76
            },
            "dimensions": {
              "width": 0.27,
              "height": 0.22
            }
          },
          {
            "type": "Door",
            "id": 16,
            "location": {
              "x": 8.82,
              "y": 3.31
            },
            "dimensions": {
              "width": 0.3,
              "height": 0.33
            }
          },
          {
            "type": "Door",
            "id": 20,
            "location": {
              "x": 8.02,
              "y": 2.37
            },
            "dimensions": {
              "width": 0.52,
              "height": 0.14
            }
          }
        ],
        "connected_to": []
      },
      {
        "id": 6,
        "name": "Text_16",
        "shape": "Irregular",
        "dimensions": {
          "width": 4.01,
          "length": 1.51,
          "height": 3.21
        },
        "position": {
          "x": 0.14,
          "y": 1.91
        },
        "windows": [
          {
            "type": "Window",
            "id": 19,
            "location": {
              "x": 0.6,
              "y": 2.44
            },
            "dimensions": {
              "width": 1.17,
              "height": 0.17
            }
          }
        ],
        "doors": [
          {
            "type": "Door",
            "id": 15,
            "location": {
              "x": 4.14,
              "y": 3.37
            },
            "dimensions": {
              "width": 0.25,
              "height": 0.14
            }
          },
          {
            "type": "Door",
            "id": 21,
            "location": {
              "x": 2.01,
              "y": 2.21
            },
            "dimensions": {
              "width": 0.19,
              "height": 0.44
            }
          }
        ],
        "connected_to": []
      },
      {
        "id": 7,
        "name": "Text_18",
        "shape": "Irregular",
        "dimensions": {
          "width": 1.31,
          "length": 2.11,
          "height": 1.69
        },
        "position": {
          "x": 4.52,
          "y": 1.31
        },
        "windows": [],
        "doors": [],
        "connected_to": []
      },
      {
        "id": 8,
        "name": "Text_21",
        "shape": "Octagon",
        "dimensions": {
          "width": 0.78,
          "length": 3.03,
          "height": 2.42
        },
        "position": {
          "x": 9.33,
          "y": 0.15
        },
        "windows": [],
        "doors": [],
        "connected_to": []
      }
    ],
    "doorsAndWindows": [
      {
        "type": "Window",
        "id": 1,
        "location": {
          "x": 0.82,
          "y": 5.96
        },
        "dimensions": {
          "width": 2.1,
          "height": 0.13
        }
      },
      {
        "type": "Door",
        "id": 2,
        "location": {
          "x": 8.05,
          "y": 5.12
        },
        "dimensions": {
          "width": 1.17,
          "height": 0.2
        }
      },
      {
        "type": "Door",
        "id": 3,
        "location": {
          "x": 3.66,
          "y": 4.66
        },
        "dimensions": {
          "width": 0.34,
          "height": 0.4
        }
      },
      {
        "type": "Door",
        "id": 4,
        "location": {
          "x": 1.48,
          "y": 4.65
        },
        "dimensions": {
          "width": 0.18,
          "height": 0.13
        }
      },
      {
        "type": "Door",
        "id": 5,
        "location": {
          "x": 9.6,
          "y": 4.61
        },
        "dimensions": {
          "width": 0.15,
          "height": 0.44
        }
      },
      {
        "type": "Door",
        "id": 6,
        "location": {
          "x": 5.35,
          "y": 4.58
        },
        "dimensions": {
          "width": 2.15,
          "height": 0.18
        }
      },
      {
        "type": "Door",
        "id": 7,
        "location": {
          "x": 1.74,
          "y": 4.4
        },
        "dimensions": {
          "width": 0.27,
          "height": 0.19
        }
      },
      {
        "type": "Door",
        "id": 8,
        "location": {
          "x": 8.94,
          "y": 4.29
        },
        "dimensions": {
          "width": 0.28,
          "height": 0.12
        }
      },
      {
        "type": "Door",
        "id": 9,
        "location": {
          "x": 4.21,
          "y": 4.21
        },
        "dimensions": {
          "width": 0.14,
          "height": 0.64
        }
      },
      {
        "type": "Door",
        "id": 10,
        "location": {
          "x": 4.21,
          "y": 4.21
        },
        "dimensions": {
          "width": 0.12,
          "height": 0.26
        }
      },
      {
        "type": "Door",
        "id": 11,
        "location": {
          "x": 8.0,
          "y": 4.04
        },
        "dimensions": {
          "width": 0.5,
          "height": 0.16
        }
      },
      {
        "type": "Door",
        "id": 12,
        "location": {
          "x": 4.52,
          "y": 3.94
        },
        "dimensions": {
          "width": 0.54,
          "height": 1.19
        }
      },
      {
        "type": "Door",
        "id": 13,
        "location": {
          "x": 8.86,
          "y": 3.76
        },
        "dimensions": {
          "width": 0.27,
          "height": 0.22
        }
      },
      {
        "type": "Door",
        "id": 14,
        "location": {
          "x": 0.18,
          "y": 3.43
        },
        "dimensions": {
          "width": 0.33,
          "height": 0.44
        }
      },
      {
        "type": "Door",
        "id": 15,
        "location": {
          "x": 4.14,
          "y": 3.37
        },
        "dimensions": {
          "width": 0.25,
          "height": 0.14
        }
      },
      {
        "type": "Door",
        "id": 16,
        "location": {
          "x": 8.82,
          "y": 3.31
        },
        "dimensions": {
          "width": 0.3,
          "height": 0.33
        }
      },
      {
        "type": "Door",
        "id": 17,
        "location": {
          "x": 7.25,
          "y": 3.28
        },
        "dimensions": {
          "width": 0.43,
          "height": 0.15
        }
      },
      {
        "type": "Door",
        "id": 18,
        "location": {
          "x": 6.47,
          "y": 3.19
        },
        "dimensions": {
          "width": 0.4,
          "height": 0.13
        }
      },
      {
        "type": "Window",
        "id": 19,
        "location": {
          "x": 0.6,
          "y": 2.44
        },
        "dimensions": {
          "width": 1.17,
          "height": 0.17
        }
      },
      {
        "type": "Door",
        "id": 20,
        "location": {
          "x": 8.02,
          "y": 2.37
        },
        "dimensions": {
          "width": 0.52,
          "height": 0.14
        }
      },
      {
        "type": "Door",
        "id": 21,
        "location": {
          "x": 2.01,
          "y": 2.21
        },
        "dimensions": {
          "width": 0.19,
          "height": 0.44
        }
      },
      {
        "type": "Door",
        "id": 22,
        "location": {
          "x": 5.96,
          "y": 2.14
        },
        "dimensions": {
          "width": 1.2,
          "height": 0.8
        }
      },
      {
        "type": "Door",
        "id": 23,
        "location": {
          "x": 8.81,
          "y": 1.12
        },
        "dimensions": {
          "width": 0.23,
          "height": 0.16
        }
      },
      {
        "type": "Door",
        "id": 24,
        "location": {
          "x": 8.05,
          "y": 0.92
        },
        "dimensions": {
          "width": 1.18,
          "height": 0.16
        }
      },
      {
        "type": "Window",
        "id": 25,
        "location": {
          "x": 8.31,
          "y": 0.11
        },
        "dimensions": {
          "width": 0.66,
          "height": 0.05
        }
      },
      {
        "type": "Door",
        "id": 26,
        "location": {
          "x": 0.08,
          "y": 0.11
        },
        "dimensions": {
          "width": 10.09,
          "height": 7.11
        }
      },
      {
        "type": "Door",
        "id": 27,
        "location": {
          "x": 7.93,
          "y": 0.09
        },
        "dimensions": {
          "width": 2.24,
          "height": 3.51
        }
      }
    ]
  }
}