{
  "floorPlan": {
    "name": "Floor Plan 26_10.jpg",
    "units": "feet",
    "totalArea": 40.29,
    "totalRooms": 8,
    "rooms": [
      {
        "id": 1,
        "name": "Room_1",
        "shape": "Rectangle",
        "dimensions": {
          "width": 1.04,
          "length": 0.2,
          "height": 0.83
        },
        "position": {
          "x": 6.61,
          "y": 6.71
        },
        "windows": [],
        "doors": [],
        "connected_to": []
      },
      {
        "id": 2,
        "name": "Room_2",
        "shape": "Rectangle",
        "dimensions": {
          "width": 1.07,
          "length": 0.21,
          "height": 0.86
        },
        "position": {
          "x": 2.59,
          "y": 6.7
        },
        "windows": [],
        "doors": [],
        "connected_to": []
      },
      {
        "id": 3,
        "name": "Room_3",
        "shape": "Hexagon",
        "dimensions": {
          "width": 0.86,
          "length": 3.18,
          "height": 2.54
        },
        "position": {
          "x": 0.1,
          "y": 3.73
        },
        "windows": [],
        "doors": [
          {
            "type": "Door",
            "id": 12,
            "location": {
              "x": 0.45,
              "y": 5.39
            },
            "dimensions": {
              "width": 0.59,
              "height": 0.59
            }
          },
          {
            "type": "Door",
            "id": 21,
            "location": {
              "x": 0.87,
              "y": 4.68
            },
            "dimensions": {
              "width": 0.92,
              "height": 1.87
            }
          },
          {
            "type": "Door",
            "id": 22,
            "location": {
              "x": 0.26,
              "y": 4.08
            },
            "dimensions": {
              "width": 3.07,
              "height": 2.81
            }
          }
        ],
        "connected_to": []
      },
      {
        "id": 4,
        "name": "Room_4",
        "shape": "Irregular",
        "dimensions": {
          "width": 1.35,
          "length": 3.68,
          "height": 2.94
        },
        "position": {
          "x": 8.8,
          "y": 3.23
        },
        "windows": [],
        "doors": [
          {
            "type": "Door",
            "id": 23,
            "location": {
              "x": 9.63,
              "y": 3.94
            },
            "dimensions": {
              "width": 0.34,
              "height": 0.52
            }
          }
        ],
        "connected_to": []
      },
      {
        "id": 5,
        "name": "Room_5",
        "shape": "Pentagon",
        "dimensions": {
          "width": 0.67,
          "length": 1.54,
          "height": 1.23
        },
        "position": {
          "x": 6.84,
          "y": 2.56
        },
        "windows": [],
        "doors": [
          {
            "type": "Door",
            "id": 24,
            "location": {
              "x": 6.93,
              "y": 3.93
            },
            "dimensions": {
              "width": 3.05,
              "height": 2.96
            }
          },
          {
            "type": "Door",
            "id": 30,
            "location": {
              "x": 6.96,
              "y": 2.94
            },
            "dimensions": {
              "width": 0.42,
              "height": 0.44
            }
          }
        ],
        "connected_to": []
      },
      {
        "id": 6,
        "name": "Room_6",
        "shape": "Irregular",
        "dimensions": {
          "width": 1.74,
          "length": 2.26,
          "height": 1.81
        },
        "position": {
          "x": 1.68,
          "y": 1.83
        },
        "windows": [
          {
            "type": "Window",
            "id": 39,
            "location": {
              "x": 2.86,
              "y": 2.59
            },
            "dimensions": {
              "width": 0.44,
              "height": 0.14
            }
          }
        ],
        "doors": [
          {
            "type": "Door",
            "id": 31,
            "location": {
              "x": 1.68,
              "y": 2.87
            },
            "dimensions": {
              "width": 0.62,
              "height": 0.99
            }
          },
          {
            "type": "Door",
            "id": 32,
            "location": {
              "x": 2.12,
              "y": 2.81
            },
            "dimensions": {
              "width": 0.17,
              "height": 0.46
            }
          }
        ],
        "connected_to": []
      },
      {
        "id": 7,
        "name": "Room_7",
        "shape": "Irregular",
        "dimensions": {
          "width": 0.96,
          "length": 1.18,
          "height": 0.94
        },
        "position": {
          "x": 0.1,
          "y": 1.78
        },
        "windows": [
          {
            "type": "Window",
            "id": 40,
            "location": {
              "x": 0.28,
              "y": 2.32
            },
            "dimensions": {
              "width": 0.58,
              "height": 0.18
            }
          }
        ],
        "doors": [
          {
            "type": "Door",
            "id": 29,
            "location": {
              "x": 0.11,
              "y": 2.96
            },
            "dimensions": {
              "width": 0.15,
              "height": 0.78
            }
          },
          {
            "type": "Door",
            "id": 38,
            "location": {
              "x": 0.26,
              "y": 2.69
            },
            "dimensions": {
              "width": 0.69,
              "height": 1.31
            }
          }
        ],
        "connected_to": [
          8
        ]
      },
      {
        "id": 8,
        "name": "Room_8",
        "shape": "Irregular",
        "dimensions": {
          "width": 9.87,
          "length": 2.64,
          "height": 7.9
        },
        "position": {
          "x": 0.17,
          "y": 0.12
        },
        "windows": [
          {
            "type": "Window",
            "id": 39,
            "location": {
              "x": 2.86,
              "y": 2.59
            },
            "dimensions": {
              "width": 0.44,
              "height": 0.14
            }
          },
          {
            "type": "Window",
            "id": 40,
            "location": {
              "x": 0.28,
              "y": 2.32
            },
            "dimensions": {
              "width": 0.58,
              "height": 0.18
            }
          },
          {
            "type": "Window",
            "id": 45,
            "location": {
              "x": 4.84,
              "y": 1.9
            },
            "dimensions": {
              "width": 1.22,
              "height": 0.59
            }
          },
          {
            "type": "Window",
            "id": 51,
            "location": {
              "x": 1.56,
              "y": 1.36
            },
            "dimensions": {
              "width": 0.38,
              "height": 0.14
            }
          },
          {
            "type": "Window",
            "id": 55,
            "location": {
              "x": 4.75,
              "y": 1.2
            },
            "dimensions": {
              "width": 0.39,
              "height": 0.15
            }
          },
          {
            "type": "Window",
            "id": 65,
            "location": {
              "x": 4.84,
              "y": 0.18
            },
            "dimensions": {
              "width": 0.64,
              "height": 0.06
            }
          }
        ],
        "doors": [
          {
            "type": "Door",
            "id": 34,
            "location": {
              "x": 6.11,
              "y": 2.74
            },
            "dimensions": {
              "width": 0.49,
              "height": 0.49
            }
          },
          {
            "type": "Door",
            "id": 35,
            "location": {
              "x": 5.49,
              "y": 2.74
            },
            "dimensions": {
              "width": 0.5,
              "height": 0.49
            }
          },
          {
            "type": "Door",
            "id": 36,
            "location": {
              "x": 4.94,
              "y": 2.74
            },
            "dimensions": {
              "width": 0.43,
              "height": 0.49
            }
          },
          {
            "type": "Door",
            "id": 37,
            "location": {
              "x": 4.32,
              "y": 2.74
            },
            "dimensions": {
              "width": 0.41,
              "height": 0.35
            }
          },
          {
            "type": "Door",
            "id": 38,
            "location": {
              "x": 0.26,
              "y": 2.69
            },
            "dimensions": {
              "width": 0.69,
              "height": 1.31
            }
          },
          {
            "type": "Door",
            "id": 42,
            "location": {
              "x": 7.03,
              "y": 2.08
            },
            "dimensions": {
              "width": 0.33,
              "height": 0.38
            }
          },
          {
            "type": "Door",
            "id": 43,
            "location": {
              "x": 8.28,
              "y": 2.03
            },
            "dimensions": {
              "width": 0.45,
              "height": 0.41
            }
          },
          {
            "type": "Door",
            "id": 44,
            "location": {
              "x": 4.27,
              "y": 1.93
            },
            "dimensions": {
              "width": 2.7,
              "height": 2.99
            }
          },
          {
            "type": "Door",
            "id": 46,
            "location": {
              "x": 7.98,
              "y": 1.84
            },
            "dimensions": {
              "width": 2.15,
              "height": 1.83
            }
          },
          {
            "type": "Door",
            "id": 47,
            "location": {
              "x": 1.67,
              "y": 1.83
            },
            "dimensions": {
              "width": 1.8,
              "height": 3.09
            }
          },
          {
            "type": "Door",
            "id": 48,
            "location": {
              "x": 6.02,
              "y": 1.67
            },
            "dimensions": {
              "width": 0.83,
              "height": 1.25
            }
          },
          {
            "type": "Door",
            "id": 49,
            "location": {
              "x": 5.32,
              "y": 1.38
            },
            "dimensions": {
              "width": 0.09,
              "height": 0.15
            }
          },
          {
            "type": "Door",
            "id": 50,
            "location": {
              "x": 4.88,
              "y": 1.38
            },
            "dimensions": {
              "width": 0.15,
              "height": 0.15
            }
          },
          {
            "type": "Door",
            "id": 52,
            "location": {
              "x": 1.38,
              "y": 1.36
            },
            "dimensions": {
              "width": 0.12,
              "height": 0.14
            }
          },
          {
            "type": "Door",
            "id": 53,
            "location": {
              "x": 5.28,
              "y": 1.21
            },
            "dimensions": {
              "width": 0.22,
              "height": 0.14
            }
          },
          {
            "type": "Door",
            "id": 54,
            "location": {
              "x": 5.15,
              "y": 1.21
            },
            "dimensions": {
              "width": 0.12,
              "height": 0.14
            }
          },
          {
            "type": "Door",
            "id": 56,
            "location": {
              "x": 8.7,
              "y": 0.99
            },
            "dimensions": {
              "width": 0.1,
              "height": 0.15
            }
          },
          {
            "type": "Door",
            "id": 57,
            "location": {
              "x": 8.19,
              "y": 0.99
            },
            "dimensions": {
              "width": 0.16,
              "height": 0.15
            }
          },
          {
            "type": "Door",
            "id": 58,
            "location": {
              "x": 8.68,
              "y": 0.81
            },
            "dimensions": {
              "width": 0.13,
              "height": 0.15
            }
          },
          {
            "type": "Door",
            "id": 59,
            "location": {
              "x": 7.96,
              "y": 0.81
            },
            "dimensions": {
              "width": 0.23,
              "height": 0.15
            }
          },
          {
            "type": "Door",
            "id": 61,
            "location": {
              "x": 1.53,
              "y": 0.49
            },
            "dimensions": {
              "width": 0.15,
              "height": 0.18
            }
          },
          {
            "type": "Door",
            "id": 62,
            "location": {
              "x": 2.71,
              "y": 0.3
            },
            "dimensions": {
              "width": 0.51,
              "height": 0.58
            }
          },
          {
            "type": "Door",
            "id": 63,
            "location": {
              "x": 2.1,
              "y": 0.3
            },
            "dimensions": {
              "width": 0.57,
              "height": 0.59
            }
          },
          {
            "type": "Door",
            "id": 64,
            "location": {
              "x": 4.84,
              "y": 0.18
            },
            "dimensions": {
              "width": 2.0,
              "height": 1.55
            }
          },
          {
            "type": "Door",
            "id": 66,
            "location": {
              "x": 6.93,
              "y": 0.17
            },
            "dimensions": {
              "width": 3.05,
              "height": 2.61
            }
          },
          {
            "type": "Door",
            "id": 67,
            "location": {
              "x": 2.7,
              "y": 0.17
            },
            "dimensions": {
              "width": 2.15,
              "height": 1.26
            }
          },
          {
            "type": "Door",
            "id": 68,
            "location": {
              "x": 1.92,
              "y": 0.17
            },
            "dimensions": {
              "width": 1.41,
              "height": 1.26
            }
          }
        ],
        "connected_to": [
          7
        ]
      }
    ],
    "doorsAndWindows": [
      {
        "type": "Door",
        "id": 1,
        "location": {
          "x": 9.9,
          "y": 8.24
        },
        "dimensions": {
          "width": 0.28,
          "height": 0.28
        }
      },
      {
        "type": "Door",
        "id": 2,
        "location": {
          "x": 0.06,
          "y": 8.24
        },
        "dimensions": {
          "width": 0.28,
          "height": 0.28
        }
      },
      {
        "type": "Door",
        "id": 3,
        "location": {
          "x": 6.73,
          "y": 8.22
        },
        "dimensions": {
          "width": 0.32,
          "height": 0.32
        }
      },
      {
        "type": "Door",
        "id": 4,
        "location": {
          "x": 3.19,
          "y": 8.22
        },
        "dimensions": {
          "width": 0.32,
          "height": 0.32
        }
      },
      {
        "type": "Door",
        "id": 5,
        "location": {
          "x": 4.96,
          "y": 7.71
        },
        "dimensions": {
          "width": 0.09,
          "height": 0.15
        }
      },
      {
        "type": "Door",
        "id": 6,
        "location": {
          "x": 4.8,
          "y": 7.71
        },
        "dimensions": {
          "width": 0.15,
          "height": 0.15
        }
      },
      {
        "type": "Door",
        "id": 7,
        "location": {
          "x": 5.06,
          "y": 7.53
        },
        "dimensions": {
          "width": 0.24,
          "height": 0.15
        }
      },
      {
        "type": "Door",
        "id": 8,
        "location": {
          "x": 4.81,
          "y": 7.53
        },
        "dimensions": {
          "width": 0.24,
          "height": 0.15
        }
      },
      {
        "type": "Door",
        "id": 9,
        "location": {
          "x": 4.73,
          "y": 6.02
        },
        "dimensions": {
          "width": 0.79,
          "height": 0.87
        }
      },
      {
        "type": "Door",
        "id": 10,
        "location": {
          "x": 5.78,
          "y": 5.72
        },
        "dimensions": {
          "width": 1.04,
          "height": 1.0
        }
      },
      {
        "type": "Door",
        "id": 11,
        "location": {
          "x": 3.46,
          "y": 5.71
        },
        "dimensions": {
          "width": 1.03,
          "height": 1.01
        }
      },
      {
        "type": "Door",
        "id": 12,
        "location": {
          "x": 0.45,
          "y": 5.39
        },
        "dimensions": {
          "width": 0.59,
          "height": 0.59
        }
      },
      {
        "type": "Door",
        "id": 13,
        "location": {
          "x": 4.77,
          "y": 5.06
        },
        "dimensions": {
          "width": 0.26,
          "height": 0.15
        }
      },
      {
        "type": "Door",
        "id": 14,
        "location": {
          "x": 2.0,
          "y": 5.06
        },
        "dimensions": {
          "width": 0.26,
          "height": 0.15
        }
      },
      {
        "type": "Window",
        "id": 15,
        "location": {
          "x": 7.52,
          "y": 4.87
        },
        "dimensions": {
          "width": 0.33,
          "height": 0.14
        }
      },
      {
        "type": "Door",
        "id": 16,
        "location": {
          "x": 5.57,
          "y": 4.87
        },
        "dimensions": {
          "width": 0.13,
          "height": 0.14
        }
      },
      {
        "type": "Window",
        "id": 17,
        "location": {
          "x": 5.17,
          "y": 4.87
        },
        "dimensions": {
          "width": 0.39,
          "height": 0.14
        }
      },
      {
        "type": "Door",
        "id": 18,
        "location": {
          "x": 2.18,
          "y": 4.87
        },
        "dimensions": {
          "width": 0.11,
          "height": 0.14
        }
      },
      {
        "type": "Door",
        "id": 19,
        "location": {
          "x": 1.92,
          "y": 4.87
        },
        "dimensions": {
          "width": 0.25,
          "height": 0.14
        }
      },
      {
        "type": "Window",
        "id": 20,
        "location": {
          "x": 1.14,
          "y": 4.87
        },
        "dimensions": {
          "width": 0.34,
          "height": 0.14
        }
      },
      {
        "type": "Door",
        "id": 21,
        "location": {
          "x": 0.87,
          "y": 4.68
        },
        "dimensions": {
          "width": 0.92,
          "height": 1.87
        }
      },
      {
        "type": "Door",
        "id": 22,
        "location": {
          "x": 0.26,
          "y": 4.08
        },
        "dimensions": {
          "width": 3.07,
          "height": 2.81
        }
      },
      {
        "type": "Door",
        "id": 23,
        "location": {
          "x": 9.63,
          "y": 3.94
        },
        "dimensions": {
          "width": 0.34,
          "height": 0.52
        }
      },
      {
        "type": "Door",
        "id": 24,
        "location": {
          "x": 6.93,
          "y": 3.93
        },
        "dimensions": {
          "width": 3.05,
          "height": 2.96
        }
      },
      {
        "type": "Window",
        "id": 25,
        "location": {
          "x": 4.17,
          "y": 3.84
        },
        "dimensions": {
          "width": 1.92,
          "height": 0.74
        }
      },
      {
        "type": "Door",
        "id": 26,
        "location": {
          "x": 1.32,
          "y": 3.44
        },
        "dimensions": {
          "width": 0.23,
          "height": 0.14
        }
      },
      {
        "type": "Door",
        "id": 27,
        "location": {
          "x": 1.09,
          "y": 3.44
        },
        "dimensions": {
          "width": 0.25,
          "height": 0.14
        }
      },
      {
        "type": "Door",
        "id": 28,
        "location": {
          "x": 0.11,
          "y": 3.37
        },
        "dimensions": {
          "width": 0.07,
          "height": 0.37
        }
      },
      {
        "type": "Door",
        "id": 29,
        "location": {
          "x": 0.11,
          "y": 2.96
        },
        "dimensions": {
          "width": 0.15,
          "height": 0.78
        }
      },
      {
        "type": "Door",
        "id": 30,
        "location": {
          "x": 6.96,
          "y": 2.94
        },
        "dimensions": {
          "width": 0.42,
          "height": 0.44
        }
      },
      {
        "type": "Door",
        "id": 31,
        "location": {
          "x": 1.68,
          "y": 2.87
        },
        "dimensions": {
          "width": 0.62,
          "height": 0.99
        }
      },
      {
        "type": "Door",
        "id": 32,
        "location": {
          "x": 2.12,
          "y": 2.81
        },
        "dimensions": {
          "width": 0.17,
          "height": 0.46
        }
      },
      {
        "type": "Door",
        "id": 33,
        "location": {
          "x": 10.06,
          "y": 2.74
        },
        "dimensions": {
          "width": 0.07,
          "height": 0.47
        }
      },
      {
        "type": "Door",
        "id": 34,
        "location": {
          "x": 6.11,
          "y": 2.74
        },
        "dimensions": {
          "width": 0.49,
          "height": 0.49
        }
      },
      {
        "type": "Door",
        "id": 35,
        "location": {
          "x": 5.49,
          "y": 2.74
        },
        "dimensions": {
          "width": 0.5,
          "height": 0.49
        }
      },
      {
        "type": "Door",
        "id": 36,
        "location": {
          "x": 4.94,
          "y": 2.74
        },
        "dimensions": {
          "width": 0.43,
          "height": 0.49
        }
      },
      {
        "type": "Door",
        "id": 37,
        "location": {
          "x": 4.32,
          "y": 2.74
        },
        "dimensions": {
          "width": 0.41,
          "height": 0.35
        }
      },
      {
        "type": "Door",
        "id": 38,
        "location": {
          "x": 0.26,
          "y": 2.69
        },
        "dimensions": {
          "width": 0.69,
          "height": 1.31
        }
      },
      {
        "type": "Window",
        "id": 39,
        "location": {
          "x": 2.86,
          "y": 2.59
        },
        "dimensions": {
          "width": 0.44,
          "height": 0.14
        }
      },
      {
        "type": "Window",
        "id": 40,
        "location": {
          "x": 0.28,
          "y": 2.32
        },
        "dimensions": {
          "width": 0.58,
          "height": 0.18
        }
      },
      {
        "type": "Door",
        "id": 41,
        "location": {
          "x": 10.06,
          "y": 2.19
        },
        "dimensions": {
          "width": 0.07,
          "height": 0.54
        }
      },
      {
        "type": "Door",
        "id": 42,
        "location": {
          "x": 7.03,
          "y": 2.08
        },
        "dimensions": {
          "width": 0.33,
          "height": 0.38
        }
      },
      {
        "type": "Door",
        "id": 43,
        "location": {
          "x": 8.28,
          "y": 2.03
        },
        "dimensions": {
          "width": 0.45,
          "height": 0.41
        }
      },
      {
        "type": "Door",
        "id": 44,
        "location": {
          "x": 4.27,
          "y": 1.93
        },
        "dimensions": {
          "width": 2.7,
          "height": 2.99
        }
      },
      {
        "type": "Window",
        "id": 45,
        "location": {
          "x": 4.84,
          "y": 1.9
        },
        "dimensions": {
          "width": 1.22,
          "height": 0.59
        }
      },
      {
        "type": "Door",
        "id": 46,
        "location": {
          "x": 7.98,
          "y": 1.84
        },
        "dimensions": {
          "width": 2.15,
          "height": 1.83
        }
      },
      {
        "type": "Door",
        "id": 47,
        "location": {
          "x": 1.67,
          "y": 1.83
        },
        "dimensions": {
          "width": 1.8,
          "height": 3.09
        }
      },
      {
        "type": "Door",
        "id": 48,
        "location": {
          "x": 6.02,
          "y": 1.67
        },
        "dimensions": {
          "width": 0.83,
          "height": 1.25
        }
      },
      {
        "type": "Door",
        "id": 49,
        "location": {
          "x": 5.32,
          "y": 1.38
        },
        "dimensions": {
          "width": 0.09,
          "height": 0.15
        }
      },
      {
        "type": "Door",
        "id": 50,
        "location": {
          "x": 4.88,
          "y": 1.38
        },
        "dimensions": {
          "width": 0.15,
          "height": 0.15
        }
      },
      {
        "type": "Window",
        "id": 51,
        "location": {
          "x": 1.56,
          "y": 1.36
        },
        "dimensions": {
          "width": 0.38,
          "height": 0.14
        }
      },
      {
        "type": "Door",
        "id": 52,
        "location": {
          "x": 1.38,
          "y": 1.36
        },
        "dimensions": {
          "width": 0.12,
          "height": 0.14
        }
      },
      {
        "type": "Door",
        "id": 53,
        "location": {
          "x": 5.28,
          "y": 1.21
        },
        "dimensions": {
          "width": 0.22,
          "height": 0.14
        }
      },
      {
        "type": "Door",
        "id": 54,
        "location": {
          "x": 5.15,
          "y": 1.21
        },
        "dimensions": {
          "width": 0.12,
          "height": 0.14
        }
      },
      {
        "type": "Window",
        "id": 55,
        "location": {
          "x": 4.75,
          "y": 1.2
        },
        "dimensions": {
          "width": 0.39,
          "height": 0.15
        }
      },
      {
        "type": "Door",
        "id": 56,
        "location": {
          "x": 8.7,
          "y": 0.99
        },
        "dimensions": {
          "width": 0.1,
          "height": 0.15
        }
      },
      {
        "type": "Door",
        "id": 57,
        "location": {
          "x": 8.19,
          "y": 0.99
        },
        "dimensions": {
          "width": 0.16,
          "height": 0.15
        }
      },
      {
        "type": "Door",
        "id": 58,
        "location": {
          "x": 8.68,
          "y": 0.81
        },
        "dimensions": {
          "width": 0.13,
          "height": 0.15
        }
      },
      {
        "type": "Door",
        "id": 59,
        "location": {
          "x": 7.96,
          "y": 0.81
        },
        "dimensions": {
          "width": 0.23,
          "height": 0.15
        }
      },
      {
        "type": "Door",
        "id": 60,
        "location": {
          "x": 0.11,
          "y": 0.51
        },
        "dimensions": {
          "width": 2.23,
          "height": 3.57
        }
      },
      {
        "type": "Door",
        "id": 61,
        "location": {
          "x": 1.53,
          "y": 0.49
        },
        "dimensions": {
          "width": 0.15,
          "height": 0.18
        }
      },
      {
        "type": "Door",
        "id": 62,
        "location": {
          "x": 2.71,
          "y": 0.3
        },
        "dimensions": {
          "width": 0.51,
          "height": 0.58
        }
      },
      {
        "type": "Door",
        "id": 63,
        "location": {
          "x": 2.1,
          "y": 0.3
        },
        "dimensions": {
          "width": 0.57,
          "height": 0.59
        }
      },
      {
        "type": "Door",
        "id": 64,
        "location": {
          "x": 4.84,
          "y": 0.18
        },
        "dimensions": {
          "width": 2.0,
          "height": 1.55
        }
      },
      {
        "type": "Window",
        "id": 65,
        "location": {
          "x": 4.84,
          "y": 0.18
        },
        "dimensions": {
          "width": 0.64,
          "height": 0.06
        }
      },
      {
        "type": "Door",
        "id": 66,
        "location": {
          "x": 6.93,
          "y": 0.17
        },
        "dimensions": {
          "width": 3.05,
          "height": 2.61
        }
      },
      {
        "type": "Door",
        "id": 67,
        "location": {
          "x": 2.7,
          "y": 0.17
        },
        "dimensions": {
          "width": 2.15,
          "height": 1.26
        }
      },
      {
        "type": "Door",
        "id": 68,
        "location": {
          "x": 1.92,
          "y": 0.17
        },
        "dimensions": {
          "width": 1.41,
          "height": 1.26
        }
      }
    ]
  }
}