{
  "floorPlan": {
    "name": "Floor Plan 26_19.jpg",
    "units": "feet",
    "totalArea": 31.11,
    "totalRooms": 9,
    "rooms": [
      {
        "id": 1,
        "name": "Room_1",
        "shape": "Irregular",
        "dimensions": {
          "width": 1.1,
          "length": 0.63,
          "height": 0.88
        },
        "position": {
          "x": 7.77,
          "y": 5.17
        },
        "windows": [],
        "doors": [],
        "connected_to": []
      },
      {
        "id": 2,
        "name": "Room_2",
        "shape": "Hexagon",
        "dimensions": {
          "width": 1.11,
          "length": 0.63,
          "height": 0.89
        },
        "position": {
          "x": 4.97,
          "y": 5.17
        },
        "windows": [],
        "doors": [],
        "connected_to": []
      },
      {
        "id": 3,
        "name": "Room_3",
        "shape": "Irregular",
        "dimensions": {
          "width": 1.03,
          "length": 1.83,
          "height": 1.46
        },
        "position": {
          "x": 4.52,
          "y": 2.6
        },
        "windows": [],
        "doors": [
          {
            "type": "Door",
            "id": 16,
            "location": {
              "x": 4.62,
              "y": 3.53
            },
            "dimensions": {
              "width": 0.21,
              "height": 0.26
            }
          }
        ],
        "connected_to": []
      },
      {
        "id": 4,
        "name": "Room_4",
        "shape": "Irregular",
        "dimensions": {
          "width": 2.22,
          "length": 3.24,
          "height": 2.59
        },
        "position": {
          "x": 2.01,
          "y": 2.56
        },
        "windows": [],
        "doors": [
          {
            "type": "Door",
            "id": 6,
            "location": {
              "x": 4.01,
              "y": 4.99
            },
            "dimensions": {
              "width": 0.34,
              "height": 0.34
            }
          },
          {
            "type": "Door",
            "id": 17,
            "location": {
              "x": 4.16,
              "y": 3.4
            },
            "dimensions": {
              "width": 0.15,
              "height": 0.19
            }
          }
        ],
        "connected_to": []
      },
      {
        "id": 5,
        "name": "Room_5",
        "shape": "Irregular",
        "dimensions": {
          "width": 1.08,
          "length": 3.69,
          "height": 2.95
        },
        "position": {
          "x": 9.16,
          "y": 2.11
        },
        "windows": [],
        "doors": [
          {
            "type": "Door",
            "id": 10,
            "location": {
              "x": 9.25,
              "y": 4.41
            },
            "dimensions": {
              "width": 0.88,
              "height": 0.88
            }
          },
          {
            "type": "Door",
            "id": 13,
            "location": {
              "x": 9.32,
              "y": 3.79
            },
            "dimensions": {
              "width": 0.34,
              "height": 0.34
            }
          },
          {
            "type": "Door",
            "id": 15,
            "location": {
              "x": 9.66,
              "y": 3.62
            },
            "dimensions": {
              "width": 0.43,
              "height": 0.45
            }
          }
        ],
        "connected_to": []
      },
      {
        "id": 6,
        "name": "Text_5",
        "shape": "Hexagon",
        "dimensions": {
          "width": 1.13,
          "length": 0.33,
          "height": 0.9
        },
        "position": {
          "x": 9.11,
          "y": 1.56
        },
        "windows": [],
        "doors": [],
        "connected_to": []
      },
      {
        "id": 7,
        "name": "Room_7",
        "shape": "Irregular",
        "dimensions": {
          "width": 0.92,
          "length": 2.87,
          "height": 2.3
        },
        "position": {
          "x": 7.88,
          "y": 1.56
        },
        "windows": [],
        "doors": [
          {
            "type": "Door",
            "id": 24,
            "location": {
              "x": 8.13,
              "y": 2.15
            },
            "dimensions": {
              "width": 0.09,
              "height": 0.16
            }
          }
        ],
        "connected_to": []
      },
      {
        "id": 8,
        "name": "Room_8",
        "shape": "Irregular",
        "dimensions": {
          "width": 4.02,
          "length": 0.65,
          "height": 3.22
        },
        "position": {
          "x": 3.45,
          "y": 1.56
        },
        "windows": [
          {
            "type": "Window",
            "id": 27,
            "location": {
              "x": 6.02,
              "y": 1.68
            },
            "dimensions": {
              "width": 1.4,
              "height": 0.39
            }
          }
        ],
        "doors": [
          {
            "type": "Door",
            "id": 25,
            "location": {
              "x": 5.1,
              "y": 1.73
            },
            "dimensions": {
              "width": 0.29,
              "height": 0.33
            }
          },
          {
            "type": "Door",
            "id": 26,
            "location": {
              "x": 4.74,
              "y": 1.72
            },
            "dimensions": {
              "width": 0.34,
              "height": 0.34
            }
          }
        ],
        "connected_to": []
      },
      {
        "id": 9,
        "name": "Room_9",
        "shape": "Pentagon",
        "dimensions": {
          "width": 3.03,
          "length": 3.64,
          "height": 2.91
        },
        "position": {
          "x": 0.01,
          "y": 1.56
        },
        "windows": [],
        "doors": [],
        "connected_to": []
      }
    ],
    "doorsAndWindows": [
      {
        "type": "Door",
        "id": 1,
        "location": {
          "x": 7.84,
          "y": 6.53
        },
        "dimensions": {
          "width": 0.2,
          "height": 0.21
        }
      },
      {
        "type": "Door",
        "id": 2,
        "location": {
          "x": 5.8,
          "y": 6.53
        },
        "dimensions": {
          "width": 0.2,
          "height": 0.19
        }
      },
      {
        "type": "Door",
        "id": 3,
        "location": {
          "x": 7.3,
          "y": 5.9
        },
        "dimensions": {
          "width": 0.55,
          "height": 0.55
        }
      },
      {
        "type": "Door",
        "id": 4,
        "location": {
          "x": 5.99,
          "y": 5.9
        },
        "dimensions": {
          "width": 0.56,
          "height": 0.54
        }
      },
      {
        "type": "Door",
        "id": 5,
        "location": {
          "x": 5.59,
          "y": 5.04
        },
        "dimensions": {
          "width": 0.63,
          "height": 0.62
        }
      },
      {
        "type": "Door",
        "id": 6,
        "location": {
          "x": 4.01,
          "y": 4.99
        },
        "dimensions": {
          "width": 0.34,
          "height": 0.34
        }
      },
      {
        "type": "Door",
        "id": 7,
        "location": {
          "x": 7.41,
          "y": 4.82
        },
        "dimensions": {
          "width": 0.84,
          "height": 0.53
        }
      },
      {
        "type": "Door",
        "id": 8,
        "location": {
          "x": 5.92,
          "y": 4.81
        },
        "dimensions": {
          "width": 0.52,
          "height": 0.52
        }
      },
      {
        "type": "Door",
        "id": 9,
        "location": {
          "x": 4.25,
          "y": 4.67
        },
        "dimensions": {
          "width": 0.53,
          "height": 0.98
        }
      },
      {
        "type": "Door",
        "id": 10,
        "location": {
          "x": 9.25,
          "y": 4.41
        },
        "dimensions": {
          "width": 0.88,
          "height": 0.88
        }
      },
      {
        "type": "Door",
        "id": 11,
        "location": {
          "x": 8.84,
          "y": 4.38
        },
        "dimensions": {
          "width": 0.38,
          "height": 0.9
        }
      },
      {
        "type": "Window",
        "id": 12,
        "location": {
          "x": 6.17,
          "y": 3.85
        },
        "dimensions": {
          "width": 1.51,
          "height": 0.48
        }
      },
      {
        "type": "Door",
        "id": 13,
        "location": {
          "x": 9.32,
          "y": 3.79
        },
        "dimensions": {
          "width": 0.34,
          "height": 0.34
        }
      },
      {
        "type": "Window",
        "id": 14,
        "location": {
          "x": 7.12,
          "y": 3.7
        },
        "dimensions": {
          "width": 0.31,
          "height": 0.09
        }
      },
      {
        "type": "Door",
        "id": 15,
        "location": {
          "x": 9.66,
          "y": 3.62
        },
        "dimensions": {
          "width": 0.43,
          "height": 0.45
        }
      },
      {
        "type": "Door",
        "id": 16,
        "location": {
          "x": 4.62,
          "y": 3.53
        },
        "dimensions": {
          "width": 0.21,
          "height": 0.26
        }
      },
      {
        "type": "Door",
        "id": 17,
        "location": {
          "x": 4.16,
          "y": 3.4
        },
        "dimensions": {
          "width": 0.15,
          "height": 0.19
        }
      },
      {
        "type": "Door",
        "id": 18,
        "location": {
          "x": 7.1,
          "y": 3.07
        },
        "dimensions": {
          "width": 0.32,
          "height": 0.29
        }
      },
      {
        "type": "Door",
        "id": 19,
        "location": {
          "x": 6.76,
          "y": 3.07
        },
        "dimensions": {
          "width": 0.34,
          "height": 0.29
        }
      },
      {
        "type": "Door",
        "id": 20,
        "location": {
          "x": 6.44,
          "y": 3.07
        },
        "dimensions": {
          "width": 0.3,
          "height": 0.29
        }
      },
      {
        "type": "Door",
        "id": 21,
        "location": {
          "x": 6.09,
          "y": 3.07
        },
        "dimensions": {
          "width": 0.28,
          "height": 0.29
        }
      },
      {
        "type": "Door",
        "id": 22,
        "location": {
          "x": 4.51,
          "y": 2.6
        },
        "dimensions": {
          "width": 1.08,
          "height": 1.83
        }
      },
      {
        "type": "Window",
        "id": 23,
        "location": {
          "x": 6.04,
          "y": 2.58
        },
        "dimensions": {
          "width": 1.46,
          "height": 0.35
        }
      },
      {
        "type": "Door",
        "id": 24,
        "location": {
          "x": 8.13,
          "y": 2.15
        },
        "dimensions": {
          "width": 0.09,
          "height": 0.16
        }
      },
      {
        "type": "Door",
        "id": 25,
        "location": {
          "x": 5.1,
          "y": 1.73
        },
        "dimensions": {
          "width": 0.29,
          "height": 0.33
        }
      },
      {
        "type": "Door",
        "id": 26,
        "location": {
          "x": 4.74,
          "y": 1.72
        },
        "dimensions": {
          "width": 0.34,
          "height": 0.34
        }
      },
      {
        "type": "Window",
        "id": 27,
        "location": {
          "x": 6.02,
          "y": 1.68
        },
        "dimensions": {
          "width": 1.4,
          "height": 0.39
        }
      },
      {
        "type": "Door",
        "id": 28,
        "location": {
          "x": 7.84,
          "y": 0.03
        },
        "dimensions": {
          "width": 0.2,
          "height": 0.2
        }
      },
      {
        "type": "Door",
        "id": 29,
        "location": {
          "x": 0.0,
          "y": 0.02
        },
        "dimensions": {
          "width": 10.24,
          "height": 6.71
        }
      },
      {
        "type": "Window",
        "id": 30,
        "location": {
          "x": 5.83,
          "y": 0.0
        },
        "dimensions": {
          "width": 2.22,
          "height": 0.2
        }
      }
    ]
  }
}