{
  "floorPlan": {
    "name": "Floor Plan 26_29.jpg",
    "units": "feet",
    "totalArea": 29.74,
    "totalRooms": 11,
    "rooms": [
      {
        "id": 1,
        "name": "Room_1",
        "shape": "Rectangle",
        "dimensions": {
          "width": 0.37,
          "length": 3.69,
          "height": 2.95
        },
        "position": {
          "x": 0.15,
          "y": 7.75
        },
        "windows": [],
        "doors": [],
        "connected_to": []
      },
      {
        "id": 2,
        "name": "Text_9",
        "shape": "Rectangle",
        "dimensions": {
          "width": 0.38,
          "length": 5.71,
          "height": 4.57
        },
        "position": {
          "x": 3.9,
          "y": 5.73
        },
        "windows": [],
        "doors": [
          {
            "type": "Door",
            "id": 71,
            "location": {
              "x": 3.93,
              "y": 5.85
            },
            "dimensions": {
              "width": 0.15,
              "height": 0.1
            }
          }
        ],
        "connected_to": []
      },
      {
        "id": 3,
        "name": "Text_51",
        "shape": "Irregular",
        "dimensions": {
          "width": 1.56,
          "length": 3.02,
          "height": 2.42
        },
        "position": {
          "x": 8.46,
          "y": 5.6
        },
        "windows": [],
        "doors": [
          {
            "type": "Door",
            "id": 17,
            "location": {
              "x": 9.28,
              "y": 7.98
            },
            "dimensions": {
              "width": 0.13,
              "height": 0.19
            }
          },
          {
            "type": "Door",
            "id": 20,
            "location": {
              "x": 8.66,
              "y": 7.93
            },
            "dimensions": {
              "width": 0.28,
              "height": 0.19
            }
          },
          {
            "type": "Door",
            "id": 27,
            "location": {
              "x": 8.75,
              "y": 7.68
            },
            "dimensions": {
              "width": 0.14,
              "height": 0.15
            }
          },
          {
            "type": "Door",
            "id": 34,
            "location": {
              "x": 9.36,
              "y": 7.63
            },
            "dimensions": {
              "width": 0.14,
              "height": 0.2
            }
          },
          {
            "type": "Door",
            "id": 35,
            "location": {
              "x": 9.12,
              "y": 7.63
            },
            "dimensions": {
              "width": 0.24,
              "height": 0.21
            }
          },
          {
            "type": "Door",
            "id": 42,
            "location": {
              "x": 9.13,
              "y": 7.35
            },
            "dimensions": {
              "width": 0.24,
              "height": 0.18
            }
          },
          {
            "type": "Door",
            "id": 43,
            "location": {
              "x": 8.94,
              "y": 7.35
            },
            "dimensions": {
              "width": 0.17,
              "height": 0.19
            }
          },
          {
            "type": "Door",
            "id": 44,
            "location": {
              "x": 8.75,
              "y": 7.35
            },
            "dimensions": {
              "width": 0.17,
              "height": 0.19
            }
          },
          {
            "type": "Door",
            "id": 46,
            "location": {
              "x": 9.49,
              "y": 7.3
            },
            "dimensions": {
              "width": 0.15,
              "height": 0.24
            }
          },
          {
            "type": "Door",
            "id": 75,
            "location": {
              "x": 9.04,
              "y": 5.67
            },
            "dimensions": {
              "width": 0.89,
              "height": 0.47
            }
          }
        ],
        "connected_to": []
      },
      {
        "id": 4,
        "name": "Text_104",
        "shape": "Irregular",
        "dimensions": {
          "width": 3.43,
          "length": 1.7,
          "height": 2.74
        },
        "position": {
          "x": 0.15,
          "y": 5.5
        },
        "windows": [
          {
            "type": "Window",
            "id": 50,
            "location": {
              "x": 1.22,
              "y": 6.7
            },
            "dimensions": {
              "width": 1.34,
              "height": 0.19
            }
          },
          {
            "type": "Window",
            "id": 51,
            "location": {
              "x": 1.87,
              "y": 6.68
            },
            "dimensions": {
              "width": 0.79,
              "height": 0.13
            }
          },
          {
            "type": "Window",
            "id": 52,
            "location": {
              "x": 1.37,
              "y": 6.68
            },
            "dimensions": {
              "width": 1.51,
              "height": 0.15
            }
          },
          {
            "type": "Window",
            "id": 57,
            "location": {
              "x": 1.48,
              "y": 6.49
            },
            "dimensions": {
              "width": 0.3,
              "height": 0.13
            }
          }
        ],
        "doors": [
          {
            "type": "Door",
            "id": 49,
            "location": {
              "x": 1.16,
              "y": 7.07
            },
            "dimensions": {
              "width": 0.18,
              "height": 0.16
            }
          },
          {
            "type": "Door",
            "id": 61,
            "location": {
              "x": 2.61,
              "y": 6.43
            },
            "dimensions": {
              "width": 0.25,
              "height": 0.19
            }
          },
          {
            "type": "Door",
            "id": 66,
            "location": {
              "x": 1.37,
              "y": 6.15
            },
            "dimensions": {
              "width": 0.12,
              "height": 0.26
            }
          },
          {
            "type": "Door",
            "id": 73,
            "location": {
              "x": 2.49,
              "y": 5.74
            },
            "dimensions": {
              "width": 0.13,
              "height": 0.15
            }
          }
        ],
        "connected_to": [
          6
        ]
      },
      {
        "id": 5,
        "name": "Text_58",
        "shape": "Rectangle",
        "dimensions": {
          "width": 0.55,
          "length": 3.67,
          "height": 2.94
        },
        "position": {
          "x": 7.77,
          "y": 4.95
        },
        "windows": [],
        "doors": [
          {
            "type": "Door",
            "id": 45,
            "location": {
              "x": 8.27,
              "y": 7.35
            },
            "dimensions": {
              "width": 0.16,
              "height": 0.19
            }
          },
          {
            "type": "Door",
            "id": 48,
            "location": {
              "x": 8.06,
              "y": 7.3
            },
            "dimensions": {
              "width": 0.2,
              "height": 0.23
            }
          },
          {
            "type": "Door",
            "id": 74,
            "location": {
              "x": 8.29,
              "y": 5.68
            },
            "dimensions": {
              "width": 0.15,
              "height": 0.1
            }
          },
          {
            "type": "Door",
            "id": 76,
            "location": {
              "x": 7.99,
              "y": 5.63
            },
            "dimensions": {
              "width": 0.23,
              "height": 0.18
            }
          },
          {
            "type": "Door",
            "id": 80,
            "location": {
              "x": 8.05,
              "y": 5.45
            },
            "dimensions": {
              "width": 0.18,
              "height": 0.15
            }
          }
        ],
        "connected_to": []
      },
      {
        "id": 6,
        "name": "Text_159",
        "shape": "Irregular",
        "dimensions": {
          "width": 0.31,
          "length": 1.3,
          "height": 1.04
        },
        "position": {
          "x": 2.18,
          "y": 4.76
        },
        "windows": [],
        "doors": [
          {
            "type": "Door",
            "id": 73,
            "location": {
              "x": 2.49,
              "y": 5.74
            },
            "dimensions": {
              "width": 0.13,
              "height": 0.15
            }
          }
        ],
        "connected_to": [
          4
        ]
      },
      {
        "id": 7,
        "name": "Text_159",
        "shape": "Pentagon",
        "dimensions": {
          "width": 1.46,
          "length": 0.73,
          "height": 1.17
        },
        "position": {
          "x": 2.11,
          "y": 4.69
        },
        "windows": [],
        "doors": [
          {
            "type": "Door",
            "id": 85,
            "location": {
              "x": 3.5,
              "y": 4.94
            },
            "dimensions": {
              "width": 0.05,
              "height": 0.59
            }
          }
        ],
        "connected_to": []
      },
      {
        "id": 8,
        "name": "Text_212",
        "shape": "Irregular",
        "dimensions": {
          "width": 1.56,
          "length": 2.92,
          "height": 2.34
        },
        "position": {
          "x": 8.46,
          "y": 2.29
        },
        "windows": [
          {
            "type": "Window",
            "id": 86,
            "location": {
              "x": 8.63,
              "y": 4.84
            },
            "dimensions": {
              "width": 1.18,
              "height": 0.55
            }
          }
        ],
        "doors": [
          {
            "type": "Door",
            "id": 83,
            "location": {
              "x": 9.36,
              "y": 5.21
            },
            "dimensions": {
              "width": 0.12,
              "height": 0.18
            }
          },
          {
            "type": "Door",
            "id": 84,
            "location": {
              "x": 8.99,
              "y": 5.21
            },
            "dimensions": {
              "width": 0.15,
              "height": 0.18
            }
          },
          {
            "type": "Door",
            "id": 87,
            "location": {
              "x": 8.88,
              "y": 4.82
            },
            "dimensions": {
              "width": 0.34,
              "height": 0.28
            }
          },
          {
            "type": "Door",
            "id": 93,
            "location": {
              "x": 9.28,
              "y": 3.48
            },
            "dimensions": {
              "width": 0.13,
              "height": 0.19
            }
          },
          {
            "type": "Door",
            "id": 94,
            "location": {
              "x": 8.66,
              "y": 3.44
            },
            "dimensions": {
              "width": 0.28,
              "height": 0.18
            }
          },
          {
            "type": "Door",
            "id": 100,
            "location": {
              "x": 8.84,
              "y": 3.19
            },
            "dimensions": {
              "width": 0.16,
              "height": 0.15
            }
          },
          {
            "type": "Door",
            "id": 103,
            "location": {
              "x": 9.46,
              "y": 3.14
            },
            "dimensions": {
              "width": 0.14,
              "height": 0.2
            }
          },
          {
            "type": "Door",
            "id": 104,
            "location": {
              "x": 9.23,
              "y": 3.14
            },
            "dimensions": {
              "width": 0.13,
              "height": 0.2
            }
          },
          {
            "type": "Door",
            "id": 105,
            "location": {
              "x": 8.54,
              "y": 3.14
            },
            "dimensions": {
              "width": 0.23,
              "height": 0.2
            }
          },
          {
            "type": "Door",
            "id": 109,
            "location": {
              "x": 9.16,
              "y": 2.86
            },
            "dimensions": {
              "width": 0.24,
              "height": 0.18
            }
          },
          {
            "type": "Door",
            "id": 110,
            "location": {
              "x": 8.97,
              "y": 2.86
            },
            "dimensions": {
              "width": 0.17,
              "height": 0.18
            }
          },
          {
            "type": "Door",
            "id": 111,
            "location": {
              "x": 8.78,
              "y": 2.86
            },
            "dimensions": {
              "width": 0.17,
              "height": 0.18
            }
          },
          {
            "type": "Door",
            "id": 113,
            "location": {
              "x": 9.51,
              "y": 2.8
            },
            "dimensions": {
              "width": 0.16,
              "height": 0.24
            }
          },
          {
            "type": "Door",
            "id": 114,
            "location": {
              "x": 8.47,
              "y": 2.8
            },
            "dimensions": {
              "width": 0.17,
              "height": 0.24
            }
          }
        ],
        "connected_to": []
      },
      {
        "id": 9,
        "name": "Text_245",
        "shape": "Pentagon",
        "dimensions": {
          "width": 0.86,
          "length": 2.1,
          "height": 1.68
        },
        "position": {
          "x": 7.46,
          "y": 2.29
        },
        "windows": [],
        "doors": [
          {
            "type": "Door",
            "id": 112,
            "location": {
              "x": 8.3,
              "y": 2.86
            },
            "dimensions": {
              "width": 0.16,
              "height": 0.18
            }
          },
          {
            "type": "Door",
            "id": 115,
            "location": {
              "x": 8.09,
              "y": 2.8
            },
            "dimensions": {
              "width": 0.2,
              "height": 0.24
            }
          }
        ],
        "connected_to": []
      },
      {
        "id": 10,
        "name": "Text_232",
        "shape": "Irregular",
        "dimensions": {
          "width": 0.71,
          "length": 2.79,
          "height": 2.23
        },
        "position": {
          "x": 4.08,
          "y": 2.29
        },
        "windows": [],
        "doors": [
          {
            "type": "Door",
            "id": 96,
            "location": {
              "x": 4.5,
              "y": 3.39
            },
            "dimensions": {
              "width": 0.15,
              "height": 0.28
            }
          },
          {
            "type": "Door",
            "id": 116,
            "location": {
              "x": 4.43,
              "y": 2.37
            },
            "dimensions": {
              "width": 1.88,
              "height": 2.43
            }
          }
        ],
        "connected_to": []
      },
      {
        "id": 11,
        "name": "Text_248",
        "shape": "Irregular",
        "dimensions": {
          "width": 1.41,
          "length": 2.72,
          "height": 2.18
        },
        "position": {
          "x": 0.15,
          "y": 2.29
        },
        "windows": [],
        "doors": [],
        "connected_to": []
      }
    ],
    "doorsAndWindows": [
      {
        "type": "Door",
        "id": 1,
        "location": {
          "x": 2.41,
          "y": 9.04
        },
        "dimensions": {
          "width": 0.14,
          "height": 0.15
        }
      },
      {
        "type": "Door",
        "id": 2,
        "location": {
          "x": 2.94,
          "y": 8.99
        },
        "dimensions": {
          "width": 0.22,
          "height": 0.2
        }
      },
      {
        "type": "Door",
        "id": 3,
        "location": {
          "x": 2.78,
          "y": 8.99
        },
        "dimensions": {
          "width": 0.14,
          "height": 0.2
        }
      },
      {
        "type": "Door",
        "id": 4,
        "location": {
          "x": 2.63,
          "y": 8.99
        },
        "dimensions": {
          "width": 0.14,
          "height": 0.2
        }
      },
      {
        "type": "Door",
        "id": 5,
        "location": {
          "x": 2.1,
          "y": 8.99
        },
        "dimensions": {
          "width": 0.23,
          "height": 0.2
        }
      },
      {
        "type": "Door",
        "id": 6,
        "location": {
          "x": 1.8,
          "y": 8.99
        },
        "dimensions": {
          "width": 0.14,
          "height": 0.2
        }
      },
      {
        "type": "Door",
        "id": 7,
        "location": {
          "x": 3.51,
          "y": 8.62
        },
        "dimensions": {
          "width": 0.16,
          "height": 0.18
        }
      },
      {
        "type": "Door",
        "id": 8,
        "location": {
          "x": 3.33,
          "y": 8.62
        },
        "dimensions": {
          "width": 0.16,
          "height": 0.25
        }
      },
      {
        "type": "Door",
        "id": 9,
        "location": {
          "x": 3.15,
          "y": 8.62
        },
        "dimensions": {
          "width": 0.16,
          "height": 0.18
        }
      },
      {
        "type": "Door",
        "id": 10,
        "location": {
          "x": 2.86,
          "y": 8.62
        },
        "dimensions": {
          "width": 0.16,
          "height": 0.18
        }
      },
      {
        "type": "Door",
        "id": 11,
        "location": {
          "x": 2.25,
          "y": 8.62
        },
        "dimensions": {
          "width": 0.15,
          "height": 0.18
        }
      },
      {
        "type": "Door",
        "id": 12,
        "location": {
          "x": 1.76,
          "y": 8.62
        },
        "dimensions": {
          "width": 0.17,
          "height": 0.18
        }
      },
      {
        "type": "Door",
        "id": 13,
        "location": {
          "x": 1.32,
          "y": 8.57
        },
        "dimensions": {
          "width": 0.19,
          "height": 0.23
        }
      },
      {
        "type": "Door",
        "id": 14,
        "location": {
          "x": 2.63,
          "y": 8.56
        },
        "dimensions": {
          "width": 0.21,
          "height": 0.24
        }
      },
      {
        "type": "Door",
        "id": 15,
        "location": {
          "x": 2.03,
          "y": 8.56
        },
        "dimensions": {
          "width": 0.2,
          "height": 0.24
        }
      },
      {
        "type": "Window",
        "id": 16,
        "location": {
          "x": 4.29,
          "y": 8.18
        },
        "dimensions": {
          "width": 2.14,
          "height": 0.17
        }
      },
      {
        "type": "Door",
        "id": 17,
        "location": {
          "x": 9.28,
          "y": 7.98
        },
        "dimensions": {
          "width": 0.13,
          "height": 0.19
        }
      },
      {
        "type": "Door",
        "id": 18,
        "location": {
          "x": 8.41,
          "y": 7.94
        },
        "dimensions": {
          "width": 0.12,
          "height": 0.18
        }
      },
      {
        "type": "Door",
        "id": 19,
        "location": {
          "x": 5.53,
          "y": 7.94
        },
        "dimensions": {
          "width": 0.14,
          "height": 0.15
        }
      },
      {
        "type": "Door",
        "id": 20,
        "location": {
          "x": 8.66,
          "y": 7.93
        },
        "dimensions": {
          "width": 0.28,
          "height": 0.19
        }
      },
      {
        "type": "Door",
        "id": 21,
        "location": {
          "x": 7.07,
          "y": 7.9
        },
        "dimensions": {
          "width": 0.22,
          "height": 0.2
        }
      },
      {
        "type": "Door",
        "id": 22,
        "location": {
          "x": 6.91,
          "y": 7.9
        },
        "dimensions": {
          "width": 0.14,
          "height": 0.2
        }
      },
      {
        "type": "Door",
        "id": 23,
        "location": {
          "x": 5.75,
          "y": 7.9
        },
        "dimensions": {
          "width": 0.14,
          "height": 0.2
        }
      },
      {
        "type": "Door",
        "id": 24,
        "location": {
          "x": 5.99,
          "y": 7.89
        },
        "dimensions": {
          "width": 0.14,
          "height": 0.21
        }
      },
      {
        "type": "Door",
        "id": 25,
        "location": {
          "x": 5.31,
          "y": 7.89
        },
        "dimensions": {
          "width": 0.13,
          "height": 0.21
        }
      },
      {
        "type": "Door",
        "id": 26,
        "location": {
          "x": 5.07,
          "y": 7.89
        },
        "dimensions": {
          "width": 0.14,
          "height": 0.21
        }
      },
      {
        "type": "Door",
        "id": 27,
        "location": {
          "x": 8.75,
          "y": 7.68
        },
        "dimensions": {
          "width": 0.14,
          "height": 0.15
        }
      },
      {
        "type": "Door",
        "id": 28,
        "location": {
          "x": 5.98,
          "y": 7.65
        },
        "dimensions": {
          "width": 0.15,
          "height": 0.18
        }
      },
      {
        "type": "Door",
        "id": 29,
        "location": {
          "x": 5.86,
          "y": 7.65
        },
        "dimensions": {
          "width": 0.11,
          "height": 0.18
        }
      },
      {
        "type": "Door",
        "id": 30,
        "location": {
          "x": 5.67,
          "y": 7.65
        },
        "dimensions": {
          "width": 0.17,
          "height": 0.18
        }
      },
      {
        "type": "Door",
        "id": 31,
        "location": {
          "x": 5.1,
          "y": 7.65
        },
        "dimensions": {
          "width": 0.16,
          "height": 0.18
        }
      },
      {
        "type": "Door",
        "id": 32,
        "location": {
          "x": 4.91,
          "y": 7.65
        },
        "dimensions": {
          "width": 0.17,
          "height": 0.18
        }
      },
      {
        "type": "Door",
        "id": 33,
        "location": {
          "x": 4.79,
          "y": 7.65
        },
        "dimensions": {
          "width": 0.11,
          "height": 0.18
        }
      },
      {
        "type": "Door",
        "id": 34,
        "location": {
          "x": 9.36,
          "y": 7.63
        },
        "dimensions": {
          "width": 0.14,
          "height": 0.2
        }
      },
      {
        "type": "Door",
        "id": 35,
        "location": {
          "x": 9.12,
          "y": 7.63
        },
        "dimensions": {
          "width": 0.24,
          "height": 0.21
        }
      },
      {
        "type": "Door",
        "id": 36,
        "location": {
          "x": 8.44,
          "y": 7.63
        },
        "dimensions": {
          "width": 0.23,
          "height": 0.2
        }
      },
      {
        "type": "Door",
        "id": 37,
        "location": {
          "x": 5.27,
          "y": 7.61
        },
        "dimensions": {
          "width": 0.1,
          "height": 0.22
        }
      },
      {
        "type": "Door",
        "id": 38,
        "location": {
          "x": 6.16,
          "y": 7.6
        },
        "dimensions": {
          "width": 0.16,
          "height": 0.23
        }
      },
      {
        "type": "Door",
        "id": 39,
        "location": {
          "x": 5.48,
          "y": 7.6
        },
        "dimensions": {
          "width": 0.18,
          "height": 0.23
        }
      },
      {
        "type": "Door",
        "id": 40,
        "location": {
          "x": 4.61,
          "y": 7.6
        },
        "dimensions": {
          "width": 0.16,
          "height": 0.23
        }
      },
      {
        "type": "Window",
        "id": 41,
        "location": {
          "x": 1.52,
          "y": 7.36
        },
        "dimensions": {
          "width": 0.32,
          "height": 0.08
        }
      },
      {
        "type": "Door",
        "id": 42,
        "location": {
          "x": 9.13,
          "y": 7.35
        },
        "dimensions": {
          "width": 0.24,
          "height": 0.18
        }
      },
      {
        "type": "Door",
        "id": 43,
        "location": {
          "x": 8.94,
          "y": 7.35
        },
        "dimensions": {
          "width": 0.17,
          "height": 0.19
        }
      },
      {
        "type": "Door",
        "id": 44,
        "location": {
          "x": 8.75,
          "y": 7.35
        },
        "dimensions": {
          "width": 0.17,
          "height": 0.19
        }
      },
      {
        "type": "Door",
        "id": 45,
        "location": {
          "x": 8.27,
          "y": 7.35
        },
        "dimensions": {
          "width": 0.16,
          "height": 0.19
        }
      },
      {
        "type": "Door",
        "id": 46,
        "location": {
          "x": 9.49,
          "y": 7.3
        },
        "dimensions": {
          "width": 0.15,
          "height": 0.24
        }
      },
      {
        "type": "Door",
        "id": 47,
        "location": {
          "x": 8.44,
          "y": 7.3
        },
        "dimensions": {
          "width": 0.17,
          "height": 0.24
        }
      },
      {
        "type": "Door",
        "id": 48,
        "location": {
          "x": 8.06,
          "y": 7.3
        },
        "dimensions": {
          "width": 0.2,
          "height": 0.23
        }
      },
      {
        "type": "Door",
        "id": 49,
        "location": {
          "x": 1.16,
          "y": 7.07
        },
        "dimensions": {
          "width": 0.18,
          "height": 0.16
        }
      },
      {
        "type": "Window",
        "id": 50,
        "location": {
          "x": 1.22,
          "y": 6.7
        },
        "dimensions": {
          "width": 1.34,
          "height": 0.19
        }
      },
      {
        "type": "Window",
        "id": 51,
        "location": {
          "x": 1.87,
          "y": 6.68
        },
        "dimensions": {
          "width": 0.79,
          "height": 0.13
        }
      },
      {
        "type": "Window",
        "id": 52,
        "location": {
          "x": 1.37,
          "y": 6.68
        },
        "dimensions": {
          "width": 1.51,
          "height": 0.15
        }
      },
      {
        "type": "Door",
        "id": 53,
        "location": {
          "x": 6.83,
          "y": 6.52
        },
        "dimensions": {
          "width": 0.13,
          "height": 0.19
        }
      },
      {
        "type": "Door",
        "id": 54,
        "location": {
          "x": 6.37,
          "y": 6.52
        },
        "dimensions": {
          "width": 0.12,
          "height": 0.14
        }
      },
      {
        "type": "Door",
        "id": 55,
        "location": {
          "x": 5.88,
          "y": 6.52
        },
        "dimensions": {
          "width": 0.12,
          "height": 0.14
        }
      },
      {
        "type": "Door",
        "id": 56,
        "location": {
          "x": 5.47,
          "y": 6.52
        },
        "dimensions": {
          "width": 0.12,
          "height": 0.14
        }
      },
      {
        "type": "Window",
        "id": 57,
        "location": {
          "x": 1.48,
          "y": 6.49
        },
        "dimensions": {
          "width": 0.3,
          "height": 0.13
        }
      },
      {
        "type": "Door",
        "id": 58,
        "location": {
          "x": 6.0,
          "y": 6.48
        },
        "dimensions": {
          "width": 0.13,
          "height": 0.18
        }
      },
      {
        "type": "Door",
        "id": 59,
        "location": {
          "x": 5.31,
          "y": 6.48
        },
        "dimensions": {
          "width": 0.16,
          "height": 0.18
        }
      },
      {
        "type": "Door",
        "id": 60,
        "location": {
          "x": 6.21,
          "y": 6.47
        },
        "dimensions": {
          "width": 0.15,
          "height": 0.19
        }
      },
      {
        "type": "Door",
        "id": 61,
        "location": {
          "x": 2.61,
          "y": 6.43
        },
        "dimensions": {
          "width": 0.25,
          "height": 0.19
        }
      },
      {
        "type": "Door",
        "id": 62,
        "location": {
          "x": 6.65,
          "y": 6.25
        },
        "dimensions": {
          "width": 0.13,
          "height": 0.2
        }
      },
      {
        "type": "Door",
        "id": 63,
        "location": {
          "x": 6.41,
          "y": 6.25
        },
        "dimensions": {
          "width": 0.14,
          "height": 0.21
        }
      },
      {
        "type": "Door",
        "id": 64,
        "location": {
          "x": 5.82,
          "y": 6.25
        },
        "dimensions": {
          "width": 0.13,
          "height": 0.22
        }
      },
      {
        "type": "Door",
        "id": 65,
        "location": {
          "x": 5.58,
          "y": 6.25
        },
        "dimensions": {
          "width": 0.13,
          "height": 0.21
        }
      },
      {
        "type": "Door",
        "id": 66,
        "location": {
          "x": 1.37,
          "y": 6.15
        },
        "dimensions": {
          "width": 0.12,
          "height": 0.26
        }
      },
      {
        "type": "Door",
        "id": 67,
        "location": {
          "x": 6.3,
          "y": 5.91
        },
        "dimensions": {
          "width": 0.24,
          "height": 0.18
        }
      },
      {
        "type": "Door",
        "id": 68,
        "location": {
          "x": 6.1,
          "y": 5.91
        },
        "dimensions": {
          "width": 0.18,
          "height": 0.19
        }
      },
      {
        "type": "Door",
        "id": 69,
        "location": {
          "x": 5.92,
          "y": 5.91
        },
        "dimensions": {
          "width": 0.17,
          "height": 0.19
        }
      },
      {
        "type": "Door",
        "id": 70,
        "location": {
          "x": 3.69,
          "y": 5.86
        },
        "dimensions": {
          "width": 0.18,
          "height": 0.14
        }
      },
      {
        "type": "Door",
        "id": 71,
        "location": {
          "x": 3.93,
          "y": 5.85
        },
        "dimensions": {
          "width": 0.15,
          "height": 0.1
        }
      },
      {
        "type": "Door",
        "id": 72,
        "location": {
          "x": 4.96,
          "y": 5.75
        },
        "dimensions": {
          "width": 0.26,
          "height": 0.32
        }
      },
      {
        "type": "Door",
        "id": 73,
        "location": {
          "x": 2.49,
          "y": 5.74
        },
        "dimensions": {
          "width": 0.13,
          "height": 0.15
        }
      },
      {
        "type": "Door",
        "id": 74,
        "location": {
          "x": 8.29,
          "y": 5.68
        },
        "dimensions": {
          "width": 0.15,
          "height": 0.1
        }
      },
      {
        "type": "Door",
        "id": 75,
        "location": {
          "x": 9.04,
          "y": 5.67
        },
        "dimensions": {
          "width": 0.89,
          "height": 0.47
        }
      },
      {
        "type": "Door",
        "id": 76,
        "location": {
          "x": 7.99,
          "y": 5.63
        },
        "dimensions": {
          "width": 0.23,
          "height": 0.18
        }
      },
      {
        "type": "Door",
        "id": 77,
        "location": {
          "x": 6.11,
          "y": 5.61
        },
        "dimensions": {
          "width": 0.33,
          "height": 0.18
        }
      },
      {
        "type": "Door",
        "id": 78,
        "location": {
          "x": 6.45,
          "y": 5.57
        },
        "dimensions": {
          "width": 0.1,
          "height": 0.22
        }
      },
      {
        "type": "Door",
        "id": 79,
        "location": {
          "x": 5.76,
          "y": 5.55
        },
        "dimensions": {
          "width": 0.22,
          "height": 0.24
        }
      },
      {
        "type": "Door",
        "id": 80,
        "location": {
          "x": 8.05,
          "y": 5.45
        },
        "dimensions": {
          "width": 0.18,
          "height": 0.15
        }
      },
      {
        "type": "Door",
        "id": 81,
        "location": {
          "x": 3.69,
          "y": 5.43
        },
        "dimensions": {
          "width": 0.22,
          "height": 0.28
        }
      },
      {
        "type": "Door",
        "id": 82,
        "location": {
          "x": 9.15,
          "y": 5.25
        },
        "dimensions": {
          "width": 0.12,
          "height": 0.14
        }
      },
      {
        "type": "Door",
        "id": 83,
        "location": {
          "x": 9.36,
          "y": 5.21
        },
        "dimensions": {
          "width": 0.12,
          "height": 0.18
        }
      },
      {
        "type": "Door",
        "id": 84,
        "location": {
          "x": 8.99,
          "y": 5.21
        },
        "dimensions": {
          "width": 0.15,
          "height": 0.18
        }
      },
      {
        "type": "Door",
        "id": 85,
        "location": {
          "x": 3.5,
          "y": 4.94
        },
        "dimensions": {
          "width": 0.05,
          "height": 0.59
        }
      },
      {
        "type": "Window",
        "id": 86,
        "location": {
          "x": 8.63,
          "y": 4.84
        },
        "dimensions": {
          "width": 1.18,
          "height": 0.55
        }
      },
      {
        "type": "Door",
        "id": 87,
        "location": {
          "x": 8.88,
          "y": 4.82
        },
        "dimensions": {
          "width": 0.34,
          "height": 0.28
        }
      },
      {
        "type": "Door",
        "id": 88,
        "location": {
          "x": 4.92,
          "y": 4.15
        },
        "dimensions": {
          "width": 0.27,
          "height": 0.32
        }
      },
      {
        "type": "Door",
        "id": 89,
        "location": {
          "x": 7.28,
          "y": 3.52
        },
        "dimensions": {
          "width": 0.12,
          "height": 0.17
        }
      },
      {
        "type": "Door",
        "id": 90,
        "location": {
          "x": 7.08,
          "y": 3.52
        },
        "dimensions": {
          "width": 0.11,
          "height": 0.17
        }
      },
      {
        "type": "Door",
        "id": 91,
        "location": {
          "x": 6.57,
          "y": 3.52
        },
        "dimensions": {
          "width": 0.12,
          "height": 0.17
        }
      },
      {
        "type": "Door",
        "id": 92,
        "location": {
          "x": 6.36,
          "y": 3.52
        },
        "dimensions": {
          "width": 0.2,
          "height": 0.17
        }
      },
      {
        "type": "Door",
        "id": 93,
        "location": {
          "x": 9.28,
          "y": 3.48
        },
        "dimensions": {
          "width": 0.13,
          "height": 0.19
        }
      },
      {
        "type": "Door",
        "id": 94,
        "location": {
          "x": 8.66,
          "y": 3.44
        },
        "dimensions": {
          "width": 0.28,
          "height": 0.18
        }
      },
      {
        "type": "Door",
        "id": 95,
        "location": {
          "x": 8.41,
          "y": 3.44
        },
        "dimensions": {
          "width": 0.12,
          "height": 0.18
        }
      },
      {
        "type": "Door",
        "id": 96,
        "location": {
          "x": 4.5,
          "y": 3.39
        },
        "dimensions": {
          "width": 0.15,
          "height": 0.28
        }
      },
      {
        "type": "Door",
        "id": 97,
        "location": {
          "x": 5.38,
          "y": 3.37
        },
        "dimensions": {
          "width": 0.62,
          "height": 1.25
        }
      },
      {
        "type": "Door",
        "id": 98,
        "location": {
          "x": 6.46,
          "y": 3.26
        },
        "dimensions": {
          "width": 0.16,
          "height": 0.18
        }
      },
      {
        "type": "Door",
        "id": 99,
        "location": {
          "x": 6.11,
          "y": 3.23
        },
        "dimensions": {
          "width": 0.12,
          "height": 0.17
        }
      },
      {
        "type": "Door",
        "id": 100,
        "location": {
          "x": 8.84,
          "y": 3.19
        },
        "dimensions": {
          "width": 0.16,
          "height": 0.15
        }
      },
      {
        "type": "Door",
        "id": 101,
        "location": {
          "x": 5.54,
          "y": 3.19
        },
        "dimensions": {
          "width": 0.26,
          "height": 0.17
        }
      },
      {
        "type": "Door",
        "id": 102,
        "location": {
          "x": 5.35,
          "y": 3.19
        },
        "dimensions": {
          "width": 0.12,
          "height": 0.17
        }
      },
      {
        "type": "Door",
        "id": 103,
        "location": {
          "x": 9.46,
          "y": 3.14
        },
        "dimensions": {
          "width": 0.14,
          "height": 0.2
        }
      },
      {
        "type": "Door",
        "id": 104,
        "location": {
          "x": 9.23,
          "y": 3.14
        },
        "dimensions": {
          "width": 0.13,
          "height": 0.2
        }
      },
      {
        "type": "Door",
        "id": 105,
        "location": {
          "x": 8.54,
          "y": 3.14
        },
        "dimensions": {
          "width": 0.23,
          "height": 0.2
        }
      },
      {
        "type": "Door",
        "id": 106,
        "location": {
          "x": 5.02,
          "y": 2.99
        },
        "dimensions": {
          "width": 0.12,
          "height": 0.18
        }
      },
      {
        "type": "Door",
        "id": 107,
        "location": {
          "x": 4.81,
          "y": 2.99
        },
        "dimensions": {
          "width": 0.13,
          "height": 0.18
        }
      },
      {
        "type": "Door",
        "id": 108,
        "location": {
          "x": 5.53,
          "y": 2.98
        },
        "dimensions": {
          "width": 0.12,
          "height": 0.19
        }
      },
      {
        "type": "Door",
        "id": 109,
        "location": {
          "x": 9.16,
          "y": 2.86
        },
        "dimensions": {
          "width": 0.24,
          "height": 0.18
        }
      },
      {
        "type": "Door",
        "id": 110,
        "location": {
          "x": 8.97,
          "y": 2.86
        },
        "dimensions": {
          "width": 0.17,
          "height": 0.18
        }
      },
      {
        "type": "Door",
        "id": 111,
        "location": {
          "x": 8.78,
          "y": 2.86
        },
        "dimensions": {
          "width": 0.17,
          "height": 0.18
        }
      },
      {
        "type": "Door",
        "id": 112,
        "location": {
          "x": 8.3,
          "y": 2.86
        },
        "dimensions": {
          "width": 0.16,
          "height": 0.18
        }
      },
      {
        "type": "Door",
        "id": 113,
        "location": {
          "x": 9.51,
          "y": 2.8
        },
        "dimensions": {
          "width": 0.16,
          "height": 0.24
        }
      },
      {
        "type": "Door",
        "id": 114,
        "location": {
          "x": 8.47,
          "y": 2.8
        },
        "dimensions": {
          "width": 0.17,
          "height": 0.24
        }
      },
      {
        "type": "Door",
        "id": 115,
        "location": {
          "x": 8.09,
          "y": 2.8
        },
        "dimensions": {
          "width": 0.2,
          "height": 0.24
        }
      },
      {
        "type": "Door",
        "id": 116,
        "location": {
          "x": 4.43,
          "y": 2.37
        },
        "dimensions": {
          "width": 1.88,
          "height": 2.43
        }
      },
      {
        "type": "Door",
        "id": 117,
        "location": {
          "x": 0.13,
          "y": 2.27
        },
        "dimensions": {
          "width": 9.9,
          "height": 9.18
        }
      },
      {
        "type": "Door",
        "id": 118,
        "location": {
          "x": 6.41,
          "y": 1.3
        },
        "dimensions": {
          "width": 0.11,
          "height": 0.18
        }
      },
      {
        "type": "Door",
        "id": 119,
        "location": {
          "x": 6.2,
          "y": 1.3
        },
        "dimensions": {
          "width": 0.12,
          "height": 0.18
        }
      },
      {
        "type": "Door",
        "id": 120,
        "location": {
          "x": 5.62,
          "y": 1.3
        },
        "dimensions": {
          "width": 0.19,
          "height": 0.18
        }
      },
      {
        "type": "Door",
        "id": 121,
        "location": {
          "x": 5.49,
          "y": 1.3
        },
        "dimensions": {
          "width": 0.12,
          "height": 0.18
        }
      },
      {
        "type": "Door",
        "id": 122,
        "location": {
          "x": 6.08,
          "y": 1.07
        },
        "dimensions": {
          "width": 0.14,
          "height": 0.15
        }
      },
      {
        "type": "Door",
        "id": 123,
        "location": {
          "x": 5.79,
          "y": 1.04
        },
        "dimensions": {
          "width": 0.21,
          "height": 0.18
        }
      },
      {
        "type": "Door",
        "id": 124,
        "location": {
          "x": 5.63,
          "y": 1.03
        },
        "dimensions": {
          "width": 0.15,
          "height": 0.19
        }
      }
    ]
  }
}