{
  "floorPlan": {
    "name": "Floor Plan 26_22.jpg",
    "units": "feet",
    "totalArea": 50.77,
    "totalRooms": 11,
    "rooms": [
      {
        "id": 1,
        "name": "Room_1",
        "shape": "Rectangle",
        "dimensions": {
          "width": 0.45,
          "length": 3.97,
          "height": 3.18
        },
        "position": {
          "x": 9.62,
          "y": 6.65
        },
        "windows": [],
        "doors": [],
        "connected_to": []
      },
      {
        "id": 2,
        "name": "Room_2",
        "shape": "Irregular",
        "dimensions": {
          "width": 3.48,
          "length": 0.84,
          "height": 2.78
        },
        "position": {
          "x": 6.59,
          "y": 5.28
        },
        "windows": [],
        "doors": [],
        "connected_to": []
      },
      {
        "id": 3,
        "name": "Room_3",
        "shape": "Irregular",
        "dimensions": {
          "width": 0.72,
          "length": 5.37,
          "height": 4.3
        },
        "position": {
          "x": 5.61,
          "y": 5.25
        },
        "windows": [],
        "doors": [],
        "connected_to": []
      },
      {
        "id": 4,
        "name": "Room_4",
        "shape": "Irregular",
        "dimensions": {
          "width": 0.99,
          "length": 3.54,
          "height": 2.83
        },
        "position": {
          "x": 1.95,
          "y": 5.25
        },
        "windows": [],
        "doors": [],
        "connected_to": []
      },
      {
        "id": 5,
        "name": "Room_5",
        "shape": "Irregular",
        "dimensions": {
          "width": 1.65,
          "length": 3.47,
          "height": 2.78
        },
        "position": {
          "x": 0.14,
          "y": 4.12
        },
        "windows": [],
        "doors": [],
        "connected_to": []
      },
      {
        "id": 6,
        "name": "Room_6",
        "shape": "Irregular",
        "dimensions": {
          "width": 2.07,
          "length": 2.49,
          "height": 1.99
        },
        "position": {
          "x": 8.0,
          "y": 2.38
        },
        "windows": [],
        "doors": [],
        "connected_to": []
      },
      {
        "id": 7,
        "name": "Room_7",
        "shape": "Irregular",
        "dimensions": {
          "width": 0.97,
          "length": 2.46,
          "height": 1.97
        },
        "position": {
          "x": 9.1,
          "y": 0.14
        },
        "windows": [],
        "doors": [],
        "connected_to": []
      },
      {
        "id": 8,
        "name": "Room_8",
        "shape": "Pentagon",
        "dimensions": {
          "width": 0.52,
          "length": 1.71,
          "height": 1.37
        },
        "position": {
          "x": 8.46,
          "y": 0.14
        },
        "windows": [],
        "doors": [],
        "connected_to": []
      },
      {
        "id": 9,
        "name": "Room_9",
        "shape": "Irregular",
        "dimensions": {
          "width": 2.04,
          "length": 4.58,
          "height": 3.66
        },
        "position": {
          "x": 5.43,
          "y": 0.14
        },
        "windows": [],
        "doors": [],
        "connected_to": []
      },
      {
        "id": 10,
        "name": "Room_10",
        "shape": "Irregular",
        "dimensions": {
          "width": 2.03,
          "length": 4.58,
          "height": 3.66
        },
        "position": {
          "x": 1.52,
          "y": 0.14
        },
        "windows": [],
        "doors": [],
        "connected_to": []
      },
      {
        "id": 11,
        "name": "Room_11",
        "shape": "Irregular",
        "dimensions": {
          "width": 1.65,
          "length": 3.57,
          "height": 2.86
        },
        "position": {
          "x": 0.14,
          "y": 0.14
        },
        "windows": [],
        "doors": [],
        "connected_to": []
      }
    ],
    "doorsAndWindows": [
      {
        "type": "Door",
        "id": 1,
        "location": {
          "x": 0.07,
          "y": 0.07
        },
        "dimensions": {
          "width": 10.09,
          "height": 10.62
        }
      }
    ]
  }
}