{
  "floorPlan": {
    "name": "Floor Plan 26_21.jpg",
    "units": "feet",
    "totalArea": 52.14,
    "totalRooms": 8,
    "rooms": [
      {
        "id": 1,
        "name": "Room_1",
        "shape": "Irregular",
        "dimensions": {
          "width": 0.79,
          "length": 3.28,
          "height": 2.62
        },
        "position": {
          "x": 3.56,
          "y": 4.51
        },
        "windows": [],
        "doors": [],
        "connected_to": []
      },
      {
        "id": 2,
        "name": "Room_2",
        "shape": "Hexagon",
        "dimensions": {
          "width": 0.83,
          "length": 2.1,
          "height": 1.68
        },
        "position": {
          "x": 7.75,
          "y": 4.02
        },
        "windows": [],
        "doors": [],
        "connected_to": []
      },
      {
        "id": 3,
        "name": "Room_3",
        "shape": "Irregular",
        "dimensions": {
          "width": 1.09,
          "length": 2.1,
          "height": 1.68
        },
        "position": {
          "x": 4.42,
          "y": 4.02
        },
        "windows": [],
        "doors": [
          {
            "type": "Door",
            "id": 7,
            "location": {
              "x": 5.45,
              "y": 5.4
            },
            "dimensions": {
              "width": 0.35,
              "height": 0.11
            }
          },
          {
            "type": "Door",
            "id": 9,
            "location": {
              "x": 4.71,
              "y": 4.76
            },
            "dimensions": {
              "width": 0.25,
              "height": 0.31
            }
          }
        ],
        "connected_to": []
      },
      {
        "id": 4,
        "name": "Room_4",
        "shape": "Irregular",
        "dimensions": {
          "width": 1.48,
          "length": 5.96,
          "height": 4.77
        },
        "position": {
          "x": 8.6,
          "y": 0.16
        },
        "windows": [],
        "doors": [
          {
            "type": "Door",
            "id": 15,
            "location": {
              "x": 9.18,
              "y": 2.74
            },
            "dimensions": {
              "width": 0.33,
              "height": 0.14
            }
          }
        ],
        "connected_to": []
      },
      {
        "id": 5,
        "name": "Room_5",
        "shape": "Irregular",
        "dimensions": {
          "width": 1.06,
          "length": 3.37,
          "height": 2.7
        },
        "position": {
          "x": 7.69,
          "y": 0.16
        },
        "windows": [],
        "doors": [],
        "connected_to": []
      },
      {
        "id": 6,
        "name": "Room_6",
        "shape": "Irregular",
        "dimensions": {
          "width": 0.93,
          "length": 3.37,
          "height": 2.7
        },
        "position": {
          "x": 4.41,
          "y": 0.16
        },
        "windows": [],
        "doors": [
          {
            "type": "Door",
            "id": 14,
            "location": {
              "x": 5.22,
              "y": 2.9
            },
            "dimensions": {
              "width": 1.01,
              "height": 0.2
            }
          },
          {
            "type": "Door",
            "id": 19,
            "location": {
              "x": 4.42,
              "y": 0.2
            },
            "dimensions": {
              "width": 5.6,
              "height": 6.98
            }
          },
          {
            "type": "Door",
            "id": 20,
            "location": {
              "x": 4.58,
              "y": 0.17
            },
            "dimensions": {
              "width": 3.43,
              "height": 3.36
            }
          }
        ],
        "connected_to": []
      },
      {
        "id": 7,
        "name": "Room_7",
        "shape": "Irregular",
        "dimensions": {
          "width": 1.02,
          "length": 0.68,
          "height": 0.82
        },
        "position": {
          "x": 1.54,
          "y": 0.16
        },
        "windows": [],
        "doors": [],
        "connected_to": []
      },
      {
        "id": 8,
        "name": "Room_8",
        "shape": "Irregular",
        "dimensions": {
          "width": 3.84,
          "length": 7.63,
          "height": 6.1
        },
        "position": {
          "x": 0.16,
          "y": 0.16
        },
        "windows": [
          {
            "type": "Window",
            "id": 8,
            "location": {
              "x": 1.54,
              "y": 5.37
            },
            "dimensions": {
              "width": 0.99,
              "height": 0.19
            }
          }
        ],
        "doors": [
          {
            "type": "Door",
            "id": 3,
            "location": {
              "x": 1.94,
              "y": 6.1
            },
            "dimensions": {
              "width": 0.2,
              "height": 1.64
            }
          },
          {
            "type": "Door",
            "id": 4,
            "location": {
              "x": 2.34,
              "y": 5.61
            },
            "dimensions": {
              "width": 0.16,
              "height": 0.15
            }
          },
          {
            "type": "Door",
            "id": 5,
            "location": {
              "x": 2.13,
              "y": 5.61
            },
            "dimensions": {
              "width": 0.21,
              "height": 0.15
            }
          }
        ],
        "connected_to": []
      }
    ],
    "doorsAndWindows": [
      {
        "type": "Door",
        "id": 1,
        "location": {
          "x": 6.69,
          "y": 7.01
        },
        "dimensions": {
          "width": 0.14,
          "height": 0.13
        }
      },
      {
        "type": "Door",
        "id": 2,
        "location": {
          "x": 8.07,
          "y": 6.98
        },
        "dimensions": {
          "width": 0.27,
          "height": 0.17
        }
      },
      {
        "type": "Door",
        "id": 3,
        "location": {
          "x": 1.94,
          "y": 6.1
        },
        "dimensions": {
          "width": 0.2,
          "height": 1.64
        }
      },
      {
        "type": "Door",
        "id": 4,
        "location": {
          "x": 2.34,
          "y": 5.61
        },
        "dimensions": {
          "width": 0.16,
          "height": 0.15
        }
      },
      {
        "type": "Door",
        "id": 5,
        "location": {
          "x": 2.13,
          "y": 5.61
        },
        "dimensions": {
          "width": 0.21,
          "height": 0.15
        }
      },
      {
        "type": "Door",
        "id": 6,
        "location": {
          "x": 7.39,
          "y": 5.41
        },
        "dimensions": {
          "width": 0.35,
          "height": 0.1
        }
      },
      {
        "type": "Door",
        "id": 7,
        "location": {
          "x": 5.45,
          "y": 5.4
        },
        "dimensions": {
          "width": 0.35,
          "height": 0.11
        }
      },
      {
        "type": "Window",
        "id": 8,
        "location": {
          "x": 1.54,
          "y": 5.37
        },
        "dimensions": {
          "width": 0.99,
          "height": 0.19
        }
      },
      {
        "type": "Door",
        "id": 9,
        "location": {
          "x": 4.71,
          "y": 4.76
        },
        "dimensions": {
          "width": 0.25,
          "height": 0.31
        }
      },
      {
        "type": "Door",
        "id": 10,
        "location": {
          "x": 6.41,
          "y": 4.74
        },
        "dimensions": {
          "width": 0.11,
          "height": 0.15
        }
      },
      {
        "type": "Door",
        "id": 11,
        "location": {
          "x": 4.28,
          "y": 4.06
        },
        "dimensions": {
          "width": 0.29,
          "height": 0.11
        }
      },
      {
        "type": "Door",
        "id": 12,
        "location": {
          "x": 4.38,
          "y": 3.68
        },
        "dimensions": {
          "width": 0.51,
          "height": 0.34
        }
      },
      {
        "type": "Door",
        "id": 13,
        "location": {
          "x": 5.37,
          "y": 3.11
        },
        "dimensions": {
          "width": 0.26,
          "height": 0.18
        }
      },
      {
        "type": "Door",
        "id": 14,
        "location": {
          "x": 5.22,
          "y": 2.9
        },
        "dimensions": {
          "width": 1.01,
          "height": 0.2
        }
      },
      {
        "type": "Door",
        "id": 15,
        "location": {
          "x": 9.18,
          "y": 2.74
        },
        "dimensions": {
          "width": 0.33,
          "height": 0.14
        }
      },
      {
        "type": "Door",
        "id": 16,
        "location": {
          "x": 5.5,
          "y": 2.27
        },
        "dimensions": {
          "width": 0.9,
          "height": 0.54
        }
      },
      {
        "type": "Door",
        "id": 17,
        "location": {
          "x": 6.78,
          "y": 2.12
        },
        "dimensions": {
          "width": 0.33,
          "height": 0.2
        }
      },
      {
        "type": "Window",
        "id": 18,
        "location": {
          "x": 6.17,
          "y": 0.91
        },
        "dimensions": {
          "width": 0.29,
          "height": 0.12
        }
      },
      {
        "type": "Door",
        "id": 19,
        "location": {
          "x": 4.42,
          "y": 0.2
        },
        "dimensions": {
          "width": 5.6,
          "height": 6.98
        }
      },
      {
        "type": "Door",
        "id": 20,
        "location": {
          "x": 4.58,
          "y": 0.17
        },
        "dimensions": {
          "width": 3.43,
          "height": 3.36
        }
      },
      {
        "type": "Door",
        "id": 21,
        "location": {
          "x": 6.24,
          "y": 0.15
        },
        "dimensions": {
          "width": 0.11,
          "height": 0.12
        }
      },
      {
        "type": "Door",
        "id": 22,
        "location": {
          "x": 0.22,
          "y": 0.12
        },
        "dimensions": {
          "width": 5.07,
          "height": 7.6
        }
      },
      {
        "type": "Door",
        "id": 23,
        "location": {
          "x": 0.1,
          "y": 0.1
        },
        "dimensions": {
          "width": 9.87,
          "height": 7.75
        }
      }
    ]
  }
}