{
  "floorPlan": {
    "name": "Floor Plan 26_25.jpg",
    "units": "feet",
    "totalArea": 79.27,
    "totalRooms": 16,
    "rooms": [
      {
        "id": 1,
        "name": "Text_2",
        "shape": "Hexagon",
        "dimensions": {
          "width": 9.0,
          "length": 1.65,
          "height": 7.2
        },
        "position": {
          "x": 1.06,
          "y": 11.13
        },
        "windows": [],
        "doors": [
          {
            "type": "Door",
            "id": 1,
            "location": {
              "x": 5.69,
              "y": 12.27
            },
            "dimensions": {
              "width": 0.18,
              "height": 0.25
            }
          },
          {
            "type": "Door",
            "id": 2,
            "location": {
              "x": 5.31,
              "y": 12.27
            },
            "dimensions": {
              "width": 0.17,
              "height": 0.25
            }
          },
          {
            "type": "Door",
            "id": 3,
            "location": {
              "x": 5.1,
              "y": 12.27
            },
            "dimensions": {
              "width": 0.19,
              "height": 0.25
            }
          }
        ],
        "connected_to": []
      },
      {
        "id": 2,
        "name": "Room_2",
        "shape": "Irregular",
        "dimensions": {
          "width": 1.59,
          "length": 1.79,
          "height": 1.43
        },
        "position": {
          "x": 8.21,
          "y": 9.62
        },
        "windows": [],
        "doors": [],
        "connected_to": []
      },
      {
        "id": 3,
        "name": "Room_3",
        "shape": "Irregular",
        "dimensions": {
          "width": 1.03,
          "length": 2.86,
          "height": 2.29
        },
        "position": {
          "x": 6.14,
          "y": 8.55
        },
        "windows": [],
        "doors": [],
        "connected_to": []
      },
      {
        "id": 4,
        "name": "Room_4",
        "shape": "Irregular",
        "dimensions": {
          "width": 1.32,
          "length": 0.66,
          "height": 1.06
        },
        "position": {
          "x": 7.45,
          "y": 8.49
        },
        "windows": [],
        "doors": [],
        "connected_to": []
      },
      {
        "id": 5,
        "name": "Room_5",
        "shape": "Irregular",
        "dimensions": {
          "width": 0.56,
          "length": 1.52,
          "height": 1.22
        },
        "position": {
          "x": 9.24,
          "y": 8.46
        },
        "windows": [],
        "doors": [],
        "connected_to": []
      },
      {
        "id": 6,
        "name": "Room_6",
        "shape": "Rectangle",
        "dimensions": {
          "width": 3.03,
          "length": 4.09,
          "height": 3.27
        },
        "position": {
          "x": 1.38,
          "y": 7.19
        },
        "windows": [],
        "doors": [
          {
            "type": "Door",
            "id": 7,
            "location": {
              "x": 2.9,
              "y": 9.43
            },
            "dimensions": {
              "width": 0.11,
              "height": 0.16
            }
          },
          {
            "type": "Door",
            "id": 8,
            "location": {
              "x": 3.69,
              "y": 8.93
            },
            "dimensions": {
              "width": 0.13,
              "height": 0.17
            }
          },
          {
            "type": "Door",
            "id": 9,
            "location": {
              "x": 3.92,
              "y": 8.88
            },
            "dimensions": {
              "width": 0.26,
              "height": 0.28
            }
          },
          {
            "type": "Door",
            "id": 10,
            "location": {
              "x": 3.32,
              "y": 8.88
            },
            "dimensions": {
              "width": 0.26,
              "height": 0.28
            }
          },
          {
            "type": "Door",
            "id": 11,
            "location": {
              "x": 3.12,
              "y": 8.88
            },
            "dimensions": {
              "width": 0.19,
              "height": 0.28
            }
          },
          {
            "type": "Door",
            "id": 12,
            "location": {
              "x": 2.82,
              "y": 8.88
            },
            "dimensions": {
              "width": 0.26,
              "height": 0.28
            }
          },
          {
            "type": "Door",
            "id": 13,
            "location": {
              "x": 2.43,
              "y": 8.78
            },
            "dimensions": {
              "width": 0.35,
              "height": 0.38
            }
          }
        ],
        "connected_to": []
      },
      {
        "id": 7,
        "name": "Room_7",
        "shape": "Hexagon",
        "dimensions": {
          "width": 0.6,
          "length": 4.29,
          "height": 3.43
        },
        "position": {
          "x": 4.79,
          "y": 7.12
        },
        "windows": [],
        "doors": [],
        "connected_to": []
      },
      {
        "id": 8,
        "name": "Room_8",
        "shape": "Rectangle",
        "dimensions": {
          "width": 0.49,
          "length": 4.85,
          "height": 3.88
        },
        "position": {
          "x": 1.32,
          "y": 6.56
        },
        "windows": [],
        "doors": [],
        "connected_to": []
      },
      {
        "id": 9,
        "name": "Room_9",
        "shape": "Octagon",
        "dimensions": {
          "width": 1.97,
          "length": 1.17,
          "height": 1.58
        },
        "position": {
          "x": 2.34,
          "y": 6.07
        },
        "windows": [
          {
            "type": "Window",
            "id": 17,
            "location": {
              "x": 2.43,
              "y": 7.07
            },
            "dimensions": {
              "width": 0.26,
              "height": 0.12
            }
          }
        ],
        "doors": [],
        "connected_to": []
      },
      {
        "id": 10,
        "name": "Room_10",
        "shape": "Irregular",
        "dimensions": {
          "width": 2.67,
          "length": 1.8,
          "height": 2.14
        },
        "position": {
          "x": 2.62,
          "y": 4.85
        },
        "windows": [],
        "doors": [],
        "connected_to": []
      },
      {
        "id": 11,
        "name": "Room_11",
        "shape": "Rectangle",
        "dimensions": {
          "width": 0.77,
          "length": 2.47,
          "height": 1.98
        },
        "position": {
          "x": 1.38,
          "y": 2.56
        },
        "windows": [],
        "doors": [],
        "connected_to": []
      },
      {
        "id": 12,
        "name": "Room_12",
        "shape": "Irregular",
        "dimensions": {
          "width": 3.1,
          "length": 5.59,
          "height": 4.47
        },
        "position": {
          "x": 6.7,
          "y": 2.43
        },
        "windows": [],
        "doors": [
          {
            "type": "Door",
            "id": 20,
            "location": {
              "x": 6.97,
              "y": 6.32
            },
            "dimensions": {
              "width": 0.15,
              "height": 0.6
            }
          },
          {
            "type": "Door",
            "id": 21,
            "location": {
              "x": 6.82,
              "y": 6.32
            },
            "dimensions": {
              "width": 0.14,
              "height": 0.6
            }
          },
          {
            "type": "Door",
            "id": 23,
            "location": {
              "x": 7.44,
              "y": 6.31
            },
            "dimensions": {
              "width": 0.29,
              "height": 0.61
            }
          },
          {
            "type": "Door",
            "id": 24,
            "location": {
              "x": 7.13,
              "y": 6.31
            },
            "dimensions": {
              "width": 0.3,
              "height": 0.61
            }
          },
          {
            "type": "Door",
            "id": 25,
            "location": {
              "x": 7.55,
              "y": 5.68
            },
            "dimensions": {
              "width": 0.12,
              "height": 0.17
            }
          },
          {
            "type": "Door",
            "id": 28,
            "location": {
              "x": 7.03,
              "y": 4.45
            },
            "dimensions": {
              "width": 1.55,
              "height": 1.04
            }
          },
          {
            "type": "Door",
            "id": 31,
            "location": {
              "x": 8.54,
              "y": 3.82
            },
            "dimensions": {
              "width": 0.11,
              "height": 0.16
            }
          },
          {
            "type": "Door",
            "id": 36,
            "location": {
              "x": 8.63,
              "y": 3.35
            },
            "dimensions": {
              "width": 0.38,
              "height": 0.27
            }
          },
          {
            "type": "Door",
            "id": 37,
            "location": {
              "x": 8.32,
              "y": 3.35
            },
            "dimensions": {
              "width": 0.27,
              "height": 0.27
            }
          },
          {
            "type": "Door",
            "id": 38,
            "location": {
              "x": 8.02,
              "y": 3.35
            },
            "dimensions": {
              "width": 0.28,
              "height": 0.27
            }
          },
          {
            "type": "Door",
            "id": 39,
            "location": {
              "x": 7.69,
              "y": 3.25
            },
            "dimensions": {
              "width": 0.31,
              "height": 0.37
            }
          },
          {
            "type": "Door",
            "id": 45,
            "location": {
              "x": 8.89,
              "y": 2.99
            },
            "dimensions": {
              "width": 0.13,
              "height": 0.17
            }
          },
          {
            "type": "Door",
            "id": 46,
            "location": {
              "x": 8.53,
              "y": 2.94
            },
            "dimensions": {
              "width": 0.25,
              "height": 0.3
            }
          },
          {
            "type": "Door",
            "id": 47,
            "location": {
              "x": 8.4,
              "y": 2.94
            },
            "dimensions": {
              "width": 0.08,
              "height": 0.27
            }
          },
          {
            "type": "Door",
            "id": 48,
            "location": {
              "x": 8.1,
              "y": 2.94
            },
            "dimensions": {
              "width": 0.25,
              "height": 0.27
            }
          },
          {
            "type": "Door",
            "id": 49,
            "location": {
              "x": 7.97,
              "y": 2.94
            },
            "dimensions": {
              "width": 0.08,
              "height": 0.27
            }
          },
          {
            "type": "Door",
            "id": 50,
            "location": {
              "x": 7.61,
              "y": 2.85
            },
            "dimensions": {
              "width": 0.32,
              "height": 0.36
            }
          }
        ],
        "connected_to": []
      },
      {
        "id": 13,
        "name": "Room_13",
        "shape": "Pentagon",
        "dimensions": {
          "width": 1.13,
          "length": 1.95,
          "height": 1.56
        },
        "position": {
          "x": 3.34,
          "y": 2.43
        },
        "windows": [],
        "doors": [],
        "connected_to": []
      },
      {
        "id": 14,
        "name": "Room_14",
        "shape": "Rectangle",
        "dimensions": {
          "width": 0.93,
          "length": 3.79,
          "height": 3.03
        },
        "position": {
          "x": 1.31,
          "y": 2.42
        },
        "windows": [],
        "doors": [],
        "connected_to": []
      },
      {
        "id": 15,
        "name": "Text_5",
        "shape": "Hexagon",
        "dimensions": {
          "width": 0.71,
          "length": 9.49,
          "height": 7.59
        },
        "position": {
          "x": 0.51,
          "y": 2.17
        },
        "windows": [],
        "doors": [],
        "connected_to": []
      },
      {
        "id": 16,
        "name": "Room_16",
        "shape": "Irregular",
        "dimensions": {
          "width": 1.5,
          "length": 0.5,
          "height": 1.2
        },
        "position": {
          "x": 4.98,
          "y": 2.05
        },
        "windows": [],
        "doors": [
          {
            "type": "Door",
            "id": 52,
            "location": {
              "x": 5.46,
              "y": 2.25
            },
            "dimensions": {
              "width": 0.55,
              "height": 0.28
            }
          }
        ],
        "connected_to": []
      }
    ],
    "doorsAndWindows": [
      {
        "type": "Door",
        "id": 1,
        "location": {
          "x": 5.69,
          "y": 12.27
        },
        "dimensions": {
          "width": 0.18,
          "height": 0.25
        }
      },
      {
        "type": "Door",
        "id": 2,
        "location": {
          "x": 5.31,
          "y": 12.27
        },
        "dimensions": {
          "width": 0.17,
          "height": 0.25
        }
      },
      {
        "type": "Door",
        "id": 3,
        "location": {
          "x": 5.1,
          "y": 12.27
        },
        "dimensions": {
          "width": 0.19,
          "height": 0.25
        }
      },
      {
        "type": "Door",
        "id": 4,
        "location": {
          "x": 7.32,
          "y": 10.48
        },
        "dimensions": {
          "width": 0.11,
          "height": 0.2
        }
      },
      {
        "type": "Door",
        "id": 5,
        "location": {
          "x": 7.92,
          "y": 9.96
        },
        "dimensions": {
          "width": 0.25,
          "height": 0.37
        }
      },
      {
        "type": "Door",
        "id": 6,
        "location": {
          "x": 7.2,
          "y": 9.96
        },
        "dimensions": {
          "width": 0.31,
          "height": 0.36
        }
      },
      {
        "type": "Door",
        "id": 7,
        "location": {
          "x": 2.9,
          "y": 9.43
        },
        "dimensions": {
          "width": 0.11,
          "height": 0.16
        }
      },
      {
        "type": "Door",
        "id": 8,
        "location": {
          "x": 3.69,
          "y": 8.93
        },
        "dimensions": {
          "width": 0.13,
          "height": 0.17
        }
      },
      {
        "type": "Door",
        "id": 9,
        "location": {
          "x": 3.92,
          "y": 8.88
        },
        "dimensions": {
          "width": 0.26,
          "height": 0.28
        }
      },
      {
        "type": "Door",
        "id": 10,
        "location": {
          "x": 3.32,
          "y": 8.88
        },
        "dimensions": {
          "width": 0.26,
          "height": 0.28
        }
      },
      {
        "type": "Door",
        "id": 11,
        "location": {
          "x": 3.12,
          "y": 8.88
        },
        "dimensions": {
          "width": 0.19,
          "height": 0.28
        }
      },
      {
        "type": "Door",
        "id": 12,
        "location": {
          "x": 2.82,
          "y": 8.88
        },
        "dimensions": {
          "width": 0.26,
          "height": 0.28
        }
      },
      {
        "type": "Door",
        "id": 13,
        "location": {
          "x": 2.43,
          "y": 8.78
        },
        "dimensions": {
          "width": 0.35,
          "height": 0.38
        }
      },
      {
        "type": "Door",
        "id": 14,
        "location": {
          "x": 6.42,
          "y": 7.63
        },
        "dimensions": {
          "width": 0.29,
          "height": 0.31
        }
      },
      {
        "type": "Door",
        "id": 15,
        "location": {
          "x": 6.11,
          "y": 7.63
        },
        "dimensions": {
          "width": 0.23,
          "height": 0.15
        }
      },
      {
        "type": "Door",
        "id": 16,
        "location": {
          "x": 0.29,
          "y": 7.18
        },
        "dimensions": {
          "width": 0.25,
          "height": 0.2
        }
      },
      {
        "type": "Window",
        "id": 17,
        "location": {
          "x": 2.43,
          "y": 7.07
        },
        "dimensions": {
          "width": 0.26,
          "height": 0.12
        }
      },
      {
        "type": "Door",
        "id": 18,
        "location": {
          "x": 0.3,
          "y": 6.99
        },
        "dimensions": {
          "width": 0.24,
          "height": 0.17
        }
      },
      {
        "type": "Door",
        "id": 19,
        "location": {
          "x": 0.29,
          "y": 6.61
        },
        "dimensions": {
          "width": 0.25,
          "height": 0.18
        }
      },
      {
        "type": "Door",
        "id": 20,
        "location": {
          "x": 6.97,
          "y": 6.32
        },
        "dimensions": {
          "width": 0.15,
          "height": 0.6
        }
      },
      {
        "type": "Door",
        "id": 21,
        "location": {
          "x": 6.82,
          "y": 6.32
        },
        "dimensions": {
          "width": 0.14,
          "height": 0.6
        }
      },
      {
        "type": "Door",
        "id": 22,
        "location": {
          "x": 6.11,
          "y": 6.32
        },
        "dimensions": {
          "width": 0.7,
          "height": 1.31
        }
      },
      {
        "type": "Door",
        "id": 23,
        "location": {
          "x": 7.44,
          "y": 6.31
        },
        "dimensions": {
          "width": 0.29,
          "height": 0.61
        }
      },
      {
        "type": "Door",
        "id": 24,
        "location": {
          "x": 7.13,
          "y": 6.31
        },
        "dimensions": {
          "width": 0.3,
          "height": 0.61
        }
      },
      {
        "type": "Door",
        "id": 25,
        "location": {
          "x": 7.55,
          "y": 5.68
        },
        "dimensions": {
          "width": 0.12,
          "height": 0.17
        }
      },
      {
        "type": "Door",
        "id": 26,
        "location": {
          "x": 6.07,
          "y": 4.67
        },
        "dimensions": {
          "width": 0.27,
          "height": 0.17
        }
      },
      {
        "type": "Door",
        "id": 27,
        "location": {
          "x": 5.92,
          "y": 4.67
        },
        "dimensions": {
          "width": 0.13,
          "height": 0.17
        }
      },
      {
        "type": "Door",
        "id": 28,
        "location": {
          "x": 7.03,
          "y": 4.45
        },
        "dimensions": {
          "width": 1.55,
          "height": 1.04
        }
      },
      {
        "type": "Door",
        "id": 29,
        "location": {
          "x": 6.08,
          "y": 4.11
        },
        "dimensions": {
          "width": 0.1,
          "height": 0.17
        }
      },
      {
        "type": "Door",
        "id": 30,
        "location": {
          "x": 5.47,
          "y": 4.11
        },
        "dimensions": {
          "width": 0.11,
          "height": 0.17
        }
      },
      {
        "type": "Door",
        "id": 31,
        "location": {
          "x": 8.54,
          "y": 3.82
        },
        "dimensions": {
          "width": 0.11,
          "height": 0.16
        }
      },
      {
        "type": "Door",
        "id": 32,
        "location": {
          "x": 6.16,
          "y": 3.64
        },
        "dimensions": {
          "width": 0.39,
          "height": 0.28
        }
      },
      {
        "type": "Door",
        "id": 33,
        "location": {
          "x": 5.85,
          "y": 3.64
        },
        "dimensions": {
          "width": 0.28,
          "height": 0.28
        }
      },
      {
        "type": "Door",
        "id": 34,
        "location": {
          "x": 5.55,
          "y": 3.64
        },
        "dimensions": {
          "width": 0.28,
          "height": 0.28
        }
      },
      {
        "type": "Door",
        "id": 35,
        "location": {
          "x": 5.22,
          "y": 3.55
        },
        "dimensions": {
          "width": 0.31,
          "height": 0.37
        }
      },
      {
        "type": "Door",
        "id": 36,
        "location": {
          "x": 8.63,
          "y": 3.35
        },
        "dimensions": {
          "width": 0.38,
          "height": 0.27
        }
      },
      {
        "type": "Door",
        "id": 37,
        "location": {
          "x": 8.32,
          "y": 3.35
        },
        "dimensions": {
          "width": 0.27,
          "height": 0.27
        }
      },
      {
        "type": "Door",
        "id": 38,
        "location": {
          "x": 8.02,
          "y": 3.35
        },
        "dimensions": {
          "width": 0.28,
          "height": 0.27
        }
      },
      {
        "type": "Door",
        "id": 39,
        "location": {
          "x": 7.69,
          "y": 3.25
        },
        "dimensions": {
          "width": 0.31,
          "height": 0.37
        }
      },
      {
        "type": "Door",
        "id": 40,
        "location": {
          "x": 6.15,
          "y": 3.24
        },
        "dimensions": {
          "width": 0.08,
          "height": 0.27
        }
      },
      {
        "type": "Door",
        "id": 41,
        "location": {
          "x": 5.71,
          "y": 3.23
        },
        "dimensions": {
          "width": 0.38,
          "height": 0.28
        }
      },
      {
        "type": "Door",
        "id": 42,
        "location": {
          "x": 5.39,
          "y": 3.23
        },
        "dimensions": {
          "width": 0.28,
          "height": 0.28
        }
      },
      {
        "type": "Door",
        "id": 43,
        "location": {
          "x": 6.28,
          "y": 3.14
        },
        "dimensions": {
          "width": 0.08,
          "height": 0.37
        }
      },
      {
        "type": "Door",
        "id": 44,
        "location": {
          "x": 5.12,
          "y": 3.14
        },
        "dimensions": {
          "width": 0.26,
          "height": 0.37
        }
      },
      {
        "type": "Door",
        "id": 45,
        "location": {
          "x": 8.89,
          "y": 2.99
        },
        "dimensions": {
          "width": 0.13,
          "height": 0.17
        }
      },
      {
        "type": "Door",
        "id": 46,
        "location": {
          "x": 8.53,
          "y": 2.94
        },
        "dimensions": {
          "width": 0.25,
          "height": 0.3
        }
      },
      {
        "type": "Door",
        "id": 47,
        "location": {
          "x": 8.4,
          "y": 2.94
        },
        "dimensions": {
          "width": 0.08,
          "height": 0.27
        }
      },
      {
        "type": "Door",
        "id": 48,
        "location": {
          "x": 8.1,
          "y": 2.94
        },
        "dimensions": {
          "width": 0.25,
          "height": 0.27
        }
      },
      {
        "type": "Door",
        "id": 49,
        "location": {
          "x": 7.97,
          "y": 2.94
        },
        "dimensions": {
          "width": 0.08,
          "height": 0.27
        }
      },
      {
        "type": "Door",
        "id": 50,
        "location": {
          "x": 7.61,
          "y": 2.85
        },
        "dimensions": {
          "width": 0.32,
          "height": 0.36
        }
      },
      {
        "type": "Window",
        "id": 51,
        "location": {
          "x": 2.29,
          "y": 2.45
        },
        "dimensions": {
          "width": 0.52,
          "height": 0.08
        }
      },
      {
        "type": "Door",
        "id": 52,
        "location": {
          "x": 5.46,
          "y": 2.25
        },
        "dimensions": {
          "width": 0.55,
          "height": 0.28
        }
      },
      {
        "type": "Door",
        "id": 53,
        "location": {
          "x": 0.51,
          "y": 2.16
        },
        "dimensions": {
          "width": 0.72,
          "height": 9.51
        }
      },
      {
        "type": "Door",
        "id": 54,
        "location": {
          "x": 9.1,
          "y": 1.35
        },
        "dimensions": {
          "width": 0.15,
          "height": 0.16
        }
      },
      {
        "type": "Door",
        "id": 55,
        "location": {
          "x": 8.65,
          "y": 1.35
        },
        "dimensions": {
          "width": 0.12,
          "height": 0.16
        }
      },
      {
        "type": "Door",
        "id": 56,
        "location": {
          "x": 8.46,
          "y": 1.35
        },
        "dimensions": {
          "width": 0.19,
          "height": 0.16
        }
      },
      {
        "type": "Door",
        "id": 57,
        "location": {
          "x": 8.03,
          "y": 1.35
        },
        "dimensions": {
          "width": 0.13,
          "height": 0.16
        }
      },
      {
        "type": "Door",
        "id": 58,
        "location": {
          "x": 8.9,
          "y": 1.16
        },
        "dimensions": {
          "width": 0.25,
          "height": 0.16
        }
      },
      {
        "type": "Door",
        "id": 59,
        "location": {
          "x": 8.6,
          "y": 1.16
        },
        "dimensions": {
          "width": 0.15,
          "height": 0.16
        }
      },
      {
        "type": "Door",
        "id": 60,
        "location": {
          "x": 8.12,
          "y": 1.16
        },
        "dimensions": {
          "width": 0.15,
          "height": 0.16
        }
      },
      {
        "type": "Door",
        "id": 61,
        "location": {
          "x": 1.27,
          "y": 0.17
        },
        "dimensions": {
          "width": 8.58,
          "height": 11.3
        }
      }
    ]
  }
}