{
  "floorPlan": {
    "name": "Floor Plan 26_24.jpg",
    "units": "feet",
    "totalArea": 49.56,
    "totalRooms": 7,
    "rooms": [
      {
        "id": 1,
        "name": "Room_1",
        "shape": "Pentagon",
        "dimensions": {
          "width": 0.4,
          "length": 4.58,
          "height": 3.66
        },
        "position": {
          "x": 5.55,
          "y": 4.72
        },
        "windows": [],
        "doors": [],
        "connected_to": []
      },
      {
        "id": 2,
        "name": "Room_2",
        "shape": "Irregular",
        "dimensions": {
          "width": 0.87,
          "length": 3.55,
          "height": 2.84
        },
        "position": {
          "x": 1.87,
          "y": 4.72
        },
        "windows": [],
        "doors": [],
        "connected_to": []
      },
      {
        "id": 3,
        "name": "GARAGE",
        "shape": "Irregular",
        "dimensions": {
          "width": 3.52,
          "length": 6.8,
          "height": 5.44
        },
        "position": {
          "x": 6.51,
          "y": 3.98
        },
        "windows": [],
        "doors": [],
        "connected_to": []
      },
      {
        "id": 4,
        "name": "Room_4",
        "shape": "Octagon",
        "dimensions": {
          "width": 0.67,
          "length": 3.87,
          "height": 3.1
        },
        "position": {
          "x": 9.36,
          "y": 1.7
        },
        "windows": [],
        "doors": [],
        "connected_to": []
      },
      {
        "id": 5,
        "name": "Yp3",
        "shape": "Irregular",
        "dimensions": {
          "width": 1.75,
          "length": 2.46,
          "height": 1.97
        },
        "position": {
          "x": 5.61,
          "y": 1.7
        },
        "windows": [],
        "doors": [],
        "connected_to": []
      },
      {
        "id": 6,
        "name": "Ht_",
        "shape": "Pentagon",
        "dimensions": {
          "width": 1.1,
          "length": 2.46,
          "height": 1.97
        },
        "position": {
          "x": 1.6,
          "y": 1.7
        },
        "windows": [],
        "doors": [],
        "connected_to": []
      },
      {
        "id": 7,
        "name": "B8THZ",
        "shape": "Irregular",
        "dimensions": {
          "width": 1.69,
          "length": 6.57,
          "height": 5.26
        },
        "position": {
          "x": 0.18,
          "y": 1.7
        },
        "windows": [],
        "doors": [],
        "connected_to": []
      }
    ],
    "doorsAndWindows": [
      {
        "type": "Door",
        "id": 1,
        "location": {
          "x": 3.4,
          "y": 8.09
        },
        "dimensions": {
          "width": 0.31,
          "height": 0.19
        }
      },
      {
        "type": "Door",
        "id": 2,
        "location": {
          "x": 0.08,
          "y": 0.15
        },
        "dimensions": {
          "width": 10.0,
          "height": 10.71
        }
      }
    ]
  }
}