{
  "floorPlan": {
    "name": "Floor Plan 26_27.jpg",
    "units": "feet",
    "totalArea": 21.63,
    "totalRooms": 6,
    "rooms": [
      {
        "id": 1,
        "name": "Room_1",
        "shape": "Pentagon",
        "dimensions": {
          "width": 1.14,
          "length": 1.54,
          "height": 1.23
        },
        "position": {
          "x": 3.95,
          "y": 5.44
        },
        "windows": [],
        "doors": [
          {
            "type": "Door",
            "id": 1,
            "location": {
              "x": 4.16,
              "y": 5.84
            },
            "dimensions": {
              "width": 0.1,
              "height": 0.16
            }
          },
          {
            "type": "Door",
            "id": 7,
            "location": {
              "x": 4.24,
              "y": 5.6
            },
            "dimensions": {
              "width": 0.31,
              "height": 0.16
            }
          },
          {
            "type": "Door",
            "id": 8,
            "location": {
              "x": 4.1,
              "y": 5.6
            },
            "dimensions": {
              "width": 0.13,
              "height": 0.16
            }
          }
        ],
        "connected_to": []
      },
      {
        "id": 2,
        "name": "Room_2",
        "shape": "Octagon",
        "dimensions": {
          "width": 1.48,
          "length": 1.88,
          "height": 1.5
        },
        "position": {
          "x": 7.29,
          "y": 5.1
        },
        "windows": [],
        "doors": [],
        "connected_to": []
      },
      {
        "id": 3,
        "name": "Text_15",
        "shape": "Octagon",
        "dimensions": {
          "width": 0.44,
          "length": 0.28,
          "height": 0.35
        },
        "position": {
          "x": 0.42,
          "y": 3.67
        },
        "windows": [],
        "doors": [],
        "connected_to": []
      },
      {
        "id": 4,
        "name": "Room_4",
        "shape": "Irregular",
        "dimensions": {
          "width": 1.64,
          "length": 4.4,
          "height": 3.52
        },
        "position": {
          "x": 8.19,
          "y": 2.58
        },
        "windows": [],
        "doors": [
          {
            "type": "Door",
            "id": 38,
            "location": {
              "x": 9.34,
              "y": 3.54
            },
            "dimensions": {
              "width": 0.1,
              "height": 0.16
            }
          },
          {
            "type": "Door",
            "id": 39,
            "location": {
              "x": 8.85,
              "y": 3.54
            },
            "dimensions": {
              "width": 0.13,
              "height": 0.16
            }
          },
          {
            "type": "Door",
            "id": 43,
            "location": {
              "x": 9.2,
              "y": 3.3
            },
            "dimensions": {
              "width": 0.15,
              "height": 0.16
            }
          },
          {
            "type": "Door",
            "id": 44,
            "location": {
              "x": 9.04,
              "y": 3.3
            },
            "dimensions": {
              "width": 0.15,
              "height": 0.16
            }
          },
          {
            "type": "Door",
            "id": 45,
            "location": {
              "x": 8.88,
              "y": 3.3
            },
            "dimensions": {
              "width": 0.15,
              "height": 0.16
            }
          },
          {
            "type": "Door",
            "id": 46,
            "location": {
              "x": 8.59,
              "y": 3.3
            },
            "dimensions": {
              "width": 0.13,
              "height": 0.16
            }
          },
          {
            "type": "Door",
            "id": 47,
            "location": {
              "x": 8.31,
              "y": 3.3
            },
            "dimensions": {
              "width": 0.13,
              "height": 0.16
            }
          }
        ],
        "connected_to": [
          5
        ]
      },
      {
        "id": 5,
        "name": "Room_5",
        "shape": "Octagon",
        "dimensions": {
          "width": 1.77,
          "length": 2.09,
          "height": 1.67
        },
        "position": {
          "x": 6.99,
          "y": 2.58
        },
        "windows": [],
        "doors": [
          {
            "type": "Door",
            "id": 46,
            "location": {
              "x": 8.59,
              "y": 3.3
            },
            "dimensions": {
              "width": 0.13,
              "height": 0.16
            }
          },
          {
            "type": "Door",
            "id": 47,
            "location": {
              "x": 8.31,
              "y": 3.3
            },
            "dimensions": {
              "width": 0.13,
              "height": 0.16
            }
          },
          {
            "type": "Door",
            "id": 61,
            "location": {
              "x": 7.4,
              "y": 2.98
            },
            "dimensions": {
              "width": 0.3,
              "height": 0.93
            }
          }
        ],
        "connected_to": [
          4
        ]
      },
      {
        "id": 6,
        "name": "Room_6",
        "shape": "Irregular",
        "dimensions": {
          "width": 2.49,
          "length": 2.43,
          "height": 1.99
        },
        "position": {
          "x": 2.51,
          "y": 2.58
        },
        "windows": [],
        "doors": [
          {
            "type": "Door",
            "id": 21,
            "location": {
              "x": 4.61,
              "y": 4.7
            },
            "dimensions": {
              "width": 0.16,
              "height": 0.11
            }
          },
          {
            "type": "Door",
            "id": 22,
            "location": {
              "x": 3.62,
              "y": 4.61
            },
            "dimensions": {
              "width": 0.26,
              "height": 0.26
            }
          },
          {
            "type": "Door",
            "id": 23,
            "location": {
              "x": 4.61,
              "y": 4.52
            },
            "dimensions": {
              "width": 0.16,
              "height": 0.11
            }
          },
          {
            "type": "Door",
            "id": 24,
            "location": {
              "x": 3.4,
              "y": 4.48
            },
            "dimensions": {
              "width": 0.11,
              "height": 0.16
            }
          },
          {
            "type": "Door",
            "id": 25,
            "location": {
              "x": 2.86,
              "y": 4.48
            },
            "dimensions": {
              "width": 0.1,
              "height": 0.16
            }
          },
          {
            "type": "Door",
            "id": 27,
            "location": {
              "x": 3.28,
              "y": 4.24
            },
            "dimensions": {
              "width": 0.26,
              "height": 0.16
            }
          },
          {
            "type": "Door",
            "id": 28,
            "location": {
              "x": 3.14,
              "y": 4.24
            },
            "dimensions": {
              "width": 0.15,
              "height": 0.16
            }
          },
          {
            "type": "Door",
            "id": 29,
            "location": {
              "x": 4.37,
              "y": 4.2
            },
            "dimensions": {
              "width": 0.16,
              "height": 0.11
            }
          },
          {
            "type": "Door",
            "id": 31,
            "location": {
              "x": 4.61,
              "y": 4.18
            },
            "dimensions": {
              "width": 0.16,
              "height": 0.11
            }
          },
          {
            "type": "Door",
            "id": 32,
            "location": {
              "x": 3.0,
              "y": 4.17
            },
            "dimensions": {
              "width": 0.14,
              "height": 0.38
            }
          },
          {
            "type": "Door",
            "id": 33,
            "location": {
              "x": 3.62,
              "y": 4.1
            },
            "dimensions": {
              "width": 0.26,
              "height": 0.26
            }
          },
          {
            "type": "Door",
            "id": 34,
            "location": {
              "x": 2.66,
              "y": 4.09
            },
            "dimensions": {
              "width": 0.48,
              "height": 0.79
            }
          },
          {
            "type": "Door",
            "id": 35,
            "location": {
              "x": 4.41,
              "y": 4.01
            },
            "dimensions": {
              "width": 0.16,
              "height": 0.18
            }
          },
          {
            "type": "Door",
            "id": 52,
            "location": {
              "x": 2.76,
              "y": 3.17
            },
            "dimensions": {
              "width": 0.1,
              "height": 0.23
            }
          },
          {
            "type": "Door",
            "id": 53,
            "location": {
              "x": 3.67,
              "y": 3.14
            },
            "dimensions": {
              "width": 0.17,
              "height": 0.15
            }
          },
          {
            "type": "Door",
            "id": 54,
            "location": {
              "x": 3.55,
              "y": 3.14
            },
            "dimensions": {
              "width": 0.11,
              "height": 0.15
            }
          },
          {
            "type": "Door",
            "id": 55,
            "location": {
              "x": 3.21,
              "y": 3.14
            },
            "dimensions": {
              "width": 0.11,
              "height": 0.15
            }
          },
          {
            "type": "Door",
            "id": 62,
            "location": {
              "x": 2.57,
              "y": 2.68
            },
            "dimensions": {
              "width": 2.28,
              "height": 2.35
            }
          }
        ],
        "connected_to": []
      }
    ],
    "doorsAndWindows": [
      {
        "type": "Door",
        "id": 1,
        "location": {
          "x": 4.16,
          "y": 5.84
        },
        "dimensions": {
          "width": 0.1,
          "height": 0.16
        }
      },
      {
        "type": "Door",
        "id": 2,
        "location": {
          "x": 3.5,
          "y": 5.84
        },
        "dimensions": {
          "width": 0.11,
          "height": 0.16
        }
      },
      {
        "type": "Door",
        "id": 3,
        "location": {
          "x": 3.32,
          "y": 5.84
        },
        "dimensions": {
          "width": 0.11,
          "height": 0.16
        }
      },
      {
        "type": "Door",
        "id": 4,
        "location": {
          "x": 6.65,
          "y": 5.78
        },
        "dimensions": {
          "width": 0.16,
          "height": 0.16
        }
      },
      {
        "type": "Door",
        "id": 5,
        "location": {
          "x": 6.06,
          "y": 5.78
        },
        "dimensions": {
          "width": 0.1,
          "height": 0.16
        }
      },
      {
        "type": "Door",
        "id": 6,
        "location": {
          "x": 5.87,
          "y": 5.78
        },
        "dimensions": {
          "width": 0.18,
          "height": 0.16
        }
      },
      {
        "type": "Door",
        "id": 7,
        "location": {
          "x": 4.24,
          "y": 5.6
        },
        "dimensions": {
          "width": 0.31,
          "height": 0.16
        }
      },
      {
        "type": "Door",
        "id": 8,
        "location": {
          "x": 4.1,
          "y": 5.6
        },
        "dimensions": {
          "width": 0.13,
          "height": 0.16
        }
      },
      {
        "type": "Door",
        "id": 9,
        "location": {
          "x": 3.82,
          "y": 5.6
        },
        "dimensions": {
          "width": 0.27,
          "height": 0.16
        }
      },
      {
        "type": "Door",
        "id": 10,
        "location": {
          "x": 3.67,
          "y": 5.6
        },
        "dimensions": {
          "width": 0.13,
          "height": 0.16
        }
      },
      {
        "type": "Door",
        "id": 11,
        "location": {
          "x": 3.47,
          "y": 5.6
        },
        "dimensions": {
          "width": 0.13,
          "height": 0.16
        }
      },
      {
        "type": "Door",
        "id": 12,
        "location": {
          "x": 3.33,
          "y": 5.6
        },
        "dimensions": {
          "width": 0.12,
          "height": 0.16
        }
      },
      {
        "type": "Door",
        "id": 13,
        "location": {
          "x": 3.07,
          "y": 5.6
        },
        "dimensions": {
          "width": 0.12,
          "height": 0.16
        }
      },
      {
        "type": "Door",
        "id": 14,
        "location": {
          "x": 2.92,
          "y": 5.6
        },
        "dimensions": {
          "width": 0.14,
          "height": 0.16
        }
      },
      {
        "type": "Door",
        "id": 15,
        "location": {
          "x": 6.5,
          "y": 5.54
        },
        "dimensions": {
          "width": 0.31,
          "height": 0.16
        }
      },
      {
        "type": "Door",
        "id": 16,
        "location": {
          "x": 6.36,
          "y": 5.54
        },
        "dimensions": {
          "width": 0.13,
          "height": 0.15
        }
      },
      {
        "type": "Door",
        "id": 17,
        "location": {
          "x": 6.04,
          "y": 5.54
        },
        "dimensions": {
          "width": 0.14,
          "height": 0.15
        }
      },
      {
        "type": "Door",
        "id": 18,
        "location": {
          "x": 5.76,
          "y": 5.54
        },
        "dimensions": {
          "width": 0.27,
          "height": 0.16
        }
      },
      {
        "type": "Door",
        "id": 19,
        "location": {
          "x": 5.6,
          "y": 5.52
        },
        "dimensions": {
          "width": 0.15,
          "height": 0.18
        }
      },
      {
        "type": "Door",
        "id": 20,
        "location": {
          "x": 2.57,
          "y": 5.04
        },
        "dimensions": {
          "width": 0.1,
          "height": 1.75
        }
      },
      {
        "type": "Door",
        "id": 21,
        "location": {
          "x": 4.61,
          "y": 4.7
        },
        "dimensions": {
          "width": 0.16,
          "height": 0.11
        }
      },
      {
        "type": "Door",
        "id": 22,
        "location": {
          "x": 3.62,
          "y": 4.61
        },
        "dimensions": {
          "width": 0.26,
          "height": 0.26
        }
      },
      {
        "type": "Door",
        "id": 23,
        "location": {
          "x": 4.61,
          "y": 4.52
        },
        "dimensions": {
          "width": 0.16,
          "height": 0.11
        }
      },
      {
        "type": "Door",
        "id": 24,
        "location": {
          "x": 3.4,
          "y": 4.48
        },
        "dimensions": {
          "width": 0.11,
          "height": 0.16
        }
      },
      {
        "type": "Door",
        "id": 25,
        "location": {
          "x": 2.86,
          "y": 4.48
        },
        "dimensions": {
          "width": 0.1,
          "height": 0.16
        }
      },
      {
        "type": "Door",
        "id": 26,
        "location": {
          "x": 0.41,
          "y": 4.33
        },
        "dimensions": {
          "width": 0.45,
          "height": 0.67
        }
      },
      {
        "type": "Door",
        "id": 27,
        "location": {
          "x": 3.28,
          "y": 4.24
        },
        "dimensions": {
          "width": 0.26,
          "height": 0.16
        }
      },
      {
        "type": "Door",
        "id": 28,
        "location": {
          "x": 3.14,
          "y": 4.24
        },
        "dimensions": {
          "width": 0.15,
          "height": 0.16
        }
      },
      {
        "type": "Door",
        "id": 29,
        "location": {
          "x": 4.37,
          "y": 4.2
        },
        "dimensions": {
          "width": 0.16,
          "height": 0.11
        }
      },
      {
        "type": "Door",
        "id": 30,
        "location": {
          "x": 0.41,
          "y": 4.2
        },
        "dimensions": {
          "width": 0.17,
          "height": 0.11
        }
      },
      {
        "type": "Door",
        "id": 31,
        "location": {
          "x": 4.61,
          "y": 4.18
        },
        "dimensions": {
          "width": 0.16,
          "height": 0.11
        }
      },
      {
        "type": "Door",
        "id": 32,
        "location": {
          "x": 3.0,
          "y": 4.17
        },
        "dimensions": {
          "width": 0.14,
          "height": 0.38
        }
      },
      {
        "type": "Door",
        "id": 33,
        "location": {
          "x": 3.62,
          "y": 4.1
        },
        "dimensions": {
          "width": 0.26,
          "height": 0.26
        }
      },
      {
        "type": "Door",
        "id": 34,
        "location": {
          "x": 2.66,
          "y": 4.09
        },
        "dimensions": {
          "width": 0.48,
          "height": 0.79
        }
      },
      {
        "type": "Door",
        "id": 35,
        "location": {
          "x": 4.41,
          "y": 4.01
        },
        "dimensions": {
          "width": 0.16,
          "height": 0.18
        }
      },
      {
        "type": "Door",
        "id": 36,
        "location": {
          "x": 0.65,
          "y": 3.98
        },
        "dimensions": {
          "width": 0.1,
          "height": 0.17
        }
      },
      {
        "type": "Door",
        "id": 37,
        "location": {
          "x": 0.41,
          "y": 3.66
        },
        "dimensions": {
          "width": 0.46,
          "height": 0.3
        }
      },
      {
        "type": "Door",
        "id": 38,
        "location": {
          "x": 9.34,
          "y": 3.54
        },
        "dimensions": {
          "width": 0.1,
          "height": 0.16
        }
      },
      {
        "type": "Door",
        "id": 39,
        "location": {
          "x": 8.85,
          "y": 3.54
        },
        "dimensions": {
          "width": 0.13,
          "height": 0.16
        }
      },
      {
        "type": "Door",
        "id": 40,
        "location": {
          "x": 6.75,
          "y": 3.53
        },
        "dimensions": {
          "width": 0.18,
          "height": 1.03
        }
      },
      {
        "type": "Door",
        "id": 41,
        "location": {
          "x": 0.41,
          "y": 3.51
        },
        "dimensions": {
          "width": 0.17,
          "height": 0.1
        }
      },
      {
        "type": "Door",
        "id": 42,
        "location": {
          "x": 0.41,
          "y": 3.38
        },
        "dimensions": {
          "width": 0.17,
          "height": 0.1
        }
      },
      {
        "type": "Door",
        "id": 43,
        "location": {
          "x": 9.2,
          "y": 3.3
        },
        "dimensions": {
          "width": 0.15,
          "height": 0.16
        }
      },
      {
        "type": "Door",
        "id": 44,
        "location": {
          "x": 9.04,
          "y": 3.3
        },
        "dimensions": {
          "width": 0.15,
          "height": 0.16
        }
      },
      {
        "type": "Door",
        "id": 45,
        "location": {
          "x": 8.88,
          "y": 3.3
        },
        "dimensions": {
          "width": 0.15,
          "height": 0.16
        }
      },
      {
        "type": "Door",
        "id": 46,
        "location": {
          "x": 8.59,
          "y": 3.3
        },
        "dimensions": {
          "width": 0.13,
          "height": 0.16
        }
      },
      {
        "type": "Door",
        "id": 47,
        "location": {
          "x": 8.31,
          "y": 3.3
        },
        "dimensions": {
          "width": 0.13,
          "height": 0.16
        }
      },
      {
        "type": "Door",
        "id": 48,
        "location": {
          "x": 6.69,
          "y": 3.3
        },
        "dimensions": {
          "width": 0.1,
          "height": 0.16
        }
      },
      {
        "type": "Door",
        "id": 49,
        "location": {
          "x": 6.2,
          "y": 3.3
        },
        "dimensions": {
          "width": 0.13,
          "height": 0.15
        }
      },
      {
        "type": "Door",
        "id": 50,
        "location": {
          "x": 6.03,
          "y": 3.3
        },
        "dimensions": {
          "width": 0.11,
          "height": 0.16
        }
      },
      {
        "type": "Door",
        "id": 51,
        "location": {
          "x": 5.85,
          "y": 3.28
        },
        "dimensions": {
          "width": 0.11,
          "height": 0.18
        }
      },
      {
        "type": "Door",
        "id": 52,
        "location": {
          "x": 2.76,
          "y": 3.17
        },
        "dimensions": {
          "width": 0.1,
          "height": 0.23
        }
      },
      {
        "type": "Door",
        "id": 53,
        "location": {
          "x": 3.67,
          "y": 3.14
        },
        "dimensions": {
          "width": 0.17,
          "height": 0.15
        }
      },
      {
        "type": "Door",
        "id": 54,
        "location": {
          "x": 3.55,
          "y": 3.14
        },
        "dimensions": {
          "width": 0.11,
          "height": 0.15
        }
      },
      {
        "type": "Door",
        "id": 55,
        "location": {
          "x": 3.21,
          "y": 3.14
        },
        "dimensions": {
          "width": 0.11,
          "height": 0.15
        }
      },
      {
        "type": "Door",
        "id": 56,
        "location": {
          "x": 6.95,
          "y": 3.06
        },
        "dimensions": {
          "width": 0.14,
          "height": 0.16
        }
      },
      {
        "type": "Door",
        "id": 57,
        "location": {
          "x": 6.81,
          "y": 3.06
        },
        "dimensions": {
          "width": 0.12,
          "height": 0.15
        }
      },
      {
        "type": "Door",
        "id": 58,
        "location": {
          "x": 6.33,
          "y": 3.06
        },
        "dimensions": {
          "width": 0.2,
          "height": 0.16
        }
      },
      {
        "type": "Door",
        "id": 59,
        "location": {
          "x": 5.91,
          "y": 3.06
        },
        "dimensions": {
          "width": 0.13,
          "height": 0.15
        }
      },
      {
        "type": "Door",
        "id": 60,
        "location": {
          "x": 5.44,
          "y": 3.06
        },
        "dimensions": {
          "width": 0.13,
          "height": 0.15
        }
      },
      {
        "type": "Door",
        "id": 61,
        "location": {
          "x": 7.4,
          "y": 2.98
        },
        "dimensions": {
          "width": 0.3,
          "height": 0.93
        }
      },
      {
        "type": "Door",
        "id": 62,
        "location": {
          "x": 2.57,
          "y": 2.68
        },
        "dimensions": {
          "width": 2.28,
          "height": 2.35
        }
      },
      {
        "type": "Door",
        "id": 63,
        "location": {
          "x": 4.88,
          "y": 2.26
        },
        "dimensions": {
          "width": 0.1,
          "height": 0.16
        }
      },
      {
        "type": "Door",
        "id": 64,
        "location": {
          "x": 4.69,
          "y": 2.26
        },
        "dimensions": {
          "width": 0.18,
          "height": 0.16
        }
      },
      {
        "type": "Door",
        "id": 65,
        "location": {
          "x": 7.45,
          "y": 2.13
        },
        "dimensions": {
          "width": 0.14,
          "height": 0.16
        }
      },
      {
        "type": "Door",
        "id": 66,
        "location": {
          "x": 7.29,
          "y": 2.13
        },
        "dimensions": {
          "width": 0.15,
          "height": 0.16
        }
      },
      {
        "type": "Door",
        "id": 67,
        "location": {
          "x": 7.16,
          "y": 2.13
        },
        "dimensions": {
          "width": 0.12,
          "height": 0.16
        }
      },
      {
        "type": "Door",
        "id": 68,
        "location": {
          "x": 6.97,
          "y": 2.13
        },
        "dimensions": {
          "width": 0.15,
          "height": 0.16
        }
      },
      {
        "type": "Door",
        "id": 69,
        "location": {
          "x": 6.83,
          "y": 2.13
        },
        "dimensions": {
          "width": 0.12,
          "height": 0.16
        }
      },
      {
        "type": "Door",
        "id": 70,
        "location": {
          "x": 6.7,
          "y": 2.13
        },
        "dimensions": {
          "width": 0.12,
          "height": 0.16
        }
      },
      {
        "type": "Door",
        "id": 71,
        "location": {
          "x": 6.55,
          "y": 2.13
        },
        "dimensions": {
          "width": 0.13,
          "height": 0.16
        }
      },
      {
        "type": "Door",
        "id": 72,
        "location": {
          "x": 4.27,
          "y": 2.02
        },
        "dimensions": {
          "width": 0.12,
          "height": 0.15
        }
      },
      {
        "type": "Door",
        "id": 73,
        "location": {
          "x": 6.98,
          "y": 1.9
        },
        "dimensions": {
          "width": 0.1,
          "height": 0.15
        }
      },
      {
        "type": "Door",
        "id": 74,
        "location": {
          "x": 7.15,
          "y": 1.89
        },
        "dimensions": {
          "width": 0.24,
          "height": 0.16
        }
      },
      {
        "type": "Door",
        "id": 75,
        "location": {
          "x": 9.69,
          "y": 1.48
        },
        "dimensions": {
          "width": 0.11,
          "height": 0.11
        }
      },
      {
        "type": "Door",
        "id": 76,
        "location": {
          "x": 2.56,
          "y": 1.48
        },
        "dimensions": {
          "width": 0.11,
          "height": 0.11
        }
      },
      {
        "type": "Door",
        "id": 77,
        "location": {
          "x": 0.87,
          "y": 1.44
        },
        "dimensions": {
          "width": 1.65,
          "height": 5.85
        }
      },
      {
        "type": "Door",
        "id": 78,
        "location": {
          "x": 2.44,
          "y": 1.09
        },
        "dimensions": {
          "width": 7.4,
          "height": 7.02
        }
      },
      {
        "type": "Door",
        "id": 79,
        "location": {
          "x": 6.22,
          "y": 0.45
        },
        "dimensions": {
          "width": 0.17,
          "height": 0.1
        }
      },
      {
        "type": "Window",
        "id": 80,
        "location": {
          "x": 7.02,
          "y": 0.29
        },
        "dimensions": {
          "width": 1.69,
          "height": 0.22
        }
      },
      {
        "type": "Door",
        "id": 81,
        "location": {
          "x": 5.39,
          "y": 0.22
        },
        "dimensions": {
          "width": 0.3,
          "height": 0.45
        }
      },
      {
        "type": "Door",
        "id": 82,
        "location": {
          "x": 6.89,
          "y": 0.21
        },
        "dimensions": {
          "width": 0.1,
          "height": 0.17
        }
      },
      {
        "type": "Door",
        "id": 83,
        "location": {
          "x": 6.75,
          "y": 0.21
        },
        "dimensions": {
          "width": 0.11,
          "height": 0.17
        }
      },
      {
        "type": "Door",
        "id": 84,
        "location": {
          "x": 6.41,
          "y": 0.21
        },
        "dimensions": {
          "width": 0.29,
          "height": 0.46
        }
      },
      {
        "type": "Door",
        "id": 85,
        "location": {
          "x": 6.06,
          "y": 0.21
        },
        "dimensions": {
          "width": 0.11,
          "height": 0.17
        }
      },
      {
        "type": "Door",
        "id": 86,
        "location": {
          "x": 5.72,
          "y": 0.21
        },
        "dimensions": {
          "width": 0.3,
          "height": 0.46
        }
      }
    ]
  }
}