{
  "floorPlan": {
    "name": "Floor Plan 26_4.jpg",
    "units": "feet",
    "totalArea": 47.78,
    "totalRooms": 8,
    "rooms": [
      {
        "id": 1,
        "name": "Room_1",
        "shape": "Rectangle",
        "dimensions": {
          "width": 2.03,
          "length": 1.32,
          "height": 1.62
        },
        "position": {
          "x": 4.42,
          "y": 9.25
        },
        "windows": [],
        "doors": [],
        "connected_to": []
      },
      {
        "id": 2,
        "name": "Room_2",
        "shape": "Octagon",
        "dimensions": {
          "width": 2.31,
          "length": 1.79,
          "height": 1.85
        },
        "position": {
          "x": 5.74,
          "y": 7.46
        },
        "windows": [],
        "doors": [
          {
            "type": "Door",
            "id": 5,
            "location": {
              "x": 6.16,
              "y": 8.55
            },
            "dimensions": {
              "width": 0.32,
              "height": 0.18
            }
          },
          {
            "type": "Door",
            "id": 9,
            "location": {
              "x": 7.38,
              "y": 8.13
            },
            "dimensions": {
              "width": 0.1,
              "height": 0.17
            }
          },
          {
            "type": "Door",
            "id": 10,
            "location": {
              "x": 7.14,
              "y": 8.13
            },
            "dimensions": {
              "width": 0.1,
              "height": 0.17
            }
          },
          {
            "type": "Door",
            "id": 14,
            "location": {
              "x": 7.89,
              "y": 7.73
            },
            "dimensions": {
              "width": 0.17,
              "height": 0.29
            }
          },
          {
            "type": "Door",
            "id": 15,
            "location": {
              "x": 7.2,
              "y": 7.72
            },
            "dimensions": {
              "width": 0.19,
              "height": 0.3
            }
          }
        ],
        "connected_to": []
      },
      {
        "id": 3,
        "name": "Room_3",
        "shape": "Rectangle",
        "dimensions": {
          "width": 0.66,
          "length": 2.26,
          "height": 1.81
        },
        "position": {
          "x": 8.03,
          "y": 6.84
        },
        "windows": [],
        "doors": [
          {
            "type": "Door",
            "id": 8,
            "location": {
              "x": 8.11,
              "y": 8.13
            },
            "dimensions": {
              "width": 0.1,
              "height": 0.17
            }
          }
        ],
        "connected_to": []
      },
      {
        "id": 4,
        "name": "Room_4",
        "shape": "Irregular",
        "dimensions": {
          "width": 3.23,
          "length": 4.94,
          "height": 3.95
        },
        "position": {
          "x": 1.88,
          "y": 5.55
        },
        "windows": [
          {
            "type": "Window",
            "id": 1,
            "location": {
              "x": 4.3,
              "y": 8.88
            },
            "dimensions": {
              "width": 0.33,
              "height": 0.15
            }
          }
        ],
        "doors": [
          {
            "type": "Door",
            "id": 2,
            "location": {
              "x": 4.38,
              "y": 8.71
            },
            "dimensions": {
              "width": 0.21,
              "height": 0.11
            }
          },
          {
            "type": "Door",
            "id": 3,
            "location": {
              "x": 4.35,
              "y": 8.6
            },
            "dimensions": {
              "width": 0.12,
              "height": 0.2
            }
          },
          {
            "type": "Door",
            "id": 4,
            "location": {
              "x": 4.38,
              "y": 8.58
            },
            "dimensions": {
              "width": 0.24,
              "height": 0.22
            }
          },
          {
            "type": "Door",
            "id": 11,
            "location": {
              "x": 3.59,
              "y": 7.95
            },
            "dimensions": {
              "width": 0.1,
              "height": 0.16
            }
          },
          {
            "type": "Door",
            "id": 12,
            "location": {
              "x": 3.34,
              "y": 7.95
            },
            "dimensions": {
              "width": 0.11,
              "height": 0.16
            }
          },
          {
            "type": "Door",
            "id": 13,
            "location": {
              "x": 2.77,
              "y": 7.95
            },
            "dimensions": {
              "width": 0.1,
              "height": 0.16
            }
          },
          {
            "type": "Door",
            "id": 16,
            "location": {
              "x": 3.74,
              "y": 7.53
            },
            "dimensions": {
              "width": 0.15,
              "height": 0.3
            }
          },
          {
            "type": "Door",
            "id": 17,
            "location": {
              "x": 3.16,
              "y": 7.53
            },
            "dimensions": {
              "width": 0.26,
              "height": 0.3
            }
          },
          {
            "type": "Door",
            "id": 18,
            "location": {
              "x": 2.93,
              "y": 7.53
            },
            "dimensions": {
              "width": 0.21,
              "height": 0.3
            }
          },
          {
            "type": "Door",
            "id": 19,
            "location": {
              "x": 3.43,
              "y": 7.52
            },
            "dimensions": {
              "width": 0.27,
              "height": 0.32
            }
          },
          {
            "type": "Door",
            "id": 20,
            "location": {
              "x": 2.36,
              "y": 7.52
            },
            "dimensions": {
              "width": 0.27,
              "height": 0.32
            }
          },
          {
            "type": "Door",
            "id": 24,
            "location": {
              "x": 3.14,
              "y": 5.9
            },
            "dimensions": {
              "width": 0.15,
              "height": 0.15
            }
          },
          {
            "type": "Door",
            "id": 25,
            "location": {
              "x": 2.92,
              "y": 5.9
            },
            "dimensions": {
              "width": 0.15,
              "height": 0.15
            }
          },
          {
            "type": "Door",
            "id": 27,
            "location": {
              "x": 3.12,
              "y": 5.72
            },
            "dimensions": {
              "width": 0.17,
              "height": 0.16
            }
          },
          {
            "type": "Door",
            "id": 28,
            "location": {
              "x": 2.92,
              "y": 5.72
            },
            "dimensions": {
              "width": 0.18,
              "height": 0.16
            }
          }
        ],
        "connected_to": []
      },
      {
        "id": 5,
        "name": "Room_5",
        "shape": "Irregular",
        "dimensions": {
          "width": 3.07,
          "length": 3.23,
          "height": 2.58
        },
        "position": {
          "x": 5.74,
          "y": 3.7
        },
        "windows": [
          {
            "type": "Window",
            "id": 32,
            "location": {
              "x": 6.92,
              "y": 5.25
            },
            "dimensions": {
              "width": 0.31,
              "height": 0.13
            }
          },
          {
            "type": "Window",
            "id": 35,
            "location": {
              "x": 6.04,
              "y": 5.02
            },
            "dimensions": {
              "width": 0.25,
              "height": 0.12
            }
          }
        ],
        "doors": [
          {
            "type": "Door",
            "id": 21,
            "location": {
              "x": 6.39,
              "y": 6.77
            },
            "dimensions": {
              "width": 0.7,
              "height": 0.72
            }
          },
          {
            "type": "Door",
            "id": 22,
            "location": {
              "x": 6.87,
              "y": 5.93
            },
            "dimensions": {
              "width": 0.29,
              "height": 0.22
            }
          },
          {
            "type": "Door",
            "id": 23,
            "location": {
              "x": 6.12,
              "y": 5.92
            },
            "dimensions": {
              "width": 0.22,
              "height": 0.16
            }
          },
          {
            "type": "Door",
            "id": 26,
            "location": {
              "x": 8.2,
              "y": 5.88
            },
            "dimensions": {
              "width": 0.53,
              "height": 0.88
            }
          },
          {
            "type": "Door",
            "id": 29,
            "location": {
              "x": 7.25,
              "y": 5.44
            },
            "dimensions": {
              "width": 0.16,
              "height": 0.32
            }
          },
          {
            "type": "Door",
            "id": 30,
            "location": {
              "x": 7.42,
              "y": 5.43
            },
            "dimensions": {
              "width": 0.18,
              "height": 0.33
            }
          },
          {
            "type": "Door",
            "id": 31,
            "location": {
              "x": 8.28,
              "y": 5.35
            },
            "dimensions": {
              "width": 0.48,
              "height": 0.33
            }
          },
          {
            "type": "Door",
            "id": 34,
            "location": {
              "x": 6.06,
              "y": 5.21
            },
            "dimensions": {
              "width": 0.2,
              "height": 0.12
            }
          },
          {
            "type": "Door",
            "id": 36,
            "location": {
              "x": 8.47,
              "y": 4.79
            },
            "dimensions": {
              "width": 0.21,
              "height": 0.3
            }
          },
          {
            "type": "Door",
            "id": 39,
            "location": {
              "x": 8.44,
              "y": 3.86
            },
            "dimensions": {
              "width": 0.26,
              "height": 0.34
            }
          },
          {
            "type": "Door",
            "id": 40,
            "location": {
              "x": 7.3,
              "y": 3.82
            },
            "dimensions": {
              "width": 0.5,
              "height": 0.67
            }
          }
        ],
        "connected_to": [
          6,
          7
        ]
      },
      {
        "id": 6,
        "name": "Room_6",
        "shape": "Octagon",
        "dimensions": {
          "width": 1.26,
          "length": 3.3,
          "height": 2.64
        },
        "position": {
          "x": 7.59,
          "y": 1.03
        },
        "windows": [],
        "doors": [
          {
            "type": "Door",
            "id": 39,
            "location": {
              "x": 8.44,
              "y": 3.86
            },
            "dimensions": {
              "width": 0.26,
              "height": 0.34
            }
          },
          {
            "type": "Door",
            "id": 52,
            "location": {
              "x": 7.92,
              "y": 2.59
            },
            "dimensions": {
              "width": 0.1,
              "height": 0.17
            }
          },
          {
            "type": "Door",
            "id": 55,
            "location": {
              "x": 7.72,
              "y": 2.18
            },
            "dimensions": {
              "width": 0.14,
              "height": 0.29
            }
          }
        ],
        "connected_to": [
          5
        ]
      },
      {
        "id": 7,
        "name": "Room_7",
        "shape": "Octagon",
        "dimensions": {
          "width": 2.21,
          "length": 2.83,
          "height": 2.26
        },
        "position": {
          "x": 5.24,
          "y": 1.03
        },
        "windows": [],
        "doors": [
          {
            "type": "Door",
            "id": 40,
            "location": {
              "x": 7.3,
              "y": 3.82
            },
            "dimensions": {
              "width": 0.5,
              "height": 0.67
            }
          },
          {
            "type": "Door",
            "id": 43,
            "location": {
              "x": 6.46,
              "y": 3.26
            },
            "dimensions": {
              "width": 0.5,
              "height": 0.43
            }
          },
          {
            "type": "Door",
            "id": 54,
            "location": {
              "x": 5.87,
              "y": 2.26
            },
            "dimensions": {
              "width": 0.14,
              "height": 0.12
            }
          },
          {
            "type": "Door",
            "id": 56,
            "location": {
              "x": 7.04,
              "y": 2.17
            },
            "dimensions": {
              "width": 0.18,
              "height": 0.3
            }
          }
        ],
        "connected_to": [
          5
        ]
      },
      {
        "id": 8,
        "name": "Room_8",
        "shape": "Irregular",
        "dimensions": {
          "width": 2.02,
          "length": 1.58,
          "height": 1.62
        },
        "position": {
          "x": 3.25,
          "y": 0.99
        },
        "windows": [],
        "doors": [
          {
            "type": "Door",
            "id": 53,
            "location": {
              "x": 5.12,
              "y": 2.42
            },
            "dimensions": {
              "width": 0.12,
              "height": 0.14
            }
          },
          {
            "type": "Door",
            "id": 66,
            "location": {
              "x": 3.43,
              "y": 1.03
            },
            "dimensions": {
              "width": 0.27,
              "height": 0.23
            }
          }
        ],
        "connected_to": []
      }
    ],
    "doorsAndWindows": [
      {
        "type": "Window",
        "id": 1,
        "location": {
          "x": 4.3,
          "y": 8.88
        },
        "dimensions": {
          "width": 0.33,
          "height": 0.15
        }
      },
      {
        "type": "Door",
        "id": 2,
        "location": {
          "x": 4.38,
          "y": 8.71
        },
        "dimensions": {
          "width": 0.21,
          "height": 0.11
        }
      },
      {
        "type": "Door",
        "id": 3,
        "location": {
          "x": 4.35,
          "y": 8.6
        },
        "dimensions": {
          "width": 0.12,
          "height": 0.2
        }
      },
      {
        "type": "Door",
        "id": 4,
        "location": {
          "x": 4.38,
          "y": 8.58
        },
        "dimensions": {
          "width": 0.24,
          "height": 0.22
        }
      },
      {
        "type": "Door",
        "id": 5,
        "location": {
          "x": 6.16,
          "y": 8.55
        },
        "dimensions": {
          "width": 0.32,
          "height": 0.18
        }
      },
      {
        "type": "Door",
        "id": 6,
        "location": {
          "x": 5.71,
          "y": 8.47
        },
        "dimensions": {
          "width": 0.03,
          "height": 0.56
        }
      },
      {
        "type": "Door",
        "id": 7,
        "location": {
          "x": 5.13,
          "y": 8.32
        },
        "dimensions": {
          "width": 0.12,
          "height": 0.14
        }
      },
      {
        "type": "Door",
        "id": 8,
        "location": {
          "x": 8.11,
          "y": 8.13
        },
        "dimensions": {
          "width": 0.1,
          "height": 0.17
        }
      },
      {
        "type": "Door",
        "id": 9,
        "location": {
          "x": 7.38,
          "y": 8.13
        },
        "dimensions": {
          "width": 0.1,
          "height": 0.17
        }
      },
      {
        "type": "Door",
        "id": 10,
        "location": {
          "x": 7.14,
          "y": 8.13
        },
        "dimensions": {
          "width": 0.1,
          "height": 0.17
        }
      },
      {
        "type": "Door",
        "id": 11,
        "location": {
          "x": 3.59,
          "y": 7.95
        },
        "dimensions": {
          "width": 0.1,
          "height": 0.16
        }
      },
      {
        "type": "Door",
        "id": 12,
        "location": {
          "x": 3.34,
          "y": 7.95
        },
        "dimensions": {
          "width": 0.11,
          "height": 0.16
        }
      },
      {
        "type": "Door",
        "id": 13,
        "location": {
          "x": 2.77,
          "y": 7.95
        },
        "dimensions": {
          "width": 0.1,
          "height": 0.16
        }
      },
      {
        "type": "Door",
        "id": 14,
        "location": {
          "x": 7.89,
          "y": 7.73
        },
        "dimensions": {
          "width": 0.17,
          "height": 0.29
        }
      },
      {
        "type": "Door",
        "id": 15,
        "location": {
          "x": 7.2,
          "y": 7.72
        },
        "dimensions": {
          "width": 0.19,
          "height": 0.3
        }
      },
      {
        "type": "Door",
        "id": 16,
        "location": {
          "x": 3.74,
          "y": 7.53
        },
        "dimensions": {
          "width": 0.15,
          "height": 0.3
        }
      },
      {
        "type": "Door",
        "id": 17,
        "location": {
          "x": 3.16,
          "y": 7.53
        },
        "dimensions": {
          "width": 0.26,
          "height": 0.3
        }
      },
      {
        "type": "Door",
        "id": 18,
        "location": {
          "x": 2.93,
          "y": 7.53
        },
        "dimensions": {
          "width": 0.21,
          "height": 0.3
        }
      },
      {
        "type": "Door",
        "id": 19,
        "location": {
          "x": 3.43,
          "y": 7.52
        },
        "dimensions": {
          "width": 0.27,
          "height": 0.32
        }
      },
      {
        "type": "Door",
        "id": 20,
        "location": {
          "x": 2.36,
          "y": 7.52
        },
        "dimensions": {
          "width": 0.27,
          "height": 0.32
        }
      },
      {
        "type": "Door",
        "id": 21,
        "location": {
          "x": 6.39,
          "y": 6.77
        },
        "dimensions": {
          "width": 0.7,
          "height": 0.72
        }
      },
      {
        "type": "Door",
        "id": 22,
        "location": {
          "x": 6.87,
          "y": 5.93
        },
        "dimensions": {
          "width": 0.29,
          "height": 0.22
        }
      },
      {
        "type": "Door",
        "id": 23,
        "location": {
          "x": 6.12,
          "y": 5.92
        },
        "dimensions": {
          "width": 0.22,
          "height": 0.16
        }
      },
      {
        "type": "Door",
        "id": 24,
        "location": {
          "x": 3.14,
          "y": 5.9
        },
        "dimensions": {
          "width": 0.15,
          "height": 0.15
        }
      },
      {
        "type": "Door",
        "id": 25,
        "location": {
          "x": 2.92,
          "y": 5.9
        },
        "dimensions": {
          "width": 0.15,
          "height": 0.15
        }
      },
      {
        "type": "Door",
        "id": 26,
        "location": {
          "x": 8.2,
          "y": 5.88
        },
        "dimensions": {
          "width": 0.53,
          "height": 0.88
        }
      },
      {
        "type": "Door",
        "id": 27,
        "location": {
          "x": 3.12,
          "y": 5.72
        },
        "dimensions": {
          "width": 0.17,
          "height": 0.16
        }
      },
      {
        "type": "Door",
        "id": 28,
        "location": {
          "x": 2.92,
          "y": 5.72
        },
        "dimensions": {
          "width": 0.18,
          "height": 0.16
        }
      },
      {
        "type": "Door",
        "id": 29,
        "location": {
          "x": 7.25,
          "y": 5.44
        },
        "dimensions": {
          "width": 0.16,
          "height": 0.32
        }
      },
      {
        "type": "Door",
        "id": 30,
        "location": {
          "x": 7.42,
          "y": 5.43
        },
        "dimensions": {
          "width": 0.18,
          "height": 0.33
        }
      },
      {
        "type": "Door",
        "id": 31,
        "location": {
          "x": 8.28,
          "y": 5.35
        },
        "dimensions": {
          "width": 0.48,
          "height": 0.33
        }
      },
      {
        "type": "Window",
        "id": 32,
        "location": {
          "x": 6.92,
          "y": 5.25
        },
        "dimensions": {
          "width": 0.31,
          "height": 0.13
        }
      },
      {
        "type": "Door",
        "id": 33,
        "location": {
          "x": 3.56,
          "y": 5.22
        },
        "dimensions": {
          "width": 0.1,
          "height": 0.17
        }
      },
      {
        "type": "Door",
        "id": 34,
        "location": {
          "x": 6.06,
          "y": 5.21
        },
        "dimensions": {
          "width": 0.2,
          "height": 0.12
        }
      },
      {
        "type": "Window",
        "id": 35,
        "location": {
          "x": 6.04,
          "y": 5.02
        },
        "dimensions": {
          "width": 0.25,
          "height": 0.12
        }
      },
      {
        "type": "Door",
        "id": 36,
        "location": {
          "x": 8.47,
          "y": 4.79
        },
        "dimensions": {
          "width": 0.21,
          "height": 0.3
        }
      },
      {
        "type": "Door",
        "id": 37,
        "location": {
          "x": 1.92,
          "y": 4.32
        },
        "dimensions": {
          "width": 6.84,
          "height": 6.21
        }
      },
      {
        "type": "Window",
        "id": 38,
        "location": {
          "x": 3.01,
          "y": 4.31
        },
        "dimensions": {
          "width": 1.66,
          "height": 0.74
        }
      },
      {
        "type": "Door",
        "id": 39,
        "location": {
          "x": 8.44,
          "y": 3.86
        },
        "dimensions": {
          "width": 0.26,
          "height": 0.34
        }
      },
      {
        "type": "Door",
        "id": 40,
        "location": {
          "x": 7.3,
          "y": 3.82
        },
        "dimensions": {
          "width": 0.5,
          "height": 0.67
        }
      },
      {
        "type": "Door",
        "id": 41,
        "location": {
          "x": 2.74,
          "y": 3.53
        },
        "dimensions": {
          "width": 0.11,
          "height": 0.16
        }
      },
      {
        "type": "Door",
        "id": 42,
        "location": {
          "x": 2.2,
          "y": 3.53
        },
        "dimensions": {
          "width": 0.1,
          "height": 0.16
        }
      },
      {
        "type": "Door",
        "id": 43,
        "location": {
          "x": 6.46,
          "y": 3.26
        },
        "dimensions": {
          "width": 0.5,
          "height": 0.43
        }
      },
      {
        "type": "Door",
        "id": 44,
        "location": {
          "x": 2.68,
          "y": 3.11
        },
        "dimensions": {
          "width": 0.05,
          "height": 0.3
        }
      },
      {
        "type": "Door",
        "id": 45,
        "location": {
          "x": 2.27,
          "y": 3.11
        },
        "dimensions": {
          "width": 0.05,
          "height": 0.3
        }
      },
      {
        "type": "Door",
        "id": 46,
        "location": {
          "x": 1.96,
          "y": 3.11
        },
        "dimensions": {
          "width": 0.27,
          "height": 0.3
        }
      },
      {
        "type": "Door",
        "id": 47,
        "location": {
          "x": 3.07,
          "y": 3.1
        },
        "dimensions": {
          "width": 0.27,
          "height": 0.32
        }
      },
      {
        "type": "Door",
        "id": 48,
        "location": {
          "x": 4.38,
          "y": 3.05
        },
        "dimensions": {
          "width": 0.11,
          "height": 0.17
        }
      },
      {
        "type": "Door",
        "id": 49,
        "location": {
          "x": 4.55,
          "y": 2.65
        },
        "dimensions": {
          "width": 0.27,
          "height": 0.29
        }
      },
      {
        "type": "Door",
        "id": 50,
        "location": {
          "x": 5.23,
          "y": 2.64
        },
        "dimensions": {
          "width": 0.2,
          "height": 0.3
        }
      },
      {
        "type": "Door",
        "id": 51,
        "location": {
          "x": 4.14,
          "y": 2.64
        },
        "dimensions": {
          "width": 0.2,
          "height": 0.3
        }
      },
      {
        "type": "Door",
        "id": 52,
        "location": {
          "x": 7.92,
          "y": 2.59
        },
        "dimensions": {
          "width": 0.1,
          "height": 0.17
        }
      },
      {
        "type": "Door",
        "id": 53,
        "location": {
          "x": 5.12,
          "y": 2.42
        },
        "dimensions": {
          "width": 0.12,
          "height": 0.14
        }
      },
      {
        "type": "Door",
        "id": 54,
        "location": {
          "x": 5.87,
          "y": 2.26
        },
        "dimensions": {
          "width": 0.14,
          "height": 0.12
        }
      },
      {
        "type": "Door",
        "id": 55,
        "location": {
          "x": 7.72,
          "y": 2.18
        },
        "dimensions": {
          "width": 0.14,
          "height": 0.29
        }
      },
      {
        "type": "Door",
        "id": 56,
        "location": {
          "x": 7.04,
          "y": 2.17
        },
        "dimensions": {
          "width": 0.18,
          "height": 0.3
        }
      },
      {
        "type": "Door",
        "id": 57,
        "location": {
          "x": 3.16,
          "y": 1.93
        },
        "dimensions": {
          "width": 0.1,
          "height": 0.17
        }
      },
      {
        "type": "Door",
        "id": 58,
        "location": {
          "x": 2.47,
          "y": 1.93
        },
        "dimensions": {
          "width": 0.11,
          "height": 0.17
        }
      },
      {
        "type": "Door",
        "id": 59,
        "location": {
          "x": 2.23,
          "y": 1.93
        },
        "dimensions": {
          "width": 0.1,
          "height": 0.17
        }
      },
      {
        "type": "Door",
        "id": 60,
        "location": {
          "x": 3.17,
          "y": 1.51
        },
        "dimensions": {
          "width": 0.25,
          "height": 0.3
        }
      },
      {
        "type": "Door",
        "id": 61,
        "location": {
          "x": 2.65,
          "y": 1.51
        },
        "dimensions": {
          "width": 0.2,
          "height": 0.3
        }
      },
      {
        "type": "Door",
        "id": 62,
        "location": {
          "x": 2.08,
          "y": 1.51
        },
        "dimensions": {
          "width": 0.18,
          "height": 0.3
        }
      },
      {
        "type": "Door",
        "id": 63,
        "location": {
          "x": 2.88,
          "y": 1.5
        },
        "dimensions": {
          "width": 0.26,
          "height": 0.32
        }
      },
      {
        "type": "Door",
        "id": 64,
        "location": {
          "x": 2.28,
          "y": 1.5
        },
        "dimensions": {
          "width": 0.33,
          "height": 0.32
        }
      },
      {
        "type": "Door",
        "id": 65,
        "location": {
          "x": 3.06,
          "y": 1.29
        },
        "dimensions": {
          "width": 0.12,
          "height": 0.15
        }
      },
      {
        "type": "Door",
        "id": 66,
        "location": {
          "x": 3.43,
          "y": 1.03
        },
        "dimensions": {
          "width": 0.27,
          "height": 0.23
        }
      },
      {
        "type": "Door",
        "id": 67,
        "location": {
          "x": 2.04,
          "y": 1.01
        },
        "dimensions": {
          "width": 6.77,
          "height": 4.77
        }
      },
      {
        "type": "Door",
        "id": 68,
        "location": {
          "x": 1.57,
          "y": 1.01
        },
        "dimensions": {
          "width": 2.96,
          "height": 5.11
        }
      }
    ]
  }
}