{
  "floorPlan": {
    "name": "Floor Plan 26_6.jpg",
    "units": "feet",
    "totalArea": 31.74,
    "totalRooms": 9,
    "rooms": [
      {
        "id": 1,
        "name": "MWAVE",
        "shape": "Irregular",
        "dimensions": {
          "width": 0.63,
          "length": 3.47,
          "height": 2.78
        },
        "position": {
          "x": 3.59,
          "y": 3.57
        },
        "windows": [],
        "doors": [],
        "connected_to": []
      },
      {
        "id": 2,
        "name": "CEILING",
        "shape": "Irregular",
        "dimensions": {
          "width": 1.84,
          "length": 2.85,
          "height": 2.28
        },
        "position": {
          "x": 7.63,
          "y": 3.32
        },
        "windows": [
          {
            "type": "Window",
            "id": 6,
            "location": {
              "x": 8.46,
              "y": 5.46
            },
            "dimensions": {
              "width": 0.51,
              "height": 0.04
            }
          },
          {
            "type": "Window",
            "id": 10,
            "location": {
              "x": 8.24,
              "y": 4.08
            },
            "dimensions": {
              "width": 0.98,
              "height": 0.16
            }
          }
        ],
        "doors": [
          {
            "type": "Door",
            "id": 12,
            "location": {
              "x": 8.62,
              "y": 3.93
            },
            "dimensions": {
              "width": 0.23,
              "height": 0.14
            }
          }
        ],
        "connected_to": []
      },
      {
        "id": 3,
        "name": "10' CEILING",
        "shape": "Irregular",
        "dimensions": {
          "width": 1.24,
          "length": 1.07,
          "height": 0.99
        },
        "position": {
          "x": 2.25,
          "y": 2.91
        },
        "windows": [],
        "doors": [],
        "connected_to": []
      },
      {
        "id": 4,
        "name": "CEILING",
        "shape": "Irregular",
        "dimensions": {
          "width": 1.08,
          "length": 0.76,
          "height": 0.86
        },
        "position": {
          "x": 8.39,
          "y": 2.75
        },
        "windows": [],
        "doors": [
          {
            "type": "Door",
            "id": 21,
            "location": {
              "x": 8.65,
              "y": 2.84
            },
            "dimensions": {
              "width": 0.22,
              "height": 0.19
            }
          }
        ],
        "connected_to": []
      },
      {
        "id": 5,
        "name": "PANTRY",
        "shape": "Irregular",
        "dimensions": {
          "width": 2.66,
          "length": 5.53,
          "height": 4.42
        },
        "position": {
          "x": 0.86,
          "y": 1.51
        },
        "windows": [
          {
            "type": "Window",
            "id": 7,
            "location": {
              "x": 1.89,
              "y": 5.16
            },
            "dimensions": {
              "width": 1.09,
              "height": 0.05
            }
          },
          {
            "type": "Window",
            "id": 9,
            "location": {
              "x": 2.49,
              "y": 5.04
            },
            "dimensions": {
              "width": 0.4,
              "height": 0.13
            }
          },
          {
            "type": "Window",
            "id": 15,
            "location": {
              "x": 1.36,
              "y": 3.66
            },
            "dimensions": {
              "width": 1.01,
              "height": 0.05
            }
          },
          {
            "type": "Window",
            "id": 17,
            "location": {
              "x": 2.02,
              "y": 3.53
            },
            "dimensions": {
              "width": 0.26,
              "height": 0.12
            }
          },
          {
            "type": "Window",
            "id": 18,
            "location": {
              "x": 1.76,
              "y": 3.53
            },
            "dimensions": {
              "width": 0.25,
              "height": 0.12
            }
          },
          {
            "type": "Window",
            "id": 26,
            "location": {
              "x": 2.29,
              "y": 2.52
            },
            "dimensions": {
              "width": 0.27,
              "height": 0.12
            }
          }
        ],
        "doors": [
          {
            "type": "Door",
            "id": 19,
            "location": {
              "x": 1.36,
              "y": 3.53
            },
            "dimensions": {
              "width": 0.18,
              "height": 0.12
            }
          },
          {
            "type": "Door",
            "id": 25,
            "location": {
              "x": 1.49,
              "y": 2.58
            },
            "dimensions": {
              "width": 0.2,
              "height": 0.13
            }
          },
          {
            "type": "Door",
            "id": 31,
            "location": {
              "x": 1.84,
              "y": 1.75
            },
            "dimensions": {
              "width": 0.18,
              "height": 0.23
            }
          }
        ],
        "connected_to": []
      },
      {
        "id": 6,
        "name": "Room_6",
        "shape": "Pentagon",
        "dimensions": {
          "width": 0.51,
          "length": 2.77,
          "height": 2.22
        },
        "position": {
          "x": 3.83,
          "y": 0.42
        },
        "windows": [
          {
            "type": "Window",
            "id": 32,
            "location": {
              "x": 3.99,
              "y": 1.46
            },
            "dimensions": {
              "width": 3.94,
              "height": 0.12
            }
          }
        ],
        "doors": [],
        "connected_to": []
      },
      {
        "id": 7,
        "name": "M BATH",
        "shape": "Octagon",
        "dimensions": {
          "width": 1.32,
          "length": 0.8,
          "height": 1.06
        },
        "position": {
          "x": 0.86,
          "y": 0.42
        },
        "windows": [],
        "doors": [
          {
            "type": "Door",
            "id": 35,
            "location": {
              "x": 2.12,
              "y": 1.13
            },
            "dimensions": {
              "width": 0.14,
              "height": 0.3
            }
          },
          {
            "type": "Door",
            "id": 37,
            "location": {
              "x": 1.84,
              "y": 0.82
            },
            "dimensions": {
              "width": 0.18,
              "height": 0.23
            }
          },
          {
            "type": "Door",
            "id": 39,
            "location": {
              "x": 0.96,
              "y": 0.52
            },
            "dimensions": {
              "width": 0.32,
              "height": 0.27
            }
          }
        ],
        "connected_to": []
      },
      {
        "id": 8,
        "name": "CEILING",
        "shape": "Irregular",
        "dimensions": {
          "width": 1.08,
          "length": 2.31,
          "height": 1.85
        },
        "position": {
          "x": 8.39,
          "y": 0.22
        },
        "windows": [
          {
            "type": "Window",
            "id": 29,
            "location": {
              "x": 8.79,
              "y": 2.08
            },
            "dimensions": {
              "width": 0.61,
              "height": 0.3
            }
          },
          {
            "type": "Window",
            "id": 38,
            "location": {
              "x": 8.56,
              "y": 0.73
            },
            "dimensions": {
              "width": 0.33,
              "height": 0.14
            }
          }
        ],
        "doors": [
          {
            "type": "Door",
            "id": 27,
            "location": {
              "x": 9.02,
              "y": 2.41
            },
            "dimensions": {
              "width": 0.24,
              "height": 0.13
            }
          },
          {
            "type": "Door",
            "id": 28,
            "location": {
              "x": 8.75,
              "y": 2.41
            },
            "dimensions": {
              "width": 0.26,
              "height": 0.13
            }
          }
        ],
        "connected_to": []
      },
      {
        "id": 9,
        "name": "LIN:",
        "shape": "Hexagon",
        "dimensions": {
          "width": 0.92,
          "length": 2.71,
          "height": 2.17
        },
        "position": {
          "x": 7.63,
          "y": 0.22
        },
        "windows": [
          {
            "type": "Window",
            "id": 36,
            "location": {
              "x": 8.27,
              "y": 0.88
            },
            "dimensions": {
              "width": 0.97,
              "height": 0.04
            }
          }
        ],
        "doors": [],
        "connected_to": []
      }
    ],
    "doorsAndWindows": [
      {
        "type": "Door",
        "id": 1,
        "location": {
          "x": 4.78,
          "y": 6.74
        },
        "dimensions": {
          "width": 0.18,
          "height": 0.12
        }
      },
      {
        "type": "Window",
        "id": 2,
        "location": {
          "x": 4.66,
          "y": 6.7
        },
        "dimensions": {
          "width": 0.55,
          "height": 0.04
        }
      },
      {
        "type": "Window",
        "id": 3,
        "location": {
          "x": 4.44,
          "y": 6.2
        },
        "dimensions": {
          "width": 0.84,
          "height": 0.25
        }
      },
      {
        "type": "Window",
        "id": 4,
        "location": {
          "x": 6.27,
          "y": 5.81
        },
        "dimensions": {
          "width": 1.05,
          "height": 0.17
        }
      },
      {
        "type": "Door",
        "id": 5,
        "location": {
          "x": 6.36,
          "y": 5.68
        },
        "dimensions": {
          "width": 0.2,
          "height": 0.13
        }
      },
      {
        "type": "Window",
        "id": 6,
        "location": {
          "x": 8.46,
          "y": 5.46
        },
        "dimensions": {
          "width": 0.51,
          "height": 0.04
        }
      },
      {
        "type": "Window",
        "id": 7,
        "location": {
          "x": 1.89,
          "y": 5.16
        },
        "dimensions": {
          "width": 1.09,
          "height": 0.05
        }
      },
      {
        "type": "Window",
        "id": 8,
        "location": {
          "x": 5.28,
          "y": 5.05
        },
        "dimensions": {
          "width": 3.58,
          "height": 1.4
        }
      },
      {
        "type": "Window",
        "id": 9,
        "location": {
          "x": 2.49,
          "y": 5.04
        },
        "dimensions": {
          "width": 0.4,
          "height": 0.13
        }
      },
      {
        "type": "Window",
        "id": 10,
        "location": {
          "x": 8.24,
          "y": 4.08
        },
        "dimensions": {
          "width": 0.98,
          "height": 0.16
        }
      },
      {
        "type": "Window",
        "id": 11,
        "location": {
          "x": 6.17,
          "y": 4.03
        },
        "dimensions": {
          "width": 0.99,
          "height": 0.04
        }
      },
      {
        "type": "Door",
        "id": 12,
        "location": {
          "x": 8.62,
          "y": 3.93
        },
        "dimensions": {
          "width": 0.23,
          "height": 0.14
        }
      },
      {
        "type": "Door",
        "id": 13,
        "location": {
          "x": 6.78,
          "y": 3.88
        },
        "dimensions": {
          "width": 0.23,
          "height": 0.13
        }
      },
      {
        "type": "Door",
        "id": 14,
        "location": {
          "x": 7.62,
          "y": 3.71
        },
        "dimensions": {
          "width": 0.33,
          "height": 0.73
        }
      },
      {
        "type": "Window",
        "id": 15,
        "location": {
          "x": 1.36,
          "y": 3.66
        },
        "dimensions": {
          "width": 1.01,
          "height": 0.05
        }
      },
      {
        "type": "Door",
        "id": 16,
        "location": {
          "x": 4.76,
          "y": 3.62
        },
        "dimensions": {
          "width": 0.6,
          "height": 1.08
        }
      },
      {
        "type": "Window",
        "id": 17,
        "location": {
          "x": 2.02,
          "y": 3.53
        },
        "dimensions": {
          "width": 0.26,
          "height": 0.12
        }
      },
      {
        "type": "Window",
        "id": 18,
        "location": {
          "x": 1.76,
          "y": 3.53
        },
        "dimensions": {
          "width": 0.25,
          "height": 0.12
        }
      },
      {
        "type": "Door",
        "id": 19,
        "location": {
          "x": 1.36,
          "y": 3.53
        },
        "dimensions": {
          "width": 0.18,
          "height": 0.12
        }
      },
      {
        "type": "Window",
        "id": 20,
        "location": {
          "x": 4.37,
          "y": 3.3
        },
        "dimensions": {
          "width": 0.63,
          "height": 0.16
        }
      },
      {
        "type": "Door",
        "id": 21,
        "location": {
          "x": 8.65,
          "y": 2.84
        },
        "dimensions": {
          "width": 0.22,
          "height": 0.19
        }
      },
      {
        "type": "Window",
        "id": 22,
        "location": {
          "x": 4.36,
          "y": 2.83
        },
        "dimensions": {
          "width": 1.68,
          "height": 0.41
        }
      },
      {
        "type": "Window",
        "id": 23,
        "location": {
          "x": 4.61,
          "y": 2.78
        },
        "dimensions": {
          "width": 1.72,
          "height": 0.43
        }
      },
      {
        "type": "Door",
        "id": 24,
        "location": {
          "x": 8.85,
          "y": 2.6
        },
        "dimensions": {
          "width": 0.2,
          "height": 0.12
        }
      },
      {
        "type": "Door",
        "id": 25,
        "location": {
          "x": 1.49,
          "y": 2.58
        },
        "dimensions": {
          "width": 0.2,
          "height": 0.13
        }
      },
      {
        "type": "Window",
        "id": 26,
        "location": {
          "x": 2.29,
          "y": 2.52
        },
        "dimensions": {
          "width": 0.27,
          "height": 0.12
        }
      },
      {
        "type": "Door",
        "id": 27,
        "location": {
          "x": 9.02,
          "y": 2.41
        },
        "dimensions": {
          "width": 0.24,
          "height": 0.13
        }
      },
      {
        "type": "Door",
        "id": 28,
        "location": {
          "x": 8.75,
          "y": 2.41
        },
        "dimensions": {
          "width": 0.26,
          "height": 0.13
        }
      },
      {
        "type": "Window",
        "id": 29,
        "location": {
          "x": 8.79,
          "y": 2.08
        },
        "dimensions": {
          "width": 0.61,
          "height": 0.3
        }
      },
      {
        "type": "Door",
        "id": 30,
        "location": {
          "x": 5.82,
          "y": 1.9
        },
        "dimensions": {
          "width": 0.23,
          "height": 0.14
        }
      },
      {
        "type": "Door",
        "id": 31,
        "location": {
          "x": 1.84,
          "y": 1.75
        },
        "dimensions": {
          "width": 0.18,
          "height": 0.23
        }
      },
      {
        "type": "Window",
        "id": 32,
        "location": {
          "x": 3.99,
          "y": 1.46
        },
        "dimensions": {
          "width": 3.94,
          "height": 0.12
        }
      },
      {
        "type": "Window",
        "id": 33,
        "location": {
          "x": 2.34,
          "y": 1.37
        },
        "dimensions": {
          "width": 1.38,
          "height": 0.03
        }
      },
      {
        "type": "Window",
        "id": 34,
        "location": {
          "x": 2.35,
          "y": 1.22
        },
        "dimensions": {
          "width": 0.32,
          "height": 0.14
        }
      },
      {
        "type": "Door",
        "id": 35,
        "location": {
          "x": 2.12,
          "y": 1.13
        },
        "dimensions": {
          "width": 0.14,
          "height": 0.3
        }
      },
      {
        "type": "Window",
        "id": 36,
        "location": {
          "x": 8.27,
          "y": 0.88
        },
        "dimensions": {
          "width": 0.97,
          "height": 0.04
        }
      },
      {
        "type": "Door",
        "id": 37,
        "location": {
          "x": 1.84,
          "y": 0.82
        },
        "dimensions": {
          "width": 0.18,
          "height": 0.23
        }
      },
      {
        "type": "Window",
        "id": 38,
        "location": {
          "x": 8.56,
          "y": 0.73
        },
        "dimensions": {
          "width": 0.33,
          "height": 0.14
        }
      },
      {
        "type": "Door",
        "id": 39,
        "location": {
          "x": 0.96,
          "y": 0.52
        },
        "dimensions": {
          "width": 0.32,
          "height": 0.27
        }
      },
      {
        "type": "Door",
        "id": 40,
        "location": {
          "x": 0.86,
          "y": 0.41
        },
        "dimensions": {
          "width": 3.53,
          "height": 6.64
        }
      },
      {
        "type": "Window",
        "id": 41,
        "location": {
          "x": 0.86,
          "y": 0.41
        },
        "dimensions": {
          "width": 2.96,
          "height": 0.81
        }
      },
      {
        "type": "Door",
        "id": 42,
        "location": {
          "x": 6.73,
          "y": 0.21
        },
        "dimensions": {
          "width": 2.75,
          "height": 5.97
        }
      }
    ]
  }
}