{
  "floorPlan": {
    "name": "Floor Plan 26_9.jpg",
    "units": "feet",
    "totalArea": 55.91,
    "totalRooms": 7,
    "rooms": [
      {
        "id": 1,
        "name": "Room_1",
        "shape": "Rectangle",
        "dimensions": {
          "width": 1.23,
          "length": 0.21,
          "height": 0.98
        },
        "position": {
          "x": 6.64,
          "y": 6.83
        },
        "windows": [],
        "doors": [],
        "connected_to": []
      },
      {
        "id": 2,
        "name": "Room_2",
        "shape": "Rectangle",
        "dimensions": {
          "width": 1.24,
          "length": 0.21,
          "height": 0.99
        },
        "position": {
          "x": 2.38,
          "y": 6.83
        },
        "windows": [
          {
            "type": "Window",
            "id": 11,
            "location": {
              "x": 3.51,
              "y": 6.88
            },
            "dimensions": {
              "width": 6.73,
              "height": 1.86
            }
          }
        ],
        "doors": [],
        "connected_to": []
      },
      {
        "id": 3,
        "name": "Room_3",
        "shape": "Irregular",
        "dimensions": {
          "width": 1.05,
          "length": 3.23,
          "height": 2.58
        },
        "position": {
          "x": 0.0,
          "y": 3.81
        },
        "windows": [
          {
            "type": "Window",
            "id": 9,
            "location": {
              "x": 0.0,
              "y": 7.03
            },
            "dimensions": {
              "width": 3.5,
              "height": 1.71
            }
          },
          {
            "type": "Window",
            "id": 17,
            "location": {
              "x": 1.05,
              "y": 5.99
            },
            "dimensions": {
              "width": 3.66,
              "height": 1.03
            }
          }
        ],
        "doors": [
          {
            "type": "Door",
            "id": 21,
            "location": {
              "x": 0.73,
              "y": 5.61
            },
            "dimensions": {
              "width": 0.6,
              "height": 0.6
            }
          }
        ],
        "connected_to": []
      },
      {
        "id": 4,
        "name": "BEDROOM",
        "shape": "Octagon",
        "dimensions": {
          "width": 1.37,
          "length": 3.74,
          "height": 2.99
        },
        "position": {
          "x": 8.87,
          "y": 3.3
        },
        "windows": [],
        "doors": [
          {
            "type": "Door",
            "id": 14,
            "location": {
              "x": 9.71,
              "y": 6.13
            },
            "dimensions": {
              "width": 0.35,
              "height": 0.52
            }
          },
          {
            "type": "Door",
            "id": 32,
            "location": {
              "x": 9.99,
              "y": 4.52
            },
            "dimensions": {
              "width": 0.06,
              "height": 1.39
            }
          }
        ],
        "connected_to": []
      },
      {
        "id": 5,
        "name": "Pantry",
        "shape": "Irregular",
        "dimensions": {
          "width": 1.77,
          "length": 2.33,
          "height": 1.86
        },
        "position": {
          "x": 1.62,
          "y": 1.84
        },
        "windows": [
          {
            "type": "Window",
            "id": 37,
            "location": {
              "x": 2.68,
              "y": 3.57
            },
            "dimensions": {
              "width": 0.52,
              "height": 0.17
            }
          },
          {
            "type": "Window",
            "id": 46,
            "location": {
              "x": 2.8,
              "y": 2.62
            },
            "dimensions": {
              "width": 0.49,
              "height": 0.15
            }
          }
        ],
        "doors": [
          {
            "type": "Door",
            "id": 38,
            "location": {
              "x": 1.8,
              "y": 3.53
            },
            "dimensions": {
              "width": 0.43,
              "height": 0.45
            }
          }
        ],
        "connected_to": [
          7
        ]
      },
      {
        "id": 6,
        "name": "ICOATS",
        "shape": "Irregular",
        "dimensions": {
          "width": 0.97,
          "length": 1.21,
          "height": 0.97
        },
        "position": {
          "x": 0.0,
          "y": 1.81
        },
        "windows": [],
        "doors": [
          {
            "type": "Door",
            "id": 41,
            "location": {
              "x": 0.0,
              "y": 3.01
            },
            "dimensions": {
              "width": 0.16,
              "height": 0.8
            }
          }
        ],
        "connected_to": [
          7
        ]
      },
      {
        "id": 7,
        "name": "13-0x 10-6",
        "shape": "Irregular",
        "dimensions": {
          "width": 10.24,
          "length": 4.06,
          "height": 8.19
        },
        "position": {
          "x": 0.0,
          "y": 0.11
        },
        "windows": [
          {
            "type": "Window",
            "id": 33,
            "location": {
              "x": 4.43,
              "y": 4.06
            },
            "dimensions": {
              "width": 1.38,
              "height": 0.18
            }
          },
          {
            "type": "Window",
            "id": 35,
            "location": {
              "x": 4.2,
              "y": 4.04
            },
            "dimensions": {
              "width": 1.87,
              "height": 0.8
            }
          },
          {
            "type": "Window",
            "id": 37,
            "location": {
              "x": 2.68,
              "y": 3.57
            },
            "dimensions": {
              "width": 0.52,
              "height": 0.17
            }
          },
          {
            "type": "Window",
            "id": 46,
            "location": {
              "x": 2.8,
              "y": 2.62
            },
            "dimensions": {
              "width": 0.49,
              "height": 0.15
            }
          },
          {
            "type": "Window",
            "id": 62,
            "location": {
              "x": 7.72,
              "y": 0.82
            },
            "dimensions": {
              "width": 0.39,
              "height": 0.14
            }
          }
        ],
        "doors": [
          {
            "type": "Door",
            "id": 34,
            "location": {
              "x": 4.18,
              "y": 4.06
            },
            "dimensions": {
              "width": 1.61,
              "height": 0.82
            }
          },
          {
            "type": "Door",
            "id": 36,
            "location": {
              "x": 8.08,
              "y": 3.67
            },
            "dimensions": {
              "width": 2.0,
              "height": 2.45
            }
          },
          {
            "type": "Door",
            "id": 38,
            "location": {
              "x": 1.8,
              "y": 3.53
            },
            "dimensions": {
              "width": 0.43,
              "height": 0.45
            }
          },
          {
            "type": "Door",
            "id": 39,
            "location": {
              "x": 1.31,
              "y": 3.13
            },
            "dimensions": {
              "width": 0.23,
              "height": 0.14
            }
          },
          {
            "type": "Door",
            "id": 40,
            "location": {
              "x": 1.08,
              "y": 3.13
            },
            "dimensions": {
              "width": 0.25,
              "height": 0.14
            }
          },
          {
            "type": "Door",
            "id": 41,
            "location": {
              "x": 0.0,
              "y": 3.01
            },
            "dimensions": {
              "width": 0.16,
              "height": 0.8
            }
          },
          {
            "type": "Door",
            "id": 42,
            "location": {
              "x": 6.17,
              "y": 2.79
            },
            "dimensions": {
              "width": 0.48,
              "height": 0.5
            }
          },
          {
            "type": "Door",
            "id": 43,
            "location": {
              "x": 5.55,
              "y": 2.79
            },
            "dimensions": {
              "width": 0.42,
              "height": 0.5
            }
          },
          {
            "type": "Door",
            "id": 44,
            "location": {
              "x": 4.88,
              "y": 2.79
            },
            "dimensions": {
              "width": 0.47,
              "height": 0.5
            }
          },
          {
            "type": "Door",
            "id": 45,
            "location": {
              "x": 4.25,
              "y": 2.79
            },
            "dimensions": {
              "width": 0.51,
              "height": 0.5
            }
          },
          {
            "type": "Door",
            "id": 47,
            "location": {
              "x": 8.34,
              "y": 2.1
            },
            "dimensions": {
              "width": 0.46,
              "height": 0.35
            }
          },
          {
            "type": "Door",
            "id": 48,
            "location": {
              "x": 7.07,
              "y": 2.06
            },
            "dimensions": {
              "width": 0.33,
              "height": 0.39
            }
          },
          {
            "type": "Door",
            "id": 49,
            "location": {
              "x": 8.21,
              "y": 1.87
            },
            "dimensions": {
              "width": 2.03,
              "height": 1.82
            }
          },
          {
            "type": "Door",
            "id": 50,
            "location": {
              "x": 5.4,
              "y": 1.45
            },
            "dimensions": {
              "width": 0.16,
              "height": 0.15
            }
          },
          {
            "type": "Door",
            "id": 51,
            "location": {
              "x": 5.29,
              "y": 1.45
            },
            "dimensions": {
              "width": 0.16,
              "height": 0.15
            }
          },
          {
            "type": "Door",
            "id": 52,
            "location": {
              "x": 4.74,
              "y": 1.45
            },
            "dimensions": {
              "width": 0.26,
              "height": 0.15
            }
          },
          {
            "type": "Door",
            "id": 53,
            "location": {
              "x": 1.92,
              "y": 1.43
            },
            "dimensions": {
              "width": 0.13,
              "height": 0.14
            }
          },
          {
            "type": "Door",
            "id": 54,
            "location": {
              "x": 1.66,
              "y": 1.43
            },
            "dimensions": {
              "width": 0.25,
              "height": 0.14
            }
          },
          {
            "type": "Door",
            "id": 55,
            "location": {
              "x": 1.48,
              "y": 1.43
            },
            "dimensions": {
              "width": 0.13,
              "height": 0.14
            }
          },
          {
            "type": "Door",
            "id": 56,
            "location": {
              "x": 5.37,
              "y": 1.25
            },
            "dimensions": {
              "width": 0.12,
              "height": 0.14
            }
          },
          {
            "type": "Door",
            "id": 57,
            "location": {
              "x": 4.72,
              "y": 1.25
            },
            "dimensions": {
              "width": 0.28,
              "height": 0.14
            }
          },
          {
            "type": "Door",
            "id": 58,
            "location": {
              "x": 8.6,
              "y": 1.01
            },
            "dimensions": {
              "width": 0.27,
              "height": 0.15
            }
          },
          {
            "type": "Door",
            "id": 59,
            "location": {
              "x": 9.01,
              "y": 0.82
            },
            "dimensions": {
              "width": 0.22,
              "height": 0.14
            }
          },
          {
            "type": "Door",
            "id": 60,
            "location": {
              "x": 8.75,
              "y": 0.82
            },
            "dimensions": {
              "width": 0.13,
              "height": 0.14
            }
          },
          {
            "type": "Door",
            "id": 61,
            "location": {
              "x": 8.12,
              "y": 0.82
            },
            "dimensions": {
              "width": 0.13,
              "height": 0.14
            }
          },
          {
            "type": "Door",
            "id": 63,
            "location": {
              "x": 5.19,
              "y": 0.68
            },
            "dimensions": {
              "width": 1.14,
              "height": 1.3
            }
          },
          {
            "type": "Door",
            "id": 64,
            "location": {
              "x": 1.36,
              "y": 0.54
            },
            "dimensions": {
              "width": 0.15,
              "height": 0.15
            }
          },
          {
            "type": "Door",
            "id": 65,
            "location": {
              "x": 0.01,
              "y": 0.52
            },
            "dimensions": {
              "width": 3.43,
              "height": 4.49
            }
          },
          {
            "type": "Door",
            "id": 66,
            "location": {
              "x": 4.87,
              "y": 0.27
            },
            "dimensions": {
              "width": 0.32,
              "height": 0.34
            }
          },
          {
            "type": "Door",
            "id": 67,
            "location": {
              "x": 5.22,
              "y": 0.25
            },
            "dimensions": {
              "width": 0.27,
              "height": 0.39
            }
          },
          {
            "type": "Door",
            "id": 68,
            "location": {
              "x": 6.96,
              "y": 0.17
            },
            "dimensions": {
              "width": 3.11,
              "height": 3.36
            }
          },
          {
            "type": "Door",
            "id": 69,
            "location": {
              "x": 0.17,
              "y": 0.16
            },
            "dimensions": {
              "width": 7.39,
              "height": 4.85
            }
          }
        ],
        "connected_to": [
          5,
          6
        ]
      }
    ],
    "doorsAndWindows": [
      {
        "type": "Door",
        "id": 1,
        "location": {
          "x": 6.78,
          "y": 8.39
        },
        "dimensions": {
          "width": 0.29,
          "height": 0.29
        }
      },
      {
        "type": "Door",
        "id": 2,
        "location": {
          "x": 3.14,
          "y": 8.37
        },
        "dimensions": {
          "width": 0.33,
          "height": 0.33
        }
      },
      {
        "type": "Door",
        "id": 3,
        "location": {
          "x": 5.24,
          "y": 7.82
        },
        "dimensions": {
          "width": 0.26,
          "height": 0.16
        }
      },
      {
        "type": "Door",
        "id": 4,
        "location": {
          "x": 4.94,
          "y": 7.82
        },
        "dimensions": {
          "width": 0.1,
          "height": 0.15
        }
      },
      {
        "type": "Door",
        "id": 5,
        "location": {
          "x": 5.05,
          "y": 7.64
        },
        "dimensions": {
          "width": 0.12,
          "height": 0.14
        }
      },
      {
        "type": "Door",
        "id": 6,
        "location": {
          "x": 4.9,
          "y": 7.63
        },
        "dimensions": {
          "width": 0.14,
          "height": 0.15
        }
      },
      {
        "type": "Door",
        "id": 7,
        "location": {
          "x": 5.8,
          "y": 7.22
        },
        "dimensions": {
          "width": 0.97,
          "height": 0.97
        }
      },
      {
        "type": "Door",
        "id": 8,
        "location": {
          "x": 3.47,
          "y": 7.22
        },
        "dimensions": {
          "width": 0.97,
          "height": 0.97
        }
      },
      {
        "type": "Window",
        "id": 9,
        "location": {
          "x": 0.0,
          "y": 7.03
        },
        "dimensions": {
          "width": 3.5,
          "height": 1.71
        }
      },
      {
        "type": "Window",
        "id": 10,
        "location": {
          "x": 8.5,
          "y": 6.88
        },
        "dimensions": {
          "width": 0.69,
          "height": 0.14
        }
      },
      {
        "type": "Window",
        "id": 11,
        "location": {
          "x": 3.51,
          "y": 6.88
        },
        "dimensions": {
          "width": 6.73,
          "height": 1.86
        }
      },
      {
        "type": "Window",
        "id": 12,
        "location": {
          "x": 5.84,
          "y": 6.88
        },
        "dimensions": {
          "width": 0.8,
          "height": 0.14
        }
      },
      {
        "type": "Window",
        "id": 13,
        "location": {
          "x": 1.07,
          "y": 6.88
        },
        "dimensions": {
          "width": 1.31,
          "height": 0.14
        }
      },
      {
        "type": "Door",
        "id": 14,
        "location": {
          "x": 9.71,
          "y": 6.13
        },
        "dimensions": {
          "width": 0.35,
          "height": 0.52
        }
      },
      {
        "type": "Window",
        "id": 15,
        "location": {
          "x": 4.71,
          "y": 6.13
        },
        "dimensions": {
          "width": 2.18,
          "height": 0.89
        }
      },
      {
        "type": "Window",
        "id": 16,
        "location": {
          "x": 6.89,
          "y": 5.99
        },
        "dimensions": {
          "width": 3.18,
          "height": 0.88
        }
      },
      {
        "type": "Window",
        "id": 17,
        "location": {
          "x": 1.05,
          "y": 5.99
        },
        "dimensions": {
          "width": 3.66,
          "height": 1.03
        }
      },
      {
        "type": "Door",
        "id": 18,
        "location": {
          "x": 5.74,
          "y": 5.74
        },
        "dimensions": {
          "width": 1.1,
          "height": 1.09
        }
      },
      {
        "type": "Door",
        "id": 19,
        "location": {
          "x": 5.4,
          "y": 5.72
        },
        "dimensions": {
          "width": 0.16,
          "height": 0.15
        }
      },
      {
        "type": "Door",
        "id": 20,
        "location": {
          "x": 3.44,
          "y": 5.71
        },
        "dimensions": {
          "width": 1.09,
          "height": 1.12
        }
      },
      {
        "type": "Door",
        "id": 21,
        "location": {
          "x": 0.73,
          "y": 5.61
        },
        "dimensions": {
          "width": 0.6,
          "height": 0.6
        }
      },
      {
        "type": "Door",
        "id": 22,
        "location": {
          "x": 5.42,
          "y": 5.53
        },
        "dimensions": {
          "width": 0.13,
          "height": 0.14
        }
      },
      {
        "type": "Door",
        "id": 23,
        "location": {
          "x": 5.28,
          "y": 5.53
        },
        "dimensions": {
          "width": 0.13,
          "height": 0.14
        }
      },
      {
        "type": "Window",
        "id": 24,
        "location": {
          "x": 4.52,
          "y": 5.53
        },
        "dimensions": {
          "width": 0.31,
          "height": 0.14
        }
      },
      {
        "type": "Door",
        "id": 25,
        "location": {
          "x": 1.51,
          "y": 5.44
        },
        "dimensions": {
          "width": 0.16,
          "height": 0.15
        }
      },
      {
        "type": "Door",
        "id": 26,
        "location": {
          "x": 2.3,
          "y": 5.27
        },
        "dimensions": {
          "width": 0.11,
          "height": 0.14
        }
      },
      {
        "type": "Door",
        "id": 27,
        "location": {
          "x": 1.12,
          "y": 5.27
        },
        "dimensions": {
          "width": 0.14,
          "height": 0.14
        }
      },
      {
        "type": "Door",
        "id": 28,
        "location": {
          "x": 1.16,
          "y": 5.16
        },
        "dimensions": {
          "width": 0.8,
          "height": 1.61
        }
      },
      {
        "type": "Window",
        "id": 29,
        "location": {
          "x": 7.52,
          "y": 5.04
        },
        "dimensions": {
          "width": 0.38,
          "height": 0.14
        }
      },
      {
        "type": "Door",
        "id": 30,
        "location": {
          "x": 1.24,
          "y": 4.88
        },
        "dimensions": {
          "width": 0.98,
          "height": 1.56
        }
      },
      {
        "type": "Door",
        "id": 31,
        "location": {
          "x": 4.73,
          "y": 4.87
        },
        "dimensions": {
          "width": 0.78,
          "height": 0.56
        }
      },
      {
        "type": "Door",
        "id": 32,
        "location": {
          "x": 9.99,
          "y": 4.52
        },
        "dimensions": {
          "width": 0.06,
          "height": 1.39
        }
      },
      {
        "type": "Window",
        "id": 33,
        "location": {
          "x": 4.43,
          "y": 4.06
        },
        "dimensions": {
          "width": 1.38,
          "height": 0.18
        }
      },
      {
        "type": "Door",
        "id": 34,
        "location": {
          "x": 4.18,
          "y": 4.06
        },
        "dimensions": {
          "width": 1.61,
          "height": 0.82
        }
      },
      {
        "type": "Window",
        "id": 35,
        "location": {
          "x": 4.2,
          "y": 4.04
        },
        "dimensions": {
          "width": 1.87,
          "height": 0.8
        }
      },
      {
        "type": "Door",
        "id": 36,
        "location": {
          "x": 8.08,
          "y": 3.67
        },
        "dimensions": {
          "width": 2.0,
          "height": 2.45
        }
      },
      {
        "type": "Window",
        "id": 37,
        "location": {
          "x": 2.68,
          "y": 3.57
        },
        "dimensions": {
          "width": 0.52,
          "height": 0.17
        }
      },
      {
        "type": "Door",
        "id": 38,
        "location": {
          "x": 1.8,
          "y": 3.53
        },
        "dimensions": {
          "width": 0.43,
          "height": 0.45
        }
      },
      {
        "type": "Door",
        "id": 39,
        "location": {
          "x": 1.31,
          "y": 3.13
        },
        "dimensions": {
          "width": 0.23,
          "height": 0.14
        }
      },
      {
        "type": "Door",
        "id": 40,
        "location": {
          "x": 1.08,
          "y": 3.13
        },
        "dimensions": {
          "width": 0.25,
          "height": 0.14
        }
      },
      {
        "type": "Door",
        "id": 41,
        "location": {
          "x": 0.0,
          "y": 3.01
        },
        "dimensions": {
          "width": 0.16,
          "height": 0.8
        }
      },
      {
        "type": "Door",
        "id": 42,
        "location": {
          "x": 6.17,
          "y": 2.79
        },
        "dimensions": {
          "width": 0.48,
          "height": 0.5
        }
      },
      {
        "type": "Door",
        "id": 43,
        "location": {
          "x": 5.55,
          "y": 2.79
        },
        "dimensions": {
          "width": 0.42,
          "height": 0.5
        }
      },
      {
        "type": "Door",
        "id": 44,
        "location": {
          "x": 4.88,
          "y": 2.79
        },
        "dimensions": {
          "width": 0.47,
          "height": 0.5
        }
      },
      {
        "type": "Door",
        "id": 45,
        "location": {
          "x": 4.25,
          "y": 2.79
        },
        "dimensions": {
          "width": 0.51,
          "height": 0.5
        }
      },
      {
        "type": "Window",
        "id": 46,
        "location": {
          "x": 2.8,
          "y": 2.62
        },
        "dimensions": {
          "width": 0.49,
          "height": 0.15
        }
      },
      {
        "type": "Door",
        "id": 47,
        "location": {
          "x": 8.34,
          "y": 2.1
        },
        "dimensions": {
          "width": 0.46,
          "height": 0.35
        }
      },
      {
        "type": "Door",
        "id": 48,
        "location": {
          "x": 7.07,
          "y": 2.06
        },
        "dimensions": {
          "width": 0.33,
          "height": 0.39
        }
      },
      {
        "type": "Door",
        "id": 49,
        "location": {
          "x": 8.21,
          "y": 1.87
        },
        "dimensions": {
          "width": 2.03,
          "height": 1.82
        }
      },
      {
        "type": "Door",
        "id": 50,
        "location": {
          "x": 5.4,
          "y": 1.45
        },
        "dimensions": {
          "width": 0.16,
          "height": 0.15
        }
      },
      {
        "type": "Door",
        "id": 51,
        "location": {
          "x": 5.29,
          "y": 1.45
        },
        "dimensions": {
          "width": 0.16,
          "height": 0.15
        }
      },
      {
        "type": "Door",
        "id": 52,
        "location": {
          "x": 4.74,
          "y": 1.45
        },
        "dimensions": {
          "width": 0.26,
          "height": 0.15
        }
      },
      {
        "type": "Door",
        "id": 53,
        "location": {
          "x": 1.92,
          "y": 1.43
        },
        "dimensions": {
          "width": 0.13,
          "height": 0.14
        }
      },
      {
        "type": "Door",
        "id": 54,
        "location": {
          "x": 1.66,
          "y": 1.43
        },
        "dimensions": {
          "width": 0.25,
          "height": 0.14
        }
      },
      {
        "type": "Door",
        "id": 55,
        "location": {
          "x": 1.48,
          "y": 1.43
        },
        "dimensions": {
          "width": 0.13,
          "height": 0.14
        }
      },
      {
        "type": "Door",
        "id": 56,
        "location": {
          "x": 5.37,
          "y": 1.25
        },
        "dimensions": {
          "width": 0.12,
          "height": 0.14
        }
      },
      {
        "type": "Door",
        "id": 57,
        "location": {
          "x": 4.72,
          "y": 1.25
        },
        "dimensions": {
          "width": 0.28,
          "height": 0.14
        }
      },
      {
        "type": "Door",
        "id": 58,
        "location": {
          "x": 8.6,
          "y": 1.01
        },
        "dimensions": {
          "width": 0.27,
          "height": 0.15
        }
      },
      {
        "type": "Door",
        "id": 59,
        "location": {
          "x": 9.01,
          "y": 0.82
        },
        "dimensions": {
          "width": 0.22,
          "height": 0.14
        }
      },
      {
        "type": "Door",
        "id": 60,
        "location": {
          "x": 8.75,
          "y": 0.82
        },
        "dimensions": {
          "width": 0.13,
          "height": 0.14
        }
      },
      {
        "type": "Door",
        "id": 61,
        "location": {
          "x": 8.12,
          "y": 0.82
        },
        "dimensions": {
          "width": 0.13,
          "height": 0.14
        }
      },
      {
        "type": "Window",
        "id": 62,
        "location": {
          "x": 7.72,
          "y": 0.82
        },
        "dimensions": {
          "width": 0.39,
          "height": 0.14
        }
      },
      {
        "type": "Door",
        "id": 63,
        "location": {
          "x": 5.19,
          "y": 0.68
        },
        "dimensions": {
          "width": 1.14,
          "height": 1.3
        }
      },
      {
        "type": "Door",
        "id": 64,
        "location": {
          "x": 1.36,
          "y": 0.54
        },
        "dimensions": {
          "width": 0.15,
          "height": 0.15
        }
      },
      {
        "type": "Door",
        "id": 65,
        "location": {
          "x": 0.01,
          "y": 0.52
        },
        "dimensions": {
          "width": 3.43,
          "height": 4.49
        }
      },
      {
        "type": "Door",
        "id": 66,
        "location": {
          "x": 4.87,
          "y": 0.27
        },
        "dimensions": {
          "width": 0.32,
          "height": 0.34
        }
      },
      {
        "type": "Door",
        "id": 67,
        "location": {
          "x": 5.22,
          "y": 0.25
        },
        "dimensions": {
          "width": 0.27,
          "height": 0.39
        }
      },
      {
        "type": "Door",
        "id": 68,
        "location": {
          "x": 6.96,
          "y": 0.17
        },
        "dimensions": {
          "width": 3.11,
          "height": 3.36
        }
      },
      {
        "type": "Door",
        "id": 69,
        "location": {
          "x": 0.17,
          "y": 0.16
        },
        "dimensions": {
          "width": 7.39,
          "height": 4.85
        }
      }
    ]
  }
}