{
  "floorPlan": {
    "name": "Floor Plan 27_16.jpg",
    "units": "feet",
    "totalArea": 47.18,
    "totalRooms": 9,
    "rooms": [
      {
        "id": 1,
        "name": "Text_7",
        "shape": "Irregular",
        "dimensions": {
          "width": 1.88,
          "length": 2.08,
          "height": 1.66
        },
        "position": {
          "x": 6.62,
          "y": 6.57
        },
        "windows": [],
        "doors": [
          {
            "type": "Door",
            "id": 7,
            "location": {
              "x": 7.98,
              "y": 7.64
            },
            "dimensions": {
              "width": 0.16,
              "height": 0.16
            }
          },
          {
            "type": "Door",
            "id": 12,
            "location": {
              "x": 7.09,
              "y": 7.2
            },
            "dimensions": {
              "width": 0.14,
              "height": 0.43
            }
          }
        ],
        "connected_to": []
      },
      {
        "id": 2,
        "name": "Text_16",
        "shape": "Pentagon",
        "dimensions": {
          "width": 0.96,
          "length": 1.69,
          "height": 1.35
        },
        "position": {
          "x": 4.92,
          "y": 6.45
        },
        "windows": [],
        "doors": [
          {
            "type": "Door",
            "id": 5,
            "location": {
              "x": 5.08,
              "y": 7.72
            },
            "dimensions": {
              "width": 0.48,
              "height": 0.34
            }
          },
          {
            "type": "Door",
            "id": 8,
            "location": {
              "x": 5.15,
              "y": 7.61
            },
            "dimensions": {
              "width": 0.42,
              "height": 0.09
            }
          }
        ],
        "connected_to": [
          4
        ]
      },
      {
        "id": 3,
        "name": "Text_4",
        "shape": "Irregular",
        "dimensions": {
          "width": 1.44,
          "length": 2.37,
          "height": 1.9
        },
        "position": {
          "x": 8.71,
          "y": 6.28
        },
        "windows": [],
        "doors": [
          {
            "type": "Door",
            "id": 16,
            "location": {
              "x": 9.37,
              "y": 6.42
            },
            "dimensions": {
              "width": 0.24,
              "height": 0.21
            }
          },
          {
            "type": "Door",
            "id": 17,
            "location": {
              "x": 9.77,
              "y": 6.32
            },
            "dimensions": {
              "width": 0.2,
              "height": 0.21
            }
          }
        ],
        "connected_to": []
      },
      {
        "id": 4,
        "name": "Text_23",
        "shape": "Irregular",
        "dimensions": {
          "width": 2.57,
          "length": 5.66,
          "height": 4.53
        },
        "position": {
          "x": 2.52,
          "y": 4.02
        },
        "windows": [],
        "doors": [
          {
            "type": "Door",
            "id": 4,
            "location": {
              "x": 4.16,
              "y": 7.77
            },
            "dimensions": {
              "width": 0.74,
              "height": 0.28
            }
          },
          {
            "type": "Door",
            "id": 5,
            "location": {
              "x": 5.08,
              "y": 7.72
            },
            "dimensions": {
              "width": 0.48,
              "height": 0.34
            }
          },
          {
            "type": "Door",
            "id": 11,
            "location": {
              "x": 4.16,
              "y": 7.29
            },
            "dimensions": {
              "width": 0.77,
              "height": 0.16
            }
          },
          {
            "type": "Door",
            "id": 18,
            "location": {
              "x": 4.54,
              "y": 6.18
            },
            "dimensions": {
              "width": 0.11,
              "height": 0.15
            }
          },
          {
            "type": "Door",
            "id": 19,
            "location": {
              "x": 4.95,
              "y": 6.17
            },
            "dimensions": {
              "width": 0.17,
              "height": 0.16
            }
          },
          {
            "type": "Door",
            "id": 21,
            "location": {
              "x": 4.69,
              "y": 5.97
            },
            "dimensions": {
              "width": 0.51,
              "height": 0.19
            }
          },
          {
            "type": "Door",
            "id": 22,
            "location": {
              "x": 3.77,
              "y": 5.41
            },
            "dimensions": {
              "width": 0.22,
              "height": 0.11
            }
          },
          {
            "type": "Door",
            "id": 24,
            "location": {
              "x": 3.79,
              "y": 5.25
            },
            "dimensions": {
              "width": 0.16,
              "height": 0.15
            }
          },
          {
            "type": "Door",
            "id": 28,
            "location": {
              "x": 4.56,
              "y": 4.72
            },
            "dimensions": {
              "width": 0.61,
              "height": 1.21
            }
          },
          {
            "type": "Door",
            "id": 29,
            "location": {
              "x": 2.84,
              "y": 4.53
            },
            "dimensions": {
              "width": 0.08,
              "height": 0.38
            }
          },
          {
            "type": "Door",
            "id": 30,
            "location": {
              "x": 3.22,
              "y": 4.47
            },
            "dimensions": {
              "width": 0.17,
              "height": 0.35
            }
          },
          {
            "type": "Door",
            "id": 32,
            "location": {
              "x": 3.7,
              "y": 4.13
            },
            "dimensions": {
              "width": 0.36,
              "height": 1.43
            }
          }
        ],
        "connected_to": [
          2,
          7
        ]
      },
      {
        "id": 5,
        "name": "Text_47",
        "shape": "Irregular",
        "dimensions": {
          "width": 1.27,
          "length": 3.11,
          "height": 2.49
        },
        "position": {
          "x": 8.88,
          "y": 2.89
        },
        "windows": [],
        "doors": [
          {
            "type": "Door",
            "id": 20,
            "location": {
              "x": 9.21,
              "y": 5.98
            },
            "dimensions": {
              "width": 0.67,
              "height": 0.16
            }
          },
          {
            "type": "Door",
            "id": 33,
            "location": {
              "x": 8.93,
              "y": 3.63
            },
            "dimensions": {
              "width": 0.66,
              "height": 0.19
            }
          }
        ],
        "connected_to": [
          6
        ]
      },
      {
        "id": 6,
        "name": "Text_45",
        "shape": "Irregular",
        "dimensions": {
          "width": 1.34,
          "length": 3.25,
          "height": 2.6
        },
        "position": {
          "x": 7.73,
          "y": 2.89
        },
        "windows": [],
        "doors": [
          {
            "type": "Door",
            "id": 33,
            "location": {
              "x": 8.93,
              "y": 3.63
            },
            "dimensions": {
              "width": 0.66,
              "height": 0.19
            }
          }
        ],
        "connected_to": [
          5
        ]
      },
      {
        "id": 7,
        "name": "Text_52",
        "shape": "Irregular",
        "dimensions": {
          "width": 2.99,
          "length": 3.69,
          "height": 2.95
        },
        "position": {
          "x": 0.14,
          "y": 2.28
        },
        "windows": [],
        "doors": [
          {
            "type": "Door",
            "id": 26,
            "location": {
              "x": 1.81,
              "y": 5.09
            },
            "dimensions": {
              "width": 0.64,
              "height": 0.39
            }
          },
          {
            "type": "Door",
            "id": 27,
            "location": {
              "x": 1.81,
              "y": 4.82
            },
            "dimensions": {
              "width": 0.31,
              "height": 0.28
            }
          },
          {
            "type": "Door",
            "id": 29,
            "location": {
              "x": 2.84,
              "y": 4.53
            },
            "dimensions": {
              "width": 0.08,
              "height": 0.38
            }
          },
          {
            "type": "Door",
            "id": 37,
            "location": {
              "x": 2.3,
              "y": 3.13
            },
            "dimensions": {
              "width": 0.16,
              "height": 0.15
            }
          },
          {
            "type": "Door",
            "id": 38,
            "location": {
              "x": 1.82,
              "y": 3.11
            },
            "dimensions": {
              "width": 0.27,
              "height": 0.17
            }
          },
          {
            "type": "Door",
            "id": 41,
            "location": {
              "x": 0.31,
              "y": 2.29
            },
            "dimensions": {
              "width": 0.2,
              "height": 0.23
            }
          }
        ],
        "connected_to": [
          4
        ]
      },
      {
        "id": 8,
        "name": "Text_72",
        "shape": "Irregular",
        "dimensions": {
          "width": 2.0,
          "length": 1.46,
          "height": 1.6
        },
        "position": {
          "x": 1.13,
          "y": 1.52
        },
        "windows": [],
        "doors": [],
        "connected_to": []
      },
      {
        "id": 9,
        "name": "Text_76",
        "shape": "Pentagon",
        "dimensions": {
          "width": 0.41,
          "length": 3.5,
          "height": 2.8
        },
        "position": {
          "x": 3.53,
          "y": 0.09
        },
        "windows": [],
        "doors": [],
        "connected_to": []
      }
    ],
    "doorsAndWindows": [
      {
        "type": "Door",
        "id": 1,
        "location": {
          "x": 5.85,
          "y": 8.94
        },
        "dimensions": {
          "width": 0.28,
          "height": 0.14
        }
      },
      {
        "type": "Door",
        "id": 2,
        "location": {
          "x": 5.39,
          "y": 8.76
        },
        "dimensions": {
          "width": 0.19,
          "height": 0.19
        }
      },
      {
        "type": "Window",
        "id": 3,
        "location": {
          "x": 5.55,
          "y": 8.36
        },
        "dimensions": {
          "width": 1.4,
          "height": 0.16
        }
      },
      {
        "type": "Door",
        "id": 4,
        "location": {
          "x": 4.16,
          "y": 7.77
        },
        "dimensions": {
          "width": 0.74,
          "height": 0.28
        }
      },
      {
        "type": "Door",
        "id": 5,
        "location": {
          "x": 5.08,
          "y": 7.72
        },
        "dimensions": {
          "width": 0.48,
          "height": 0.34
        }
      },
      {
        "type": "Door",
        "id": 6,
        "location": {
          "x": 8.62,
          "y": 7.64
        },
        "dimensions": {
          "width": 0.1,
          "height": 0.15
        }
      },
      {
        "type": "Door",
        "id": 7,
        "location": {
          "x": 7.98,
          "y": 7.64
        },
        "dimensions": {
          "width": 0.16,
          "height": 0.16
        }
      },
      {
        "type": "Door",
        "id": 8,
        "location": {
          "x": 5.15,
          "y": 7.61
        },
        "dimensions": {
          "width": 0.42,
          "height": 0.09
        }
      },
      {
        "type": "Door",
        "id": 9,
        "location": {
          "x": 2.34,
          "y": 7.47
        },
        "dimensions": {
          "width": 0.1,
          "height": 0.15
        }
      },
      {
        "type": "Window",
        "id": 10,
        "location": {
          "x": 1.48,
          "y": 7.47
        },
        "dimensions": {
          "width": 0.37,
          "height": 0.15
        }
      },
      {
        "type": "Door",
        "id": 11,
        "location": {
          "x": 4.16,
          "y": 7.29
        },
        "dimensions": {
          "width": 0.77,
          "height": 0.16
        }
      },
      {
        "type": "Door",
        "id": 12,
        "location": {
          "x": 7.09,
          "y": 7.2
        },
        "dimensions": {
          "width": 0.14,
          "height": 0.43
        }
      },
      {
        "type": "Window",
        "id": 13,
        "location": {
          "x": 1.52,
          "y": 7.17
        },
        "dimensions": {
          "width": 0.97,
          "height": 0.19
        }
      },
      {
        "type": "Window",
        "id": 14,
        "location": {
          "x": 1.47,
          "y": 6.92
        },
        "dimensions": {
          "width": 1.07,
          "height": 0.19
        }
      },
      {
        "type": "Door",
        "id": 15,
        "location": {
          "x": 1.03,
          "y": 6.44
        },
        "dimensions": {
          "width": 5.58,
          "height": 3.3
        }
      },
      {
        "type": "Door",
        "id": 16,
        "location": {
          "x": 9.37,
          "y": 6.42
        },
        "dimensions": {
          "width": 0.24,
          "height": 0.21
        }
      },
      {
        "type": "Door",
        "id": 17,
        "location": {
          "x": 9.77,
          "y": 6.32
        },
        "dimensions": {
          "width": 0.2,
          "height": 0.21
        }
      },
      {
        "type": "Door",
        "id": 18,
        "location": {
          "x": 4.54,
          "y": 6.18
        },
        "dimensions": {
          "width": 0.11,
          "height": 0.15
        }
      },
      {
        "type": "Door",
        "id": 19,
        "location": {
          "x": 4.95,
          "y": 6.17
        },
        "dimensions": {
          "width": 0.17,
          "height": 0.16
        }
      },
      {
        "type": "Door",
        "id": 20,
        "location": {
          "x": 9.21,
          "y": 5.98
        },
        "dimensions": {
          "width": 0.67,
          "height": 0.16
        }
      },
      {
        "type": "Door",
        "id": 21,
        "location": {
          "x": 4.69,
          "y": 5.97
        },
        "dimensions": {
          "width": 0.51,
          "height": 0.19
        }
      },
      {
        "type": "Door",
        "id": 22,
        "location": {
          "x": 3.77,
          "y": 5.41
        },
        "dimensions": {
          "width": 0.22,
          "height": 0.11
        }
      },
      {
        "type": "Door",
        "id": 23,
        "location": {
          "x": 6.54,
          "y": 5.35
        },
        "dimensions": {
          "width": 0.11,
          "height": 0.15
        }
      },
      {
        "type": "Door",
        "id": 24,
        "location": {
          "x": 3.79,
          "y": 5.25
        },
        "dimensions": {
          "width": 0.16,
          "height": 0.15
        }
      },
      {
        "type": "Door",
        "id": 25,
        "location": {
          "x": 6.99,
          "y": 5.1
        },
        "dimensions": {
          "width": 0.53,
          "height": 0.17
        }
      },
      {
        "type": "Door",
        "id": 26,
        "location": {
          "x": 1.81,
          "y": 5.09
        },
        "dimensions": {
          "width": 0.64,
          "height": 0.39
        }
      },
      {
        "type": "Door",
        "id": 27,
        "location": {
          "x": 1.81,
          "y": 4.82
        },
        "dimensions": {
          "width": 0.31,
          "height": 0.28
        }
      },
      {
        "type": "Door",
        "id": 28,
        "location": {
          "x": 4.56,
          "y": 4.72
        },
        "dimensions": {
          "width": 0.61,
          "height": 1.21
        }
      },
      {
        "type": "Door",
        "id": 29,
        "location": {
          "x": 2.84,
          "y": 4.53
        },
        "dimensions": {
          "width": 0.08,
          "height": 0.38
        }
      },
      {
        "type": "Door",
        "id": 30,
        "location": {
          "x": 3.22,
          "y": 4.47
        },
        "dimensions": {
          "width": 0.17,
          "height": 0.35
        }
      },
      {
        "type": "Door",
        "id": 31,
        "location": {
          "x": 5.67,
          "y": 4.29
        },
        "dimensions": {
          "width": 0.36,
          "height": 0.68
        }
      },
      {
        "type": "Door",
        "id": 32,
        "location": {
          "x": 3.7,
          "y": 4.13
        },
        "dimensions": {
          "width": 0.36,
          "height": 1.43
        }
      },
      {
        "type": "Door",
        "id": 33,
        "location": {
          "x": 8.93,
          "y": 3.63
        },
        "dimensions": {
          "width": 0.66,
          "height": 0.19
        }
      },
      {
        "type": "Door",
        "id": 34,
        "location": {
          "x": 5.05,
          "y": 3.16
        },
        "dimensions": {
          "width": 0.1,
          "height": 0.15
        }
      },
      {
        "type": "Door",
        "id": 35,
        "location": {
          "x": 4.46,
          "y": 3.16
        },
        "dimensions": {
          "width": 0.11,
          "height": 0.15
        }
      },
      {
        "type": "Door",
        "id": 36,
        "location": {
          "x": 7.34,
          "y": 3.15
        },
        "dimensions": {
          "width": 0.11,
          "height": 0.15
        }
      },
      {
        "type": "Door",
        "id": 37,
        "location": {
          "x": 2.3,
          "y": 3.13
        },
        "dimensions": {
          "width": 0.16,
          "height": 0.15
        }
      },
      {
        "type": "Door",
        "id": 38,
        "location": {
          "x": 1.82,
          "y": 3.11
        },
        "dimensions": {
          "width": 0.27,
          "height": 0.17
        }
      },
      {
        "type": "Door",
        "id": 39,
        "location": {
          "x": 4.23,
          "y": 2.94
        },
        "dimensions": {
          "width": 0.79,
          "height": 0.19
        }
      },
      {
        "type": "Window",
        "id": 40,
        "location": {
          "x": 6.18,
          "y": 2.91
        },
        "dimensions": {
          "width": 1.5,
          "height": 0.2
        }
      },
      {
        "type": "Door",
        "id": 41,
        "location": {
          "x": 0.31,
          "y": 2.29
        },
        "dimensions": {
          "width": 0.2,
          "height": 0.23
        }
      },
      {
        "type": "Door",
        "id": 42,
        "location": {
          "x": 8.27,
          "y": 2.22
        },
        "dimensions": {
          "width": 0.24,
          "height": 0.15
        }
      },
      {
        "type": "Door",
        "id": 43,
        "location": {
          "x": 1.12,
          "y": 1.51
        },
        "dimensions": {
          "width": 2.44,
          "height": 1.9
        }
      },
      {
        "type": "Door",
        "id": 44,
        "location": {
          "x": 2.73,
          "y": 1.31
        },
        "dimensions": {
          "width": 0.28,
          "height": 0.15
        }
      },
      {
        "type": "Door",
        "id": 45,
        "location": {
          "x": 1.85,
          "y": 1.08
        },
        "dimensions": {
          "width": 1.49,
          "height": 0.2
        }
      },
      {
        "type": "Door",
        "id": 46,
        "location": {
          "x": 0.13,
          "y": 1.02
        },
        "dimensions": {
          "width": 0.07,
          "height": 0.55
        }
      },
      {
        "type": "Door",
        "id": 47,
        "location": {
          "x": 0.22,
          "y": 0.84
        },
        "dimensions": {
          "width": 0.48,
          "height": 0.91
        }
      },
      {
        "type": "Door",
        "id": 48,
        "location": {
          "x": 0.78,
          "y": 0.72
        },
        "dimensions": {
          "width": 0.17,
          "height": 1.16
        }
      },
      {
        "type": "Door",
        "id": 49,
        "location": {
          "x": 0.08,
          "y": 0.03
        },
        "dimensions": {
          "width": 10.13,
          "height": 9.66
        }
      }
    ]
  }
}