{
  "floorPlan": {
    "name": "Floor Plan 27_1.jpg",
    "units": "feet",
    "totalArea": 11.08,
    "totalRooms": 4,
    "rooms": [
      {
        "id": 1,
        "name": "PAN",
        "shape": "Irregular",
        "dimensions": {
          "width": 1.51,
          "length": 1.54,
          "height": 1.23
        },
        "position": {
          "x": 5.59,
          "y": 4.6
        },
        "windows": [],
        "doors": [],
        "connected_to": []
      },
      {
        "id": 2,
        "name": "2E22",
        "shape": "Irregular",
        "dimensions": {
          "width": 1.32,
          "length": 1.96,
          "height": 1.57
        },
        "position": {
          "x": 2.51,
          "y": 4.18
        },
        "windows": [
          {
            "type": "Window",
            "id": 4,
            "location": {
              "x": 2.8,
              "y": 5.03
            },
            "dimensions": {
              "width": 0.27,
              "height": 0.09
            }
          }
        ],
        "doors": [],
        "connected_to": []
      },
      {
        "id": 3,
        "name": "WC",
        "shape": "Irregular",
        "dimensions": {
          "width": 1.31,
          "length": 0.96,
          "height": 1.05
        },
        "position": {
          "x": 1.16,
          "y": 2.3
        },
        "windows": [],
        "doors": [
          {
            "type": "Door",
            "id": 15,
            "location": {
              "x": 1.24,
              "y": 2.36
            },
            "dimensions": {
              "width": 0.93,
              "height": 0.51
            }
          }
        ],
        "connected_to": []
      },
      {
        "id": 4,
        "name": "SIORAGE",
        "shape": "Octagon",
        "dimensions": {
          "width": 1.91,
          "length": 2.57,
          "height": 2.06
        },
        "position": {
          "x": 5.76,
          "y": 1.74
        },
        "windows": [
          {
            "type": "Window",
            "id": 10,
            "location": {
              "x": 5.9,
              "y": 3.86
            },
            "dimensions": {
              "width": 0.25,
              "height": 0.09
            }
          },
          {
            "type": "Window",
            "id": 20,
            "location": {
              "x": 6.5,
              "y": 2.04
            },
            "dimensions": {
              "width": 0.44,
              "height": 0.09
            }
          },
          {
            "type": "Window",
            "id": 21,
            "location": {
              "x": 7.16,
              "y": 1.97
            },
            "dimensions": {
              "width": 0.32,
              "height": 0.1
            }
          }
        ],
        "doors": [],
        "connected_to": []
      }
    ],
    "doorsAndWindows": [
      {
        "type": "Window",
        "id": 1,
        "location": {
          "x": 4.55,
          "y": 6.39
        },
        "dimensions": {
          "width": 0.43,
          "height": 0.12
        }
      },
      {
        "type": "Window",
        "id": 2,
        "location": {
          "x": 7.11,
          "y": 5.73
        },
        "dimensions": {
          "width": 1.33,
          "height": 0.06
        }
      },
      {
        "type": "Window",
        "id": 3,
        "location": {
          "x": 1.43,
          "y": 5.08
        },
        "dimensions": {
          "width": 0.47,
          "height": 0.19
        }
      },
      {
        "type": "Window",
        "id": 4,
        "location": {
          "x": 2.8,
          "y": 5.03
        },
        "dimensions": {
          "width": 0.27,
          "height": 0.09
        }
      },
      {
        "type": "Door",
        "id": 5,
        "location": {
          "x": 1.15,
          "y": 4.92
        },
        "dimensions": {
          "width": 0.53,
          "height": 0.86
        }
      },
      {
        "type": "Door",
        "id": 6,
        "location": {
          "x": 1.69,
          "y": 4.91
        },
        "dimensions": {
          "width": 1.2,
          "height": 0.88
        }
      },
      {
        "type": "Door",
        "id": 7,
        "location": {
          "x": 8.43,
          "y": 4.73
        },
        "dimensions": {
          "width": 0.72,
          "height": 0.94
        }
      },
      {
        "type": "Window",
        "id": 8,
        "location": {
          "x": 7.18,
          "y": 4.4
        },
        "dimensions": {
          "width": 0.99,
          "height": 0.03
        }
      },
      {
        "type": "Door",
        "id": 9,
        "location": {
          "x": 2.5,
          "y": 3.98
        },
        "dimensions": {
          "width": 3.84,
          "height": 3.01
        }
      },
      {
        "type": "Window",
        "id": 10,
        "location": {
          "x": 5.9,
          "y": 3.86
        },
        "dimensions": {
          "width": 0.25,
          "height": 0.09
        }
      },
      {
        "type": "Window",
        "id": 11,
        "location": {
          "x": 5.47,
          "y": 3.72
        },
        "dimensions": {
          "width": 0.46,
          "height": 0.14
        }
      },
      {
        "type": "Door",
        "id": 12,
        "location": {
          "x": 8.43,
          "y": 3.63
        },
        "dimensions": {
          "width": 0.24,
          "height": 0.95
        }
      },
      {
        "type": "Door",
        "id": 13,
        "location": {
          "x": 1.15,
          "y": 3.22
        },
        "dimensions": {
          "width": 2.0,
          "height": 1.46
        }
      },
      {
        "type": "Window",
        "id": 14,
        "location": {
          "x": 8.11,
          "y": 2.46
        },
        "dimensions": {
          "width": 0.68,
          "height": 0.12
        }
      },
      {
        "type": "Door",
        "id": 15,
        "location": {
          "x": 1.24,
          "y": 2.36
        },
        "dimensions": {
          "width": 0.93,
          "height": 0.51
        }
      },
      {
        "type": "Door",
        "id": 16,
        "location": {
          "x": 5.35,
          "y": 2.33
        },
        "dimensions": {
          "width": 0.4,
          "height": 0.76
        }
      },
      {
        "type": "Door",
        "id": 17,
        "location": {
          "x": 1.15,
          "y": 2.29
        },
        "dimensions": {
          "width": 1.32,
          "height": 0.97
        }
      },
      {
        "type": "Door",
        "id": 18,
        "location": {
          "x": 5.33,
          "y": 2.15
        },
        "dimensions": {
          "width": 0.29,
          "height": 0.17
        }
      },
      {
        "type": "Window",
        "id": 19,
        "location": {
          "x": 5.36,
          "y": 2.11
        },
        "dimensions": {
          "width": 0.52,
          "height": 0.03
        }
      },
      {
        "type": "Window",
        "id": 20,
        "location": {
          "x": 6.5,
          "y": 2.04
        },
        "dimensions": {
          "width": 0.44,
          "height": 0.09
        }
      },
      {
        "type": "Window",
        "id": 21,
        "location": {
          "x": 7.16,
          "y": 1.97
        },
        "dimensions": {
          "width": 0.32,
          "height": 0.1
        }
      },
      {
        "type": "Window",
        "id": 22,
        "location": {
          "x": 3.9,
          "y": 1.74
        },
        "dimensions": {
          "width": 1.11,
          "height": 0.08
        }
      },
      {
        "type": "Door",
        "id": 23,
        "location": {
          "x": 4.91,
          "y": 1.73
        },
        "dimensions": {
          "width": 4.31,
          "height": 4.42
        }
      },
      {
        "type": "Window",
        "id": 24,
        "location": {
          "x": 4.32,
          "y": 1.21
        },
        "dimensions": {
          "width": 1.14,
          "height": 0.03
        }
      },
      {
        "type": "Window",
        "id": 25,
        "location": {
          "x": 4.99,
          "y": 1.1
        },
        "dimensions": {
          "width": 0.46,
          "height": 0.1
        }
      },
      {
        "type": "Door",
        "id": 26,
        "location": {
          "x": 2.48,
          "y": 0.72
        },
        "dimensions": {
          "width": 3.85,
          "height": 3.11
        }
      }
    ]
  }
}