{
  "floorPlan": {
    "name": "Floor Plan 27_26.jpg",
    "units": "feet",
    "totalArea": 47.76,
    "totalRooms": 11,
    "rooms": [
      {
        "id": 1,
        "name": "Text_14",
        "shape": "Irregular",
        "dimensions": {
          "width": 1.74,
          "length": 2.05,
          "height": 1.64
        },
        "position": {
          "x": 2.38,
          "y": 6.25
        },
        "windows": [
          {
            "type": "Window",
            "id": 6,
            "location": {
              "x": 4.09,
              "y": 8.15
            },
            "dimensions": {
              "width": 0.74,
              "height": 0.18
            }
          }
        ],
        "doors": [
          {
            "type": "Door",
            "id": 7,
            "location": {
              "x": 2.89,
              "y": 7.34
            },
            "dimensions": {
              "width": 0.25,
              "height": 0.14
            }
          },
          {
            "type": "Door",
            "id": 8,
            "location": {
              "x": 2.44,
              "y": 7.34
            },
            "dimensions": {
              "width": 0.15,
              "height": 0.14
            }
          },
          {
            "type": "Door",
            "id": 9,
            "location": {
              "x": 4.12,
              "y": 7.12
            },
            "dimensions": {
              "width": 0.69,
              "height": 0.23
            }
          },
          {
            "type": "Door",
            "id": 13,
            "location": {
              "x": 4.06,
              "y": 6.61
            },
            "dimensions": {
              "width": 0.74,
              "height": 0.18
            }
          }
        ],
        "connected_to": [
          3
        ]
      },
      {
        "id": 2,
        "name": "Text_21",
        "shape": "Pentagon",
        "dimensions": {
          "width": 0.96,
          "length": 1.23,
          "height": 0.98
        },
        "position": {
          "x": 4.81,
          "y": 6.15
        },
        "windows": [],
        "doors": [
          {
            "type": "Door",
            "id": 12,
            "location": {
              "x": 5.18,
              "y": 6.66
            },
            "dimensions": {
              "width": 0.87,
              "height": 0.24
            }
          }
        ],
        "connected_to": []
      },
      {
        "id": 3,
        "name": "Text_16",
        "shape": "Irregular",
        "dimensions": {
          "width": 1.29,
          "length": 2.46,
          "height": 1.97
        },
        "position": {
          "x": 1.24,
          "y": 5.84
        },
        "windows": [],
        "doors": [
          {
            "type": "Door",
            "id": 8,
            "location": {
              "x": 2.44,
              "y": 7.34
            },
            "dimensions": {
              "width": 0.15,
              "height": 0.14
            }
          },
          {
            "type": "Door",
            "id": 10,
            "location": {
              "x": 2.29,
              "y": 7.05
            },
            "dimensions": {
              "width": 0.79,
              "height": 0.18
            }
          },
          {
            "type": "Door",
            "id": 11,
            "location": {
              "x": 2.01,
              "y": 6.81
            },
            "dimensions": {
              "width": 1.34,
              "height": 0.19
            }
          }
        ],
        "connected_to": [
          1
        ]
      },
      {
        "id": 4,
        "name": "Text_42",
        "shape": "Irregular",
        "dimensions": {
          "width": 1.78,
          "length": 2.7,
          "height": 2.16
        },
        "position": {
          "x": 0.17,
          "y": 4.47
        },
        "windows": [],
        "doors": [
          {
            "type": "Door",
            "id": 14,
            "location": {
              "x": 0.54,
              "y": 6.01
            },
            "dimensions": {
              "width": 1.16,
              "height": 0.16
            }
          },
          {
            "type": "Door",
            "id": 16,
            "location": {
              "x": 0.57,
              "y": 5.21
            },
            "dimensions": {
              "width": 0.53,
              "height": 0.13
            }
          },
          {
            "type": "Door",
            "id": 24,
            "location": {
              "x": 1.13,
              "y": 4.48
            },
            "dimensions": {
              "width": 0.24,
              "height": 0.17
            }
          }
        ],
        "connected_to": []
      },
      {
        "id": 5,
        "name": "Text_43",
        "shape": "Irregular",
        "dimensions": {
          "width": 1.84,
          "length": 4.41,
          "height": 3.53
        },
        "position": {
          "x": 5.48,
          "y": 4.23
        },
        "windows": [],
        "doors": [
          {
            "type": "Door",
            "id": 18,
            "location": {
              "x": 6.44,
              "y": 5.05
            },
            "dimensions": {
              "width": 0.23,
              "height": 0.14
            }
          },
          {
            "type": "Door",
            "id": 20,
            "location": {
              "x": 6.43,
              "y": 4.91
            },
            "dimensions": {
              "width": 0.23,
              "height": 0.15
            }
          },
          {
            "type": "Door",
            "id": 21,
            "location": {
              "x": 5.7,
              "y": 4.91
            },
            "dimensions": {
              "width": 0.17,
              "height": 0.14
            }
          },
          {
            "type": "Door",
            "id": 23,
            "location": {
              "x": 5.62,
              "y": 4.5
            },
            "dimensions": {
              "width": 0.34,
              "height": 0.92
            }
          }
        ],
        "connected_to": []
      },
      {
        "id": 6,
        "name": "Text_68",
        "shape": "Irregular",
        "dimensions": {
          "width": 2.82,
          "length": 3.25,
          "height": 2.6
        },
        "position": {
          "x": 7.25,
          "y": 2.17
        },
        "windows": [],
        "doors": [
          {
            "type": "Door",
            "id": 27,
            "location": {
              "x": 9.34,
              "y": 3.64
            },
            "dimensions": {
              "width": 0.5,
              "height": 0.18
            }
          },
          {
            "type": "Door",
            "id": 28,
            "location": {
              "x": 9.22,
              "y": 3.43
            },
            "dimensions": {
              "width": 0.71,
              "height": 0.57
            }
          },
          {
            "type": "Door",
            "id": 30,
            "location": {
              "x": 8.26,
              "y": 3.2
            },
            "dimensions": {
              "width": 0.13,
              "height": 0.12
            }
          },
          {
            "type": "Door",
            "id": 32,
            "location": {
              "x": 7.73,
              "y": 2.63
            },
            "dimensions": {
              "width": 0.21,
              "height": 0.21
            }
          },
          {
            "type": "Door",
            "id": 33,
            "location": {
              "x": 7.35,
              "y": 2.63
            },
            "dimensions": {
              "width": 0.23,
              "height": 0.33
            }
          }
        ],
        "connected_to": [
          9
        ]
      },
      {
        "id": 7,
        "name": "Text_58",
        "shape": "Irregular",
        "dimensions": {
          "width": 1.67,
          "length": 3.9,
          "height": 3.12
        },
        "position": {
          "x": 1.24,
          "y": 1.94
        },
        "windows": [],
        "doors": [
          {
            "type": "Door",
            "id": 22,
            "location": {
              "x": 2.02,
              "y": 4.8
            },
            "dimensions": {
              "width": 0.19,
              "height": 0.54
            }
          },
          {
            "type": "Door",
            "id": 25,
            "location": {
              "x": 1.65,
              "y": 3.89
            },
            "dimensions": {
              "width": 0.16,
              "height": 0.14
            }
          }
        ],
        "connected_to": [
          8
        ]
      },
      {
        "id": 8,
        "name": "Text_86",
        "shape": "Irregular",
        "dimensions": {
          "width": 1.84,
          "length": 2.35,
          "height": 1.88
        },
        "position": {
          "x": 0.17,
          "y": 1.94
        },
        "windows": [],
        "doors": [
          {
            "type": "Door",
            "id": 25,
            "location": {
              "x": 1.65,
              "y": 3.89
            },
            "dimensions": {
              "width": 0.16,
              "height": 0.14
            }
          },
          {
            "type": "Door",
            "id": 26,
            "location": {
              "x": 1.12,
              "y": 3.84
            },
            "dimensions": {
              "width": 0.2,
              "height": 0.19
            }
          },
          {
            "type": "Door",
            "id": 31,
            "location": {
              "x": 0.8,
              "y": 2.86
            },
            "dimensions": {
              "width": 0.16,
              "height": 0.14
            }
          },
          {
            "type": "Door",
            "id": 34,
            "location": {
              "x": 1.01,
              "y": 2.62
            },
            "dimensions": {
              "width": 0.66,
              "height": 0.16
            }
          }
        ],
        "connected_to": [
          7
        ]
      },
      {
        "id": 9,
        "name": "Text_81",
        "shape": "Irregular",
        "dimensions": {
          "width": 1.96,
          "length": 2.08,
          "height": 1.66
        },
        "position": {
          "x": 7.18,
          "y": 1.56
        },
        "windows": [],
        "doors": [
          {
            "type": "Door",
            "id": 30,
            "location": {
              "x": 8.26,
              "y": 3.2
            },
            "dimensions": {
              "width": 0.13,
              "height": 0.12
            }
          },
          {
            "type": "Door",
            "id": 32,
            "location": {
              "x": 7.73,
              "y": 2.63
            },
            "dimensions": {
              "width": 0.21,
              "height": 0.21
            }
          },
          {
            "type": "Door",
            "id": 33,
            "location": {
              "x": 7.35,
              "y": 2.63
            },
            "dimensions": {
              "width": 0.23,
              "height": 0.33
            }
          }
        ],
        "connected_to": [
          6
        ]
      },
      {
        "id": 10,
        "name": "Text_105",
        "shape": "Octagon",
        "dimensions": {
          "width": 1.45,
          "length": 1.02,
          "height": 1.16
        },
        "position": {
          "x": 8.62,
          "y": 0.14
        },
        "windows": [],
        "doors": [
          {
            "type": "Door",
            "id": 38,
            "location": {
              "x": 9.55,
              "y": 0.98
            },
            "dimensions": {
              "width": 0.45,
              "height": 0.78
            }
          },
          {
            "type": "Door",
            "id": 40,
            "location": {
              "x": 9.04,
              "y": 0.74
            },
            "dimensions": {
              "width": 0.27,
              "height": 1.29
            }
          }
        ],
        "connected_to": []
      },
      {
        "id": 11,
        "name": "Text_102",
        "shape": "Pentagon",
        "dimensions": {
          "width": 0.37,
          "length": 3.69,
          "height": 2.95
        },
        "position": {
          "x": 6.46,
          "y": 0.14
        },
        "windows": [],
        "doors": [
          {
            "type": "Door",
            "id": 35,
            "location": {
              "x": 6.8,
              "y": 1.56
            },
            "dimensions": {
              "width": 2.67,
              "height": 2.3
            }
          }
        ],
        "connected_to": []
      }
    ],
    "doorsAndWindows": [
      {
        "type": "Door",
        "id": 1,
        "location": {
          "x": 4.95,
          "y": 9.38
        },
        "dimensions": {
          "width": 0.21,
          "height": 0.16
        }
      },
      {
        "type": "Door",
        "id": 2,
        "location": {
          "x": 3.76,
          "y": 9.38
        },
        "dimensions": {
          "width": 0.23,
          "height": 0.16
        }
      },
      {
        "type": "Door",
        "id": 3,
        "location": {
          "x": 5.0,
          "y": 9.1
        },
        "dimensions": {
          "width": 0.17,
          "height": 0.18
        }
      },
      {
        "type": "Door",
        "id": 4,
        "location": {
          "x": 3.73,
          "y": 9.09
        },
        "dimensions": {
          "width": 0.2,
          "height": 0.27
        }
      },
      {
        "type": "Door",
        "id": 5,
        "location": {
          "x": 2.61,
          "y": 8.6
        },
        "dimensions": {
          "width": 0.25,
          "height": 0.15
        }
      },
      {
        "type": "Window",
        "id": 6,
        "location": {
          "x": 4.09,
          "y": 8.15
        },
        "dimensions": {
          "width": 0.74,
          "height": 0.18
        }
      },
      {
        "type": "Door",
        "id": 7,
        "location": {
          "x": 2.89,
          "y": 7.34
        },
        "dimensions": {
          "width": 0.25,
          "height": 0.14
        }
      },
      {
        "type": "Door",
        "id": 8,
        "location": {
          "x": 2.44,
          "y": 7.34
        },
        "dimensions": {
          "width": 0.15,
          "height": 0.14
        }
      },
      {
        "type": "Door",
        "id": 9,
        "location": {
          "x": 4.12,
          "y": 7.12
        },
        "dimensions": {
          "width": 0.69,
          "height": 0.23
        }
      },
      {
        "type": "Door",
        "id": 10,
        "location": {
          "x": 2.29,
          "y": 7.05
        },
        "dimensions": {
          "width": 0.79,
          "height": 0.18
        }
      },
      {
        "type": "Door",
        "id": 11,
        "location": {
          "x": 2.01,
          "y": 6.81
        },
        "dimensions": {
          "width": 1.34,
          "height": 0.19
        }
      },
      {
        "type": "Door",
        "id": 12,
        "location": {
          "x": 5.18,
          "y": 6.66
        },
        "dimensions": {
          "width": 0.87,
          "height": 0.24
        }
      },
      {
        "type": "Door",
        "id": 13,
        "location": {
          "x": 4.06,
          "y": 6.61
        },
        "dimensions": {
          "width": 0.74,
          "height": 0.18
        }
      },
      {
        "type": "Door",
        "id": 14,
        "location": {
          "x": 0.54,
          "y": 6.01
        },
        "dimensions": {
          "width": 1.16,
          "height": 0.16
        }
      },
      {
        "type": "Door",
        "id": 15,
        "location": {
          "x": 5.33,
          "y": 5.74
        },
        "dimensions": {
          "width": 0.94,
          "height": 0.18
        }
      },
      {
        "type": "Door",
        "id": 16,
        "location": {
          "x": 0.57,
          "y": 5.21
        },
        "dimensions": {
          "width": 0.53,
          "height": 0.13
        }
      },
      {
        "type": "Door",
        "id": 17,
        "location": {
          "x": 3.53,
          "y": 5.16
        },
        "dimensions": {
          "width": 0.25,
          "height": 0.14
        }
      },
      {
        "type": "Door",
        "id": 18,
        "location": {
          "x": 6.44,
          "y": 5.05
        },
        "dimensions": {
          "width": 0.23,
          "height": 0.14
        }
      },
      {
        "type": "Door",
        "id": 19,
        "location": {
          "x": 3.21,
          "y": 4.92
        },
        "dimensions": {
          "width": 1.47,
          "height": 0.18
        }
      },
      {
        "type": "Door",
        "id": 20,
        "location": {
          "x": 6.43,
          "y": 4.91
        },
        "dimensions": {
          "width": 0.23,
          "height": 0.15
        }
      },
      {
        "type": "Door",
        "id": 21,
        "location": {
          "x": 5.7,
          "y": 4.91
        },
        "dimensions": {
          "width": 0.17,
          "height": 0.14
        }
      },
      {
        "type": "Door",
        "id": 22,
        "location": {
          "x": 2.02,
          "y": 4.8
        },
        "dimensions": {
          "width": 0.19,
          "height": 0.54
        }
      },
      {
        "type": "Door",
        "id": 23,
        "location": {
          "x": 5.62,
          "y": 4.5
        },
        "dimensions": {
          "width": 0.34,
          "height": 0.92
        }
      },
      {
        "type": "Door",
        "id": 24,
        "location": {
          "x": 1.13,
          "y": 4.48
        },
        "dimensions": {
          "width": 0.24,
          "height": 0.17
        }
      },
      {
        "type": "Door",
        "id": 25,
        "location": {
          "x": 1.65,
          "y": 3.89
        },
        "dimensions": {
          "width": 0.16,
          "height": 0.14
        }
      },
      {
        "type": "Door",
        "id": 26,
        "location": {
          "x": 1.12,
          "y": 3.84
        },
        "dimensions": {
          "width": 0.2,
          "height": 0.19
        }
      },
      {
        "type": "Door",
        "id": 27,
        "location": {
          "x": 9.34,
          "y": 3.64
        },
        "dimensions": {
          "width": 0.5,
          "height": 0.18
        }
      },
      {
        "type": "Door",
        "id": 28,
        "location": {
          "x": 9.22,
          "y": 3.43
        },
        "dimensions": {
          "width": 0.71,
          "height": 0.57
        }
      },
      {
        "type": "Door",
        "id": 29,
        "location": {
          "x": 6.17,
          "y": 3.33
        },
        "dimensions": {
          "width": 0.16,
          "height": 0.15
        }
      },
      {
        "type": "Door",
        "id": 30,
        "location": {
          "x": 8.26,
          "y": 3.2
        },
        "dimensions": {
          "width": 0.13,
          "height": 0.12
        }
      },
      {
        "type": "Door",
        "id": 31,
        "location": {
          "x": 0.8,
          "y": 2.86
        },
        "dimensions": {
          "width": 0.16,
          "height": 0.14
        }
      },
      {
        "type": "Door",
        "id": 32,
        "location": {
          "x": 7.73,
          "y": 2.63
        },
        "dimensions": {
          "width": 0.21,
          "height": 0.21
        }
      },
      {
        "type": "Door",
        "id": 33,
        "location": {
          "x": 7.35,
          "y": 2.63
        },
        "dimensions": {
          "width": 0.23,
          "height": 0.33
        }
      },
      {
        "type": "Door",
        "id": 34,
        "location": {
          "x": 1.01,
          "y": 2.62
        },
        "dimensions": {
          "width": 0.66,
          "height": 0.16
        }
      },
      {
        "type": "Door",
        "id": 35,
        "location": {
          "x": 6.8,
          "y": 1.56
        },
        "dimensions": {
          "width": 2.67,
          "height": 2.3
        }
      },
      {
        "type": "Door",
        "id": 36,
        "location": {
          "x": 7.91,
          "y": 1.36
        },
        "dimensions": {
          "width": 0.26,
          "height": 0.14
        }
      },
      {
        "type": "Door",
        "id": 37,
        "location": {
          "x": 7.46,
          "y": 1.36
        },
        "dimensions": {
          "width": 0.15,
          "height": 0.14
        }
      },
      {
        "type": "Door",
        "id": 38,
        "location": {
          "x": 9.55,
          "y": 0.98
        },
        "dimensions": {
          "width": 0.45,
          "height": 0.78
        }
      },
      {
        "type": "Door",
        "id": 39,
        "location": {
          "x": 7.28,
          "y": 0.89
        },
        "dimensions": {
          "width": 0.88,
          "height": 0.18
        }
      },
      {
        "type": "Door",
        "id": 40,
        "location": {
          "x": 9.04,
          "y": 0.74
        },
        "dimensions": {
          "width": 0.27,
          "height": 1.29
        }
      },
      {
        "type": "Door",
        "id": 41,
        "location": {
          "x": 0.11,
          "y": 0.09
        },
        "dimensions": {
          "width": 10.04,
          "height": 9.51
        }
      }
    ]
  }
}