{
  "floorPlan": {
    "name": "Floor Plan 27_4.jpg",
    "units": "feet",
    "totalArea": 24.01,
    "totalRooms": 8,
    "rooms": [
      {
        "id": 1,
        "name": "wic",
        "shape": "Irregular",
        "dimensions": {
          "width": 1.11,
          "length": 0.98,
          "height": 0.89
        },
        "position": {
          "x": 0.26,
          "y": 4.95
        },
        "windows": [],
        "doors": [],
        "connected_to": []
      },
      {
        "id": 2,
        "name": "wic",
        "shape": "Irregular",
        "dimensions": {
          "width": 1.1,
          "length": 1.13,
          "height": 0.9
        },
        "position": {
          "x": 2.05,
          "y": 4.8
        },
        "windows": [],
        "doors": [],
        "connected_to": []
      },
      {
        "id": 3,
        "name": "12-2x13-8",
        "shape": "Hexagon",
        "dimensions": {
          "width": 1.66,
          "length": 1.79,
          "height": 1.43
        },
        "position": {
          "x": 3.06,
          "y": 4.39
        },
        "windows": [],
        "doors": [],
        "connected_to": []
      },
      {
        "id": 4,
        "name": "Room_4",
        "shape": "Irregular",
        "dimensions": {
          "width": 2.64,
          "length": 3.3,
          "height": 2.64
        },
        "position": {
          "x": 5.42,
          "y": 2.87
        },
        "windows": [],
        "doors": [],
        "connected_to": []
      },
      {
        "id": 5,
        "name": "wic",
        "shape": "Irregular",
        "dimensions": {
          "width": 2.89,
          "length": 2.33,
          "height": 2.31
        },
        "position": {
          "x": 0.26,
          "y": 1.96
        },
        "windows": [],
        "doors": [],
        "connected_to": []
      },
      {
        "id": 6,
        "name": "Bantry",
        "shape": "Irregular",
        "dimensions": {
          "width": 1.48,
          "length": 0.81,
          "height": 1.18
        },
        "position": {
          "x": 6.61,
          "y": 1.72
        },
        "windows": [],
        "doors": [],
        "connected_to": []
      },
      {
        "id": 7,
        "name": "Room_7",
        "shape": "Hexagon",
        "dimensions": {
          "width": 0.83,
          "length": 0.82,
          "height": 0.66
        },
        "position": {
          "x": 2.49,
          "y": 1.49
        },
        "windows": [],
        "doors": [],
        "connected_to": []
      },
      {
        "id": 8,
        "name": "Room_8",
        "shape": "Irregular",
        "dimensions": {
          "width": 0.67,
          "length": 2.07,
          "height": 1.66
        },
        "position": {
          "x": 0.26,
          "y": 0.28
        },
        "windows": [],
        "doors": [],
        "connected_to": []
      }
    ],
    "doorsAndWindows": [
      {
        "type": "Door",
        "id": 1,
        "location": {
          "x": 0.2,
          "y": 0.2
        },
        "dimensions": {
          "width": 9.72,
          "height": 7.37
        }
      }
    ]
  }
}