{
  "floorPlan": {
    "name": "Floor Plan 27_9.jpg",
    "units": "feet",
    "totalArea": 41.0,
    "totalRooms": 9,
    "rooms": [
      {
        "id": 1,
        "name": "STOR2",
        "shape": "Hexagon",
        "dimensions": {
          "width": 1.14,
          "length": 1.4,
          "height": 1.12
        },
        "position": {
          "x": 3.1,
          "y": 7.16
        },
        "windows": [],
        "doors": [
          {
            "type": "Door",
            "id": 4,
            "location": {
              "x": 3.34,
              "y": 7.83
            },
            "dimensions": {
              "width": 0.15,
              "height": 0.22
            }
          }
        ],
        "connected_to": []
      },
      {
        "id": 2,
        "name": "11-6x11-0",
        "shape": "Irregular",
        "dimensions": {
          "width": 1.05,
          "length": 1.92,
          "height": 1.54
        },
        "position": {
          "x": 7.89,
          "y": 5.71
        },
        "windows": [],
        "doors": [],
        "connected_to": []
      },
      {
        "id": 3,
        "name": "BEDROOM3",
        "shape": "Irregular",
        "dimensions": {
          "width": 1.41,
          "length": 2.52,
          "height": 2.02
        },
        "position": {
          "x": 8.6,
          "y": 5.09
        },
        "windows": [],
        "doors": [],
        "connected_to": []
      },
      {
        "id": 4,
        "name": "10-0x142",
        "shape": "Irregular",
        "dimensions": {
          "width": 3.39,
          "length": 3.88,
          "height": 3.1
        },
        "position": {
          "x": 3.68,
          "y": 3.73
        },
        "windows": [],
        "doors": [],
        "connected_to": []
      },
      {
        "id": 5,
        "name": "Room_5",
        "shape": "Irregular",
        "dimensions": {
          "width": 3.04,
          "length": 2.76,
          "height": 2.43
        },
        "position": {
          "x": 0.18,
          "y": 2.15
        },
        "windows": [],
        "doors": [],
        "connected_to": []
      },
      {
        "id": 6,
        "name": "11-6x11-0",
        "shape": "Irregular",
        "dimensions": {
          "width": 1.4,
          "length": 2.78,
          "height": 2.22
        },
        "position": {
          "x": 8.61,
          "y": 2.08
        },
        "windows": [],
        "doors": [],
        "connected_to": []
      },
      {
        "id": 7,
        "name": "Ss",
        "shape": "Irregular",
        "dimensions": {
          "width": 1.75,
          "length": 3.17,
          "height": 2.54
        },
        "position": {
          "x": 7.09,
          "y": 2.08
        },
        "windows": [],
        "doors": [],
        "connected_to": []
      },
      {
        "id": 8,
        "name": "DINING",
        "shape": "Hexagon",
        "dimensions": {
          "width": 0.49,
          "length": 2.53,
          "height": 2.02
        },
        "position": {
          "x": 3.66,
          "y": 0.74
        },
        "windows": [],
        "doors": [],
        "connected_to": []
      },
      {
        "id": 9,
        "name": "3",
        "shape": "Octagon",
        "dimensions": {
          "width": 1.6,
          "length": 1.01,
          "height": 1.28
        },
        "position": {
          "x": 0.18,
          "y": 0.74
        },
        "windows": [],
        "doors": [],
        "connected_to": []
      }
    ],
    "doorsAndWindows": [
      {
        "type": "Door",
        "id": 1,
        "location": {
          "x": 2.82,
          "y": 8.14
        },
        "dimensions": {
          "width": 0.11,
          "height": 0.16
        }
      },
      {
        "type": "Door",
        "id": 2,
        "location": {
          "x": 2.53,
          "y": 8.14
        },
        "dimensions": {
          "width": 0.11,
          "height": 0.16
        }
      },
      {
        "type": "Door",
        "id": 3,
        "location": {
          "x": 3.0,
          "y": 7.84
        },
        "dimensions": {
          "width": 0.19,
          "height": 0.21
        }
      },
      {
        "type": "Door",
        "id": 4,
        "location": {
          "x": 3.34,
          "y": 7.83
        },
        "dimensions": {
          "width": 0.15,
          "height": 0.22
        }
      },
      {
        "type": "Door",
        "id": 5,
        "location": {
          "x": 2.78,
          "y": 7.83
        },
        "dimensions": {
          "width": 0.2,
          "height": 0.22
        }
      },
      {
        "type": "Door",
        "id": 6,
        "location": {
          "x": 2.42,
          "y": 7.83
        },
        "dimensions": {
          "width": 0.17,
          "height": 0.22
        }
      },
      {
        "type": "Door",
        "id": 7,
        "location": {
          "x": 8.11,
          "y": 7.78
        },
        "dimensions": {
          "width": 0.15,
          "height": 0.23
        }
      },
      {
        "type": "Door",
        "id": 8,
        "location": {
          "x": 7.45,
          "y": 7.4
        },
        "dimensions": {
          "width": 0.13,
          "height": 0.14
        }
      },
      {
        "type": "Door",
        "id": 9,
        "location": {
          "x": 7.18,
          "y": 7.4
        },
        "dimensions": {
          "width": 0.28,
          "height": 0.16
        }
      },
      {
        "type": "Window",
        "id": 10,
        "location": {
          "x": 1.52,
          "y": 6.34
        },
        "dimensions": {
          "width": 1.19,
          "height": 0.03
        }
      },
      {
        "type": "Door",
        "id": 11,
        "location": {
          "x": 2.53,
          "y": 6.11
        },
        "dimensions": {
          "width": 0.16,
          "height": 0.22
        }
      },
      {
        "type": "Door",
        "id": 12,
        "location": {
          "x": 2.31,
          "y": 6.11
        },
        "dimensions": {
          "width": 0.2,
          "height": 0.21
        }
      },
      {
        "type": "Door",
        "id": 13,
        "location": {
          "x": 1.94,
          "y": 6.11
        },
        "dimensions": {
          "width": 0.37,
          "height": 0.21
        }
      },
      {
        "type": "Door",
        "id": 14,
        "location": {
          "x": 1.73,
          "y": 6.11
        },
        "dimensions": {
          "width": 0.19,
          "height": 0.21
        }
      },
      {
        "type": "Door",
        "id": 15,
        "location": {
          "x": 1.53,
          "y": 6.11
        },
        "dimensions": {
          "width": 0.19,
          "height": 0.21
        }
      },
      {
        "type": "Door",
        "id": 16,
        "location": {
          "x": 0.11,
          "y": 0.13
        },
        "dimensions": {
          "width": 9.98,
          "height": 8.44
        }
      }
    ]
  }
}