{
  "floorPlan": {
    "name": "Floor Plan 28_16.jpg",
    "units": "feet",
    "totalArea": 15.76,
    "totalRooms": 10,
    "rooms": [
      {
        "id": 1,
        "name": "Text_27",
        "shape": "Irregular",
        "dimensions": {
          "width": 0.86,
          "length": 2.04,
          "height": 1.63
        },
        "position": {
          "x": 6.86,
          "y": 7.48
        },
        "windows": [],
        "doors": [],
        "connected_to": []
      },
      {
        "id": 2,
        "name": "Text_13",
        "shape": "Irregular",
        "dimensions": {
          "width": 0.91,
          "length": 2.04,
          "height": 1.63
        },
        "position": {
          "x": 2.88,
          "y": 7.48
        },
        "windows": [],
        "doors": [],
        "connected_to": []
      },
      {
        "id": 3,
        "name": "Text_36",
        "shape": "Irregular",
        "dimensions": {
          "width": 1.06,
          "length": 0.7,
          "height": 0.85
        },
        "position": {
          "x": 8.74,
          "y": 7.15
        },
        "windows": [],
        "doors": [],
        "connected_to": []
      },
      {
        "id": 4,
        "name": "Text_41",
        "shape": "Octagon",
        "dimensions": {
          "width": 0.6,
          "length": 1.08,
          "height": 0.86
        },
        "position": {
          "x": 7.78,
          "y": 6.67
        },
        "windows": [],
        "doors": [
          {
            "type": "Door",
            "id": 12,
            "location": {
              "x": 8.08,
              "y": 6.79
            },
            "dimensions": {
              "width": 0.22,
              "height": 0.26
            }
          }
        ],
        "connected_to": []
      },
      {
        "id": 5,
        "name": "Text_36",
        "shape": "Irregular",
        "dimensions": {
          "width": 1.06,
          "length": 0.43,
          "height": 0.85
        },
        "position": {
          "x": 8.74,
          "y": 6.58
        },
        "windows": [],
        "doors": [
          {
            "type": "Door",
            "id": 13,
            "location": {
              "x": 9.33,
              "y": 6.76
            },
            "dimensions": {
              "width": 0.34,
              "height": 0.89
            }
          }
        ],
        "connected_to": []
      },
      {
        "id": 6,
        "name": "Text_53",
        "shape": "Irregular",
        "dimensions": {
          "width": 0.51,
          "length": 2.14,
          "height": 1.71
        },
        "position": {
          "x": 6.92,
          "y": 4.85
        },
        "windows": [],
        "doors": [],
        "connected_to": []
      },
      {
        "id": 7,
        "name": "Text_62",
        "shape": "Irregular",
        "dimensions": {
          "width": 0.88,
          "length": 1.41,
          "height": 1.13
        },
        "position": {
          "x": 1.54,
          "y": 4.75
        },
        "windows": [],
        "doors": [],
        "connected_to": []
      },
      {
        "id": 8,
        "name": "Text_56",
        "shape": "Irregular",
        "dimensions": {
          "width": 2.19,
          "length": 2.81,
          "height": 2.25
        },
        "position": {
          "x": 1.54,
          "y": 4.73
        },
        "windows": [],
        "doors": [
          {
            "type": "Door",
            "id": 18,
            "location": {
              "x": 2.47,
              "y": 6.39
            },
            "dimensions": {
              "width": 0.27,
              "height": 0.14
            }
          },
          {
            "type": "Door",
            "id": 19,
            "location": {
              "x": 1.82,
              "y": 6.39
            },
            "dimensions": {
              "width": 0.22,
              "height": 0.14
            }
          }
        ],
        "connected_to": []
      },
      {
        "id": 9,
        "name": "Room_9",
        "shape": "Irregular",
        "dimensions": {
          "width": 0.44,
          "length": 1.02,
          "height": 0.82
        },
        "position": {
          "x": 6.92,
          "y": 3.42
        },
        "windows": [],
        "doors": [],
        "connected_to": []
      },
      {
        "id": 10,
        "name": "Text_64",
        "shape": "Irregular",
        "dimensions": {
          "width": 0.87,
          "length": 1.57,
          "height": 1.26
        },
        "position": {
          "x": 3.01,
          "y": 2.81
        },
        "windows": [],
        "doors": [],
        "connected_to": []
      }
    ],
    "doorsAndWindows": [
      {
        "type": "Door",
        "id": 1,
        "location": {
          "x": 7.73,
          "y": 9.0
        },
        "dimensions": {
          "width": 0.31,
          "height": 0.14
        }
      },
      {
        "type": "Door",
        "id": 2,
        "location": {
          "x": 2.84,
          "y": 9.0
        },
        "dimensions": {
          "width": 0.13,
          "height": 0.28
        }
      },
      {
        "type": "Door",
        "id": 3,
        "location": {
          "x": 2.46,
          "y": 9.0
        },
        "dimensions": {
          "width": 0.15,
          "height": 0.28
        }
      },
      {
        "type": "Door",
        "id": 4,
        "location": {
          "x": 8.05,
          "y": 8.95
        },
        "dimensions": {
          "width": 0.49,
          "height": 0.2
        }
      },
      {
        "type": "Door",
        "id": 5,
        "location": {
          "x": 8.9,
          "y": 8.91
        },
        "dimensions": {
          "width": 0.12,
          "height": 0.22
        }
      },
      {
        "type": "Door",
        "id": 6,
        "location": {
          "x": 5.49,
          "y": 8.66
        },
        "dimensions": {
          "width": 0.22,
          "height": 0.14
        }
      },
      {
        "type": "Door",
        "id": 7,
        "location": {
          "x": 4.78,
          "y": 8.65
        },
        "dimensions": {
          "width": 0.33,
          "height": 0.16
        }
      },
      {
        "type": "Door",
        "id": 8,
        "location": {
          "x": 9.02,
          "y": 8.39
        },
        "dimensions": {
          "width": 0.06,
          "height": 0.4
        }
      },
      {
        "type": "Door",
        "id": 9,
        "location": {
          "x": 1.85,
          "y": 8.36
        },
        "dimensions": {
          "width": 0.36,
          "height": 0.71
        }
      },
      {
        "type": "Door",
        "id": 10,
        "location": {
          "x": 6.99,
          "y": 7.27
        },
        "dimensions": {
          "width": 0.29,
          "height": 0.66
        }
      },
      {
        "type": "Door",
        "id": 11,
        "location": {
          "x": 5.8,
          "y": 7.19
        },
        "dimensions": {
          "width": 3.22,
          "height": 2.25
        }
      },
      {
        "type": "Door",
        "id": 12,
        "location": {
          "x": 8.08,
          "y": 6.79
        },
        "dimensions": {
          "width": 0.22,
          "height": 0.26
        }
      },
      {
        "type": "Door",
        "id": 13,
        "location": {
          "x": 9.33,
          "y": 6.76
        },
        "dimensions": {
          "width": 0.34,
          "height": 0.89
        }
      },
      {
        "type": "Window",
        "id": 14,
        "location": {
          "x": 4.29,
          "y": 6.52
        },
        "dimensions": {
          "width": 1.96,
          "height": 0.64
        }
      },
      {
        "type": "Window",
        "id": 15,
        "location": {
          "x": 5.45,
          "y": 6.4
        },
        "dimensions": {
          "width": 0.8,
          "height": 0.27
        }
      },
      {
        "type": "Window",
        "id": 16,
        "location": {
          "x": 4.78,
          "y": 6.4
        },
        "dimensions": {
          "width": 0.69,
          "height": 0.15
        }
      },
      {
        "type": "Window",
        "id": 17,
        "location": {
          "x": 4.71,
          "y": 6.4
        },
        "dimensions": {
          "width": 0.28,
          "height": 0.13
        }
      },
      {
        "type": "Door",
        "id": 18,
        "location": {
          "x": 2.47,
          "y": 6.39
        },
        "dimensions": {
          "width": 0.27,
          "height": 0.14
        }
      },
      {
        "type": "Door",
        "id": 19,
        "location": {
          "x": 1.82,
          "y": 6.39
        },
        "dimensions": {
          "width": 0.22,
          "height": 0.14
        }
      },
      {
        "type": "Door",
        "id": 20,
        "location": {
          "x": 8.07,
          "y": 6.25
        },
        "dimensions": {
          "width": 0.37,
          "height": 0.14
        }
      },
      {
        "type": "Door",
        "id": 21,
        "location": {
          "x": 7.86,
          "y": 6.25
        },
        "dimensions": {
          "width": 0.2,
          "height": 0.14
        }
      },
      {
        "type": "Door",
        "id": 22,
        "location": {
          "x": 8.9,
          "y": 6.18
        },
        "dimensions": {
          "width": 0.11,
          "height": 0.18
        }
      },
      {
        "type": "Door",
        "id": 23,
        "location": {
          "x": 5.1,
          "y": 5.73
        },
        "dimensions": {
          "width": 0.22,
          "height": 0.15
        }
      },
      {
        "type": "Door",
        "id": 24,
        "location": {
          "x": 7.86,
          "y": 5.66
        },
        "dimensions": {
          "width": 1.95,
          "height": 3.86
        }
      },
      {
        "type": "Door",
        "id": 25,
        "location": {
          "x": 8.76,
          "y": 5.51
        },
        "dimensions": {
          "width": 0.21,
          "height": 0.3
        }
      },
      {
        "type": "Door",
        "id": 26,
        "location": {
          "x": 4.75,
          "y": 5.14
        },
        "dimensions": {
          "width": 1.13,
          "height": 0.59
        }
      },
      {
        "type": "Window",
        "id": 27,
        "location": {
          "x": 5.35,
          "y": 5.12
        },
        "dimensions": {
          "width": 0.53,
          "height": 0.17
        }
      },
      {
        "type": "Door",
        "id": 28,
        "location": {
          "x": 7.46,
          "y": 4.86
        },
        "dimensions": {
          "width": 1.66,
          "height": 1.39
        }
      },
      {
        "type": "Door",
        "id": 29,
        "location": {
          "x": 6.85,
          "y": 4.45
        },
        "dimensions": {
          "width": 0.31,
          "height": 0.36
        }
      },
      {
        "type": "Window",
        "id": 30,
        "location": {
          "x": 4.86,
          "y": 4.28
        },
        "dimensions": {
          "width": 0.9,
          "height": 0.38
        }
      },
      {
        "type": "Door",
        "id": 31,
        "location": {
          "x": 8.88,
          "y": 4.12
        },
        "dimensions": {
          "width": 0.23,
          "height": 0.22
        }
      },
      {
        "type": "Window",
        "id": 32,
        "location": {
          "x": 4.98,
          "y": 3.76
        },
        "dimensions": {
          "width": 0.7,
          "height": 0.32
        }
      },
      {
        "type": "Door",
        "id": 33,
        "location": {
          "x": 4.36,
          "y": 3.34
        },
        "dimensions": {
          "width": 0.49,
          "height": 0.53
        }
      },
      {
        "type": "Door",
        "id": 34,
        "location": {
          "x": 5.75,
          "y": 3.31
        },
        "dimensions": {
          "width": 0.58,
          "height": 0.55
        }
      },
      {
        "type": "Door",
        "id": 35,
        "location": {
          "x": 2.45,
          "y": 3.19
        },
        "dimensions": {
          "width": 0.21,
          "height": 0.13
        }
      },
      {
        "type": "Door",
        "id": 36,
        "location": {
          "x": 2.24,
          "y": 3.19
        },
        "dimensions": {
          "width": 0.11,
          "height": 0.13
        }
      },
      {
        "type": "Door",
        "id": 37,
        "location": {
          "x": 2.8,
          "y": 3.18
        },
        "dimensions": {
          "width": 0.12,
          "height": 0.15
        }
      },
      {
        "type": "Door",
        "id": 38,
        "location": {
          "x": 4.82,
          "y": 3.1
        },
        "dimensions": {
          "width": 0.31,
          "height": 0.13
        }
      },
      {
        "type": "Door",
        "id": 39,
        "location": {
          "x": 2.77,
          "y": 2.98
        },
        "dimensions": {
          "width": 0.28,
          "height": 0.2
        }
      },
      {
        "type": "Door",
        "id": 40,
        "location": {
          "x": 8.83,
          "y": 2.72
        },
        "dimensions": {
          "width": 0.27,
          "height": 0.3
        }
      },
      {
        "type": "Door",
        "id": 41,
        "location": {
          "x": 3.75,
          "y": 1.59
        },
        "dimensions": {
          "width": 0.05,
          "height": 0.9
        }
      },
      {
        "type": "Door",
        "id": 42,
        "location": {
          "x": 3.51,
          "y": 1.07
        },
        "dimensions": {
          "width": 0.34,
          "height": 0.34
        }
      },
      {
        "type": "Door",
        "id": 43,
        "location": {
          "x": 0.96,
          "y": 1.0
        },
        "dimensions": {
          "width": 8.19,
          "height": 8.88
        }
      },
      {
        "type": "Window",
        "id": 44,
        "location": {
          "x": 1.5,
          "y": 0.4
        },
        "dimensions": {
          "width": 7.65,
          "height": 0.89
        }
      }
    ]
  }
}