{
  "floorPlan": {
    "name": "Floor Plan 28_15.jpg",
    "units": "feet",
    "totalArea": 7.47,
    "totalRooms": 3,
    "rooms": [
      {
        "id": 1,
        "name": "Room_1",
        "shape": "Irregular",
        "dimensions": {
          "width": 1.61,
          "length": 1.1,
          "height": 1.29
        },
        "position": {
          "x": 8.51,
          "y": 3.89
        },
        "windows": [],
        "doors": [],
        "connected_to": []
      },
      {
        "id": 2,
        "name": "Room_2",
        "shape": "Irregular",
        "dimensions": {
          "width": 2.23,
          "length": 1.76,
          "height": 1.78
        },
        "position": {
          "x": 6.97,
          "y": 2.77
        },
        "windows": [],
        "doors": [
          {
            "type": "Door",
            "id": 1,
            "location": {
              "x": 7.05,
              "y": 4.28
            },
            "dimensions": {
              "width": 1.65,
              "height": 1.64
            }
          },
          {
            "type": "Door",
            "id": 2,
            "location": {
              "x": 7.44,
              "y": 3.21
            },
            "dimensions": {
              "width": 0.2,
              "height": 0.19
            }
          }
        ],
        "connected_to": []
      },
      {
        "id": 3,
        "name": "Room_3",
        "shape": "Irregular",
        "dimensions": {
          "width": 0.96,
          "length": 1.85,
          "height": 1.48
        },
        "position": {
          "x": 4.81,
          "y": 1.28
        },
        "windows": [],
        "doors": [
          {
            "type": "Door",
            "id": 5,
            "location": {
              "x": 5.3,
              "y": 2.31
            },
            "dimensions": {
              "width": 0.44,
              "height": 0.22
            }
          },
          {
            "type": "Door",
            "id": 7,
            "location": {
              "x": 5.67,
              "y": 2.04
            },
            "dimensions": {
              "width": 0.08,
              "height": 0.24
            }
          },
          {
            "type": "Door",
            "id": 8,
            "location": {
              "x": 5.53,
              "y": 1.82
            },
            "dimensions": {
              "width": 0.17,
              "height": 0.16
            }
          }
        ],
        "connected_to": []
      }
    ],
    "doorsAndWindows": [
      {
        "type": "Door",
        "id": 1,
        "location": {
          "x": 7.05,
          "y": 4.28
        },
        "dimensions": {
          "width": 1.65,
          "height": 1.64
        }
      },
      {
        "type": "Door",
        "id": 2,
        "location": {
          "x": 7.44,
          "y": 3.21
        },
        "dimensions": {
          "width": 0.2,
          "height": 0.19
        }
      },
      {
        "type": "Window",
        "id": 3,
        "location": {
          "x": 4.8,
          "y": 2.54
        },
        "dimensions": {
          "width": 0.21,
          "height": 0.09
        }
      },
      {
        "type": "Door",
        "id": 4,
        "location": {
          "x": 2.98,
          "y": 2.45
        },
        "dimensions": {
          "width": 0.26,
          "height": 0.19
        }
      },
      {
        "type": "Door",
        "id": 5,
        "location": {
          "x": 5.3,
          "y": 2.31
        },
        "dimensions": {
          "width": 0.44,
          "height": 0.22
        }
      },
      {
        "type": "Door",
        "id": 6,
        "location": {
          "x": 3.34,
          "y": 2.22
        },
        "dimensions": {
          "width": 0.17,
          "height": 0.3
        }
      },
      {
        "type": "Door",
        "id": 7,
        "location": {
          "x": 5.67,
          "y": 2.04
        },
        "dimensions": {
          "width": 0.08,
          "height": 0.24
        }
      },
      {
        "type": "Door",
        "id": 8,
        "location": {
          "x": 5.53,
          "y": 1.82
        },
        "dimensions": {
          "width": 0.17,
          "height": 0.16
        }
      },
      {
        "type": "Door",
        "id": 9,
        "location": {
          "x": 4.3,
          "y": 1.58
        },
        "dimensions": {
          "width": 1.44,
          "height": 1.54
        }
      },
      {
        "type": "Door",
        "id": 10,
        "location": {
          "x": 4.18,
          "y": 1.33
        },
        "dimensions": {
          "width": 1.56,
          "height": 0.95
        }
      },
      {
        "type": "Door",
        "id": 11,
        "location": {
          "x": 0.6,
          "y": 0.0
        },
        "dimensions": {
          "width": 9.62,
          "height": 6.02
        }
      }
    ]
  }
}