{
  "floorPlan": {
    "name": "Floor Plan 28_18.jpg",
    "units": "feet",
    "totalArea": 19.98,
    "totalRooms": 12,
    "rooms": [
      {
        "id": 1,
        "name": "15/0 X \"1/0",
        "shape": "Irregular",
        "dimensions": {
          "width": 0.65,
          "length": 1.75,
          "height": 1.4
        },
        "position": {
          "x": 1.51,
          "y": 6.97
        },
        "windows": [],
        "doors": [],
        "connected_to": []
      },
      {
        "id": 2,
        "name": "15/0 X \"1/0",
        "shape": "Irregular",
        "dimensions": {
          "width": 0.65,
          "length": 1.75,
          "height": 1.4
        },
        "position": {
          "x": 0.1,
          "y": 6.97
        },
        "windows": [],
        "doors": [],
        "connected_to": []
      },
      {
        "id": 3,
        "name": "Room_3",
        "shape": "Irregular",
        "dimensions": {
          "width": 0.89,
          "length": 1.07,
          "height": 0.86
        },
        "position": {
          "x": 0.83,
          "y": 5.98
        },
        "windows": [],
        "doors": [
          {
            "type": "Door",
            "id": 11,
            "location": {
              "x": 1.34,
              "y": 6.73
            },
            "dimensions": {
              "width": 0.23,
              "height": 0.26
            }
          },
          {
            "type": "Door",
            "id": 15,
            "location": {
              "x": 0.91,
              "y": 6.39
            },
            "dimensions": {
              "width": 0.35,
              "height": 0.59
            }
          }
        ],
        "connected_to": []
      },
      {
        "id": 4,
        "name": "PAN",
        "shape": "Irregular",
        "dimensions": {
          "width": 1.35,
          "length": 0.85,
          "height": 1.08
        },
        "position": {
          "x": 7.16,
          "y": 5.51
        },
        "windows": [],
        "doors": [],
        "connected_to": []
      },
      {
        "id": 5,
        "name": "Room_5",
        "shape": "Irregular",
        "dimensions": {
          "width": 1.26,
          "length": 1.08,
          "height": 1.01
        },
        "position": {
          "x": 8.85,
          "y": 5.49
        },
        "windows": [],
        "doors": [
          {
            "type": "Door",
            "id": 13,
            "location": {
              "x": 9.68,
              "y": 6.56
            },
            "dimensions": {
              "width": 0.44,
              "height": 1.33
            }
          }
        ],
        "connected_to": []
      },
      {
        "id": 6,
        "name": "BR 2",
        "shape": "Irregular",
        "dimensions": {
          "width": 1.6,
          "length": 2.27,
          "height": 1.82
        },
        "position": {
          "x": 0.1,
          "y": 3.39
        },
        "windows": [],
        "doors": [
          {
            "type": "Door",
            "id": 22,
            "location": {
              "x": 0.74,
              "y": 4.99
            },
            "dimensions": {
              "width": 0.14,
              "height": 0.21
            }
          },
          {
            "type": "Door",
            "id": 23,
            "location": {
              "x": 0.58,
              "y": 4.99
            },
            "dimensions": {
              "width": 0.14,
              "height": 0.21
            }
          },
          {
            "type": "Door",
            "id": 26,
            "location": {
              "x": 0.1,
              "y": 4.86
            },
            "dimensions": {
              "width": 0.08,
              "height": 0.75
            }
          }
        ],
        "connected_to": []
      },
      {
        "id": 7,
        "name": "STOR",
        "shape": "Irregular",
        "dimensions": {
          "width": 1.8,
          "length": 1.68,
          "height": 1.44
        },
        "position": {
          "x": 8.31,
          "y": 3.37
        },
        "windows": [],
        "doors": [],
        "connected_to": []
      },
      {
        "id": 8,
        "name": "CLC]",
        "shape": "Irregular",
        "dimensions": {
          "width": 1.22,
          "length": 0.43,
          "height": 0.98
        },
        "position": {
          "x": 7.16,
          "y": 2.56
        },
        "windows": [],
        "doors": [],
        "connected_to": []
      },
      {
        "id": 9,
        "name": "OFFICE",
        "shape": "Irregular",
        "dimensions": {
          "width": 0.52,
          "length": 1.58,
          "height": 1.26
        },
        "position": {
          "x": 9.59,
          "y": 1.41
        },
        "windows": [],
        "doors": [
          {
            "type": "Door",
            "id": 38,
            "location": {
              "x": 9.72,
              "y": 2.43
            },
            "dimensions": {
              "width": 0.18,
              "height": 0.2
            }
          }
        ],
        "connected_to": []
      },
      {
        "id": 10,
        "name": "3",
        "shape": "Hexagon",
        "dimensions": {
          "width": 1.31,
          "length": 3.53,
          "height": 2.82
        },
        "position": {
          "x": 2.01,
          "y": 1.34
        },
        "windows": [],
        "doors": [
          {
            "type": "Door",
            "id": 34,
            "location": {
              "x": 2.16,
              "y": 3.0
            },
            "dimensions": {
              "width": 0.42,
              "height": 0.8
            }
          }
        ],
        "connected_to": []
      },
      {
        "id": 11,
        "name": "SPA",
        "shape": "Irregular",
        "dimensions": {
          "width": 0.58,
          "length": 1.31,
          "height": 1.05
        },
        "position": {
          "x": 1.71,
          "y": 1.15
        },
        "windows": [],
        "doors": [],
        "connected_to": []
      },
      {
        "id": 12,
        "name": "MASTER",
        "shape": "Irregular",
        "dimensions": {
          "width": 0.46,
          "length": 1.87,
          "height": 1.5
        },
        "position": {
          "x": 0.1,
          "y": 1.15
        },
        "windows": [],
        "doors": [],
        "connected_to": []
      }
    ],
    "doorsAndWindows": [
      {
        "type": "Door",
        "id": 1,
        "location": {
          "x": 7.05,
          "y": 8.72
        },
        "dimensions": {
          "width": 0.15,
          "height": 0.13
        }
      },
      {
        "type": "Door",
        "id": 2,
        "location": {
          "x": 7.69,
          "y": 7.9
        },
        "dimensions": {
          "width": 2.43,
          "height": 1.35
        }
      },
      {
        "type": "Door",
        "id": 3,
        "location": {
          "x": 7.66,
          "y": 7.87
        },
        "dimensions": {
          "width": 2.08,
          "height": 1.04
        }
      },
      {
        "type": "Door",
        "id": 4,
        "location": {
          "x": 0.99,
          "y": 7.49
        },
        "dimensions": {
          "width": 0.14,
          "height": 0.21
        }
      },
      {
        "type": "Door",
        "id": 5,
        "location": {
          "x": 0.84,
          "y": 7.49
        },
        "dimensions": {
          "width": 0.13,
          "height": 0.21
        }
      },
      {
        "type": "Door",
        "id": 6,
        "location": {
          "x": 8.71,
          "y": 7.11
        },
        "dimensions": {
          "width": 0.19,
          "height": 0.21
        }
      },
      {
        "type": "Door",
        "id": 7,
        "location": {
          "x": 8.91,
          "y": 7.1
        },
        "dimensions": {
          "width": 0.19,
          "height": 0.22
        }
      },
      {
        "type": "Door",
        "id": 8,
        "location": {
          "x": 8.57,
          "y": 7.1
        },
        "dimensions": {
          "width": 0.14,
          "height": 0.21
        }
      },
      {
        "type": "Door",
        "id": 9,
        "location": {
          "x": 8.18,
          "y": 7.1
        },
        "dimensions": {
          "width": 0.18,
          "height": 0.22
        }
      },
      {
        "type": "Door",
        "id": 10,
        "location": {
          "x": 7.28,
          "y": 6.91
        },
        "dimensions": {
          "width": 0.08,
          "height": 0.98
        }
      },
      {
        "type": "Door",
        "id": 11,
        "location": {
          "x": 1.34,
          "y": 6.73
        },
        "dimensions": {
          "width": 0.23,
          "height": 0.26
        }
      },
      {
        "type": "Door",
        "id": 12,
        "location": {
          "x": 0.1,
          "y": 6.72
        },
        "dimensions": {
          "width": 0.75,
          "height": 2.07
        }
      },
      {
        "type": "Door",
        "id": 13,
        "location": {
          "x": 9.68,
          "y": 6.56
        },
        "dimensions": {
          "width": 0.44,
          "height": 1.33
        }
      },
      {
        "type": "Door",
        "id": 14,
        "location": {
          "x": 7.08,
          "y": 6.55
        },
        "dimensions": {
          "width": 0.11,
          "height": 0.17
        }
      },
      {
        "type": "Door",
        "id": 15,
        "location": {
          "x": 0.91,
          "y": 6.39
        },
        "dimensions": {
          "width": 0.35,
          "height": 0.59
        }
      },
      {
        "type": "Door",
        "id": 16,
        "location": {
          "x": 5.78,
          "y": 5.46
        },
        "dimensions": {
          "width": 0.62,
          "height": 0.41
        }
      },
      {
        "type": "Door",
        "id": 17,
        "location": {
          "x": 5.1,
          "y": 5.46
        },
        "dimensions": {
          "width": 0.27,
          "height": 0.47
        }
      },
      {
        "type": "Door",
        "id": 18,
        "location": {
          "x": 2.03,
          "y": 5.46
        },
        "dimensions": {
          "width": 1.3,
          "height": 4.03
        }
      },
      {
        "type": "Door",
        "id": 19,
        "location": {
          "x": 3.73,
          "y": 5.39
        },
        "dimensions": {
          "width": 0.62,
          "height": 0.48
        }
      },
      {
        "type": "Door",
        "id": 20,
        "location": {
          "x": 8.5,
          "y": 5.23
        },
        "dimensions": {
          "width": 1.63,
          "height": 1.7
        }
      },
      {
        "type": "Door",
        "id": 21,
        "location": {
          "x": 2.45,
          "y": 5.21
        },
        "dimensions": {
          "width": 0.59,
          "height": 0.44
        }
      },
      {
        "type": "Door",
        "id": 22,
        "location": {
          "x": 0.74,
          "y": 4.99
        },
        "dimensions": {
          "width": 0.14,
          "height": 0.21
        }
      },
      {
        "type": "Door",
        "id": 23,
        "location": {
          "x": 0.58,
          "y": 4.99
        },
        "dimensions": {
          "width": 0.14,
          "height": 0.21
        }
      },
      {
        "type": "Door",
        "id": 24,
        "location": {
          "x": 2.93,
          "y": 4.92
        },
        "dimensions": {
          "width": 0.15,
          "height": 0.22
        }
      },
      {
        "type": "Door",
        "id": 25,
        "location": {
          "x": 2.38,
          "y": 4.91
        },
        "dimensions": {
          "width": 0.23,
          "height": 0.23
        }
      },
      {
        "type": "Door",
        "id": 26,
        "location": {
          "x": 0.1,
          "y": 4.86
        },
        "dimensions": {
          "width": 0.08,
          "height": 0.75
        }
      },
      {
        "type": "Door",
        "id": 27,
        "location": {
          "x": 7.62,
          "y": 4.24
        },
        "dimensions": {
          "width": 0.15,
          "height": 0.14
        }
      },
      {
        "type": "Door",
        "id": 28,
        "location": {
          "x": 5.81,
          "y": 3.97
        },
        "dimensions": {
          "width": 0.17,
          "height": 0.2
        }
      },
      {
        "type": "Door",
        "id": 29,
        "location": {
          "x": 4.46,
          "y": 3.97
        },
        "dimensions": {
          "width": 0.18,
          "height": 0.2
        }
      },
      {
        "type": "Door",
        "id": 30,
        "location": {
          "x": 6.0,
          "y": 3.96
        },
        "dimensions": {
          "width": 0.19,
          "height": 0.22
        }
      },
      {
        "type": "Door",
        "id": 31,
        "location": {
          "x": 5.25,
          "y": 3.96
        },
        "dimensions": {
          "width": 0.19,
          "height": 0.22
        }
      },
      {
        "type": "Door",
        "id": 32,
        "location": {
          "x": 7.31,
          "y": 3.44
        },
        "dimensions": {
          "width": 0.51,
          "height": 1.57
        }
      },
      {
        "type": "Door",
        "id": 33,
        "location": {
          "x": 8.27,
          "y": 3.36
        },
        "dimensions": {
          "width": 1.85,
          "height": 2.11
        }
      },
      {
        "type": "Door",
        "id": 34,
        "location": {
          "x": 2.16,
          "y": 3.0
        },
        "dimensions": {
          "width": 0.42,
          "height": 0.8
        }
      },
      {
        "type": "Window",
        "id": 35,
        "location": {
          "x": 5.74,
          "y": 2.45
        },
        "dimensions": {
          "width": 1.43,
          "height": 0.62
        }
      },
      {
        "type": "Window",
        "id": 36,
        "location": {
          "x": 3.72,
          "y": 2.45
        },
        "dimensions": {
          "width": 2.03,
          "height": 0.54
        }
      },
      {
        "type": "Door",
        "id": 37,
        "location": {
          "x": 3.7,
          "y": 2.45
        },
        "dimensions": {
          "width": 0.64,
          "height": 0.41
        }
      },
      {
        "type": "Door",
        "id": 38,
        "location": {
          "x": 9.72,
          "y": 2.43
        },
        "dimensions": {
          "width": 0.18,
          "height": 0.2
        }
      },
      {
        "type": "Door",
        "id": 39,
        "location": {
          "x": 9.45,
          "y": 2.42
        },
        "dimensions": {
          "width": 0.2,
          "height": 0.22
        }
      },
      {
        "type": "Door",
        "id": 40,
        "location": {
          "x": 8.79,
          "y": 2.42
        },
        "dimensions": {
          "width": 0.17,
          "height": 0.21
        }
      },
      {
        "type": "Door",
        "id": 41,
        "location": {
          "x": 8.54,
          "y": 2.41
        },
        "dimensions": {
          "width": 0.23,
          "height": 0.23
        }
      },
      {
        "type": "Door",
        "id": 42,
        "location": {
          "x": 0.68,
          "y": 2.17
        },
        "dimensions": {
          "width": 0.38,
          "height": 0.21
        }
      },
      {
        "type": "Door",
        "id": 43,
        "location": {
          "x": 9.35,
          "y": 2.16
        },
        "dimensions": {
          "width": 0.18,
          "height": 0.22
        }
      },
      {
        "type": "Door",
        "id": 44,
        "location": {
          "x": 8.79,
          "y": 2.16
        },
        "dimensions": {
          "width": 0.23,
          "height": 0.22
        }
      },
      {
        "type": "Door",
        "id": 45,
        "location": {
          "x": 9.24,
          "y": 1.33
        },
        "dimensions": {
          "width": 0.88,
          "height": 1.67
        }
      },
      {
        "type": "Door",
        "id": 46,
        "location": {
          "x": 7.15,
          "y": 1.33
        },
        "dimensions": {
          "width": 2.03,
          "height": 5.28
        }
      },
      {
        "type": "Door",
        "id": 47,
        "location": {
          "x": 5.67,
          "y": 1.14
        },
        "dimensions": {
          "width": 0.21,
          "height": 0.21
        }
      },
      {
        "type": "Door",
        "id": 48,
        "location": {
          "x": 5.49,
          "y": 1.14
        },
        "dimensions": {
          "width": 0.19,
          "height": 0.21
        }
      },
      {
        "type": "Door",
        "id": 49,
        "location": {
          "x": 5.36,
          "y": 1.14
        },
        "dimensions": {
          "width": 0.13,
          "height": 0.21
        }
      },
      {
        "type": "Door",
        "id": 50,
        "location": {
          "x": 5.9,
          "y": 1.13
        },
        "dimensions": {
          "width": 0.23,
          "height": 0.23
        }
      },
      {
        "type": "Door",
        "id": 51,
        "location": {
          "x": 0.1,
          "y": 0.05
        },
        "dimensions": {
          "width": 3.59,
          "height": 7.01
        }
      }
    ]
  }
}