{
  "floorPlan": {
    "name": "Floor Plan 28_25.jpg",
    "units": "feet",
    "totalArea": 39.42,
    "totalRooms": 18,
    "rooms": [
      {
        "id": 1,
        "name": "Text_1",
        "shape": "Irregular",
        "dimensions": {
          "width": 5.56,
          "length": 0.03,
          "height": 4.45
        },
        "position": {
          "x": 4.28,
          "y": 14.05
        },
        "windows": [],
        "doors": [],
        "connected_to": []
      },
      {
        "id": 2,
        "name": "Room_2",
        "shape": "Octagon",
        "dimensions": {
          "width": 2.3,
          "length": 0.92,
          "height": 1.84
        },
        "position": {
          "x": 3.97,
          "y": 12.1
        },
        "windows": [
          {
            "type": "Window",
            "id": 4,
            "location": {
              "x": 4.58,
              "y": 12.94
            },
            "dimensions": {
              "width": 1.11,
              "height": 0.34
            }
          }
        ],
        "doors": [
          {
            "type": "Door",
            "id": 2,
            "location": {
              "x": 5.99,
              "y": 13.01
            },
            "dimensions": {
              "width": 0.44,
              "height": 0.54
            }
          }
        ],
        "connected_to": []
      },
      {
        "id": 3,
        "name": "Room_3",
        "shape": "Rectangle",
        "dimensions": {
          "width": 0.52,
          "length": 2.76,
          "height": 2.21
        },
        "position": {
          "x": 0.32,
          "y": 10.26
        },
        "windows": [
          {
            "type": "Window",
            "id": 5,
            "location": {
              "x": 0.58,
              "y": 12.78
            },
            "dimensions": {
              "width": 1.77,
              "height": 0.14
            }
          }
        ],
        "doors": [
          {
            "type": "Door",
            "id": 16,
            "location": {
              "x": 0.58,
              "y": 10.61
            },
            "dimensions": {
              "width": 2.02,
              "height": 1.18
            }
          }
        ],
        "connected_to": []
      },
      {
        "id": 4,
        "name": "Room_4",
        "shape": "Irregular",
        "dimensions": {
          "width": 1.69,
          "length": 0.58,
          "height": 1.35
        },
        "position": {
          "x": 1.34,
          "y": 9.85
        },
        "windows": [],
        "doors": [
          {
            "type": "Door",
            "id": 23,
            "location": {
              "x": 2.06,
              "y": 10.24
            },
            "dimensions": {
              "width": 0.58,
              "height": 0.69
            }
          }
        ],
        "connected_to": []
      },
      {
        "id": 5,
        "name": "Room_5",
        "shape": "Hexagon",
        "dimensions": {
          "width": 0.62,
          "length": 2.89,
          "height": 2.31
        },
        "position": {
          "x": 8.97,
          "y": 9.8
        },
        "windows": [],
        "doors": [],
        "connected_to": []
      },
      {
        "id": 6,
        "name": "Room_6",
        "shape": "Irregular",
        "dimensions": {
          "width": 0.24,
          "length": 4.13,
          "height": 3.3
        },
        "position": {
          "x": 5.99,
          "y": 8.39
        },
        "windows": [],
        "doors": [],
        "connected_to": []
      },
      {
        "id": 7,
        "name": "Room_7",
        "shape": "Irregular",
        "dimensions": {
          "width": 1.2,
          "length": 1.28,
          "height": 1.02
        },
        "position": {
          "x": 8.14,
          "y": 7.66
        },
        "windows": [],
        "doors": [
          {
            "type": "Door",
            "id": 41,
            "location": {
              "x": 9.29,
              "y": 7.91
            },
            "dimensions": {
              "width": 0.08,
              "height": 0.32
            }
          }
        ],
        "connected_to": []
      },
      {
        "id": 8,
        "name": "Room_8",
        "shape": "Irregular",
        "dimensions": {
          "width": 2.48,
          "length": 1.91,
          "height": 1.98
        },
        "position": {
          "x": 6.04,
          "y": 7.22
        },
        "windows": [
          {
            "type": "Window",
            "id": 36,
            "location": {
              "x": 7.12,
              "y": 8.77
            },
            "dimensions": {
              "width": 0.7,
              "height": 0.27
            }
          }
        ],
        "doors": [
          {
            "type": "Door",
            "id": 35,
            "location": {
              "x": 7.83,
              "y": 8.78
            },
            "dimensions": {
              "width": 0.2,
              "height": 0.26
            }
          },
          {
            "type": "Door",
            "id": 39,
            "location": {
              "x": 7.52,
              "y": 8.3
            },
            "dimensions": {
              "width": 0.27,
              "height": 0.59
            }
          },
          {
            "type": "Door",
            "id": 40,
            "location": {
              "x": 6.83,
              "y": 8.26
            },
            "dimensions": {
              "width": 0.26,
              "height": 0.37
            }
          },
          {
            "type": "Door",
            "id": 42,
            "location": {
              "x": 7.79,
              "y": 7.91
            },
            "dimensions": {
              "width": 0.15,
              "height": 0.16
            }
          },
          {
            "type": "Door",
            "id": 45,
            "location": {
              "x": 7.73,
              "y": 7.7
            },
            "dimensions": {
              "width": 0.94,
              "height": 1.02
            }
          },
          {
            "type": "Door",
            "id": 49,
            "location": {
              "x": 7.05,
              "y": 7.24
            },
            "dimensions": {
              "width": 0.37,
              "height": 0.26
            }
          },
          {
            "type": "Door",
            "id": 50,
            "location": {
              "x": 6.83,
              "y": 7.24
            },
            "dimensions": {
              "width": 0.27,
              "height": 0.62
            }
          }
        ],
        "connected_to": []
      },
      {
        "id": 9,
        "name": "Room_9",
        "shape": "Irregular",
        "dimensions": {
          "width": 1.82,
          "length": 1.48,
          "height": 1.46
        },
        "position": {
          "x": 1.33,
          "y": 6.59
        },
        "windows": [
          {
            "type": "Window",
            "id": 56,
            "location": {
              "x": 2.02,
              "y": 6.64
            },
            "dimensions": {
              "width": 0.68,
              "height": 0.3
            }
          }
        ],
        "doors": [],
        "connected_to": []
      },
      {
        "id": 10,
        "name": "Room_10",
        "shape": "Hexagon",
        "dimensions": {
          "width": 1.09,
          "length": 1.17,
          "height": 0.94
        },
        "position": {
          "x": 6.62,
          "y": 6.06
        },
        "windows": [],
        "doors": [
          {
            "type": "Door",
            "id": 51,
            "location": {
              "x": 6.8,
              "y": 7.2
            },
            "dimensions": {
              "width": 1.65,
              "height": 1.87
            }
          },
          {
            "type": "Door",
            "id": 57,
            "location": {
              "x": 6.81,
              "y": 6.48
            },
            "dimensions": {
              "width": 0.38,
              "height": 0.37
            }
          },
          {
            "type": "Door",
            "id": 65,
            "location": {
              "x": 6.81,
              "y": 6.09
            },
            "dimensions": {
              "width": 0.4,
              "height": 0.38
            }
          }
        ],
        "connected_to": [
          11
        ]
      },
      {
        "id": 11,
        "name": "Room_11",
        "shape": "Octagon",
        "dimensions": {
          "width": 1.83,
          "length": 1.44,
          "height": 1.46
        },
        "position": {
          "x": 5.67,
          "y": 5.15
        },
        "windows": [
          {
            "type": "Window",
            "id": 63,
            "location": {
              "x": 6.25,
              "y": 6.23
            },
            "dimensions": {
              "width": 0.46,
              "height": 0.2
            }
          }
        ],
        "doors": [
          {
            "type": "Door",
            "id": 57,
            "location": {
              "x": 6.81,
              "y": 6.48
            },
            "dimensions": {
              "width": 0.38,
              "height": 0.37
            }
          },
          {
            "type": "Door",
            "id": 65,
            "location": {
              "x": 6.81,
              "y": 6.09
            },
            "dimensions": {
              "width": 0.4,
              "height": 0.38
            }
          },
          {
            "type": "Door",
            "id": 69,
            "location": {
              "x": 6.46,
              "y": 5.71
            },
            "dimensions": {
              "width": 0.77,
              "height": 1.45
            }
          },
          {
            "type": "Door",
            "id": 70,
            "location": {
              "x": 6.11,
              "y": 5.71
            },
            "dimensions": {
              "width": 0.35,
              "height": 0.31
            }
          },
          {
            "type": "Door",
            "id": 71,
            "location": {
              "x": 7.32,
              "y": 5.69
            },
            "dimensions": {
              "width": 0.69,
              "height": 1.78
            }
          }
        ],
        "connected_to": [
          10
        ]
      },
      {
        "id": 12,
        "name": "Room_12",
        "shape": "Irregular",
        "dimensions": {
          "width": 0.93,
          "length": 0.82,
          "height": 0.74
        },
        "position": {
          "x": 8.49,
          "y": 4.99
        },
        "windows": [],
        "doors": [],
        "connected_to": []
      },
      {
        "id": 13,
        "name": "Room_13",
        "shape": "Hexagon",
        "dimensions": {
          "width": 1.56,
          "length": 0.96,
          "height": 1.25
        },
        "position": {
          "x": 7.75,
          "y": 4.43
        },
        "windows": [],
        "doors": [],
        "connected_to": []
      },
      {
        "id": 14,
        "name": "Room_14",
        "shape": "Irregular",
        "dimensions": {
          "width": 0.33,
          "length": 4.85,
          "height": 3.88
        },
        "position": {
          "x": 0.15,
          "y": 2.25
        },
        "windows": [],
        "doors": [
          {
            "type": "Door",
            "id": 55,
            "location": {
              "x": 0.47,
              "y": 6.71
            },
            "dimensions": {
              "width": 0.15,
              "height": 0.3
            }
          },
          {
            "type": "Door",
            "id": 67,
            "location": {
              "x": 0.46,
              "y": 5.88
            },
            "dimensions": {
              "width": 0.34,
              "height": 0.74
            }
          },
          {
            "type": "Door",
            "id": 76,
            "location": {
              "x": 0.47,
              "y": 4.48
            },
            "dimensions": {
              "width": 0.4,
              "height": 0.75
            }
          }
        ],
        "connected_to": []
      },
      {
        "id": 15,
        "name": "Room_15",
        "shape": "Irregular",
        "dimensions": {
          "width": 2.0,
          "length": 2.8,
          "height": 2.24
        },
        "position": {
          "x": 3.81,
          "y": 1.92
        },
        "windows": [
          {
            "type": "Window",
            "id": 78,
            "location": {
              "x": 3.93,
              "y": 4.16
            },
            "dimensions": {
              "width": 2.8,
              "height": 0.91
            }
          },
          {
            "type": "Window",
            "id": 80,
            "location": {
              "x": 5.72,
              "y": 3.51
            },
            "dimensions": {
              "width": 0.55,
              "height": 0.16
            }
          }
        ],
        "doors": [
          {
            "type": "Door",
            "id": 91,
            "location": {
              "x": 5.43,
              "y": 2.33
            },
            "dimensions": {
              "width": 0.14,
              "height": 0.17
            }
          },
          {
            "type": "Door",
            "id": 92,
            "location": {
              "x": 5.26,
              "y": 2.29
            },
            "dimensions": {
              "width": 0.17,
              "height": 0.2
            }
          },
          {
            "type": "Door",
            "id": 93,
            "location": {
              "x": 4.64,
              "y": 2.29
            },
            "dimensions": {
              "width": 0.37,
              "height": 0.21
            }
          },
          {
            "type": "Door",
            "id": 94,
            "location": {
              "x": 5.57,
              "y": 2.28
            },
            "dimensions": {
              "width": 0.14,
              "height": 0.21
            }
          }
        ],
        "connected_to": [
          16
        ]
      },
      {
        "id": 16,
        "name": "Room_16",
        "shape": "Irregular",
        "dimensions": {
          "width": 1.58,
          "length": 3.26,
          "height": 2.61
        },
        "position": {
          "x": 5.34,
          "y": 1.81
        },
        "windows": [
          {
            "type": "Window",
            "id": 80,
            "location": {
              "x": 5.72,
              "y": 3.51
            },
            "dimensions": {
              "width": 0.55,
              "height": 0.16
            }
          }
        ],
        "doors": [
          {
            "type": "Door",
            "id": 77,
            "location": {
              "x": 5.95,
              "y": 4.47
            },
            "dimensions": {
              "width": 0.36,
              "height": 0.21
            }
          },
          {
            "type": "Door",
            "id": 79,
            "location": {
              "x": 6.39,
              "y": 3.81
            },
            "dimensions": {
              "width": 0.23,
              "height": 0.18
            }
          },
          {
            "type": "Door",
            "id": 91,
            "location": {
              "x": 5.43,
              "y": 2.33
            },
            "dimensions": {
              "width": 0.14,
              "height": 0.17
            }
          },
          {
            "type": "Door",
            "id": 94,
            "location": {
              "x": 5.57,
              "y": 2.28
            },
            "dimensions": {
              "width": 0.14,
              "height": 0.21
            }
          },
          {
            "type": "Door",
            "id": 95,
            "location": {
              "x": 6.19,
              "y": 1.83
            },
            "dimensions": {
              "width": 0.5,
              "height": 1.48
            }
          }
        ],
        "connected_to": [
          15
        ]
      },
      {
        "id": 17,
        "name": "Room_17",
        "shape": "Triangle",
        "dimensions": {
          "width": 0.24,
          "length": 3.5,
          "height": 2.8
        },
        "position": {
          "x": 9.19,
          "y": 1.18
        },
        "windows": [],
        "doors": [],
        "connected_to": []
      },
      {
        "id": 18,
        "name": "Room_18",
        "shape": "Hexagon",
        "dimensions": {
          "width": 3.25,
          "length": 1.11,
          "height": 2.6
        },
        "position": {
          "x": 0.36,
          "y": 1.16
        },
        "windows": [
          {
            "type": "Window",
            "id": 98,
            "location": {
              "x": 2.9,
              "y": 1.19
            },
            "dimensions": {
              "width": 0.35,
              "height": 0.05
            }
          }
        ],
        "doors": [],
        "connected_to": []
      }
    ],
    "doorsAndWindows": [
      {
        "type": "Door",
        "id": 1,
        "location": {
          "x": 2.84,
          "y": 13.17
        },
        "dimensions": {
          "width": 0.38,
          "height": 0.23
        }
      },
      {
        "type": "Door",
        "id": 2,
        "location": {
          "x": 5.99,
          "y": 13.01
        },
        "dimensions": {
          "width": 0.44,
          "height": 0.54
        }
      },
      {
        "type": "Window",
        "id": 3,
        "location": {
          "x": 3.57,
          "y": 13.01
        },
        "dimensions": {
          "width": 2.72,
          "height": 1.07
        }
      },
      {
        "type": "Window",
        "id": 4,
        "location": {
          "x": 4.58,
          "y": 12.94
        },
        "dimensions": {
          "width": 1.11,
          "height": 0.34
        }
      },
      {
        "type": "Window",
        "id": 5,
        "location": {
          "x": 0.58,
          "y": 12.78
        },
        "dimensions": {
          "width": 1.77,
          "height": 0.14
        }
      },
      {
        "type": "Window",
        "id": 6,
        "location": {
          "x": 2.5,
          "y": 12.71
        },
        "dimensions": {
          "width": 2.42,
          "height": 0.58
        }
      },
      {
        "type": "Door",
        "id": 7,
        "location": {
          "x": 2.34,
          "y": 12.26
        },
        "dimensions": {
          "width": 1.1,
          "height": 0.58
        }
      },
      {
        "type": "Door",
        "id": 8,
        "location": {
          "x": 2.79,
          "y": 12.02
        },
        "dimensions": {
          "width": 0.46,
          "height": 0.26
        }
      },
      {
        "type": "Door",
        "id": 9,
        "location": {
          "x": 1.3,
          "y": 11.82
        },
        "dimensions": {
          "width": 0.12,
          "height": 0.17
        }
      },
      {
        "type": "Door",
        "id": 10,
        "location": {
          "x": 0.97,
          "y": 11.77
        },
        "dimensions": {
          "width": 0.23,
          "height": 0.21
        }
      },
      {
        "type": "Door",
        "id": 11,
        "location": {
          "x": 4.55,
          "y": 11.55
        },
        "dimensions": {
          "width": 0.18,
          "height": 0.24
        }
      },
      {
        "type": "Door",
        "id": 12,
        "location": {
          "x": 0.96,
          "y": 11.47
        },
        "dimensions": {
          "width": 0.37,
          "height": 0.21
        }
      },
      {
        "type": "Door",
        "id": 13,
        "location": {
          "x": 2.48,
          "y": 11.28
        },
        "dimensions": {
          "width": 0.55,
          "height": 0.28
        }
      },
      {
        "type": "Door",
        "id": 14,
        "location": {
          "x": 5.14,
          "y": 11.22
        },
        "dimensions": {
          "width": 0.55,
          "height": 0.84
        }
      },
      {
        "type": "Door",
        "id": 15,
        "location": {
          "x": 4.38,
          "y": 11.22
        },
        "dimensions": {
          "width": 0.39,
          "height": 0.33
        }
      },
      {
        "type": "Door",
        "id": 16,
        "location": {
          "x": 0.58,
          "y": 10.61
        },
        "dimensions": {
          "width": 2.02,
          "height": 1.18
        }
      },
      {
        "type": "Door",
        "id": 17,
        "location": {
          "x": 8.32,
          "y": 10.6
        },
        "dimensions": {
          "width": 0.15,
          "height": 0.2
        }
      },
      {
        "type": "Door",
        "id": 18,
        "location": {
          "x": 7.36,
          "y": 10.6
        },
        "dimensions": {
          "width": 0.17,
          "height": 0.2
        }
      },
      {
        "type": "Door",
        "id": 19,
        "location": {
          "x": 7.02,
          "y": 10.6
        },
        "dimensions": {
          "width": 0.16,
          "height": 0.2
        }
      },
      {
        "type": "Door",
        "id": 20,
        "location": {
          "x": 6.88,
          "y": 10.6
        },
        "dimensions": {
          "width": 0.14,
          "height": 0.21
        }
      },
      {
        "type": "Door",
        "id": 21,
        "location": {
          "x": 8.42,
          "y": 10.34
        },
        "dimensions": {
          "width": 0.15,
          "height": 0.15
        }
      },
      {
        "type": "Door",
        "id": 22,
        "location": {
          "x": 8.11,
          "y": 10.32
        },
        "dimensions": {
          "width": 0.3,
          "height": 0.25
        }
      },
      {
        "type": "Door",
        "id": 23,
        "location": {
          "x": 2.06,
          "y": 10.24
        },
        "dimensions": {
          "width": 0.58,
          "height": 0.69
        }
      },
      {
        "type": "Window",
        "id": 24,
        "location": {
          "x": 4.11,
          "y": 10.16
        },
        "dimensions": {
          "width": 1.02,
          "height": 0.13
        }
      },
      {
        "type": "Door",
        "id": 25,
        "location": {
          "x": 4.74,
          "y": 10.13
        },
        "dimensions": {
          "width": 1.26,
          "height": 0.88
        }
      },
      {
        "type": "Door",
        "id": 26,
        "location": {
          "x": 1.74,
          "y": 9.02
        },
        "dimensions": {
          "width": 0.24,
          "height": 0.21
        }
      },
      {
        "type": "Door",
        "id": 27,
        "location": {
          "x": 1.07,
          "y": 9.02
        },
        "dimensions": {
          "width": 0.29,
          "height": 0.21
        }
      },
      {
        "type": "Door",
        "id": 28,
        "location": {
          "x": 0.87,
          "y": 9.02
        },
        "dimensions": {
          "width": 0.15,
          "height": 0.21
        }
      },
      {
        "type": "Door",
        "id": 29,
        "location": {
          "x": 2.16,
          "y": 9.01
        },
        "dimensions": {
          "width": 0.15,
          "height": 0.22
        }
      },
      {
        "type": "Door",
        "id": 30,
        "location": {
          "x": 3.65,
          "y": 8.92
        },
        "dimensions": {
          "width": 0.5,
          "height": 1.33
        }
      },
      {
        "type": "Door",
        "id": 31,
        "location": {
          "x": 4.96,
          "y": 8.9
        },
        "dimensions": {
          "width": 0.15,
          "height": 0.17
        }
      },
      {
        "type": "Door",
        "id": 32,
        "location": {
          "x": 4.33,
          "y": 8.9
        },
        "dimensions": {
          "width": 0.3,
          "height": 0.17
        }
      },
      {
        "type": "Door",
        "id": 33,
        "location": {
          "x": 4.13,
          "y": 8.86
        },
        "dimensions": {
          "width": 0.2,
          "height": 0.2
        }
      },
      {
        "type": "Door",
        "id": 34,
        "location": {
          "x": 5.23,
          "y": 8.85
        },
        "dimensions": {
          "width": 0.16,
          "height": 0.21
        }
      },
      {
        "type": "Door",
        "id": 35,
        "location": {
          "x": 7.83,
          "y": 8.78
        },
        "dimensions": {
          "width": 0.2,
          "height": 0.26
        }
      },
      {
        "type": "Window",
        "id": 36,
        "location": {
          "x": 7.12,
          "y": 8.77
        },
        "dimensions": {
          "width": 0.7,
          "height": 0.27
        }
      },
      {
        "type": "Door",
        "id": 37,
        "location": {
          "x": 1.26,
          "y": 8.74
        },
        "dimensions": {
          "width": 0.13,
          "height": 0.14
        }
      },
      {
        "type": "Door",
        "id": 38,
        "location": {
          "x": 1.22,
          "y": 8.71
        },
        "dimensions": {
          "width": 0.38,
          "height": 0.21
        }
      },
      {
        "type": "Door",
        "id": 39,
        "location": {
          "x": 7.52,
          "y": 8.3
        },
        "dimensions": {
          "width": 0.27,
          "height": 0.59
        }
      },
      {
        "type": "Door",
        "id": 40,
        "location": {
          "x": 6.83,
          "y": 8.26
        },
        "dimensions": {
          "width": 0.26,
          "height": 0.37
        }
      },
      {
        "type": "Door",
        "id": 41,
        "location": {
          "x": 9.29,
          "y": 7.91
        },
        "dimensions": {
          "width": 0.08,
          "height": 0.32
        }
      },
      {
        "type": "Door",
        "id": 42,
        "location": {
          "x": 7.79,
          "y": 7.91
        },
        "dimensions": {
          "width": 0.15,
          "height": 0.16
        }
      },
      {
        "type": "Door",
        "id": 43,
        "location": {
          "x": 9.35,
          "y": 7.89
        },
        "dimensions": {
          "width": 0.07,
          "height": 0.32
        }
      },
      {
        "type": "Door",
        "id": 44,
        "location": {
          "x": 6.03,
          "y": 7.74
        },
        "dimensions": {
          "width": 0.72,
          "height": 1.38
        }
      },
      {
        "type": "Door",
        "id": 45,
        "location": {
          "x": 7.73,
          "y": 7.7
        },
        "dimensions": {
          "width": 0.94,
          "height": 1.02
        }
      },
      {
        "type": "Door",
        "id": 46,
        "location": {
          "x": 3.64,
          "y": 7.61
        },
        "dimensions": {
          "width": 0.58,
          "height": 1.88
        }
      },
      {
        "type": "Door",
        "id": 47,
        "location": {
          "x": 0.47,
          "y": 7.5
        },
        "dimensions": {
          "width": 0.17,
          "height": 0.32
        }
      },
      {
        "type": "Door",
        "id": 48,
        "location": {
          "x": 9.65,
          "y": 7.36
        },
        "dimensions": {
          "width": 0.21,
          "height": 0.14
        }
      },
      {
        "type": "Door",
        "id": 49,
        "location": {
          "x": 7.05,
          "y": 7.24
        },
        "dimensions": {
          "width": 0.37,
          "height": 0.26
        }
      },
      {
        "type": "Door",
        "id": 50,
        "location": {
          "x": 6.83,
          "y": 7.24
        },
        "dimensions": {
          "width": 0.27,
          "height": 0.62
        }
      },
      {
        "type": "Door",
        "id": 51,
        "location": {
          "x": 6.8,
          "y": 7.2
        },
        "dimensions": {
          "width": 1.65,
          "height": 1.87
        }
      },
      {
        "type": "Door",
        "id": 52,
        "location": {
          "x": 0.07,
          "y": 7.12
        },
        "dimensions": {
          "width": 0.3,
          "height": 1.32
        }
      },
      {
        "type": "Door",
        "id": 53,
        "location": {
          "x": 4.18,
          "y": 6.88
        },
        "dimensions": {
          "width": 1.84,
          "height": 1.38
        }
      },
      {
        "type": "Door",
        "id": 54,
        "location": {
          "x": 0.63,
          "y": 6.71
        },
        "dimensions": {
          "width": 0.33,
          "height": 0.27
        }
      },
      {
        "type": "Door",
        "id": 55,
        "location": {
          "x": 0.47,
          "y": 6.71
        },
        "dimensions": {
          "width": 0.15,
          "height": 0.3
        }
      },
      {
        "type": "Window",
        "id": 56,
        "location": {
          "x": 2.02,
          "y": 6.64
        },
        "dimensions": {
          "width": 0.68,
          "height": 0.3
        }
      },
      {
        "type": "Door",
        "id": 57,
        "location": {
          "x": 6.81,
          "y": 6.48
        },
        "dimensions": {
          "width": 0.38,
          "height": 0.37
        }
      },
      {
        "type": "Door",
        "id": 58,
        "location": {
          "x": 4.36,
          "y": 6.48
        },
        "dimensions": {
          "width": 0.29,
          "height": 0.21
        }
      },
      {
        "type": "Door",
        "id": 59,
        "location": {
          "x": 3.12,
          "y": 6.47
        },
        "dimensions": {
          "width": 0.25,
          "height": 0.22
        }
      },
      {
        "type": "Door",
        "id": 60,
        "location": {
          "x": 8.92,
          "y": 6.4
        },
        "dimensions": {
          "width": 0.31,
          "height": 0.49
        }
      },
      {
        "type": "Door",
        "id": 61,
        "location": {
          "x": 9.37,
          "y": 6.34
        },
        "dimensions": {
          "width": 0.04,
          "height": 0.61
        }
      },
      {
        "type": "Door",
        "id": 62,
        "location": {
          "x": 8.71,
          "y": 6.23
        },
        "dimensions": {
          "width": 0.65,
          "height": 0.75
        }
      },
      {
        "type": "Window",
        "id": 63,
        "location": {
          "x": 6.25,
          "y": 6.23
        },
        "dimensions": {
          "width": 0.46,
          "height": 0.2
        }
      },
      {
        "type": "Window",
        "id": 64,
        "location": {
          "x": 3.56,
          "y": 6.16
        },
        "dimensions": {
          "width": 0.73,
          "height": 0.3
        }
      },
      {
        "type": "Door",
        "id": 65,
        "location": {
          "x": 6.81,
          "y": 6.09
        },
        "dimensions": {
          "width": 0.4,
          "height": 0.38
        }
      },
      {
        "type": "Door",
        "id": 66,
        "location": {
          "x": 8.04,
          "y": 6.06
        },
        "dimensions": {
          "width": 0.32,
          "height": 0.33
        }
      },
      {
        "type": "Door",
        "id": 67,
        "location": {
          "x": 0.46,
          "y": 5.88
        },
        "dimensions": {
          "width": 0.34,
          "height": 0.74
        }
      },
      {
        "type": "Door",
        "id": 68,
        "location": {
          "x": 8.46,
          "y": 5.8
        },
        "dimensions": {
          "width": 0.15,
          "height": 0.17
        }
      },
      {
        "type": "Door",
        "id": 69,
        "location": {
          "x": 6.46,
          "y": 5.71
        },
        "dimensions": {
          "width": 0.77,
          "height": 1.45
        }
      },
      {
        "type": "Door",
        "id": 70,
        "location": {
          "x": 6.11,
          "y": 5.71
        },
        "dimensions": {
          "width": 0.35,
          "height": 0.31
        }
      },
      {
        "type": "Door",
        "id": 71,
        "location": {
          "x": 7.32,
          "y": 5.69
        },
        "dimensions": {
          "width": 0.69,
          "height": 1.78
        }
      },
      {
        "type": "Door",
        "id": 72,
        "location": {
          "x": 4.83,
          "y": 5.62
        },
        "dimensions": {
          "width": 1.39,
          "height": 2.08
        }
      },
      {
        "type": "Door",
        "id": 73,
        "location": {
          "x": 1.8,
          "y": 5.07
        },
        "dimensions": {
          "width": 0.36,
          "height": 0.22
        }
      },
      {
        "type": "Door",
        "id": 74,
        "location": {
          "x": 2.04,
          "y": 4.78
        },
        "dimensions": {
          "width": 0.12,
          "height": 0.21
        }
      },
      {
        "type": "Window",
        "id": 75,
        "location": {
          "x": 2.16,
          "y": 4.77
        },
        "dimensions": {
          "width": 0.59,
          "height": 0.21
        }
      },
      {
        "type": "Door",
        "id": 76,
        "location": {
          "x": 0.47,
          "y": 4.48
        },
        "dimensions": {
          "width": 0.4,
          "height": 0.75
        }
      },
      {
        "type": "Door",
        "id": 77,
        "location": {
          "x": 5.95,
          "y": 4.47
        },
        "dimensions": {
          "width": 0.36,
          "height": 0.21
        }
      },
      {
        "type": "Window",
        "id": 78,
        "location": {
          "x": 3.93,
          "y": 4.16
        },
        "dimensions": {
          "width": 2.8,
          "height": 0.91
        }
      },
      {
        "type": "Door",
        "id": 79,
        "location": {
          "x": 6.39,
          "y": 3.81
        },
        "dimensions": {
          "width": 0.23,
          "height": 0.18
        }
      },
      {
        "type": "Window",
        "id": 80,
        "location": {
          "x": 5.72,
          "y": 3.51
        },
        "dimensions": {
          "width": 0.55,
          "height": 0.16
        }
      },
      {
        "type": "Door",
        "id": 81,
        "location": {
          "x": 8.61,
          "y": 2.93
        },
        "dimensions": {
          "width": 0.14,
          "height": 0.21
        }
      },
      {
        "type": "Door",
        "id": 82,
        "location": {
          "x": 7.68,
          "y": 2.93
        },
        "dimensions": {
          "width": 0.15,
          "height": 0.21
        }
      },
      {
        "type": "Door",
        "id": 83,
        "location": {
          "x": 2.09,
          "y": 2.87
        },
        "dimensions": {
          "width": 0.12,
          "height": 0.17
        }
      },
      {
        "type": "Door",
        "id": 84,
        "location": {
          "x": 2.59,
          "y": 2.82
        },
        "dimensions": {
          "width": 0.28,
          "height": 0.21
        }
      },
      {
        "type": "Door",
        "id": 85,
        "location": {
          "x": 2.3,
          "y": 2.82
        },
        "dimensions": {
          "width": 0.23,
          "height": 0.21
        }
      },
      {
        "type": "Door",
        "id": 86,
        "location": {
          "x": 1.75,
          "y": 2.82
        },
        "dimensions": {
          "width": 0.16,
          "height": 0.22
        }
      },
      {
        "type": "Door",
        "id": 87,
        "location": {
          "x": 7.58,
          "y": 2.66
        },
        "dimensions": {
          "width": 0.27,
          "height": 0.16
        }
      },
      {
        "type": "Door",
        "id": 88,
        "location": {
          "x": 7.23,
          "y": 2.61
        },
        "dimensions": {
          "width": 0.35,
          "height": 0.21
        }
      },
      {
        "type": "Window",
        "id": 89,
        "location": {
          "x": 7.94,
          "y": 2.6
        },
        "dimensions": {
          "width": 0.61,
          "height": 0.22
        }
      },
      {
        "type": "Window",
        "id": 90,
        "location": {
          "x": 1.52,
          "y": 2.51
        },
        "dimensions": {
          "width": 0.75,
          "height": 0.26
        }
      },
      {
        "type": "Door",
        "id": 91,
        "location": {
          "x": 5.43,
          "y": 2.33
        },
        "dimensions": {
          "width": 0.14,
          "height": 0.17
        }
      },
      {
        "type": "Door",
        "id": 92,
        "location": {
          "x": 5.26,
          "y": 2.29
        },
        "dimensions": {
          "width": 0.17,
          "height": 0.2
        }
      },
      {
        "type": "Door",
        "id": 93,
        "location": {
          "x": 4.64,
          "y": 2.29
        },
        "dimensions": {
          "width": 0.37,
          "height": 0.21
        }
      },
      {
        "type": "Door",
        "id": 94,
        "location": {
          "x": 5.57,
          "y": 2.28
        },
        "dimensions": {
          "width": 0.14,
          "height": 0.21
        }
      },
      {
        "type": "Door",
        "id": 95,
        "location": {
          "x": 6.19,
          "y": 1.83
        },
        "dimensions": {
          "width": 0.5,
          "height": 1.48
        }
      },
      {
        "type": "Door",
        "id": 96,
        "location": {
          "x": 4.26,
          "y": 1.24
        },
        "dimensions": {
          "width": 5.89,
          "height": 12.84
        }
      },
      {
        "type": "Door",
        "id": 97,
        "location": {
          "x": 3.88,
          "y": 1.2
        },
        "dimensions": {
          "width": 0.33,
          "height": 1.34
        }
      },
      {
        "type": "Window",
        "id": 98,
        "location": {
          "x": 2.9,
          "y": 1.19
        },
        "dimensions": {
          "width": 0.35,
          "height": 0.05
        }
      },
      {
        "type": "Window",
        "id": 99,
        "location": {
          "x": 8.08,
          "y": 1.09
        },
        "dimensions": {
          "width": 1.11,
          "height": 0.22
        }
      },
      {
        "type": "Window",
        "id": 100,
        "location": {
          "x": 0.67,
          "y": 1.07
        },
        "dimensions": {
          "width": 0.43,
          "height": 0.17
        }
      },
      {
        "type": "Door",
        "id": 101,
        "location": {
          "x": 8.89,
          "y": 0.92
        },
        "dimensions": {
          "width": 0.75,
          "height": 7.24
        }
      },
      {
        "type": "Window",
        "id": 102,
        "location": {
          "x": 3.36,
          "y": 0.9
        },
        "dimensions": {
          "width": 5.08,
          "height": 0.3
        }
      },
      {
        "type": "Window",
        "id": 103,
        "location": {
          "x": 1.09,
          "y": 0.53
        },
        "dimensions": {
          "width": 2.16,
          "height": 0.66
        }
      },
      {
        "type": "Door",
        "id": 104,
        "location": {
          "x": 0.14,
          "y": 0.35
        },
        "dimensions": {
          "width": 4.53,
          "height": 6.76
        }
      },
      {
        "type": "Door",
        "id": 105,
        "location": {
          "x": 4.78,
          "y": 0.12
        },
        "dimensions": {
          "width": 0.28,
          "height": 0.21
        }
      }
    ]
  }
}