{
  "floorPlan": {
    "name": "Floor Plan 28_26.jpg",
    "units": "feet",
    "totalArea": 14.24,
    "totalRooms": 4,
    "rooms": [
      {
        "id": 1,
        "name": "99",
        "shape": "Triangle",
        "dimensions": {
          "width": 0.73,
          "length": 0.72,
          "height": 0.58
        },
        "position": {
          "x": 8.55,
          "y": 9.98
        },
        "windows": [],
        "doors": [],
        "connected_to": []
      },
      {
        "id": 2,
        "name": "Room_2",
        "shape": "Octagon",
        "dimensions": {
          "width": 1.74,
          "length": 2.15,
          "height": 1.72
        },
        "position": {
          "x": 3.81,
          "y": 1.85
        },
        "windows": [],
        "doors": [],
        "connected_to": []
      },
      {
        "id": 3,
        "name": "Room_3",
        "shape": "Octagon",
        "dimensions": {
          "width": 2.75,
          "length": 2.64,
          "height": 2.2
        },
        "position": {
          "x": 3.66,
          "y": 1.69
        },
        "windows": [],
        "doors": [
          {
            "type": "Door",
            "id": 36,
            "location": {
              "x": 6.28,
              "y": 3.7
            },
            "dimensions": {
              "width": 0.19,
              "height": 0.26
            }
          },
          {
            "type": "Door",
            "id": 37,
            "location": {
              "x": 5.73,
              "y": 3.69
            },
            "dimensions": {
              "width": 0.25,
              "height": 0.27
            }
          },
          {
            "type": "Door",
            "id": 39,
            "location": {
              "x": 6.17,
              "y": 3.28
            },
            "dimensions": {
              "width": 0.18,
              "height": 0.26
            }
          },
          {
            "type": "Door",
            "id": 40,
            "location": {
              "x": 5.92,
              "y": 3.28
            },
            "dimensions": {
              "width": 0.2,
              "height": 0.26
            }
          },
          {
            "type": "Door",
            "id": 41,
            "location": {
              "x": 5.66,
              "y": 3.27
            },
            "dimensions": {
              "width": 0.2,
              "height": 0.28
            }
          },
          {
            "type": "Door",
            "id": 45,
            "location": {
              "x": 5.87,
              "y": 2.75
            },
            "dimensions": {
              "width": 0.25,
              "height": 0.47
            }
          },
          {
            "type": "Door",
            "id": 49,
            "location": {
              "x": 6.37,
              "y": 2.06
            },
            "dimensions": {
              "width": 0.69,
              "height": 0.55
            }
          }
        ],
        "connected_to": []
      },
      {
        "id": 4,
        "name": "SHWRI",
        "shape": "Rectangle",
        "dimensions": {
          "width": 1.57,
          "length": 1.73,
          "height": 1.38
        },
        "position": {
          "x": 6.42,
          "y": 0.01
        },
        "windows": [],
        "doors": [],
        "connected_to": []
      }
    ],
    "doorsAndWindows": [
      {
        "type": "Door",
        "id": 1,
        "location": {
          "x": 7.21,
          "y": 10.36
        },
        "dimensions": {
          "width": 0.15,
          "height": 0.1
        }
      },
      {
        "type": "Door",
        "id": 2,
        "location": {
          "x": 7.43,
          "y": 10.07
        },
        "dimensions": {
          "width": 0.39,
          "height": 0.58
        }
      },
      {
        "type": "Door",
        "id": 3,
        "location": {
          "x": 6.64,
          "y": 10.06
        },
        "dimensions": {
          "width": 0.36,
          "height": 0.58
        }
      },
      {
        "type": "Door",
        "id": 4,
        "location": {
          "x": 6.31,
          "y": 10.06
        },
        "dimensions": {
          "width": 0.26,
          "height": 0.58
        }
      },
      {
        "type": "Door",
        "id": 5,
        "location": {
          "x": 7.85,
          "y": 10.01
        },
        "dimensions": {
          "width": 0.3,
          "height": 0.24
        }
      },
      {
        "type": "Door",
        "id": 6,
        "location": {
          "x": 7.02,
          "y": 10.0
        },
        "dimensions": {
          "width": 0.15,
          "height": 0.25
        }
      },
      {
        "type": "Door",
        "id": 7,
        "location": {
          "x": 3.63,
          "y": 6.88
        },
        "dimensions": {
          "width": 0.31,
          "height": 0.28
        }
      },
      {
        "type": "Window",
        "id": 8,
        "location": {
          "x": 5.54,
          "y": 6.68
        },
        "dimensions": {
          "width": 2.45,
          "height": 0.85
        }
      },
      {
        "type": "Door",
        "id": 9,
        "location": {
          "x": 0.1,
          "y": 6.2
        },
        "dimensions": {
          "width": 0.75,
          "height": 0.75
        }
      },
      {
        "type": "Door",
        "id": 10,
        "location": {
          "x": 9.34,
          "y": 5.58
        },
        "dimensions": {
          "width": 0.18,
          "height": 0.26
        }
      },
      {
        "type": "Door",
        "id": 11,
        "location": {
          "x": 8.88,
          "y": 5.58
        },
        "dimensions": {
          "width": 0.16,
          "height": 0.26
        }
      },
      {
        "type": "Door",
        "id": 12,
        "location": {
          "x": 8.26,
          "y": 5.58
        },
        "dimensions": {
          "width": 0.21,
          "height": 0.25
        }
      },
      {
        "type": "Door",
        "id": 13,
        "location": {
          "x": 7.81,
          "y": 5.58
        },
        "dimensions": {
          "width": 0.19,
          "height": 0.26
        }
      },
      {
        "type": "Door",
        "id": 14,
        "location": {
          "x": 7.35,
          "y": 5.31
        },
        "dimensions": {
          "width": 0.18,
          "height": 1.59
        }
      },
      {
        "type": "Door",
        "id": 15,
        "location": {
          "x": 4.93,
          "y": 5.2
        },
        "dimensions": {
          "width": 0.19,
          "height": 0.26
        }
      },
      {
        "type": "Door",
        "id": 16,
        "location": {
          "x": 4.64,
          "y": 5.2
        },
        "dimensions": {
          "width": 0.23,
          "height": 0.27
        }
      },
      {
        "type": "Door",
        "id": 17,
        "location": {
          "x": 4.37,
          "y": 5.2
        },
        "dimensions": {
          "width": 0.21,
          "height": 0.26
        }
      },
      {
        "type": "Door",
        "id": 18,
        "location": {
          "x": 4.07,
          "y": 5.2
        },
        "dimensions": {
          "width": 0.25,
          "height": 0.26
        }
      },
      {
        "type": "Door",
        "id": 19,
        "location": {
          "x": 3.83,
          "y": 5.2
        },
        "dimensions": {
          "width": 0.19,
          "height": 0.26
        }
      },
      {
        "type": "Door",
        "id": 20,
        "location": {
          "x": 0.0,
          "y": 5.2
        },
        "dimensions": {
          "width": 0.34,
          "height": 0.57
        }
      },
      {
        "type": "Door",
        "id": 21,
        "location": {
          "x": 0.42,
          "y": 5.19
        },
        "dimensions": {
          "width": 0.29,
          "height": 0.56
        }
      },
      {
        "type": "Door",
        "id": 22,
        "location": {
          "x": 0.79,
          "y": 5.13
        },
        "dimensions": {
          "width": 0.15,
          "height": 0.25
        }
      },
      {
        "type": "Door",
        "id": 23,
        "location": {
          "x": 9.11,
          "y": 4.69
        },
        "dimensions": {
          "width": 0.44,
          "height": 0.59
        }
      },
      {
        "type": "Door",
        "id": 24,
        "location": {
          "x": 8.39,
          "y": 4.69
        },
        "dimensions": {
          "width": 0.29,
          "height": 0.59
        }
      },
      {
        "type": "Door",
        "id": 25,
        "location": {
          "x": 7.78,
          "y": 4.69
        },
        "dimensions": {
          "width": 0.5,
          "height": 0.6
        }
      },
      {
        "type": "Door",
        "id": 26,
        "location": {
          "x": 8.74,
          "y": 4.67
        },
        "dimensions": {
          "width": 0.33,
          "height": 0.61
        }
      },
      {
        "type": "Door",
        "id": 27,
        "location": {
          "x": 7.19,
          "y": 4.67
        },
        "dimensions": {
          "width": 0.52,
          "height": 0.62
        }
      },
      {
        "type": "Door",
        "id": 28,
        "location": {
          "x": 8.99,
          "y": 4.26
        },
        "dimensions": {
          "width": 0.22,
          "height": 0.26
        }
      },
      {
        "type": "Door",
        "id": 29,
        "location": {
          "x": 8.75,
          "y": 4.26
        },
        "dimensions": {
          "width": 0.18,
          "height": 0.26
        }
      },
      {
        "type": "Door",
        "id": 30,
        "location": {
          "x": 8.5,
          "y": 4.26
        },
        "dimensions": {
          "width": 0.2,
          "height": 0.26
        }
      },
      {
        "type": "Door",
        "id": 31,
        "location": {
          "x": 8.04,
          "y": 4.26
        },
        "dimensions": {
          "width": 0.2,
          "height": 0.26
        }
      },
      {
        "type": "Door",
        "id": 32,
        "location": {
          "x": 7.76,
          "y": 4.26
        },
        "dimensions": {
          "width": 0.22,
          "height": 0.26
        }
      },
      {
        "type": "Door",
        "id": 33,
        "location": {
          "x": 7.51,
          "y": 4.26
        },
        "dimensions": {
          "width": 0.2,
          "height": 0.26
        }
      },
      {
        "type": "Door",
        "id": 34,
        "location": {
          "x": 0.1,
          "y": 3.96
        },
        "dimensions": {
          "width": 0.75,
          "height": 0.75
        }
      },
      {
        "type": "Door",
        "id": 35,
        "location": {
          "x": 6.52,
          "y": 3.7
        },
        "dimensions": {
          "width": 0.21,
          "height": 0.26
        }
      },
      {
        "type": "Door",
        "id": 36,
        "location": {
          "x": 6.28,
          "y": 3.7
        },
        "dimensions": {
          "width": 0.19,
          "height": 0.26
        }
      },
      {
        "type": "Door",
        "id": 37,
        "location": {
          "x": 5.73,
          "y": 3.69
        },
        "dimensions": {
          "width": 0.25,
          "height": 0.27
        }
      },
      {
        "type": "Door",
        "id": 38,
        "location": {
          "x": 6.62,
          "y": 3.28
        },
        "dimensions": {
          "width": 0.18,
          "height": 0.26
        }
      },
      {
        "type": "Door",
        "id": 39,
        "location": {
          "x": 6.17,
          "y": 3.28
        },
        "dimensions": {
          "width": 0.18,
          "height": 0.26
        }
      },
      {
        "type": "Door",
        "id": 40,
        "location": {
          "x": 5.92,
          "y": 3.28
        },
        "dimensions": {
          "width": 0.2,
          "height": 0.26
        }
      },
      {
        "type": "Door",
        "id": 41,
        "location": {
          "x": 5.66,
          "y": 3.27
        },
        "dimensions": {
          "width": 0.2,
          "height": 0.28
        }
      },
      {
        "type": "Door",
        "id": 42,
        "location": {
          "x": 7.63,
          "y": 3.19
        },
        "dimensions": {
          "width": 0.17,
          "height": 0.21
        }
      },
      {
        "type": "Door",
        "id": 43,
        "location": {
          "x": 7.45,
          "y": 3.19
        },
        "dimensions": {
          "width": 0.15,
          "height": 0.21
        }
      },
      {
        "type": "Door",
        "id": 44,
        "location": {
          "x": 7.04,
          "y": 3.19
        },
        "dimensions": {
          "width": 0.2,
          "height": 0.21
        }
      },
      {
        "type": "Door",
        "id": 45,
        "location": {
          "x": 5.87,
          "y": 2.75
        },
        "dimensions": {
          "width": 0.25,
          "height": 0.47
        }
      },
      {
        "type": "Door",
        "id": 46,
        "location": {
          "x": 7.54,
          "y": 2.38
        },
        "dimensions": {
          "width": 0.15,
          "height": 0.2
        }
      },
      {
        "type": "Door",
        "id": 47,
        "location": {
          "x": 7.36,
          "y": 2.38
        },
        "dimensions": {
          "width": 0.15,
          "height": 0.21
        }
      },
      {
        "type": "Door",
        "id": 48,
        "location": {
          "x": 7.17,
          "y": 2.38
        },
        "dimensions": {
          "width": 0.16,
          "height": 0.2
        }
      },
      {
        "type": "Door",
        "id": 49,
        "location": {
          "x": 6.37,
          "y": 2.06
        },
        "dimensions": {
          "width": 0.69,
          "height": 0.55
        }
      },
      {
        "type": "Door",
        "id": 50,
        "location": {
          "x": 6.67,
          "y": 0.0
        },
        "dimensions": {
          "width": 3.57,
          "height": 2.78
        }
      },
      {
        "type": "Door",
        "id": 51,
        "location": {
          "x": 3.65,
          "y": 0.0
        },
        "dimensions": {
          "width": 6.59,
          "height": 8.66
        }
      }
    ]
  }
}