{
  "floorPlan": {
    "name": "Floor Plan 28_27.jpg",
    "units": "feet",
    "totalArea": 29.17,
    "totalRooms": 7,
    "rooms": [
      {
        "id": 1,
        "name": "Room_1",
        "shape": "Irregular",
        "dimensions": {
          "width": 1.23,
          "length": 3.97,
          "height": 3.18
        },
        "position": {
          "x": 5.42,
          "y": 6.41
        },
        "windows": [],
        "doors": [
          {
            "type": "Door",
            "id": 4,
            "location": {
              "x": 5.72,
              "y": 9.44
            },
            "dimensions": {
              "width": 0.13,
              "height": 0.12
            }
          },
          {
            "type": "Door",
            "id": 23,
            "location": {
              "x": 6.63,
              "y": 6.65
            },
            "dimensions": {
              "width": 0.47,
              "height": 0.45
            }
          },
          {
            "type": "Door",
            "id": 25,
            "location": {
              "x": 6.32,
              "y": 6.54
            },
            "dimensions": {
              "width": 0.06,
              "height": 0.55
            }
          }
        ],
        "connected_to": []
      },
      {
        "id": 2,
        "name": "Text_37",
        "shape": "Irregular",
        "dimensions": {
          "width": 2.92,
          "length": 2.29,
          "height": 2.34
        },
        "position": {
          "x": 3.05,
          "y": 5.57
        },
        "windows": [
          {
            "type": "Window",
            "id": 20,
            "location": {
              "x": 3.53,
              "y": 7.05
            },
            "dimensions": {
              "width": 0.52,
              "height": 0.21
            }
          }
        ],
        "doors": [
          {
            "type": "Door",
            "id": 16,
            "location": {
              "x": 5.08,
              "y": 7.36
            },
            "dimensions": {
              "width": 0.12,
              "height": 0.15
            }
          },
          {
            "type": "Door",
            "id": 17,
            "location": {
              "x": 5.33,
              "y": 7.19
            },
            "dimensions": {
              "width": 0.11,
              "height": 0.14
            }
          },
          {
            "type": "Door",
            "id": 18,
            "location": {
              "x": 5.2,
              "y": 7.19
            },
            "dimensions": {
              "width": 0.11,
              "height": 0.14
            }
          },
          {
            "type": "Door",
            "id": 27,
            "location": {
              "x": 4.62,
              "y": 6.38
            },
            "dimensions": {
              "width": 2.03,
              "height": 4.0
            }
          },
          {
            "type": "Door",
            "id": 31,
            "location": {
              "x": 5.08,
              "y": 6.06
            },
            "dimensions": {
              "width": 0.1,
              "height": 0.14
            }
          },
          {
            "type": "Door",
            "id": 32,
            "location": {
              "x": 4.58,
              "y": 6.05
            },
            "dimensions": {
              "width": 0.34,
              "height": 0.38
            }
          },
          {
            "type": "Door",
            "id": 37,
            "location": {
              "x": 5.33,
              "y": 5.74
            },
            "dimensions": {
              "width": 0.22,
              "height": 0.23
            }
          },
          {
            "type": "Door",
            "id": 38,
            "location": {
              "x": 4.59,
              "y": 5.74
            },
            "dimensions": {
              "width": 0.23,
              "height": 0.32
            }
          }
        ],
        "connected_to": []
      },
      {
        "id": 3,
        "name": "Text_44",
        "shape": "Rectangle",
        "dimensions": {
          "width": 0.73,
          "length": 2.01,
          "height": 1.61
        },
        "position": {
          "x": 1.88,
          "y": 5.57
        },
        "windows": [],
        "doors": [
          {
            "type": "Door",
            "id": 22,
            "location": {
              "x": 2.31,
              "y": 6.92
            },
            "dimensions": {
              "width": 0.14,
              "height": 0.49
            }
          }
        ],
        "connected_to": []
      },
      {
        "id": 4,
        "name": "Text_46",
        "shape": "Irregular",
        "dimensions": {
          "width": 2.24,
          "length": 2.33,
          "height": 1.86
        },
        "position": {
          "x": 6.96,
          "y": 5.0
        },
        "windows": [],
        "doors": [
          {
            "type": "Door",
            "id": 24,
            "location": {
              "x": 7.22,
              "y": 6.64
            },
            "dimensions": {
              "width": 0.4,
              "height": 0.39
            }
          },
          {
            "type": "Door",
            "id": 26,
            "location": {
              "x": 7.87,
              "y": 6.52
            },
            "dimensions": {
              "width": 0.14,
              "height": 0.27
            }
          },
          {
            "type": "Door",
            "id": 28,
            "location": {
              "x": 8.83,
              "y": 6.33
            },
            "dimensions": {
              "width": 0.11,
              "height": 0.15
            }
          },
          {
            "type": "Door",
            "id": 29,
            "location": {
              "x": 8.07,
              "y": 6.33
            },
            "dimensions": {
              "width": 0.2,
              "height": 0.37
            }
          },
          {
            "type": "Door",
            "id": 33,
            "location": {
              "x": 7.33,
              "y": 5.98
            },
            "dimensions": {
              "width": 0.06,
              "height": 0.42
            }
          },
          {
            "type": "Door",
            "id": 34,
            "location": {
              "x": 7.57,
              "y": 5.97
            },
            "dimensions": {
              "width": 0.86,
              "height": 1.12
            }
          },
          {
            "type": "Door",
            "id": 40,
            "location": {
              "x": 7.3,
              "y": 5.55
            },
            "dimensions": {
              "width": 0.23,
              "height": 0.3
            }
          },
          {
            "type": "Door",
            "id": 43,
            "location": {
              "x": 9.13,
              "y": 5.18
            },
            "dimensions": {
              "width": 0.1,
              "height": 0.62
            }
          },
          {
            "type": "Door",
            "id": 44,
            "location": {
              "x": 8.47,
              "y": 5.17
            },
            "dimensions": {
              "width": 0.66,
              "height": 0.7
            }
          },
          {
            "type": "Door",
            "id": 45,
            "location": {
              "x": 8.42,
              "y": 5.17
            },
            "dimensions": {
              "width": 0.66,
              "height": 0.71
            }
          }
        ],
        "connected_to": [
          6,
          7
        ]
      },
      {
        "id": 5,
        "name": "Text_45",
        "shape": "Irregular",
        "dimensions": {
          "width": 0.8,
          "length": 5.01,
          "height": 4.01
        },
        "position": {
          "x": 0.64,
          "y": 4.77
        },
        "windows": [],
        "doors": [
          {
            "type": "Door",
            "id": 11,
            "location": {
              "x": 1.25,
              "y": 8.37
            },
            "dimensions": {
              "width": 0.13,
              "height": 0.15
            }
          },
          {
            "type": "Door",
            "id": 36,
            "location": {
              "x": 1.44,
              "y": 5.87
            },
            "dimensions": {
              "width": 0.29,
              "height": 0.69
            }
          },
          {
            "type": "Door",
            "id": 42,
            "location": {
              "x": 1.04,
              "y": 5.46
            },
            "dimensions": {
              "width": 0.06,
              "height": 0.44
            }
          },
          {
            "type": "Door",
            "id": 47,
            "location": {
              "x": 0.71,
              "y": 5.06
            },
            "dimensions": {
              "width": 0.38,
              "height": 1.68
            }
          },
          {
            "type": "Door",
            "id": 49,
            "location": {
              "x": 1.44,
              "y": 4.79
            },
            "dimensions": {
              "width": 1.17,
              "height": 2.79
            }
          }
        ],
        "connected_to": []
      },
      {
        "id": 6,
        "name": "Text_71",
        "shape": "Irregular",
        "dimensions": {
          "width": 1.92,
          "length": 1.9,
          "height": 1.54
        },
        "position": {
          "x": 6.42,
          "y": 4.05
        },
        "windows": [],
        "doors": [
          {
            "type": "Door",
            "id": 40,
            "location": {
              "x": 7.3,
              "y": 5.55
            },
            "dimensions": {
              "width": 0.23,
              "height": 0.3
            }
          },
          {
            "type": "Door",
            "id": 48,
            "location": {
              "x": 6.79,
              "y": 4.87
            },
            "dimensions": {
              "width": 2.41,
              "height": 2.73
            }
          },
          {
            "type": "Door",
            "id": 51,
            "location": {
              "x": 6.64,
              "y": 4.21
            },
            "dimensions": {
              "width": 1.17,
              "height": 1.09
            }
          },
          {
            "type": "Door",
            "id": 53,
            "location": {
              "x": 7.67,
              "y": 4.13
            },
            "dimensions": {
              "width": 1.46,
              "height": 1.73
            }
          }
        ],
        "connected_to": [
          4
        ]
      },
      {
        "id": 7,
        "name": "Text_100",
        "shape": "Irregular",
        "dimensions": {
          "width": 1.03,
          "length": 3.16,
          "height": 2.53
        },
        "position": {
          "x": 8.17,
          "y": 2.04
        },
        "windows": [],
        "doors": [
          {
            "type": "Door",
            "id": 43,
            "location": {
              "x": 9.13,
              "y": 5.18
            },
            "dimensions": {
              "width": 0.1,
              "height": 0.62
            }
          },
          {
            "type": "Door",
            "id": 44,
            "location": {
              "x": 8.47,
              "y": 5.17
            },
            "dimensions": {
              "width": 0.66,
              "height": 0.7
            }
          },
          {
            "type": "Door",
            "id": 45,
            "location": {
              "x": 8.42,
              "y": 5.17
            },
            "dimensions": {
              "width": 0.66,
              "height": 0.71
            }
          },
          {
            "type": "Door",
            "id": 50,
            "location": {
              "x": 8.89,
              "y": 4.23
            },
            "dimensions": {
              "width": 0.24,
              "height": 0.38
            }
          },
          {
            "type": "Door",
            "id": 54,
            "location": {
              "x": 8.37,
              "y": 4.13
            },
            "dimensions": {
              "width": 0.33,
              "height": 0.33
            }
          }
        ],
        "connected_to": [
          4
        ]
      }
    ],
    "doorsAndWindows": [
      {
        "type": "Window",
        "id": 1,
        "location": {
          "x": 7.15,
          "y": 10.31
        },
        "dimensions": {
          "width": 0.8,
          "height": 0.11
        }
      },
      {
        "type": "Door",
        "id": 2,
        "location": {
          "x": 9.27,
          "y": 10.15
        },
        "dimensions": {
          "width": 0.24,
          "height": 0.17
        }
      },
      {
        "type": "Window",
        "id": 3,
        "location": {
          "x": 4.32,
          "y": 9.47
        },
        "dimensions": {
          "width": 1.39,
          "height": 0.06
        }
      },
      {
        "type": "Door",
        "id": 4,
        "location": {
          "x": 5.72,
          "y": 9.44
        },
        "dimensions": {
          "width": 0.13,
          "height": 0.12
        }
      },
      {
        "type": "Door",
        "id": 5,
        "location": {
          "x": 4.63,
          "y": 8.88
        },
        "dimensions": {
          "width": 0.1,
          "height": 0.15
        }
      },
      {
        "type": "Door",
        "id": 6,
        "location": {
          "x": 4.48,
          "y": 8.88
        },
        "dimensions": {
          "width": 0.12,
          "height": 0.14
        }
      },
      {
        "type": "Door",
        "id": 7,
        "location": {
          "x": 4.12,
          "y": 8.88
        },
        "dimensions": {
          "width": 0.12,
          "height": 0.15
        }
      },
      {
        "type": "Door",
        "id": 8,
        "location": {
          "x": 3.4,
          "y": 8.88
        },
        "dimensions": {
          "width": 0.11,
          "height": 0.15
        }
      },
      {
        "type": "Door",
        "id": 9,
        "location": {
          "x": 8.65,
          "y": 8.83
        },
        "dimensions": {
          "width": 0.61,
          "height": 1.55
        }
      },
      {
        "type": "Door",
        "id": 10,
        "location": {
          "x": 1.73,
          "y": 8.56
        },
        "dimensions": {
          "width": 0.13,
          "height": 0.13
        }
      },
      {
        "type": "Door",
        "id": 11,
        "location": {
          "x": 1.25,
          "y": 8.37
        },
        "dimensions": {
          "width": 0.13,
          "height": 0.15
        }
      },
      {
        "type": "Window",
        "id": 12,
        "location": {
          "x": 3.71,
          "y": 8.23
        },
        "dimensions": {
          "width": 0.91,
          "height": 0.31
        }
      },
      {
        "type": "Door",
        "id": 13,
        "location": {
          "x": 2.05,
          "y": 8.23
        },
        "dimensions": {
          "width": 0.85,
          "height": 1.55
        }
      },
      {
        "type": "Door",
        "id": 14,
        "location": {
          "x": 2.9,
          "y": 7.87
        },
        "dimensions": {
          "width": 0.8,
          "height": 0.52
        }
      },
      {
        "type": "Door",
        "id": 15,
        "location": {
          "x": 2.71,
          "y": 7.59
        },
        "dimensions": {
          "width": 0.25,
          "height": 0.13
        }
      },
      {
        "type": "Door",
        "id": 16,
        "location": {
          "x": 5.08,
          "y": 7.36
        },
        "dimensions": {
          "width": 0.12,
          "height": 0.15
        }
      },
      {
        "type": "Door",
        "id": 17,
        "location": {
          "x": 5.33,
          "y": 7.19
        },
        "dimensions": {
          "width": 0.11,
          "height": 0.14
        }
      },
      {
        "type": "Door",
        "id": 18,
        "location": {
          "x": 5.2,
          "y": 7.19
        },
        "dimensions": {
          "width": 0.11,
          "height": 0.14
        }
      },
      {
        "type": "Door",
        "id": 19,
        "location": {
          "x": 9.33,
          "y": 7.16
        },
        "dimensions": {
          "width": 0.18,
          "height": 0.27
        }
      },
      {
        "type": "Window",
        "id": 20,
        "location": {
          "x": 3.53,
          "y": 7.05
        },
        "dimensions": {
          "width": 0.52,
          "height": 0.21
        }
      },
      {
        "type": "Door",
        "id": 21,
        "location": {
          "x": 2.76,
          "y": 7.02
        },
        "dimensions": {
          "width": 0.12,
          "height": 0.15
        }
      },
      {
        "type": "Door",
        "id": 22,
        "location": {
          "x": 2.31,
          "y": 6.92
        },
        "dimensions": {
          "width": 0.14,
          "height": 0.49
        }
      },
      {
        "type": "Door",
        "id": 23,
        "location": {
          "x": 6.63,
          "y": 6.65
        },
        "dimensions": {
          "width": 0.47,
          "height": 0.45
        }
      },
      {
        "type": "Door",
        "id": 24,
        "location": {
          "x": 7.22,
          "y": 6.64
        },
        "dimensions": {
          "width": 0.4,
          "height": 0.39
        }
      },
      {
        "type": "Door",
        "id": 25,
        "location": {
          "x": 6.32,
          "y": 6.54
        },
        "dimensions": {
          "width": 0.06,
          "height": 0.55
        }
      },
      {
        "type": "Door",
        "id": 26,
        "location": {
          "x": 7.87,
          "y": 6.52
        },
        "dimensions": {
          "width": 0.14,
          "height": 0.27
        }
      },
      {
        "type": "Door",
        "id": 27,
        "location": {
          "x": 4.62,
          "y": 6.38
        },
        "dimensions": {
          "width": 2.03,
          "height": 4.0
        }
      },
      {
        "type": "Door",
        "id": 28,
        "location": {
          "x": 8.83,
          "y": 6.33
        },
        "dimensions": {
          "width": 0.11,
          "height": 0.15
        }
      },
      {
        "type": "Door",
        "id": 29,
        "location": {
          "x": 8.07,
          "y": 6.33
        },
        "dimensions": {
          "width": 0.2,
          "height": 0.37
        }
      },
      {
        "type": "Door",
        "id": 30,
        "location": {
          "x": 3.04,
          "y": 6.11
        },
        "dimensions": {
          "width": 1.01,
          "height": 1.81
        }
      },
      {
        "type": "Door",
        "id": 31,
        "location": {
          "x": 5.08,
          "y": 6.06
        },
        "dimensions": {
          "width": 0.1,
          "height": 0.14
        }
      },
      {
        "type": "Door",
        "id": 32,
        "location": {
          "x": 4.58,
          "y": 6.05
        },
        "dimensions": {
          "width": 0.34,
          "height": 0.38
        }
      },
      {
        "type": "Door",
        "id": 33,
        "location": {
          "x": 7.33,
          "y": 5.98
        },
        "dimensions": {
          "width": 0.06,
          "height": 0.42
        }
      },
      {
        "type": "Door",
        "id": 34,
        "location": {
          "x": 7.57,
          "y": 5.97
        },
        "dimensions": {
          "width": 0.86,
          "height": 1.12
        }
      },
      {
        "type": "Door",
        "id": 35,
        "location": {
          "x": 9.54,
          "y": 5.9
        },
        "dimensions": {
          "width": 0.21,
          "height": 0.15
        }
      },
      {
        "type": "Door",
        "id": 36,
        "location": {
          "x": 1.44,
          "y": 5.87
        },
        "dimensions": {
          "width": 0.29,
          "height": 0.69
        }
      },
      {
        "type": "Door",
        "id": 37,
        "location": {
          "x": 5.33,
          "y": 5.74
        },
        "dimensions": {
          "width": 0.22,
          "height": 0.23
        }
      },
      {
        "type": "Door",
        "id": 38,
        "location": {
          "x": 4.59,
          "y": 5.74
        },
        "dimensions": {
          "width": 0.23,
          "height": 0.32
        }
      },
      {
        "type": "Door",
        "id": 39,
        "location": {
          "x": 3.04,
          "y": 5.56
        },
        "dimensions": {
          "width": 2.93,
          "height": 2.31
        }
      },
      {
        "type": "Door",
        "id": 40,
        "location": {
          "x": 7.3,
          "y": 5.55
        },
        "dimensions": {
          "width": 0.23,
          "height": 0.3
        }
      },
      {
        "type": "Door",
        "id": 41,
        "location": {
          "x": 2.77,
          "y": 5.48
        },
        "dimensions": {
          "width": 0.37,
          "height": 0.69
        }
      },
      {
        "type": "Door",
        "id": 42,
        "location": {
          "x": 1.04,
          "y": 5.46
        },
        "dimensions": {
          "width": 0.06,
          "height": 0.44
        }
      },
      {
        "type": "Door",
        "id": 43,
        "location": {
          "x": 9.13,
          "y": 5.18
        },
        "dimensions": {
          "width": 0.1,
          "height": 0.62
        }
      },
      {
        "type": "Door",
        "id": 44,
        "location": {
          "x": 8.47,
          "y": 5.17
        },
        "dimensions": {
          "width": 0.66,
          "height": 0.7
        }
      },
      {
        "type": "Door",
        "id": 45,
        "location": {
          "x": 8.42,
          "y": 5.17
        },
        "dimensions": {
          "width": 0.66,
          "height": 0.71
        }
      },
      {
        "type": "Door",
        "id": 46,
        "location": {
          "x": 4.41,
          "y": 5.12
        },
        "dimensions": {
          "width": 0.18,
          "height": 0.13
        }
      },
      {
        "type": "Door",
        "id": 47,
        "location": {
          "x": 0.71,
          "y": 5.06
        },
        "dimensions": {
          "width": 0.38,
          "height": 1.68
        }
      },
      {
        "type": "Door",
        "id": 48,
        "location": {
          "x": 6.79,
          "y": 4.87
        },
        "dimensions": {
          "width": 2.41,
          "height": 2.73
        }
      },
      {
        "type": "Door",
        "id": 49,
        "location": {
          "x": 1.44,
          "y": 4.79
        },
        "dimensions": {
          "width": 1.17,
          "height": 2.79
        }
      },
      {
        "type": "Door",
        "id": 50,
        "location": {
          "x": 8.89,
          "y": 4.23
        },
        "dimensions": {
          "width": 0.24,
          "height": 0.38
        }
      },
      {
        "type": "Door",
        "id": 51,
        "location": {
          "x": 6.64,
          "y": 4.21
        },
        "dimensions": {
          "width": 1.17,
          "height": 1.09
        }
      },
      {
        "type": "Door",
        "id": 52,
        "location": {
          "x": 6.01,
          "y": 4.21
        },
        "dimensions": {
          "width": 0.42,
          "height": 0.41
        }
      },
      {
        "type": "Door",
        "id": 53,
        "location": {
          "x": 7.67,
          "y": 4.13
        },
        "dimensions": {
          "width": 1.46,
          "height": 1.73
        }
      },
      {
        "type": "Door",
        "id": 54,
        "location": {
          "x": 8.37,
          "y": 4.13
        },
        "dimensions": {
          "width": 0.33,
          "height": 0.33
        }
      },
      {
        "type": "Door",
        "id": 55,
        "location": {
          "x": 4.68,
          "y": 4.13
        },
        "dimensions": {
          "width": 0.11,
          "height": 0.15
        }
      },
      {
        "type": "Door",
        "id": 56,
        "location": {
          "x": 4.55,
          "y": 4.13
        },
        "dimensions": {
          "width": 0.11,
          "height": 0.15
        }
      },
      {
        "type": "Door",
        "id": 57,
        "location": {
          "x": 3.76,
          "y": 4.13
        },
        "dimensions": {
          "width": 0.11,
          "height": 0.15
        }
      },
      {
        "type": "Door",
        "id": 58,
        "location": {
          "x": 6.41,
          "y": 4.04
        },
        "dimensions": {
          "width": 1.94,
          "height": 1.91
        }
      },
      {
        "type": "Door",
        "id": 59,
        "location": {
          "x": 1.62,
          "y": 3.67
        },
        "dimensions": {
          "width": 0.11,
          "height": 0.15
        }
      },
      {
        "type": "Door",
        "id": 60,
        "location": {
          "x": 1.49,
          "y": 3.67
        },
        "dimensions": {
          "width": 0.11,
          "height": 0.15
        }
      },
      {
        "type": "Window",
        "id": 61,
        "location": {
          "x": 2.62,
          "y": 3.54
        },
        "dimensions": {
          "width": 0.44,
          "height": 0.13
        }
      },
      {
        "type": "Door",
        "id": 62,
        "location": {
          "x": 1.1,
          "y": 3.5
        },
        "dimensions": {
          "width": 0.1,
          "height": 0.14
        }
      },
      {
        "type": "Door",
        "id": 63,
        "location": {
          "x": 0.62,
          "y": 3.18
        },
        "dimensions": {
          "width": 1.42,
          "height": 6.6
        }
      },
      {
        "type": "Door",
        "id": 64,
        "location": {
          "x": 5.65,
          "y": 3.03
        },
        "dimensions": {
          "width": 0.38,
          "height": 2.03
        }
      },
      {
        "type": "Window",
        "id": 65,
        "location": {
          "x": 3.19,
          "y": 2.88
        },
        "dimensions": {
          "width": 1.66,
          "height": 0.82
        }
      },
      {
        "type": "Window",
        "id": 66,
        "location": {
          "x": 1.88,
          "y": 2.88
        },
        "dimensions": {
          "width": 0.93,
          "height": 0.42
        }
      },
      {
        "type": "Door",
        "id": 67,
        "location": {
          "x": 1.13,
          "y": 2.88
        },
        "dimensions": {
          "width": 0.16,
          "height": 0.14
        }
      },
      {
        "type": "Door",
        "id": 68,
        "location": {
          "x": 3.49,
          "y": 2.48
        },
        "dimensions": {
          "width": 0.12,
          "height": 0.15
        }
      },
      {
        "type": "Door",
        "id": 69,
        "location": {
          "x": 2.41,
          "y": 2.47
        },
        "dimensions": {
          "width": 0.1,
          "height": 0.16
        }
      },
      {
        "type": "Door",
        "id": 70,
        "location": {
          "x": 5.92,
          "y": 2.26
        },
        "dimensions": {
          "width": 0.43,
          "height": 0.57
        }
      },
      {
        "type": "Window",
        "id": 71,
        "location": {
          "x": 5.9,
          "y": 2.03
        },
        "dimensions": {
          "width": 1.04,
          "height": 0.22
        }
      },
      {
        "type": "Door",
        "id": 72,
        "location": {
          "x": 0.57,
          "y": 2.02
        },
        "dimensions": {
          "width": 9.26,
          "height": 8.43
        }
      },
      {
        "type": "Door",
        "id": 73,
        "location": {
          "x": 4.52,
          "y": 2.02
        },
        "dimensions": {
          "width": 0.17,
          "height": 0.17
        }
      },
      {
        "type": "Door",
        "id": 74,
        "location": {
          "x": 3.21,
          "y": 2.02
        },
        "dimensions": {
          "width": 0.17,
          "height": 0.17
        }
      },
      {
        "type": "Door",
        "id": 75,
        "location": {
          "x": 1.9,
          "y": 2.02
        },
        "dimensions": {
          "width": 0.17,
          "height": 0.17
        }
      },
      {
        "type": "Door",
        "id": 76,
        "location": {
          "x": 4.86,
          "y": 1.05
        },
        "dimensions": {
          "width": 0.24,
          "height": 0.35
        }
      },
      {
        "type": "Door",
        "id": 77,
        "location": {
          "x": 4.43,
          "y": 0.85
        },
        "dimensions": {
          "width": 0.39,
          "height": 0.4
        }
      },
      {
        "type": "Door",
        "id": 78,
        "location": {
          "x": 4.43,
          "y": 0.84
        },
        "dimensions": {
          "width": 0.84,
          "height": 0.84
        }
      }
    ]
  }
}