{
  "floorPlan": {
    "name": "Floor Plan 28_23.jpg",
    "units": "feet",
    "totalArea": 28.33,
    "totalRooms": 9,
    "rooms": [
      {
        "id": 1,
        "name": "Text_33",
        "shape": "Rectangle",
        "dimensions": {
          "width": 1.98,
          "length": 2.71,
          "height": 2.17
        },
        "position": {
          "x": 0.54,
          "y": 6.83
        },
        "windows": [],
        "doors": [],
        "connected_to": []
      },
      {
        "id": 2,
        "name": "Text_47",
        "shape": "Irregular",
        "dimensions": {
          "width": 1.61,
          "length": 2.22,
          "height": 1.78
        },
        "position": {
          "x": 3.61,
          "y": 6.79
        },
        "windows": [],
        "doors": [
          {
            "type": "Door",
            "id": 26,
            "location": {
              "x": 4.46,
              "y": 7.56
            },
            "dimensions": {
              "width": 0.25,
              "height": 0.15
            }
          },
          {
            "type": "Door",
            "id": 27,
            "location": {
              "x": 4.96,
              "y": 7.55
            },
            "dimensions": {
              "width": 0.11,
              "height": 0.16
            }
          },
          {
            "type": "Door",
            "id": 29,
            "location": {
              "x": 4.7,
              "y": 7.18
            },
            "dimensions": {
              "width": 0.17,
              "height": 0.27
            }
          },
          {
            "type": "Door",
            "id": 34,
            "location": {
              "x": 3.69,
              "y": 6.87
            },
            "dimensions": {
              "width": 1.48,
              "height": 1.56
            }
          }
        ],
        "connected_to": [
          5
        ]
      },
      {
        "id": 3,
        "name": "Text_63",
        "shape": "Irregular",
        "dimensions": {
          "width": 1.26,
          "length": 1.79,
          "height": 1.43
        },
        "position": {
          "x": 8.69,
          "y": 6.26
        },
        "windows": [],
        "doors": [
          {
            "type": "Door",
            "id": 30,
            "location": {
              "x": 8.81,
              "y": 7.0
            },
            "dimensions": {
              "width": 0.21,
              "height": 0.16
            }
          },
          {
            "type": "Door",
            "id": 37,
            "location": {
              "x": 9.04,
              "y": 6.54
            },
            "dimensions": {
              "width": 0.86,
              "height": 0.74
            }
          }
        ],
        "connected_to": []
      },
      {
        "id": 4,
        "name": "Text_62",
        "shape": "Irregular",
        "dimensions": {
          "width": 0.89,
          "length": 2.31,
          "height": 1.85
        },
        "position": {
          "x": 7.48,
          "y": 5.73
        },
        "windows": [],
        "doors": [
          {
            "type": "Door",
            "id": 31,
            "location": {
              "x": 8.35,
              "y": 7.0
            },
            "dimensions": {
              "width": 0.16,
              "height": 0.17
            }
          },
          {
            "type": "Door",
            "id": 33,
            "location": {
              "x": 8.17,
              "y": 6.9
            },
            "dimensions": {
              "width": 0.17,
              "height": 0.27
            }
          },
          {
            "type": "Door",
            "id": 41,
            "location": {
              "x": 8.26,
              "y": 6.26
            },
            "dimensions": {
              "width": 0.37,
              "height": 0.27
            }
          }
        ],
        "connected_to": []
      },
      {
        "id": 5,
        "name": "Text_81",
        "shape": "Irregular",
        "dimensions": {
          "width": 1.52,
          "length": 1.79,
          "height": 1.43
        },
        "position": {
          "x": 2.47,
          "y": 5.13
        },
        "windows": [],
        "doors": [
          {
            "type": "Door",
            "id": 34,
            "location": {
              "x": 3.69,
              "y": 6.87
            },
            "dimensions": {
              "width": 1.48,
              "height": 1.56
            }
          },
          {
            "type": "Door",
            "id": 40,
            "location": {
              "x": 2.82,
              "y": 6.37
            },
            "dimensions": {
              "width": 0.45,
              "height": 0.45
            }
          },
          {
            "type": "Door",
            "id": 43,
            "location": {
              "x": 3.02,
              "y": 6.05
            },
            "dimensions": {
              "width": 0.93,
              "height": 0.82
            }
          },
          {
            "type": "Door",
            "id": 49,
            "location": {
              "x": 3.37,
              "y": 5.54
            },
            "dimensions": {
              "width": 0.1,
              "height": 0.15
            }
          },
          {
            "type": "Door",
            "id": 51,
            "location": {
              "x": 3.57,
              "y": 5.41
            },
            "dimensions": {
              "width": 1.02,
              "height": 0.96
            }
          }
        ],
        "connected_to": [
          2,
          6
        ]
      },
      {
        "id": 6,
        "name": "Text_113",
        "shape": "Irregular",
        "dimensions": {
          "width": 2.7,
          "length": 2.02,
          "height": 2.16
        },
        "position": {
          "x": 3.14,
          "y": 4.08
        },
        "windows": [
          {
            "type": "Window",
            "id": 45,
            "location": {
              "x": 4.06,
              "y": 5.74
            },
            "dimensions": {
              "width": 1.88,
              "height": 0.81
            }
          },
          {
            "type": "Window",
            "id": 48,
            "location": {
              "x": 4.62,
              "y": 5.58
            },
            "dimensions": {
              "width": 1.11,
              "height": 0.43
            }
          }
        ],
        "doors": [
          {
            "type": "Door",
            "id": 47,
            "location": {
              "x": 4.11,
              "y": 5.65
            },
            "dimensions": {
              "width": 0.12,
              "height": 0.12
            }
          },
          {
            "type": "Door",
            "id": 49,
            "location": {
              "x": 3.37,
              "y": 5.54
            },
            "dimensions": {
              "width": 0.1,
              "height": 0.15
            }
          },
          {
            "type": "Door",
            "id": 51,
            "location": {
              "x": 3.57,
              "y": 5.41
            },
            "dimensions": {
              "width": 1.02,
              "height": 0.96
            }
          },
          {
            "type": "Door",
            "id": 54,
            "location": {
              "x": 3.25,
              "y": 5.12
            },
            "dimensions": {
              "width": 0.28,
              "height": 0.27
            }
          },
          {
            "type": "Door",
            "id": 55,
            "location": {
              "x": 5.09,
              "y": 5.07
            },
            "dimensions": {
              "width": 0.18,
              "height": 0.15
            }
          },
          {
            "type": "Door",
            "id": 60,
            "location": {
              "x": 4.98,
              "y": 4.75
            },
            "dimensions": {
              "width": 0.12,
              "height": 0.3
            }
          },
          {
            "type": "Door",
            "id": 69,
            "location": {
              "x": 5.26,
              "y": 4.34
            },
            "dimensions": {
              "width": 0.63,
              "height": 0.96
            }
          }
        ],
        "connected_to": [
          5
        ]
      },
      {
        "id": 7,
        "name": "Text_108",
        "shape": "Irregular",
        "dimensions": {
          "width": 1.76,
          "length": 2.34,
          "height": 1.87
        },
        "position": {
          "x": 8.18,
          "y": 3.48
        },
        "windows": [
          {
            "type": "Window",
            "id": 72,
            "location": {
              "x": 8.26,
              "y": 4.18
            },
            "dimensions": {
              "width": 1.64,
              "height": 0.62
            }
          }
        ],
        "doors": [
          {
            "type": "Door",
            "id": 44,
            "location": {
              "x": 9.05,
              "y": 5.78
            },
            "dimensions": {
              "width": 0.88,
              "height": 0.79
            }
          },
          {
            "type": "Door",
            "id": 52,
            "location": {
              "x": 9.39,
              "y": 5.15
            },
            "dimensions": {
              "width": 0.11,
              "height": 0.15
            }
          },
          {
            "type": "Door",
            "id": 53,
            "location": {
              "x": 9.0,
              "y": 5.15
            },
            "dimensions": {
              "width": 0.18,
              "height": 0.18
            }
          },
          {
            "type": "Door",
            "id": 56,
            "location": {
              "x": 9.34,
              "y": 4.94
            },
            "dimensions": {
              "width": 0.21,
              "height": 0.17
            }
          },
          {
            "type": "Door",
            "id": 57,
            "location": {
              "x": 8.88,
              "y": 4.94
            },
            "dimensions": {
              "width": 0.16,
              "height": 0.17
            }
          },
          {
            "type": "Door",
            "id": 58,
            "location": {
              "x": 9.05,
              "y": 4.84
            },
            "dimensions": {
              "width": 0.16,
              "height": 0.27
            }
          },
          {
            "type": "Door",
            "id": 59,
            "location": {
              "x": 8.7,
              "y": 4.84
            },
            "dimensions": {
              "width": 0.17,
              "height": 0.27
            }
          },
          {
            "type": "Door",
            "id": 65,
            "location": {
              "x": 8.26,
              "y": 4.46
            },
            "dimensions": {
              "width": 0.71,
              "height": 1.4
            }
          },
          {
            "type": "Door",
            "id": 79,
            "location": {
              "x": 9.56,
              "y": 3.6
            },
            "dimensions": {
              "width": 0.33,
              "height": 0.48
            }
          },
          {
            "type": "Door",
            "id": 80,
            "location": {
              "x": 9.68,
              "y": 3.55
            },
            "dimensions": {
              "width": 0.2,
              "height": 0.24
            }
          }
        ],
        "connected_to": [
          9
        ]
      },
      {
        "id": 8,
        "name": "Text_129",
        "shape": "Irregular",
        "dimensions": {
          "width": 1.09,
          "length": 1.64,
          "height": 1.31
        },
        "position": {
          "x": 2.24,
          "y": 2.8
        },
        "windows": [],
        "doors": [
          {
            "type": "Door",
            "id": 66,
            "location": {
              "x": 3.1,
              "y": 4.42
            },
            "dimensions": {
              "width": 1.49,
              "height": 0.96
            }
          },
          {
            "type": "Door",
            "id": 70,
            "location": {
              "x": 3.09,
              "y": 4.33
            },
            "dimensions": {
              "width": 0.17,
              "height": 0.17
            }
          },
          {
            "type": "Door",
            "id": 71,
            "location": {
              "x": 2.92,
              "y": 4.22
            },
            "dimensions": {
              "width": 0.16,
              "height": 0.28
            }
          },
          {
            "type": "Door",
            "id": 73,
            "location": {
              "x": 2.45,
              "y": 4.1
            },
            "dimensions": {
              "width": 0.46,
              "height": 0.39
            }
          },
          {
            "type": "Door",
            "id": 75,
            "location": {
              "x": 2.79,
              "y": 3.88
            },
            "dimensions": {
              "width": 0.19,
              "height": 0.21
            }
          }
        ],
        "connected_to": []
      },
      {
        "id": 9,
        "name": "Text_145",
        "shape": "Irregular",
        "dimensions": {
          "width": 0.53,
          "length": 1.88,
          "height": 1.5
        },
        "position": {
          "x": 9.41,
          "y": 2.0
        },
        "windows": [],
        "doors": [
          {
            "type": "Door",
            "id": 79,
            "location": {
              "x": 9.56,
              "y": 3.6
            },
            "dimensions": {
              "width": 0.33,
              "height": 0.48
            }
          },
          {
            "type": "Door",
            "id": 80,
            "location": {
              "x": 9.68,
              "y": 3.55
            },
            "dimensions": {
              "width": 0.2,
              "height": 0.24
            }
          },
          {
            "type": "Door",
            "id": 86,
            "location": {
              "x": 9.41,
              "y": 2.75
            },
            "dimensions": {
              "width": 0.12,
              "height": 0.15
            }
          }
        ],
        "connected_to": [
          7
        ]
      }
    ],
    "doorsAndWindows": [
      {
        "type": "Door",
        "id": 1,
        "location": {
          "x": 7.23,
          "y": 10.03
        },
        "dimensions": {
          "width": 0.16,
          "height": 0.17
        }
      },
      {
        "type": "Door",
        "id": 2,
        "location": {
          "x": 7.81,
          "y": 10.0
        },
        "dimensions": {
          "width": 0.18,
          "height": 0.22
        }
      },
      {
        "type": "Door",
        "id": 3,
        "location": {
          "x": 7.54,
          "y": 10.0
        },
        "dimensions": {
          "width": 0.23,
          "height": 0.23
        }
      },
      {
        "type": "Door",
        "id": 4,
        "location": {
          "x": 6.69,
          "y": 10.0
        },
        "dimensions": {
          "width": 0.23,
          "height": 0.23
        }
      },
      {
        "type": "Door",
        "id": 5,
        "location": {
          "x": 6.44,
          "y": 10.0
        },
        "dimensions": {
          "width": 0.23,
          "height": 0.23
        }
      },
      {
        "type": "Door",
        "id": 6,
        "location": {
          "x": 5.82,
          "y": 10.0
        },
        "dimensions": {
          "width": 0.15,
          "height": 0.23
        }
      },
      {
        "type": "Door",
        "id": 7,
        "location": {
          "x": 6.0,
          "y": 9.93
        },
        "dimensions": {
          "width": 0.1,
          "height": 0.29
        }
      },
      {
        "type": "Door",
        "id": 8,
        "location": {
          "x": 3.73,
          "y": 9.89
        },
        "dimensions": {
          "width": 0.26,
          "height": 0.26
        }
      },
      {
        "type": "Door",
        "id": 9,
        "location": {
          "x": 7.46,
          "y": 9.85
        },
        "dimensions": {
          "width": 0.05,
          "height": 0.37
        }
      },
      {
        "type": "Door",
        "id": 10,
        "location": {
          "x": 6.36,
          "y": 9.85
        },
        "dimensions": {
          "width": 0.04,
          "height": 0.37
        }
      },
      {
        "type": "Door",
        "id": 11,
        "location": {
          "x": 6.22,
          "y": 9.85
        },
        "dimensions": {
          "width": 0.11,
          "height": 0.37
        }
      },
      {
        "type": "Door",
        "id": 12,
        "location": {
          "x": 5.46,
          "y": 9.85
        },
        "dimensions": {
          "width": 0.12,
          "height": 0.37
        }
      },
      {
        "type": "Door",
        "id": 13,
        "location": {
          "x": 1.47,
          "y": 9.7
        },
        "dimensions": {
          "width": 1.39,
          "height": 1.17
        }
      },
      {
        "type": "Door",
        "id": 14,
        "location": {
          "x": 3.48,
          "y": 9.69
        },
        "dimensions": {
          "width": 0.32,
          "height": 0.42
        }
      },
      {
        "type": "Door",
        "id": 15,
        "location": {
          "x": 3.52,
          "y": 8.46
        },
        "dimensions": {
          "width": 0.16,
          "height": 0.17
        }
      },
      {
        "type": "Door",
        "id": 16,
        "location": {
          "x": 3.34,
          "y": 8.46
        },
        "dimensions": {
          "width": 0.17,
          "height": 0.25
        }
      },
      {
        "type": "Door",
        "id": 17,
        "location": {
          "x": 3.16,
          "y": 8.46
        },
        "dimensions": {
          "width": 0.16,
          "height": 0.17
        }
      },
      {
        "type": "Door",
        "id": 18,
        "location": {
          "x": 2.89,
          "y": 8.46
        },
        "dimensions": {
          "width": 0.16,
          "height": 0.17
        }
      },
      {
        "type": "Door",
        "id": 19,
        "location": {
          "x": 2.7,
          "y": 8.46
        },
        "dimensions": {
          "width": 0.17,
          "height": 0.25
        }
      },
      {
        "type": "Door",
        "id": 20,
        "location": {
          "x": 6.77,
          "y": 8.16
        },
        "dimensions": {
          "width": 0.12,
          "height": 0.15
        }
      },
      {
        "type": "Door",
        "id": 21,
        "location": {
          "x": 6.6,
          "y": 8.16
        },
        "dimensions": {
          "width": 0.09,
          "height": 0.15
        }
      },
      {
        "type": "Door",
        "id": 22,
        "location": {
          "x": 6.41,
          "y": 8.16
        },
        "dimensions": {
          "width": 0.11,
          "height": 0.2
        }
      },
      {
        "type": "Door",
        "id": 23,
        "location": {
          "x": 6.3,
          "y": 7.9
        },
        "dimensions": {
          "width": 0.16,
          "height": 0.17
        }
      },
      {
        "type": "Door",
        "id": 24,
        "location": {
          "x": 6.12,
          "y": 7.9
        },
        "dimensions": {
          "width": 0.17,
          "height": 0.25
        }
      },
      {
        "type": "Door",
        "id": 25,
        "location": {
          "x": 6.74,
          "y": 7.8
        },
        "dimensions": {
          "width": 0.13,
          "height": 0.27
        }
      },
      {
        "type": "Door",
        "id": 26,
        "location": {
          "x": 4.46,
          "y": 7.56
        },
        "dimensions": {
          "width": 0.25,
          "height": 0.15
        }
      },
      {
        "type": "Door",
        "id": 27,
        "location": {
          "x": 4.96,
          "y": 7.55
        },
        "dimensions": {
          "width": 0.11,
          "height": 0.16
        }
      },
      {
        "type": "Door",
        "id": 28,
        "location": {
          "x": 8.47,
          "y": 7.2
        },
        "dimensions": {
          "width": 0.11,
          "height": 0.16
        }
      },
      {
        "type": "Door",
        "id": 29,
        "location": {
          "x": 4.7,
          "y": 7.18
        },
        "dimensions": {
          "width": 0.17,
          "height": 0.27
        }
      },
      {
        "type": "Door",
        "id": 30,
        "location": {
          "x": 8.81,
          "y": 7.0
        },
        "dimensions": {
          "width": 0.21,
          "height": 0.16
        }
      },
      {
        "type": "Door",
        "id": 31,
        "location": {
          "x": 8.35,
          "y": 7.0
        },
        "dimensions": {
          "width": 0.16,
          "height": 0.17
        }
      },
      {
        "type": "Door",
        "id": 32,
        "location": {
          "x": 8.52,
          "y": 6.9
        },
        "dimensions": {
          "width": 0.16,
          "height": 0.27
        }
      },
      {
        "type": "Door",
        "id": 33,
        "location": {
          "x": 8.17,
          "y": 6.9
        },
        "dimensions": {
          "width": 0.17,
          "height": 0.27
        }
      },
      {
        "type": "Door",
        "id": 34,
        "location": {
          "x": 3.69,
          "y": 6.87
        },
        "dimensions": {
          "width": 1.48,
          "height": 1.56
        }
      },
      {
        "type": "Door",
        "id": 35,
        "location": {
          "x": 7.44,
          "y": 6.73
        },
        "dimensions": {
          "width": 0.12,
          "height": 0.2
        }
      },
      {
        "type": "Door",
        "id": 36,
        "location": {
          "x": 5.75,
          "y": 6.7
        },
        "dimensions": {
          "width": 0.13,
          "height": 0.13
        }
      },
      {
        "type": "Door",
        "id": 37,
        "location": {
          "x": 9.04,
          "y": 6.54
        },
        "dimensions": {
          "width": 0.86,
          "height": 0.74
        }
      },
      {
        "type": "Door",
        "id": 38,
        "location": {
          "x": 7.01,
          "y": 6.49
        },
        "dimensions": {
          "width": 0.14,
          "height": 0.16
        }
      },
      {
        "type": "Door",
        "id": 39,
        "location": {
          "x": 6.75,
          "y": 6.38
        },
        "dimensions": {
          "width": 0.16,
          "height": 0.28
        }
      },
      {
        "type": "Door",
        "id": 40,
        "location": {
          "x": 2.82,
          "y": 6.37
        },
        "dimensions": {
          "width": 0.45,
          "height": 0.45
        }
      },
      {
        "type": "Door",
        "id": 41,
        "location": {
          "x": 8.26,
          "y": 6.26
        },
        "dimensions": {
          "width": 0.37,
          "height": 0.27
        }
      },
      {
        "type": "Door",
        "id": 42,
        "location": {
          "x": 9.01,
          "y": 6.06
        },
        "dimensions": {
          "width": 0.17,
          "height": 0.17
        }
      },
      {
        "type": "Door",
        "id": 43,
        "location": {
          "x": 3.02,
          "y": 6.05
        },
        "dimensions": {
          "width": 0.93,
          "height": 0.82
        }
      },
      {
        "type": "Door",
        "id": 44,
        "location": {
          "x": 9.05,
          "y": 5.78
        },
        "dimensions": {
          "width": 0.88,
          "height": 0.79
        }
      },
      {
        "type": "Window",
        "id": 45,
        "location": {
          "x": 4.06,
          "y": 5.74
        },
        "dimensions": {
          "width": 1.88,
          "height": 0.81
        }
      },
      {
        "type": "Door",
        "id": 46,
        "location": {
          "x": 7.0,
          "y": 5.71
        },
        "dimensions": {
          "width": 0.31,
          "height": 0.2
        }
      },
      {
        "type": "Door",
        "id": 47,
        "location": {
          "x": 4.11,
          "y": 5.65
        },
        "dimensions": {
          "width": 0.12,
          "height": 0.12
        }
      },
      {
        "type": "Window",
        "id": 48,
        "location": {
          "x": 4.62,
          "y": 5.58
        },
        "dimensions": {
          "width": 1.11,
          "height": 0.43
        }
      },
      {
        "type": "Door",
        "id": 49,
        "location": {
          "x": 3.37,
          "y": 5.54
        },
        "dimensions": {
          "width": 0.1,
          "height": 0.15
        }
      },
      {
        "type": "Door",
        "id": 50,
        "location": {
          "x": 6.4,
          "y": 5.49
        },
        "dimensions": {
          "width": 1.36,
          "height": 0.72
        }
      },
      {
        "type": "Door",
        "id": 51,
        "location": {
          "x": 3.57,
          "y": 5.41
        },
        "dimensions": {
          "width": 1.02,
          "height": 0.96
        }
      },
      {
        "type": "Door",
        "id": 52,
        "location": {
          "x": 9.39,
          "y": 5.15
        },
        "dimensions": {
          "width": 0.11,
          "height": 0.15
        }
      },
      {
        "type": "Door",
        "id": 53,
        "location": {
          "x": 9.0,
          "y": 5.15
        },
        "dimensions": {
          "width": 0.18,
          "height": 0.18
        }
      },
      {
        "type": "Door",
        "id": 54,
        "location": {
          "x": 3.25,
          "y": 5.12
        },
        "dimensions": {
          "width": 0.28,
          "height": 0.27
        }
      },
      {
        "type": "Door",
        "id": 55,
        "location": {
          "x": 5.09,
          "y": 5.07
        },
        "dimensions": {
          "width": 0.18,
          "height": 0.15
        }
      },
      {
        "type": "Door",
        "id": 56,
        "location": {
          "x": 9.34,
          "y": 4.94
        },
        "dimensions": {
          "width": 0.21,
          "height": 0.17
        }
      },
      {
        "type": "Door",
        "id": 57,
        "location": {
          "x": 8.88,
          "y": 4.94
        },
        "dimensions": {
          "width": 0.16,
          "height": 0.17
        }
      },
      {
        "type": "Door",
        "id": 58,
        "location": {
          "x": 9.05,
          "y": 4.84
        },
        "dimensions": {
          "width": 0.16,
          "height": 0.27
        }
      },
      {
        "type": "Door",
        "id": 59,
        "location": {
          "x": 8.7,
          "y": 4.84
        },
        "dimensions": {
          "width": 0.17,
          "height": 0.27
        }
      },
      {
        "type": "Door",
        "id": 60,
        "location": {
          "x": 4.98,
          "y": 4.75
        },
        "dimensions": {
          "width": 0.12,
          "height": 0.3
        }
      },
      {
        "type": "Door",
        "id": 61,
        "location": {
          "x": 7.39,
          "y": 4.66
        },
        "dimensions": {
          "width": 0.19,
          "height": 0.15
        }
      },
      {
        "type": "Door",
        "id": 62,
        "location": {
          "x": 7.29,
          "y": 4.66
        },
        "dimensions": {
          "width": 0.09,
          "height": 0.15
        }
      },
      {
        "type": "Door",
        "id": 63,
        "location": {
          "x": 6.74,
          "y": 4.66
        },
        "dimensions": {
          "width": 0.22,
          "height": 0.15
        }
      },
      {
        "type": "Door",
        "id": 64,
        "location": {
          "x": 2.78,
          "y": 4.53
        },
        "dimensions": {
          "width": 0.29,
          "height": 0.15
        }
      },
      {
        "type": "Door",
        "id": 65,
        "location": {
          "x": 8.26,
          "y": 4.46
        },
        "dimensions": {
          "width": 0.71,
          "height": 1.4
        }
      },
      {
        "type": "Door",
        "id": 66,
        "location": {
          "x": 3.1,
          "y": 4.42
        },
        "dimensions": {
          "width": 1.49,
          "height": 0.96
        }
      },
      {
        "type": "Door",
        "id": 67,
        "location": {
          "x": 7.4,
          "y": 4.41
        },
        "dimensions": {
          "width": 0.16,
          "height": 0.25
        }
      },
      {
        "type": "Door",
        "id": 68,
        "location": {
          "x": 6.84,
          "y": 4.41
        },
        "dimensions": {
          "width": 0.16,
          "height": 0.17
        }
      },
      {
        "type": "Door",
        "id": 69,
        "location": {
          "x": 5.26,
          "y": 4.34
        },
        "dimensions": {
          "width": 0.63,
          "height": 0.96
        }
      },
      {
        "type": "Door",
        "id": 70,
        "location": {
          "x": 3.09,
          "y": 4.33
        },
        "dimensions": {
          "width": 0.17,
          "height": 0.17
        }
      },
      {
        "type": "Door",
        "id": 71,
        "location": {
          "x": 2.92,
          "y": 4.22
        },
        "dimensions": {
          "width": 0.16,
          "height": 0.28
        }
      },
      {
        "type": "Window",
        "id": 72,
        "location": {
          "x": 8.26,
          "y": 4.18
        },
        "dimensions": {
          "width": 1.64,
          "height": 0.62
        }
      },
      {
        "type": "Door",
        "id": 73,
        "location": {
          "x": 2.45,
          "y": 4.1
        },
        "dimensions": {
          "width": 0.46,
          "height": 0.39
        }
      },
      {
        "type": "Door",
        "id": 74,
        "location": {
          "x": 4.53,
          "y": 4.0
        },
        "dimensions": {
          "width": 0.39,
          "height": 1.54
        }
      },
      {
        "type": "Door",
        "id": 75,
        "location": {
          "x": 2.79,
          "y": 3.88
        },
        "dimensions": {
          "width": 0.19,
          "height": 0.21
        }
      },
      {
        "type": "Door",
        "id": 76,
        "location": {
          "x": 5.19,
          "y": 3.71
        },
        "dimensions": {
          "width": 0.19,
          "height": 0.15
        }
      },
      {
        "type": "Door",
        "id": 77,
        "location": {
          "x": 5.58,
          "y": 3.7
        },
        "dimensions": {
          "width": 0.12,
          "height": 0.16
        }
      },
      {
        "type": "Door",
        "id": 78,
        "location": {
          "x": 5.0,
          "y": 3.7
        },
        "dimensions": {
          "width": 0.11,
          "height": 0.16
        }
      },
      {
        "type": "Door",
        "id": 79,
        "location": {
          "x": 9.56,
          "y": 3.6
        },
        "dimensions": {
          "width": 0.33,
          "height": 0.48
        }
      },
      {
        "type": "Door",
        "id": 80,
        "location": {
          "x": 9.68,
          "y": 3.55
        },
        "dimensions": {
          "width": 0.2,
          "height": 0.24
        }
      },
      {
        "type": "Door",
        "id": 81,
        "location": {
          "x": 5.31,
          "y": 3.49
        },
        "dimensions": {
          "width": 0.17,
          "height": 0.17
        }
      },
      {
        "type": "Door",
        "id": 82,
        "location": {
          "x": 5.14,
          "y": 3.49
        },
        "dimensions": {
          "width": 0.16,
          "height": 0.17
        }
      },
      {
        "type": "Door",
        "id": 83,
        "location": {
          "x": 5.5,
          "y": 3.39
        },
        "dimensions": {
          "width": 0.13,
          "height": 0.27
        }
      },
      {
        "type": "Door",
        "id": 84,
        "location": {
          "x": 3.78,
          "y": 2.94
        },
        "dimensions": {
          "width": 0.3,
          "height": 0.15
        }
      },
      {
        "type": "Door",
        "id": 85,
        "location": {
          "x": 3.46,
          "y": 2.94
        },
        "dimensions": {
          "width": 0.26,
          "height": 0.15
        }
      },
      {
        "type": "Door",
        "id": 86,
        "location": {
          "x": 9.41,
          "y": 2.75
        },
        "dimensions": {
          "width": 0.12,
          "height": 0.15
        }
      },
      {
        "type": "Door",
        "id": 87,
        "location": {
          "x": 4.04,
          "y": 2.72
        },
        "dimensions": {
          "width": 0.16,
          "height": 0.18
        }
      },
      {
        "type": "Door",
        "id": 88,
        "location": {
          "x": 3.21,
          "y": 2.71
        },
        "dimensions": {
          "width": 0.37,
          "height": 0.19
        }
      },
      {
        "type": "Window",
        "id": 89,
        "location": {
          "x": 5.51,
          "y": 2.68
        },
        "dimensions": {
          "width": 2.83,
          "height": 1.03
        }
      },
      {
        "type": "Door",
        "id": 90,
        "location": {
          "x": 9.36,
          "y": 2.54
        },
        "dimensions": {
          "width": 0.21,
          "height": 0.17
        }
      },
      {
        "type": "Door",
        "id": 91,
        "location": {
          "x": 8.89,
          "y": 2.54
        },
        "dimensions": {
          "width": 0.16,
          "height": 0.18
        }
      },
      {
        "type": "Door",
        "id": 92,
        "location": {
          "x": 7.43,
          "y": 2.54
        },
        "dimensions": {
          "width": 0.12,
          "height": 0.15
        }
      },
      {
        "type": "Door",
        "id": 93,
        "location": {
          "x": 6.99,
          "y": 2.54
        },
        "dimensions": {
          "width": 0.19,
          "height": 0.15
        }
      },
      {
        "type": "Door",
        "id": 94,
        "location": {
          "x": 9.06,
          "y": 2.44
        },
        "dimensions": {
          "width": 0.17,
          "height": 0.27
        }
      },
      {
        "type": "Door",
        "id": 95,
        "location": {
          "x": 8.72,
          "y": 2.44
        },
        "dimensions": {
          "width": 0.16,
          "height": 0.27
        }
      },
      {
        "type": "Door",
        "id": 96,
        "location": {
          "x": 7.23,
          "y": 2.32
        },
        "dimensions": {
          "width": 0.17,
          "height": 0.17
        }
      },
      {
        "type": "Door",
        "id": 97,
        "location": {
          "x": 6.89,
          "y": 2.32
        },
        "dimensions": {
          "width": 0.16,
          "height": 0.17
        }
      },
      {
        "type": "Door",
        "id": 98,
        "location": {
          "x": 0.4,
          "y": 2.01
        },
        "dimensions": {
          "width": 5.1,
          "height": 7.75
        }
      },
      {
        "type": "Door",
        "id": 99,
        "location": {
          "x": 4.48,
          "y": 1.72
        },
        "dimensions": {
          "width": 0.19,
          "height": 0.22
        }
      },
      {
        "type": "Door",
        "id": 100,
        "location": {
          "x": 5.2,
          "y": 1.02
        },
        "dimensions": {
          "width": 0.23,
          "height": 0.16
        }
      },
      {
        "type": "Door",
        "id": 101,
        "location": {
          "x": 0.3,
          "y": 0.19
        },
        "dimensions": {
          "width": 9.73,
          "height": 10.77
        }
      }
    ]
  }
}